[2025-10-16 05:19:37] INFO: ================================================================================
[2025-10-16 05:19:37] INFO: 🔍 실시간 주식 모니터링 시작 (개선된 버전)
[2025-10-16 05:19:37] INFO: ⏰ 기본 모니터링 간격: 10초 (0분)
[2025-10-16 05:19:37] INFO: 🕐 모니터링 시간: 08:00-20:00
[2025-10-16 05:19:37] INFO: 📊 동적 간격: 1% 이내(1분), 3% 이내(3분), 10% 이내(10분)
[2025-10-16 05:19:37] INFO: 🎯 저가 기준 터치 감지 활성화
[2025-10-16 05:19:37] INFO: ================================================================================
[2025-10-16 05:19:37] INFO: 
[사이클 1] 모니터링 시간대가 아닙니다 (08:00-20:00)
[2025-10-16 05:19:37] INFO: ⏰ 0분 후 재확인...
[2025-10-16 05:19:47] INFO: 
[사이클 2] 모니터링 시간대가 아닙니다 (08:00-20:00)
[2025-10-16 05:19:47] INFO: ⏰ 0분 후 재확인...
[2025-10-16 05:19:57] INFO: 
[사이클 3] 모니터링 시간대가 아닙니다 (08:00-20:00)
[2025-10-16 05:19:57] INFO: ⏰ 0분 후 재확인...
[2025-10-16 05:20:07] INFO: 
[사이클 4] 모니터링 시간대가 아닙니다 (08:00-20:00)
[2025-10-16 05:20:07] INFO: ⏰ 0분 후 재확인...
[2025-10-16 05:20:17] INFO: 
[사이클 5] 모니터링 시간대가 아닙니다 (08:00-20:00)
[2025-10-16 05:20:17] INFO: ⏰ 0분 후 재확인...
[2025-10-16 05:20:27] INFO: 
[사이클 6] 모니터링 시간대가 아닙니다 (08:00-20:00)
[2025-10-16 05:20:27] INFO: ⏰ 0분 후 재확인...
[2025-10-16 05:20:37] INFO: 
[사이클 7] 모니터링 시간대가 아닙니다 (08:00-20:00)
[2025-10-16 05:20:37] INFO: ⏰ 0분 후 재확인...
[2025-10-16 05:20:47] INFO: 
[사이클 8] 모니터링 시간대가 아닙니다 (08:00-20:00)
[2025-10-16 05:20:47] INFO: ⏰ 0분 후 재확인...
[2025-10-16 05:20:57] INFO: 
[사이클 9] 모니터링 시간대가 아닙니다 (08:00-20:00)
[2025-10-16 05:20:57] INFO: ⏰ 0분 후 재확인...
[2025-10-16 05:21:07] INFO: 
[사이클 10] 모니터링 시간대가 아닙니다 (08:00-20:00)
[2025-10-16 05:21:07] INFO: ⏰ 0분 후 재확인...
[2025-10-16 05:21:17] INFO: 
[사이클 11] 모니터링 시간대가 아닙니다 (08:00-20:00)
[2025-10-16 05:21:17] INFO: ⏰ 0분 후 재확인...
[2025-10-16 05:21:27] INFO: 
[사이클 12] 모니터링 시간대가 아닙니다 (08:00-20:00)
[2025-10-16 05:21:27] INFO: ⏰ 0분 후 재확인...
[2025-10-16 05:21:37] INFO: 
[사이클 13] 모니터링 시간대가 아닙니다 (08:00-20:00)
[2025-10-16 05:21:37] INFO: ⏰ 0분 후 재확인...
[2025-10-16 05:21:47] INFO: 
[사이클 14] 모니터링 시간대가 아닙니다 (08:00-20:00)
[2025-10-16 05:21:47] INFO: ⏰ 0분 후 재확인...
[2025-10-16 05:21:57] INFO: 
[사이클 15] 모니터링 시간대가 아닙니다 (08:00-20:00)
[2025-10-16 05:21:57] INFO: ⏰ 0분 후 재확인...
[2025-10-16 05:22:07] INFO: 
[사이클 16] 모니터링 시간대가 아닙니다 (08:00-20:00)
[2025-10-16 05:22:07] INFO: ⏰ 0분 후 재확인...
[2025-10-16 05:22:17] INFO: 
[사이클 17] 모니터링 시간대가 아닙니다 (08:00-20:00)
[2025-10-16 05:22:17] INFO: ⏰ 0분 후 재확인...
[2025-10-16 05:22:27] INFO: 
[사이클 18] 모니터링 시간대가 아닙니다 (08:00-20:00)
[2025-10-16 05:22:27] INFO: ⏰ 0분 후 재확인...
[2025-10-16 05:22:37] INFO: 
[사이클 19] 모니터링 시간대가 아닙니다 (08:00-20:00)
[2025-10-16 05:22:37] INFO: ⏰ 0분 후 재확인...
[2025-10-16 05:22:47] INFO: 
[사이클 20] 모니터링 시간대가 아닙니다 (08:00-20:00)
[2025-10-16 05:22:47] INFO: ⏰ 0분 후 재확인...
[2025-10-16 05:22:57] INFO: 
[사이클 21] 모니터링 시간대가 아닙니다 (08:00-20:00)
[2025-10-16 05:22:57] INFO: ⏰ 0분 후 재확인...
[2025-10-16 05:23:07] INFO: 
[사이클 22] 모니터링 시간대가 아닙니다 (08:00-20:00)
[2025-10-16 05:23:07] INFO: ⏰ 0분 후 재확인...
[2025-10-16 05:23:17] INFO: 
[사이클 23] 모니터링 시간대가 아닙니다 (08:00-20:00)
[2025-10-16 05:23:17] INFO: ⏰ 0분 후 재확인...
[2025-10-16 05:23:27] INFO: 
[사이클 24] 모니터링 시간대가 아닙니다 (08:00-20:00)
[2025-10-16 05:23:27] INFO: ⏰ 0분 후 재확인...
[2025-10-16 05:23:37] INFO: 
[사이클 25] 모니터링 시간대가 아닙니다 (08:00-20:00)
[2025-10-16 05:23:37] INFO: ⏰ 0분 후 재확인...
[2025-10-16 05:23:47] INFO: 
[사이클 26] 모니터링 시간대가 아닙니다 (08:00-20:00)
[2025-10-16 05:23:47] INFO: ⏰ 0분 후 재확인...
[2025-10-16 05:23:57] INFO: 
[사이클 27] 모니터링 시간대가 아닙니다 (08:00-20:00)
[2025-10-16 05:23:57] INFO: ⏰ 0분 후 재확인...
[2025-10-16 05:24:07] INFO: 
[사이클 28] 모니터링 시간대가 아닙니다 (08:00-20:00)
[2025-10-16 05:24:07] INFO: ⏰ 0분 후 재확인...
[2025-10-16 05:24:17] INFO: 
[사이클 29] 모니터링 시간대가 아닙니다 (08:00-20:00)
[2025-10-16 05:24:17] INFO: ⏰ 0분 후 재확인...
[2025-10-16 05:24:27] INFO: 
[사이클 30] 모니터링 시간대가 아닙니다 (08:00-20:00)
[2025-10-16 05:24:27] INFO: ⏰ 0분 후 재확인...
[2025-10-16 05:24:37] INFO: 
[사이클 31] 모니터링 시간대가 아닙니다 (08:00-20:00)
[2025-10-16 05:24:37] INFO: ⏰ 0분 후 재확인...
[2025-10-16 05:24:47] INFO: 
[사이클 32] 모니터링 시간대가 아닙니다 (08:00-20:00)
[2025-10-16 05:24:47] INFO: ⏰ 0분 후 재확인...
[2025-10-16 05:24:57] INFO: 
[사이클 33] 모니터링 시간대가 아닙니다 (08:00-20:00)
[2025-10-16 05:24:57] INFO: ⏰ 0분 후 재확인...
[2025-10-16 05:25:07] INFO: 
[사이클 34] 모니터링 시간대가 아닙니다 (08:00-20:00)
[2025-10-16 05:25:07] INFO: ⏰ 0분 후 재확인...
[2025-10-16 05:25:17] INFO: 
[사이클 35] 모니터링 시간대가 아닙니다 (08:00-20:00)
[2025-10-16 05:25:17] INFO: ⏰ 0분 후 재확인...
[2025-10-16 05:25:27] INFO: 
[사이클 36] 모니터링 시간대가 아닙니다 (08:00-20:00)
[2025-10-16 05:25:27] INFO: ⏰ 0분 후 재확인...
[2025-10-16 05:25:37] INFO: 
[사이클 37] 모니터링 시간대가 아닙니다 (08:00-20:00)
[2025-10-16 05:25:37] INFO: ⏰ 0분 후 재확인...
[2025-10-16 05:25:47] INFO: 
[사이클 38] 모니터링 시간대가 아닙니다 (08:00-20:00)
[2025-10-16 05:25:47] INFO: ⏰ 0분 후 재확인...
[2025-10-16 05:25:57] INFO: 
[사이클 39] 모니터링 시간대가 아닙니다 (08:00-20:00)
[2025-10-16 05:25:57] INFO: ⏰ 0분 후 재확인...
[2025-10-16 05:26:07] INFO: 
[사이클 40] 모니터링 시간대가 아닙니다 (08:00-20:00)
[2025-10-16 05:26:07] INFO: ⏰ 0분 후 재확인...
[2025-10-16 05:26:17] INFO: 
[사이클 41] 모니터링 시간대가 아닙니다 (08:00-20:00)
[2025-10-16 05:26:17] INFO: ⏰ 0분 후 재확인...
[2025-10-16 05:26:27] INFO: 
[사이클 42] 모니터링 시간대가 아닙니다 (08:00-20:00)
[2025-10-16 05:26:27] INFO: ⏰ 0분 후 재확인...
[2025-10-16 05:26:37] INFO: 
[사이클 43] 모니터링 시간대가 아닙니다 (08:00-20:00)
[2025-10-16 05:26:37] INFO: ⏰ 0분 후 재확인...
[2025-10-16 05:26:47] INFO: 
[사이클 44] 모니터링 시간대가 아닙니다 (08:00-20:00)
[2025-10-16 05:26:47] INFO: ⏰ 0분 후 재확인...
[2025-10-16 05:26:57] INFO: 
[사이클 45] 모니터링 시간대가 아닙니다 (08:00-20:00)
[2025-10-16 05:26:57] INFO: ⏰ 0분 후 재확인...
[2025-10-16 05:27:07] INFO: 
[사이클 46] 모니터링 시간대가 아닙니다 (08:00-20:00)
[2025-10-16 05:27:07] INFO: ⏰ 0분 후 재확인...
[2025-10-16 05:27:17] INFO: 
[사이클 47] 모니터링 시간대가 아닙니다 (08:00-20:00)
[2025-10-16 05:27:17] INFO: ⏰ 0분 후 재확인...
[2025-10-16 05:27:27] INFO: 
[사이클 48] 모니터링 시간대가 아닙니다 (08:00-20:00)
[2025-10-16 05:27:27] INFO: ⏰ 0분 후 재확인...
[2025-10-16 05:27:37] INFO: 
[사이클 49] 모니터링 시간대가 아닙니다 (08:00-20:00)
[2025-10-16 05:27:37] INFO: ⏰ 0분 후 재확인...
[2025-10-16 05:27:47] INFO: 
[사이클 50] 모니터링 시간대가 아닙니다 (08:00-20:00)
[2025-10-16 05:27:47] INFO: ⏰ 0분 후 재확인...
[2025-10-16 05:27:57] INFO: 
[사이클 51] 모니터링 시간대가 아닙니다 (08:00-20:00)
[2025-10-16 05:27:57] INFO: ⏰ 0분 후 재확인...
[2025-10-16 05:28:07] INFO: 
[사이클 52] 모니터링 시간대가 아닙니다 (08:00-20:00)
[2025-10-16 05:28:07] INFO: ⏰ 0분 후 재확인...
[2025-10-16 05:28:17] INFO: 
[사이클 53] 모니터링 시간대가 아닙니다 (08:00-20:00)
[2025-10-16 05:28:17] INFO: ⏰ 0분 후 재확인...
[2025-10-16 05:28:27] INFO: 
[사이클 54] 모니터링 시간대가 아닙니다 (08:00-20:00)
[2025-10-16 05:28:27] INFO: ⏰ 0분 후 재확인...
[2025-10-16 05:28:37] INFO: 
[사이클 55] 모니터링 시간대가 아닙니다 (08:00-20:00)
[2025-10-16 05:28:37] INFO: ⏰ 0분 후 재확인...
[2025-10-16 05:28:47] INFO: 
[사이클 56] 모니터링 시간대가 아닙니다 (08:00-20:00)
[2025-10-16 05:28:47] INFO: ⏰ 0분 후 재확인...
[2025-10-16 05:28:57] INFO: 
[사이클 57] 모니터링 시간대가 아닙니다 (08:00-20:00)
[2025-10-16 05:28:57] INFO: ⏰ 0분 후 재확인...
[2025-10-16 05:29:07] INFO: 
[사이클 58] 모니터링 시간대가 아닙니다 (08:00-20:00)
[2025-10-16 05:29:07] INFO: ⏰ 0분 후 재확인...
[2025-10-16 05:29:17] INFO: 
[사이클 59] 모니터링 시간대가 아닙니다 (08:00-20:00)
[2025-10-16 05:29:17] INFO: ⏰ 0분 후 재확인...
[2025-10-16 05:29:27] INFO: 
[사이클 60] 모니터링 시간대가 아닙니다 (08:00-20:00)
[2025-10-16 05:29:27] INFO: ⏰ 0분 후 재확인...
[2025-10-16 05:29:37] INFO: 
[사이클 61] 모니터링 시간대가 아닙니다 (08:00-20:00)
[2025-10-16 05:29:37] INFO: ⏰ 0분 후 재확인...
[2025-10-16 05:29:47] INFO: 
[사이클 62] 모니터링 시간대가 아닙니다 (08:00-20:00)
[2025-10-16 05:29:47] INFO: ⏰ 0분 후 재확인...
[2025-10-16 05:29:57] INFO: 
[사이클 63] 모니터링 시간대가 아닙니다 (08:00-20:00)
[2025-10-16 05:29:57] INFO: ⏰ 0분 후 재확인...
[2025-10-16 05:30:07] INFO: 
[사이클 64] 모니터링 시간대가 아닙니다 (08:00-20:00)
[2025-10-16 05:30:07] INFO: ⏰ 0분 후 재확인...
[2025-10-16 05:30:17] INFO: 
[사이클 65] 모니터링 시간대가 아닙니다 (08:00-20:00)
[2025-10-16 05:30:17] INFO: ⏰ 0분 후 재확인...
[2025-10-16 05:30:27] INFO: 
[사이클 66] 모니터링 시간대가 아닙니다 (08:00-20:00)
[2025-10-16 05:30:27] INFO: ⏰ 0분 후 재확인...
[2025-10-16 05:30:37] INFO: 
[사이클 67] 모니터링 시간대가 아닙니다 (08:00-20:00)
[2025-10-16 05:30:37] INFO: ⏰ 0분 후 재확인...
[2025-10-16 05:30:47] INFO: 
[사이클 68] 모니터링 시간대가 아닙니다 (08:00-20:00)
[2025-10-16 05:30:47] INFO: ⏰ 0분 후 재확인...
[2025-10-16 05:30:57] INFO: 
[사이클 69] 모니터링 시간대가 아닙니다 (08:00-20:00)
[2025-10-16 05:30:57] INFO: ⏰ 0분 후 재확인...
[2025-10-16 05:31:07] INFO: 
[사이클 70] 모니터링 시간대가 아닙니다 (08:00-20:00)
[2025-10-16 05:31:07] INFO: ⏰ 0분 후 재확인...
[2025-10-16 05:31:17] INFO: 
[사이클 71] 모니터링 시간대가 아닙니다 (08:00-20:00)
[2025-10-16 05:31:17] INFO: ⏰ 0분 후 재확인...
[2025-10-16 05:31:27] INFO: 
[사이클 72] 모니터링 시간대가 아닙니다 (08:00-20:00)
[2025-10-16 05:31:27] INFO: ⏰ 0분 후 재확인...
[2025-10-16 05:31:37] INFO: 
[사이클 73] 모니터링 시간대가 아닙니다 (08:00-20:00)
[2025-10-16 05:31:37] INFO: ⏰ 0분 후 재확인...
[2025-10-16 05:31:47] INFO: 
[사이클 74] 모니터링 시간대가 아닙니다 (08:00-20:00)
[2025-10-16 05:31:47] INFO: ⏰ 0분 후 재확인...
[2025-10-16 05:31:57] INFO: 
[사이클 75] 모니터링 시간대가 아닙니다 (08:00-20:00)
[2025-10-16 05:31:57] INFO: ⏰ 0분 후 재확인...
[2025-10-16 05:32:07] INFO: 
[사이클 76] 모니터링 시간대가 아닙니다 (08:00-20:00)
[2025-10-16 05:32:07] INFO: ⏰ 0분 후 재확인...
[2025-10-16 05:32:17] INFO: 
[사이클 77] 모니터링 시간대가 아닙니다 (08:00-20:00)
[2025-10-16 05:32:17] INFO: ⏰ 0분 후 재확인...
[2025-10-16 05:32:27] INFO: 
[사이클 78] 모니터링 시간대가 아닙니다 (08:00-20:00)
[2025-10-16 05:32:27] INFO: ⏰ 0분 후 재확인...
[2025-10-16 05:32:37] INFO: 
[사이클 79] 모니터링 시간대가 아닙니다 (08:00-20:00)
[2025-10-16 05:32:37] INFO: ⏰ 0분 후 재확인...
[2025-10-16 05:32:47] INFO: 
[사이클 80] 모니터링 시간대가 아닙니다 (08:00-20:00)
[2025-10-16 05:32:47] INFO: ⏰ 0분 후 재확인...
[2025-10-16 05:32:57] INFO: 
[사이클 81] 모니터링 시간대가 아닙니다 (08:00-20:00)
[2025-10-16 05:32:57] INFO: ⏰ 0분 후 재확인...
[2025-10-16 05:33:07] INFO: 
[사이클 82] 모니터링 시간대가 아닙니다 (08:00-20:00)
[2025-10-16 05:33:07] INFO: ⏰ 0분 후 재확인...
[2025-10-16 05:33:17] INFO: 
[사이클 83] 모니터링 시간대가 아닙니다 (08:00-20:00)
[2025-10-16 05:33:17] INFO: ⏰ 0분 후 재확인...
[2025-10-16 05:33:27] INFO: 
[사이클 84] 모니터링 시간대가 아닙니다 (08:00-20:00)
[2025-10-16 05:33:27] INFO: ⏰ 0분 후 재확인...
[2025-10-16 05:33:37] INFO: 
[사이클 85] 모니터링 시간대가 아닙니다 (08:00-20:00)
[2025-10-16 05:33:37] INFO: ⏰ 0분 후 재확인...
[2025-10-16 05:33:47] INFO: 
[사이클 86] 모니터링 시간대가 아닙니다 (08:00-20:00)
[2025-10-16 05:33:47] INFO: ⏰ 0분 후 재확인...
[2025-10-16 05:33:57] INFO: 
[사이클 87] 모니터링 시간대가 아닙니다 (08:00-20:00)
[2025-10-16 05:33:57] INFO: ⏰ 0분 후 재확인...
[2025-10-16 05:34:07] INFO: 
[사이클 88] 모니터링 시간대가 아닙니다 (08:00-20:00)
[2025-10-16 05:34:07] INFO: ⏰ 0분 후 재확인...
[2025-10-16 05:34:17] INFO: 
[사이클 89] 모니터링 시간대가 아닙니다 (08:00-20:00)
[2025-10-16 05:34:17] INFO: ⏰ 0분 후 재확인...
[2025-10-16 05:34:27] INFO: 
[사이클 90] 모니터링 시간대가 아닙니다 (08:00-20:00)
[2025-10-16 05:34:27] INFO: ⏰ 0분 후 재확인...
[2025-10-16 05:34:37] INFO: 
[사이클 91] 모니터링 시간대가 아닙니다 (08:00-20:00)
[2025-10-16 05:34:37] INFO: ⏰ 0분 후 재확인...
[2025-10-16 05:34:47] INFO: 
[사이클 92] 모니터링 시간대가 아닙니다 (08:00-20:00)
[2025-10-16 05:34:47] INFO: ⏰ 0분 후 재확인...
[2025-10-16 05:34:57] INFO: 
[사이클 93] 모니터링 시간대가 아닙니다 (08:00-20:00)
[2025-10-16 05:34:57] INFO: ⏰ 0분 후 재확인...
[2025-10-16 05:35:07] INFO: 
[사이클 94] 모니터링 시간대가 아닙니다 (08:00-20:00)
[2025-10-16 05:35:07] INFO: ⏰ 0분 후 재확인...
[2025-10-16 05:35:17] INFO: 
[사이클 95] 모니터링 시간대가 아닙니다 (08:00-20:00)
[2025-10-16 05:35:17] INFO: ⏰ 0분 후 재확인...
[2025-10-16 05:35:27] INFO: 
[사이클 96] 모니터링 시간대가 아닙니다 (08:00-20:00)
[2025-10-16 05:35:27] INFO: ⏰ 0분 후 재확인...
[2025-10-16 05:35:37] INFO: 
[사이클 97] 모니터링 시간대가 아닙니다 (08:00-20:00)
[2025-10-16 05:35:37] INFO: ⏰ 0분 후 재확인...
[2025-10-16 05:35:47] INFO: 
[사이클 98] 모니터링 시간대가 아닙니다 (08:00-20:00)
[2025-10-16 05:35:47] INFO: ⏰ 0분 후 재확인...
[2025-10-16 05:35:57] INFO: 
[사이클 99] 모니터링 시간대가 아닙니다 (08:00-20:00)
[2025-10-16 05:35:57] INFO: ⏰ 0분 후 재확인...
[2025-10-16 05:36:07] INFO: 
[사이클 100] 모니터링 시간대가 아닙니다 (08:00-20:00)
[2025-10-16 05:36:07] INFO: ⏰ 0분 후 재확인...
[2025-10-16 05:36:17] INFO: 
[사이클 101] 모니터링 시간대가 아닙니다 (08:00-20:00)
[2025-10-16 05:36:17] INFO: ⏰ 0분 후 재확인...
[2025-10-16 05:36:27] INFO: 
[사이클 102] 모니터링 시간대가 아닙니다 (08:00-20:00)
[2025-10-16 05:36:27] INFO: ⏰ 0분 후 재확인...
[2025-10-16 05:36:37] INFO: 
[사이클 103] 모니터링 시간대가 아닙니다 (08:00-20:00)
[2025-10-16 05:36:37] INFO: ⏰ 0분 후 재확인...
[2025-10-16 05:36:47] INFO: 
[사이클 104] 모니터링 시간대가 아닙니다 (08:00-20:00)
[2025-10-16 05:36:47] INFO: ⏰ 0분 후 재확인...
[2025-10-16 05:36:57] INFO: 
[사이클 105] 모니터링 시간대가 아닙니다 (08:00-20:00)
[2025-10-16 05:36:57] INFO: ⏰ 0분 후 재확인...
[2025-10-16 05:37:07] INFO: 
[사이클 106] 모니터링 시간대가 아닙니다 (08:00-20:00)
[2025-10-16 05:37:07] INFO: ⏰ 0분 후 재확인...
[2025-10-16 05:37:17] INFO: 
[사이클 107] 모니터링 시간대가 아닙니다 (08:00-20:00)
[2025-10-16 05:37:17] INFO: ⏰ 0분 후 재확인...
[2025-10-16 05:37:27] INFO: 
[사이클 108] 모니터링 시간대가 아닙니다 (08:00-20:00)
[2025-10-16 05:37:27] INFO: ⏰ 0분 후 재확인...
[2025-10-16 05:37:37] INFO: 
[사이클 109] 모니터링 시간대가 아닙니다 (08:00-20:00)
[2025-10-16 05:37:37] INFO: ⏰ 0분 후 재확인...
[2025-10-16 05:37:47] INFO: 
[사이클 110] 모니터링 시간대가 아닙니다 (08:00-20:00)
[2025-10-16 05:37:47] INFO: ⏰ 0분 후 재확인...
[2025-10-16 05:37:57] INFO: 
[사이클 111] 모니터링 시간대가 아닙니다 (08:00-20:00)
[2025-10-16 05:37:57] INFO: ⏰ 0분 후 재확인...
[2025-10-16 05:38:07] INFO: 
[사이클 112] 모니터링 시간대가 아닙니다 (08:00-20:00)
[2025-10-16 05:38:07] INFO: ⏰ 0분 후 재확인...
[2025-10-16 05:38:17] INFO: 
[사이클 113] 모니터링 시간대가 아닙니다 (08:00-20:00)
[2025-10-16 05:38:17] INFO: ⏰ 0분 후 재확인...
[2025-10-16 05:38:27] INFO: 
[사이클 114] 모니터링 시간대가 아닙니다 (08:00-20:00)
[2025-10-16 05:38:27] INFO: ⏰ 0분 후 재확인...
[2025-10-16 05:38:37] INFO: 
[사이클 115] 모니터링 시간대가 아닙니다 (08:00-20:00)
[2025-10-16 05:38:37] INFO: ⏰ 0분 후 재확인...
[2025-10-16 05:38:47] INFO: 
[사이클 116] 모니터링 시간대가 아닙니다 (08:00-20:00)
[2025-10-16 05:38:47] INFO: ⏰ 0분 후 재확인...
[2025-10-16 05:38:57] INFO: 
[사이클 117] 모니터링 시간대가 아닙니다 (08:00-20:00)
[2025-10-16 05:38:57] INFO: ⏰ 0분 후 재확인...
[2025-10-16 05:39:07] INFO: 
[사이클 118] 모니터링 시간대가 아닙니다 (08:00-20:00)
[2025-10-16 05:39:07] INFO: ⏰ 0분 후 재확인...
[2025-10-16 05:39:17] INFO: 
[사이클 119] 모니터링 시간대가 아닙니다 (08:00-20:00)
[2025-10-16 05:39:17] INFO: ⏰ 0분 후 재확인...
[2025-10-16 05:39:27] INFO: 
[사이클 120] 모니터링 시간대가 아닙니다 (08:00-20:00)
[2025-10-16 05:39:27] INFO: ⏰ 0분 후 재확인...
[2025-10-16 05:39:37] INFO: 
[사이클 121] 모니터링 시간대가 아닙니다 (08:00-20:00)
[2025-10-16 05:39:37] INFO: ⏰ 0분 후 재확인...
[2025-10-16 05:39:47] INFO: 
[사이클 122] 모니터링 시간대가 아닙니다 (08:00-20:00)
[2025-10-16 05:39:47] INFO: ⏰ 0분 후 재확인...
[2025-10-16 05:39:57] INFO: 
[사이클 123] 모니터링 시간대가 아닙니다 (08:00-20:00)
[2025-10-16 05:39:57] INFO: ⏰ 0분 후 재확인...
[2025-10-16 05:40:07] INFO: 
[사이클 124] 모니터링 시간대가 아닙니다 (08:00-20:00)
[2025-10-16 05:40:07] INFO: ⏰ 0분 후 재확인...
[2025-10-16 05:40:17] INFO: 
[사이클 125] 모니터링 시간대가 아닙니다 (08:00-20:00)
[2025-10-16 05:40:17] INFO: ⏰ 0분 후 재확인...
[2025-10-16 05:40:27] INFO: 
[사이클 126] 모니터링 시간대가 아닙니다 (08:00-20:00)
[2025-10-16 05:40:27] INFO: ⏰ 0분 후 재확인...
[2025-10-16 05:40:37] INFO: 
[사이클 127] 모니터링 시간대가 아닙니다 (08:00-20:00)
[2025-10-16 05:40:37] INFO: ⏰ 0분 후 재확인...
[2025-10-16 05:40:47] INFO: 
[사이클 128] 모니터링 시간대가 아닙니다 (08:00-20:00)
[2025-10-16 05:40:47] INFO: ⏰ 0분 후 재확인...
[2025-10-16 05:40:57] INFO: 
[사이클 129] 모니터링 시간대가 아닙니다 (08:00-20:00)
[2025-10-16 05:40:57] INFO: ⏰ 0분 후 재확인...
[2025-10-16 05:41:07] INFO: 
[사이클 130] 모니터링 시간대가 아닙니다 (08:00-20:00)
[2025-10-16 05:41:07] INFO: ⏰ 0분 후 재확인...
[2025-10-16 05:41:17] INFO: 
[사이클 131] 모니터링 시간대가 아닙니다 (08:00-20:00)
[2025-10-16 05:41:17] INFO: ⏰ 0분 후 재확인...
[2025-10-16 05:41:27] INFO: 
[사이클 132] 모니터링 시간대가 아닙니다 (08:00-20:00)
[2025-10-16 05:41:27] INFO: ⏰ 0분 후 재확인...
[2025-10-16 05:41:37] INFO: 
[사이클 133] 모니터링 시간대가 아닙니다 (08:00-20:00)
[2025-10-16 05:41:37] INFO: ⏰ 0분 후 재확인...
[2025-10-16 05:41:47] INFO: 
[사이클 134] 모니터링 시간대가 아닙니다 (08:00-20:00)
[2025-10-16 05:41:47] INFO: ⏰ 0분 후 재확인...
[2025-10-16 05:41:57] INFO: 
[사이클 135] 모니터링 시간대가 아닙니다 (08:00-20:00)
[2025-10-16 05:41:57] INFO: ⏰ 0분 후 재확인...
[2025-10-16 05:42:07] INFO: 
[사이클 136] 모니터링 시간대가 아닙니다 (08:00-20:00)
[2025-10-16 05:42:07] INFO: ⏰ 0분 후 재확인...
[2025-10-16 05:42:17] INFO: 
[사이클 137] 모니터링 시간대가 아닙니다 (08:00-20:00)
[2025-10-16 05:42:17] INFO: ⏰ 0분 후 재확인...
[2025-10-16 05:42:27] INFO: 
[사이클 138] 모니터링 시간대가 아닙니다 (08:00-20:00)
[2025-10-16 05:42:27] INFO: ⏰ 0분 후 재확인...
[2025-10-16 05:42:37] INFO: 
[사이클 139] 모니터링 시간대가 아닙니다 (08:00-20:00)
[2025-10-16 05:42:37] INFO: ⏰ 0분 후 재확인...
[2025-10-16 05:42:47] INFO: 
[사이클 140] 모니터링 시간대가 아닙니다 (08:00-20:00)
[2025-10-16 05:42:47] INFO: ⏰ 0분 후 재확인...
[2025-10-16 05:42:57] INFO: 
[사이클 141] 모니터링 시간대가 아닙니다 (08:00-20:00)
[2025-10-16 05:42:57] INFO: ⏰ 0분 후 재확인...
[2025-10-16 05:43:07] INFO: 
[사이클 142] 모니터링 시간대가 아닙니다 (08:00-20:00)
[2025-10-16 05:43:07] INFO: ⏰ 0분 후 재확인...
[2025-10-16 05:43:17] INFO: 
[사이클 143] 모니터링 시간대가 아닙니다 (08:00-20:00)
[2025-10-16 05:43:17] INFO: ⏰ 0분 후 재확인...
[2025-10-16 05:43:27] INFO: 
[사이클 144] 모니터링 시간대가 아닙니다 (08:00-20:00)
[2025-10-16 05:43:27] INFO: ⏰ 0분 후 재확인...
[2025-10-16 05:43:37] INFO: 
[사이클 145] 모니터링 시간대가 아닙니다 (08:00-20:00)
[2025-10-16 05:43:37] INFO: ⏰ 0분 후 재확인...
[2025-10-16 05:43:47] INFO: 
[사이클 146] 모니터링 시간대가 아닙니다 (08:00-20:00)
[2025-10-16 05:43:47] INFO: ⏰ 0분 후 재확인...
[2025-10-16 05:43:57] INFO: 
[사이클 147] 모니터링 시간대가 아닙니다 (08:00-20:00)
[2025-10-16 05:43:57] INFO: ⏰ 0분 후 재확인...
[2025-10-16 05:44:07] INFO: 
[사이클 148] 모니터링 시간대가 아닙니다 (08:00-20:00)
[2025-10-16 05:44:07] INFO: ⏰ 0분 후 재확인...
[2025-10-16 05:44:17] INFO: 
[사이클 149] 모니터링 시간대가 아닙니다 (08:00-20:00)
[2025-10-16 05:44:17] INFO: ⏰ 0분 후 재확인...
[2025-10-16 05:44:27] INFO: 
[사이클 150] 모니터링 시간대가 아닙니다 (08:00-20:00)
[2025-10-16 05:44:27] INFO: ⏰ 0분 후 재확인...
[2025-10-16 05:44:37] INFO: 
[사이클 151] 모니터링 시간대가 아닙니다 (08:00-20:00)
[2025-10-16 05:44:37] INFO: ⏰ 0분 후 재확인...
[2025-10-16 05:44:47] INFO: 
[사이클 152] 모니터링 시간대가 아닙니다 (08:00-20:00)
[2025-10-16 05:44:47] INFO: ⏰ 0분 후 재확인...
[2025-10-16 05:44:57] INFO: 
[사이클 153] 모니터링 시간대가 아닙니다 (08:00-20:00)
[2025-10-16 05:44:57] INFO: ⏰ 0분 후 재확인...
[2025-10-16 05:45:07] INFO: 
[사이클 154] 모니터링 시간대가 아닙니다 (08:00-20:00)
[2025-10-16 05:45:07] INFO: ⏰ 0분 후 재확인...
[2025-10-16 05:45:17] INFO: 
[사이클 155] 모니터링 시간대가 아닙니다 (08:00-20:00)
[2025-10-16 05:45:17] INFO: ⏰ 0분 후 재확인...
[2025-10-16 05:45:27] INFO: 
[사이클 156] 모니터링 시간대가 아닙니다 (08:00-20:00)
[2025-10-16 05:45:27] INFO: ⏰ 0분 후 재확인...
[2025-10-16 05:45:37] INFO: 
[사이클 157] 모니터링 시간대가 아닙니다 (08:00-20:00)
[2025-10-16 05:45:37] INFO: ⏰ 0분 후 재확인...
[2025-10-16 05:45:47] INFO: 
[사이클 158] 모니터링 시간대가 아닙니다 (08:00-20:00)
[2025-10-16 05:45:47] INFO: ⏰ 0분 후 재확인...
[2025-10-16 05:45:57] INFO: 
[사이클 159] 모니터링 시간대가 아닙니다 (08:00-20:00)
[2025-10-16 05:45:57] INFO: ⏰ 0분 후 재확인...
[2025-10-16 05:46:07] INFO: 
[사이클 160] 모니터링 시간대가 아닙니다 (08:00-20:00)
[2025-10-16 05:46:07] INFO: ⏰ 0분 후 재확인...
[2025-10-16 05:46:17] INFO: 
[사이클 161] 모니터링 시간대가 아닙니다 (08:00-20:00)
[2025-10-16 05:46:17] INFO: ⏰ 0분 후 재확인...
[2025-10-16 05:46:27] INFO: 
[사이클 162] 모니터링 시간대가 아닙니다 (08:00-20:00)
[2025-10-16 05:46:27] INFO: ⏰ 0분 후 재확인...
[2025-10-16 05:46:37] INFO: 
[사이클 163] 모니터링 시간대가 아닙니다 (08:00-20:00)
[2025-10-16 05:46:37] INFO: ⏰ 0분 후 재확인...
[2025-10-16 05:46:47] INFO: 
[사이클 164] 모니터링 시간대가 아닙니다 (08:00-20:00)
[2025-10-16 05:46:47] INFO: ⏰ 0분 후 재확인...
[2025-10-16 05:46:58] INFO: 
[사이클 165] 모니터링 시간대가 아닙니다 (08:00-20:00)
[2025-10-16 05:46:58] INFO: ⏰ 0분 후 재확인...
[2025-10-16 05:47:08] INFO: 
[사이클 166] 모니터링 시간대가 아닙니다 (08:00-20:00)
[2025-10-16 05:47:08] INFO: ⏰ 0분 후 재확인...
[2025-10-16 05:47:18] INFO: 
[사이클 167] 모니터링 시간대가 아닙니다 (08:00-20:00)
[2025-10-16 05:47:18] INFO: ⏰ 0분 후 재확인...
[2025-10-16 05:47:28] INFO: 
[사이클 168] 모니터링 시간대가 아닙니다 (08:00-20:00)
[2025-10-16 05:47:28] INFO: ⏰ 0분 후 재확인...
[2025-10-16 05:47:38] INFO: 
[사이클 169] 모니터링 시간대가 아닙니다 (08:00-20:00)
[2025-10-16 05:47:38] INFO: ⏰ 0분 후 재확인...
[2025-10-16 05:47:48] INFO: 
[사이클 170] 모니터링 시간대가 아닙니다 (08:00-20:00)
[2025-10-16 05:47:48] INFO: ⏰ 0분 후 재확인...
[2025-10-16 05:47:58] INFO: 
[사이클 171] 모니터링 시간대가 아닙니다 (08:00-20:00)
[2025-10-16 05:47:58] INFO: ⏰ 0분 후 재확인...
[2025-10-16 05:48:08] INFO: 
[사이클 172] 모니터링 시간대가 아닙니다 (08:00-20:00)
[2025-10-16 05:48:08] INFO: ⏰ 0분 후 재확인...
[2025-10-16 05:48:18] INFO: 
[사이클 173] 모니터링 시간대가 아닙니다 (08:00-20:00)
[2025-10-16 05:48:18] INFO: ⏰ 0분 후 재확인...
[2025-10-16 05:48:28] INFO: 
[사이클 174] 모니터링 시간대가 아닙니다 (08:00-20:00)
[2025-10-16 05:48:28] INFO: ⏰ 0분 후 재확인...
[2025-10-16 05:48:38] INFO: 
[사이클 175] 모니터링 시간대가 아닙니다 (08:00-20:00)
[2025-10-16 05:48:38] INFO: ⏰ 0분 후 재확인...
[2025-10-16 05:48:48] INFO: 
[사이클 176] 모니터링 시간대가 아닙니다 (08:00-20:00)
[2025-10-16 05:48:48] INFO: ⏰ 0분 후 재확인...
[2025-10-16 05:48:58] INFO: 
[사이클 177] 모니터링 시간대가 아닙니다 (08:00-20:00)
[2025-10-16 05:48:58] INFO: ⏰ 0분 후 재확인...
[2025-10-16 05:49:08] INFO: 
[사이클 178] 모니터링 시간대가 아닙니다 (08:00-20:00)
[2025-10-16 05:49:08] INFO: ⏰ 0분 후 재확인...
[2025-10-16 05:49:18] INFO: 
[사이클 179] 모니터링 시간대가 아닙니다 (08:00-20:00)
[2025-10-16 05:49:18] INFO: ⏰ 0분 후 재확인...
[2025-10-16 05:49:28] INFO: 
[사이클 180] 모니터링 시간대가 아닙니다 (08:00-20:00)
[2025-10-16 05:49:28] INFO: ⏰ 0분 후 재확인...
[2025-10-16 05:49:38] INFO: 
[사이클 181] 모니터링 시간대가 아닙니다 (08:00-20:00)
[2025-10-16 05:49:38] INFO: ⏰ 0분 후 재확인...
[2025-10-16 05:49:48] INFO: 
[사이클 182] 모니터링 시간대가 아닙니다 (08:00-20:00)
[2025-10-16 05:49:48] INFO: ⏰ 0분 후 재확인...
[2025-10-16 05:49:58] INFO: 
[사이클 183] 모니터링 시간대가 아닙니다 (08:00-20:00)
[2025-10-16 05:49:58] INFO: ⏰ 0분 후 재확인...
[2025-10-16 05:50:08] INFO: 
[사이클 184] 모니터링 시간대가 아닙니다 (08:00-20:00)
[2025-10-16 05:50:08] INFO: ⏰ 0분 후 재확인...
[2025-10-16 05:50:18] INFO: 
[사이클 185] 모니터링 시간대가 아닙니다 (08:00-20:00)
[2025-10-16 05:50:18] INFO: ⏰ 0분 후 재확인...
[2025-10-16 05:50:28] INFO: 
[사이클 186] 모니터링 시간대가 아닙니다 (08:00-20:00)
[2025-10-16 05:50:28] INFO: ⏰ 0분 후 재확인...
[2025-10-16 05:50:38] INFO: 
[사이클 187] 모니터링 시간대가 아닙니다 (08:00-20:00)
[2025-10-16 05:50:38] INFO: ⏰ 0분 후 재확인...
[2025-10-16 05:50:48] INFO: 
[사이클 188] 모니터링 시간대가 아닙니다 (08:00-20:00)
[2025-10-16 05:50:48] INFO: ⏰ 0분 후 재확인...
[2025-10-16 05:50:58] INFO: 
[사이클 189] 모니터링 시간대가 아닙니다 (08:00-20:00)
[2025-10-16 05:50:58] INFO: ⏰ 0분 후 재확인...
[2025-10-16 05:51:08] INFO: 
[사이클 190] 모니터링 시간대가 아닙니다 (08:00-20:00)
[2025-10-16 05:51:08] INFO: ⏰ 0분 후 재확인...
[2025-10-16 05:51:18] INFO: 
[사이클 191] 모니터링 시간대가 아닙니다 (08:00-20:00)
[2025-10-16 05:51:18] INFO: ⏰ 0분 후 재확인...
[2025-10-16 05:51:28] INFO: 
[사이클 192] 모니터링 시간대가 아닙니다 (08:00-20:00)
[2025-10-16 05:51:28] INFO: ⏰ 0분 후 재확인...
[2025-10-16 05:51:38] INFO: 
[사이클 193] 모니터링 시간대가 아닙니다 (08:00-20:00)
[2025-10-16 05:51:38] INFO: ⏰ 0분 후 재확인...
[2025-10-16 05:51:48] INFO: 
[사이클 194] 모니터링 시간대가 아닙니다 (08:00-20:00)
[2025-10-16 05:51:48] INFO: ⏰ 0분 후 재확인...
[2025-10-16 05:51:58] INFO: 
[사이클 195] 모니터링 시간대가 아닙니다 (08:00-20:00)
[2025-10-16 05:51:58] INFO: ⏰ 0분 후 재확인...
[2025-10-16 05:52:08] INFO: 
[사이클 196] 모니터링 시간대가 아닙니다 (08:00-20:00)
[2025-10-16 05:52:08] INFO: ⏰ 0분 후 재확인...
[2025-10-16 05:52:18] INFO: 
[사이클 197] 모니터링 시간대가 아닙니다 (08:00-20:00)
[2025-10-16 05:52:18] INFO: ⏰ 0분 후 재확인...
[2025-10-16 05:52:28] INFO: 
[사이클 198] 모니터링 시간대가 아닙니다 (08:00-20:00)
[2025-10-16 05:52:28] INFO: ⏰ 0분 후 재확인...
[2025-10-16 05:52:38] INFO: 
[사이클 199] 모니터링 시간대가 아닙니다 (08:00-20:00)
[2025-10-16 05:52:38] INFO: ⏰ 0분 후 재확인...
[2025-10-16 05:52:48] INFO: 
[사이클 200] 모니터링 시간대가 아닙니다 (08:00-20:00)
[2025-10-16 05:52:48] INFO: ⏰ 0분 후 재확인...
[2025-10-16 05:52:58] INFO: 
[사이클 201] 모니터링 시간대가 아닙니다 (08:00-20:00)
[2025-10-16 05:52:58] INFO: ⏰ 0분 후 재확인...
[2025-10-16 05:53:08] INFO: 
[사이클 202] 모니터링 시간대가 아닙니다 (08:00-20:00)
[2025-10-16 05:53:08] INFO: ⏰ 0분 후 재확인...
[2025-10-16 05:53:18] INFO: 
[사이클 203] 모니터링 시간대가 아닙니다 (08:00-20:00)
[2025-10-16 05:53:18] INFO: ⏰ 0분 후 재확인...
[2025-10-16 05:53:28] INFO: 
[사이클 204] 모니터링 시간대가 아닙니다 (08:00-20:00)
[2025-10-16 05:53:28] INFO: ⏰ 0분 후 재확인...
[2025-10-16 05:53:38] INFO: 
[사이클 205] 모니터링 시간대가 아닙니다 (08:00-20:00)
[2025-10-16 05:53:38] INFO: ⏰ 0분 후 재확인...
[2025-10-16 05:53:48] INFO: 
[사이클 206] 모니터링 시간대가 아닙니다 (08:00-20:00)
[2025-10-16 05:53:48] INFO: ⏰ 0분 후 재확인...
[2025-10-16 05:53:58] INFO: 
[사이클 207] 모니터링 시간대가 아닙니다 (08:00-20:00)
[2025-10-16 05:53:58] INFO: ⏰ 0분 후 재확인...
[2025-10-16 05:54:08] INFO: 
[사이클 208] 모니터링 시간대가 아닙니다 (08:00-20:00)
[2025-10-16 05:54:08] INFO: ⏰ 0분 후 재확인...
[2025-10-16 05:54:18] INFO: 
[사이클 209] 모니터링 시간대가 아닙니다 (08:00-20:00)
[2025-10-16 05:54:18] INFO: ⏰ 0분 후 재확인...
[2025-10-16 05:54:28] INFO: 
[사이클 210] 모니터링 시간대가 아닙니다 (08:00-20:00)
[2025-10-16 05:54:28] INFO: ⏰ 0분 후 재확인...
[2025-10-16 05:54:38] INFO: 
[사이클 211] 모니터링 시간대가 아닙니다 (08:00-20:00)
[2025-10-16 05:54:38] INFO: ⏰ 0분 후 재확인...
[2025-10-16 05:54:48] INFO: 
[사이클 212] 모니터링 시간대가 아닙니다 (08:00-20:00)
[2025-10-16 05:54:48] INFO: ⏰ 0분 후 재확인...
[2025-10-16 05:54:58] INFO: 
[사이클 213] 모니터링 시간대가 아닙니다 (08:00-20:00)
[2025-10-16 05:54:58] INFO: ⏰ 0분 후 재확인...
[2025-10-16 05:55:08] INFO: 
[사이클 214] 모니터링 시간대가 아닙니다 (08:00-20:00)
[2025-10-16 05:55:08] INFO: ⏰ 0분 후 재확인...
[2025-10-16 05:55:18] INFO: 
[사이클 215] 모니터링 시간대가 아닙니다 (08:00-20:00)
[2025-10-16 05:55:18] INFO: ⏰ 0분 후 재확인...
[2025-10-16 05:55:28] INFO: 
[사이클 216] 모니터링 시간대가 아닙니다 (08:00-20:00)
[2025-10-16 05:55:28] INFO: ⏰ 0분 후 재확인...
[2025-10-16 05:55:38] INFO: 
[사이클 217] 모니터링 시간대가 아닙니다 (08:00-20:00)
[2025-10-16 05:55:38] INFO: ⏰ 0분 후 재확인...
[2025-10-16 05:55:48] INFO: 
[사이클 218] 모니터링 시간대가 아닙니다 (08:00-20:00)
[2025-10-16 05:55:48] INFO: ⏰ 0분 후 재확인...
[2025-10-16 05:55:58] INFO: 
[사이클 219] 모니터링 시간대가 아닙니다 (08:00-20:00)
[2025-10-16 05:55:58] INFO: ⏰ 0분 후 재확인...
[2025-10-16 05:56:08] INFO: 
[사이클 220] 모니터링 시간대가 아닙니다 (08:00-20:00)
[2025-10-16 05:56:08] INFO: ⏰ 0분 후 재확인...
[2025-10-16 05:56:18] INFO: 
[사이클 221] 모니터링 시간대가 아닙니다 (08:00-20:00)
[2025-10-16 05:56:18] INFO: ⏰ 0분 후 재확인...
[2025-10-16 05:56:28] INFO: 
[사이클 222] 모니터링 시간대가 아닙니다 (08:00-20:00)
[2025-10-16 05:56:28] INFO: ⏰ 0분 후 재확인...
[2025-10-16 05:56:38] INFO: 
[사이클 223] 모니터링 시간대가 아닙니다 (08:00-20:00)
[2025-10-16 05:56:38] INFO: ⏰ 0분 후 재확인...
[2025-10-16 05:56:48] INFO: 
[사이클 224] 모니터링 시간대가 아닙니다 (08:00-20:00)
[2025-10-16 05:56:48] INFO: ⏰ 0분 후 재확인...
[2025-10-16 05:56:58] INFO: 
[사이클 225] 모니터링 시간대가 아닙니다 (08:00-20:00)
[2025-10-16 05:56:58] INFO: ⏰ 0분 후 재확인...
[2025-10-16 05:57:08] INFO: 
[사이클 226] 모니터링 시간대가 아닙니다 (08:00-20:00)
[2025-10-16 05:57:08] INFO: ⏰ 0분 후 재확인...
[2025-10-16 05:57:18] INFO: 
[사이클 227] 모니터링 시간대가 아닙니다 (08:00-20:00)
[2025-10-16 05:57:18] INFO: ⏰ 0분 후 재확인...
[2025-10-16 05:57:28] INFO: 
[사이클 228] 모니터링 시간대가 아닙니다 (08:00-20:00)
[2025-10-16 05:57:28] INFO: ⏰ 0분 후 재확인...
[2025-10-16 05:57:38] INFO: 
[사이클 229] 모니터링 시간대가 아닙니다 (08:00-20:00)
[2025-10-16 05:57:38] INFO: ⏰ 0분 후 재확인...
[2025-10-16 05:57:48] INFO: 
[사이클 230] 모니터링 시간대가 아닙니다 (08:00-20:00)
[2025-10-16 05:57:48] INFO: ⏰ 0분 후 재확인...
[2025-10-16 05:57:58] INFO: 
[사이클 231] 모니터링 시간대가 아닙니다 (08:00-20:00)
[2025-10-16 05:57:58] INFO: ⏰ 0분 후 재확인...
[2025-10-16 05:58:08] INFO: 
[사이클 232] 모니터링 시간대가 아닙니다 (08:00-20:00)
[2025-10-16 05:58:08] INFO: ⏰ 0분 후 재확인...
[2025-10-16 05:58:18] INFO: 
[사이클 233] 모니터링 시간대가 아닙니다 (08:00-20:00)
[2025-10-16 05:58:18] INFO: ⏰ 0분 후 재확인...
[2025-10-16 05:58:28] INFO: 
[사이클 234] 모니터링 시간대가 아닙니다 (08:00-20:00)
[2025-10-16 05:58:28] INFO: ⏰ 0분 후 재확인...
[2025-10-16 05:58:38] INFO: 
[사이클 235] 모니터링 시간대가 아닙니다 (08:00-20:00)
[2025-10-16 05:58:38] INFO: ⏰ 0분 후 재확인...
[2025-10-16 05:58:48] INFO: 
[사이클 236] 모니터링 시간대가 아닙니다 (08:00-20:00)
[2025-10-16 05:58:48] INFO: ⏰ 0분 후 재확인...
[2025-10-16 05:58:58] INFO: 
[사이클 237] 모니터링 시간대가 아닙니다 (08:00-20:00)
[2025-10-16 05:58:58] INFO: ⏰ 0분 후 재확인...
[2025-10-16 05:59:08] INFO: 
[사이클 238] 모니터링 시간대가 아닙니다 (08:00-20:00)
[2025-10-16 05:59:08] INFO: ⏰ 0분 후 재확인...
[2025-10-16 05:59:18] INFO: 
[사이클 239] 모니터링 시간대가 아닙니다 (08:00-20:00)
[2025-10-16 05:59:18] INFO: ⏰ 0분 후 재확인...
[2025-10-16 05:59:28] INFO: 
[사이클 240] 모니터링 시간대가 아닙니다 (08:00-20:00)
[2025-10-16 05:59:28] INFO: ⏰ 0분 후 재확인...
[2025-10-16 05:59:38] INFO: 
[사이클 241] 모니터링 시간대가 아닙니다 (08:00-20:00)
[2025-10-16 05:59:38] INFO: ⏰ 0분 후 재확인...
[2025-10-16 05:59:48] INFO: 
[사이클 242] 모니터링 시간대가 아닙니다 (08:00-20:00)
[2025-10-16 05:59:48] INFO: ⏰ 0분 후 재확인...
[2025-10-16 05:59:58] INFO: 
[사이클 243] 모니터링 시간대가 아닙니다 (08:00-20:00)
[2025-10-16 05:59:58] INFO: ⏰ 0분 후 재확인...
[2025-10-16 06:00:08] INFO: 
[사이클 244] 모니터링 시간대가 아닙니다 (08:00-20:00)
[2025-10-16 06:00:08] INFO: ⏰ 0분 후 재확인...
[2025-10-16 06:00:18] INFO: 
[사이클 245] 모니터링 시간대가 아닙니다 (08:00-20:00)
[2025-10-16 06:00:18] INFO: ⏰ 0분 후 재확인...
[2025-10-16 06:00:28] INFO: 
[사이클 246] 모니터링 시간대가 아닙니다 (08:00-20:00)
[2025-10-16 06:00:28] INFO: ⏰ 0분 후 재확인...
[2025-10-16 06:00:38] INFO: 
[사이클 247] 모니터링 시간대가 아닙니다 (08:00-20:00)
[2025-10-16 06:00:38] INFO: ⏰ 0분 후 재확인...
[2025-10-16 06:00:48] INFO: 
[사이클 248] 모니터링 시간대가 아닙니다 (08:00-20:00)
[2025-10-16 06:00:48] INFO: ⏰ 0분 후 재확인...
[2025-10-16 06:00:58] INFO: 
[사이클 249] 모니터링 시간대가 아닙니다 (08:00-20:00)
[2025-10-16 06:00:58] INFO: ⏰ 0분 후 재확인...
[2025-10-16 06:01:08] INFO: 
[사이클 250] 모니터링 시간대가 아닙니다 (08:00-20:00)
[2025-10-16 06:01:08] INFO: ⏰ 0분 후 재확인...
[2025-10-16 06:01:18] INFO: 
[사이클 251] 모니터링 시간대가 아닙니다 (08:00-20:00)
[2025-10-16 06:01:18] INFO: ⏰ 0분 후 재확인...
[2025-10-16 06:01:28] INFO: 
[사이클 252] 모니터링 시간대가 아닙니다 (08:00-20:00)
[2025-10-16 06:01:28] INFO: ⏰ 0분 후 재확인...
[2025-10-16 06:01:38] INFO: 
[사이클 253] 모니터링 시간대가 아닙니다 (08:00-20:00)
[2025-10-16 06:01:38] INFO: ⏰ 0분 후 재확인...
[2025-10-16 06:01:48] INFO: 
[사이클 254] 모니터링 시간대가 아닙니다 (08:00-20:00)
[2025-10-16 06:01:48] INFO: ⏰ 0분 후 재확인...
[2025-10-16 06:01:58] INFO: 
[사이클 255] 모니터링 시간대가 아닙니다 (08:00-20:00)
[2025-10-16 06:01:58] INFO: ⏰ 0분 후 재확인...
[2025-10-16 06:02:08] INFO: 
[사이클 256] 모니터링 시간대가 아닙니다 (08:00-20:00)
[2025-10-16 06:02:08] INFO: ⏰ 0분 후 재확인...
[2025-10-16 06:02:18] INFO: 
[사이클 257] 모니터링 시간대가 아닙니다 (08:00-20:00)
[2025-10-16 06:02:18] INFO: ⏰ 0분 후 재확인...
[2025-10-16 06:02:28] INFO: 
[사이클 258] 모니터링 시간대가 아닙니다 (08:00-20:00)
[2025-10-16 06:02:28] INFO: ⏰ 0분 후 재확인...
[2025-10-16 06:02:38] INFO: 
[사이클 259] 모니터링 시간대가 아닙니다 (08:00-20:00)
[2025-10-16 06:02:38] INFO: ⏰ 0분 후 재확인...
[2025-10-16 06:02:48] INFO: 
[사이클 260] 모니터링 시간대가 아닙니다 (08:00-20:00)
[2025-10-16 06:02:48] INFO: ⏰ 0분 후 재확인...
[2025-10-16 06:02:58] INFO: 
[사이클 261] 모니터링 시간대가 아닙니다 (08:00-20:00)
[2025-10-16 06:02:58] INFO: ⏰ 0분 후 재확인...
[2025-10-16 06:03:08] INFO: 
[사이클 262] 모니터링 시간대가 아닙니다 (08:00-20:00)
[2025-10-16 06:03:08] INFO: ⏰ 0분 후 재확인...
[2025-10-16 06:03:18] INFO: 
[사이클 263] 모니터링 시간대가 아닙니다 (08:00-20:00)
[2025-10-16 06:03:18] INFO: ⏰ 0분 후 재확인...
[2025-10-16 06:03:28] INFO: 
[사이클 264] 모니터링 시간대가 아닙니다 (08:00-20:00)
[2025-10-16 06:03:28] INFO: ⏰ 0분 후 재확인...
[2025-10-16 06:03:38] INFO: 
[사이클 265] 모니터링 시간대가 아닙니다 (08:00-20:00)
[2025-10-16 06:03:38] INFO: ⏰ 0분 후 재확인...
[2025-10-16 06:03:48] INFO: 
[사이클 266] 모니터링 시간대가 아닙니다 (08:00-20:00)
[2025-10-16 06:03:48] INFO: ⏰ 0분 후 재확인...
[2025-10-16 06:03:58] INFO: 
[사이클 267] 모니터링 시간대가 아닙니다 (08:00-20:00)
[2025-10-16 06:03:58] INFO: ⏰ 0분 후 재확인...
[2025-10-16 06:04:08] INFO: 
[사이클 268] 모니터링 시간대가 아닙니다 (08:00-20:00)
[2025-10-16 06:04:08] INFO: ⏰ 0분 후 재확인...
[2025-10-16 06:04:18] INFO: 
[사이클 269] 모니터링 시간대가 아닙니다 (08:00-20:00)
[2025-10-16 06:04:18] INFO: ⏰ 0분 후 재확인...
[2025-10-16 06:04:28] INFO: 
[사이클 270] 모니터링 시간대가 아닙니다 (08:00-20:00)
[2025-10-16 06:04:28] INFO: ⏰ 0분 후 재확인...
[2025-10-16 06:04:38] INFO: 
[사이클 271] 모니터링 시간대가 아닙니다 (08:00-20:00)
[2025-10-16 06:04:38] INFO: ⏰ 0분 후 재확인...
[2025-10-16 06:04:48] INFO: 
[사이클 272] 모니터링 시간대가 아닙니다 (08:00-20:00)
[2025-10-16 06:04:48] INFO: ⏰ 0분 후 재확인...
[2025-10-16 06:04:58] INFO: 
[사이클 273] 모니터링 시간대가 아닙니다 (08:00-20:00)
[2025-10-16 06:04:58] INFO: ⏰ 0분 후 재확인...
[2025-10-16 06:05:08] INFO: 
[사이클 274] 모니터링 시간대가 아닙니다 (08:00-20:00)
[2025-10-16 06:05:08] INFO: ⏰ 0분 후 재확인...
[2025-10-16 06:05:18] INFO: 
[사이클 275] 모니터링 시간대가 아닙니다 (08:00-20:00)
[2025-10-16 06:05:18] INFO: ⏰ 0분 후 재확인...
[2025-10-16 06:05:28] INFO: 
[사이클 276] 모니터링 시간대가 아닙니다 (08:00-20:00)
[2025-10-16 06:05:28] INFO: ⏰ 0분 후 재확인...
[2025-10-16 06:05:38] INFO: 
[사이클 277] 모니터링 시간대가 아닙니다 (08:00-20:00)
[2025-10-16 06:05:38] INFO: ⏰ 0분 후 재확인...
[2025-10-16 06:05:48] INFO: 
[사이클 278] 모니터링 시간대가 아닙니다 (08:00-20:00)
[2025-10-16 06:05:48] INFO: ⏰ 0분 후 재확인...
[2025-10-16 06:05:58] INFO: 
[사이클 279] 모니터링 시간대가 아닙니다 (08:00-20:00)
[2025-10-16 06:05:58] INFO: ⏰ 0분 후 재확인...
[2025-10-16 06:06:08] INFO: 
[사이클 280] 모니터링 시간대가 아닙니다 (08:00-20:00)
[2025-10-16 06:06:08] INFO: ⏰ 0분 후 재확인...
[2025-10-16 06:06:18] INFO: 
[사이클 281] 모니터링 시간대가 아닙니다 (08:00-20:00)
[2025-10-16 06:06:18] INFO: ⏰ 0분 후 재확인...
[2025-10-16 06:06:28] INFO: 
[사이클 282] 모니터링 시간대가 아닙니다 (08:00-20:00)
[2025-10-16 06:06:28] INFO: ⏰ 0분 후 재확인...
[2025-10-16 06:06:38] INFO: 
[사이클 283] 모니터링 시간대가 아닙니다 (08:00-20:00)
[2025-10-16 06:06:38] INFO: ⏰ 0분 후 재확인...
[2025-10-16 06:06:48] INFO: 
[사이클 284] 모니터링 시간대가 아닙니다 (08:00-20:00)
[2025-10-16 06:06:48] INFO: ⏰ 0분 후 재확인...
[2025-10-16 06:06:58] INFO: 
[사이클 285] 모니터링 시간대가 아닙니다 (08:00-20:00)
[2025-10-16 06:06:58] INFO: ⏰ 0분 후 재확인...
[2025-10-16 06:07:08] INFO: 
[사이클 286] 모니터링 시간대가 아닙니다 (08:00-20:00)
[2025-10-16 06:07:08] INFO: ⏰ 0분 후 재확인...
[2025-10-16 06:07:18] INFO: 
[사이클 287] 모니터링 시간대가 아닙니다 (08:00-20:00)
[2025-10-16 06:07:18] INFO: ⏰ 0분 후 재확인...
[2025-10-16 06:07:28] INFO: 
[사이클 288] 모니터링 시간대가 아닙니다 (08:00-20:00)
[2025-10-16 06:07:28] INFO: ⏰ 0분 후 재확인...
[2025-10-16 06:07:38] INFO: 
[사이클 289] 모니터링 시간대가 아닙니다 (08:00-20:00)
[2025-10-16 06:07:38] INFO: ⏰ 0분 후 재확인...
[2025-10-16 06:07:48] INFO: 
[사이클 290] 모니터링 시간대가 아닙니다 (08:00-20:00)
[2025-10-16 06:07:48] INFO: ⏰ 0분 후 재확인...
[2025-10-16 06:07:58] INFO: 
[사이클 291] 모니터링 시간대가 아닙니다 (08:00-20:00)
[2025-10-16 06:07:58] INFO: ⏰ 0분 후 재확인...
[2025-10-16 06:08:08] INFO: 
[사이클 292] 모니터링 시간대가 아닙니다 (08:00-20:00)
[2025-10-16 06:08:08] INFO: ⏰ 0분 후 재확인...
[2025-10-16 06:08:18] INFO: 
[사이클 293] 모니터링 시간대가 아닙니다 (08:00-20:00)
[2025-10-16 06:08:18] INFO: ⏰ 0분 후 재확인...
[2025-10-16 06:08:28] INFO: 
[사이클 294] 모니터링 시간대가 아닙니다 (08:00-20:00)
[2025-10-16 06:08:28] INFO: ⏰ 0분 후 재확인...
[2025-10-16 06:08:38] INFO: 
[사이클 295] 모니터링 시간대가 아닙니다 (08:00-20:00)
[2025-10-16 06:08:38] INFO: ⏰ 0분 후 재확인...
[2025-10-16 06:08:48] INFO: 
[사이클 296] 모니터링 시간대가 아닙니다 (08:00-20:00)
[2025-10-16 06:08:48] INFO: ⏰ 0분 후 재확인...
[2025-10-16 06:08:58] INFO: 
[사이클 297] 모니터링 시간대가 아닙니다 (08:00-20:00)
[2025-10-16 06:08:58] INFO: ⏰ 0분 후 재확인...
[2025-10-16 06:09:08] INFO: 
[사이클 298] 모니터링 시간대가 아닙니다 (08:00-20:00)
[2025-10-16 06:09:08] INFO: ⏰ 0분 후 재확인...
[2025-10-16 06:09:18] INFO: 
[사이클 299] 모니터링 시간대가 아닙니다 (08:00-20:00)
[2025-10-16 06:09:18] INFO: ⏰ 0분 후 재확인...
[2025-10-16 06:09:28] INFO: 
[사이클 300] 모니터링 시간대가 아닙니다 (08:00-20:00)
[2025-10-16 06:09:28] INFO: ⏰ 0분 후 재확인...
[2025-10-16 06:09:38] INFO: 
[사이클 301] 모니터링 시간대가 아닙니다 (08:00-20:00)
[2025-10-16 06:09:38] INFO: ⏰ 0분 후 재확인...
[2025-10-16 06:09:48] INFO: 
[사이클 302] 모니터링 시간대가 아닙니다 (08:00-20:00)
[2025-10-16 06:09:48] INFO: ⏰ 0분 후 재확인...
[2025-10-16 06:09:58] INFO: 
[사이클 303] 모니터링 시간대가 아닙니다 (08:00-20:00)
[2025-10-16 06:09:58] INFO: ⏰ 0분 후 재확인...
[2025-10-16 06:10:08] INFO: 
[사이클 304] 모니터링 시간대가 아닙니다 (08:00-20:00)
[2025-10-16 06:10:08] INFO: ⏰ 0분 후 재확인...
[2025-10-16 06:10:18] INFO: 
[사이클 305] 모니터링 시간대가 아닙니다 (08:00-20:00)
[2025-10-16 06:10:18] INFO: ⏰ 0분 후 재확인...
[2025-10-16 06:10:28] INFO: 
[사이클 306] 모니터링 시간대가 아닙니다 (08:00-20:00)
[2025-10-16 06:10:28] INFO: ⏰ 0분 후 재확인...
[2025-10-16 06:10:38] INFO: 
[사이클 307] 모니터링 시간대가 아닙니다 (08:00-20:00)
[2025-10-16 06:10:38] INFO: ⏰ 0분 후 재확인...
[2025-10-16 06:10:48] INFO: 
[사이클 308] 모니터링 시간대가 아닙니다 (08:00-20:00)
[2025-10-16 06:10:48] INFO: ⏰ 0분 후 재확인...
[2025-10-16 06:10:58] INFO: 
[사이클 309] 모니터링 시간대가 아닙니다 (08:00-20:00)
[2025-10-16 06:10:58] INFO: ⏰ 0분 후 재확인...
[2025-10-16 06:11:08] INFO: 
[사이클 310] 모니터링 시간대가 아닙니다 (08:00-20:00)
[2025-10-16 06:11:08] INFO: ⏰ 0분 후 재확인...
[2025-10-16 06:11:18] INFO: 
[사이클 311] 모니터링 시간대가 아닙니다 (08:00-20:00)
[2025-10-16 06:11:18] INFO: ⏰ 0분 후 재확인...
[2025-10-16 06:11:28] INFO: 
[사이클 312] 모니터링 시간대가 아닙니다 (08:00-20:00)
[2025-10-16 06:11:28] INFO: ⏰ 0분 후 재확인...
[2025-10-16 06:11:38] INFO: 
[사이클 313] 모니터링 시간대가 아닙니다 (08:00-20:00)
[2025-10-16 06:11:38] INFO: ⏰ 0분 후 재확인...
[2025-10-16 06:11:48] INFO: 
[사이클 314] 모니터링 시간대가 아닙니다 (08:00-20:00)
[2025-10-16 06:11:48] INFO: ⏰ 0분 후 재확인...
[2025-10-16 06:11:58] INFO: 
[사이클 315] 모니터링 시간대가 아닙니다 (08:00-20:00)
[2025-10-16 06:11:58] INFO: ⏰ 0분 후 재확인...
[2025-10-16 06:12:08] INFO: 
[사이클 316] 모니터링 시간대가 아닙니다 (08:00-20:00)
[2025-10-16 06:12:08] INFO: ⏰ 0분 후 재확인...
[2025-10-16 06:12:18] INFO: 
[사이클 317] 모니터링 시간대가 아닙니다 (08:00-20:00)
[2025-10-16 06:12:18] INFO: ⏰ 0분 후 재확인...
[2025-10-16 06:12:28] INFO: 
[사이클 318] 모니터링 시간대가 아닙니다 (08:00-20:00)
[2025-10-16 06:12:28] INFO: ⏰ 0분 후 재확인...
[2025-10-16 06:12:38] INFO: 
[사이클 319] 모니터링 시간대가 아닙니다 (08:00-20:00)
[2025-10-16 06:12:38] INFO: ⏰ 0분 후 재확인...
[2025-10-16 06:12:48] INFO: 
[사이클 320] 모니터링 시간대가 아닙니다 (08:00-20:00)
[2025-10-16 06:12:48] INFO: ⏰ 0분 후 재확인...
[2025-10-16 06:12:58] INFO: 
[사이클 321] 모니터링 시간대가 아닙니다 (08:00-20:00)
[2025-10-16 06:12:58] INFO: ⏰ 0분 후 재확인...
[2025-10-16 06:13:08] INFO: 
[사이클 322] 모니터링 시간대가 아닙니다 (08:00-20:00)
[2025-10-16 06:13:08] INFO: ⏰ 0분 후 재확인...
[2025-10-16 06:13:18] INFO: 
[사이클 323] 모니터링 시간대가 아닙니다 (08:00-20:00)
[2025-10-16 06:13:18] INFO: ⏰ 0분 후 재확인...
[2025-10-16 06:13:28] INFO: 
[사이클 324] 모니터링 시간대가 아닙니다 (08:00-20:00)
[2025-10-16 06:13:28] INFO: ⏰ 0분 후 재확인...
[2025-10-16 06:13:38] INFO: 
[사이클 325] 모니터링 시간대가 아닙니다 (08:00-20:00)
[2025-10-16 06:13:38] INFO: ⏰ 0분 후 재확인...
[2025-10-16 06:13:48] INFO: 
[사이클 326] 모니터링 시간대가 아닙니다 (08:00-20:00)
[2025-10-16 06:13:48] INFO: ⏰ 0분 후 재확인...
[2025-10-16 06:13:58] INFO: 
[사이클 327] 모니터링 시간대가 아닙니다 (08:00-20:00)
[2025-10-16 06:13:58] INFO: ⏰ 0분 후 재확인...
[2025-10-16 06:14:08] INFO: 
[사이클 328] 모니터링 시간대가 아닙니다 (08:00-20:00)
[2025-10-16 06:14:08] INFO: ⏰ 0분 후 재확인...
[2025-10-16 06:14:18] INFO: 
[사이클 329] 모니터링 시간대가 아닙니다 (08:00-20:00)
[2025-10-16 06:14:18] INFO: ⏰ 0분 후 재확인...
[2025-10-16 06:14:28] INFO: 
[사이클 330] 모니터링 시간대가 아닙니다 (08:00-20:00)
[2025-10-16 06:14:28] INFO: ⏰ 0분 후 재확인...
[2025-10-16 06:14:38] INFO: 
[사이클 331] 모니터링 시간대가 아닙니다 (08:00-20:00)
[2025-10-16 06:14:38] INFO: ⏰ 0분 후 재확인...
[2025-10-16 06:14:48] INFO: 
[사이클 332] 모니터링 시간대가 아닙니다 (08:00-20:00)
[2025-10-16 06:14:48] INFO: ⏰ 0분 후 재확인...
[2025-10-16 06:14:58] INFO: 
[사이클 333] 모니터링 시간대가 아닙니다 (08:00-20:00)
[2025-10-16 06:14:58] INFO: ⏰ 0분 후 재확인...
[2025-10-16 06:15:08] INFO: 
[사이클 334] 모니터링 시간대가 아닙니다 (08:00-20:00)
[2025-10-16 06:15:08] INFO: ⏰ 0분 후 재확인...
[2025-10-16 06:15:18] INFO: 
[사이클 335] 모니터링 시간대가 아닙니다 (08:00-20:00)
[2025-10-16 06:15:18] INFO: ⏰ 0분 후 재확인...
[2025-10-16 06:15:28] INFO: 
[사이클 336] 모니터링 시간대가 아닙니다 (08:00-20:00)
[2025-10-16 06:15:28] INFO: ⏰ 0분 후 재확인...
[2025-10-16 06:15:38] INFO: 
[사이클 337] 모니터링 시간대가 아닙니다 (08:00-20:00)
[2025-10-16 06:15:38] INFO: ⏰ 0분 후 재확인...
[2025-10-16 06:15:48] INFO: 
[사이클 338] 모니터링 시간대가 아닙니다 (08:00-20:00)
[2025-10-16 06:15:48] INFO: ⏰ 0분 후 재확인...
[2025-10-16 06:15:58] INFO: 
[사이클 339] 모니터링 시간대가 아닙니다 (08:00-20:00)
[2025-10-16 06:15:58] INFO: ⏰ 0분 후 재확인...
[2025-10-16 06:16:08] INFO: 
[사이클 340] 모니터링 시간대가 아닙니다 (08:00-20:00)
[2025-10-16 06:16:08] INFO: ⏰ 0분 후 재확인...
[2025-10-16 06:16:18] INFO: 
[사이클 341] 모니터링 시간대가 아닙니다 (08:00-20:00)
[2025-10-16 06:16:18] INFO: ⏰ 0분 후 재확인...
[2025-10-16 06:16:28] INFO: 
[사이클 342] 모니터링 시간대가 아닙니다 (08:00-20:00)
[2025-10-16 06:16:28] INFO: ⏰ 0분 후 재확인...
[2025-10-16 06:16:38] INFO: 
[사이클 343] 모니터링 시간대가 아닙니다 (08:00-20:00)
[2025-10-16 06:16:38] INFO: ⏰ 0분 후 재확인...
[2025-10-16 06:16:48] INFO: 
[사이클 344] 모니터링 시간대가 아닙니다 (08:00-20:00)
[2025-10-16 06:16:48] INFO: ⏰ 0분 후 재확인...
[2025-10-16 06:16:58] INFO: 
[사이클 345] 모니터링 시간대가 아닙니다 (08:00-20:00)
[2025-10-16 06:16:58] INFO: ⏰ 0분 후 재확인...
[2025-10-16 06:17:08] INFO: 
[사이클 346] 모니터링 시간대가 아닙니다 (08:00-20:00)
[2025-10-16 06:17:08] INFO: ⏰ 0분 후 재확인...
[2025-10-16 06:17:18] INFO: 
[사이클 347] 모니터링 시간대가 아닙니다 (08:00-20:00)
[2025-10-16 06:17:18] INFO: ⏰ 0분 후 재확인...
[2025-10-16 06:17:28] INFO: 
[사이클 348] 모니터링 시간대가 아닙니다 (08:00-20:00)
[2025-10-16 06:17:28] INFO: ⏰ 0분 후 재확인...
[2025-10-16 06:17:38] INFO: 
[사이클 349] 모니터링 시간대가 아닙니다 (08:00-20:00)
[2025-10-16 06:17:38] INFO: ⏰ 0분 후 재확인...
[2025-10-16 06:17:48] INFO: 
[사이클 350] 모니터링 시간대가 아닙니다 (08:00-20:00)
[2025-10-16 06:17:48] INFO: ⏰ 0분 후 재확인...
[2025-10-16 06:17:58] INFO: 
[사이클 351] 모니터링 시간대가 아닙니다 (08:00-20:00)
[2025-10-16 06:17:58] INFO: ⏰ 0분 후 재확인...
[2025-10-16 06:18:08] INFO: 
[사이클 352] 모니터링 시간대가 아닙니다 (08:00-20:00)
[2025-10-16 06:18:08] INFO: ⏰ 0분 후 재확인...
[2025-10-16 06:18:18] INFO: 
[사이클 353] 모니터링 시간대가 아닙니다 (08:00-20:00)
[2025-10-16 06:18:18] INFO: ⏰ 0분 후 재확인...
[2025-10-16 06:18:28] INFO: 
[사이클 354] 모니터링 시간대가 아닙니다 (08:00-20:00)
[2025-10-16 06:18:28] INFO: ⏰ 0분 후 재확인...
[2025-10-16 06:18:38] INFO: 
[사이클 355] 모니터링 시간대가 아닙니다 (08:00-20:00)
[2025-10-16 06:18:38] INFO: ⏰ 0분 후 재확인...
[2025-10-16 06:18:48] INFO: 
[사이클 356] 모니터링 시간대가 아닙니다 (08:00-20:00)
[2025-10-16 06:18:48] INFO: ⏰ 0분 후 재확인...
[2025-10-16 06:18:58] INFO: 
[사이클 357] 모니터링 시간대가 아닙니다 (08:00-20:00)
[2025-10-16 06:18:58] INFO: ⏰ 0분 후 재확인...
[2025-10-16 06:19:08] INFO: 
[사이클 358] 모니터링 시간대가 아닙니다 (08:00-20:00)
[2025-10-16 06:19:08] INFO: ⏰ 0분 후 재확인...
[2025-10-16 06:19:18] INFO: 
[사이클 359] 모니터링 시간대가 아닙니다 (08:00-20:00)
[2025-10-16 06:19:18] INFO: ⏰ 0분 후 재확인...
[2025-10-16 06:19:28] INFO: 
[사이클 360] 모니터링 시간대가 아닙니다 (08:00-20:00)
[2025-10-16 06:19:28] INFO: ⏰ 0분 후 재확인...
[2025-10-16 06:19:38] INFO: 
[사이클 361] 모니터링 시간대가 아닙니다 (08:00-20:00)
[2025-10-16 06:19:38] INFO: ⏰ 0분 후 재확인...
[2025-10-16 06:19:48] INFO: 
[사이클 362] 모니터링 시간대가 아닙니다 (08:00-20:00)
[2025-10-16 06:19:48] INFO: ⏰ 0분 후 재확인...
[2025-10-16 06:19:58] INFO: 
[사이클 363] 모니터링 시간대가 아닙니다 (08:00-20:00)
[2025-10-16 06:19:58] INFO: ⏰ 0분 후 재확인...
[2025-10-16 06:20:08] INFO: 
[사이클 364] 모니터링 시간대가 아닙니다 (08:00-20:00)
[2025-10-16 06:20:08] INFO: ⏰ 0분 후 재확인...
[2025-10-16 06:20:18] INFO: 
[사이클 365] 모니터링 시간대가 아닙니다 (08:00-20:00)
[2025-10-16 06:20:18] INFO: ⏰ 0분 후 재확인...
[2025-10-16 06:20:28] INFO: 
[사이클 366] 모니터링 시간대가 아닙니다 (08:00-20:00)
[2025-10-16 06:20:28] INFO: ⏰ 0분 후 재확인...
[2025-10-16 06:20:38] INFO: 
[사이클 367] 모니터링 시간대가 아닙니다 (08:00-20:00)
[2025-10-16 06:20:38] INFO: ⏰ 0분 후 재확인...
[2025-10-16 06:20:48] INFO: 
[사이클 368] 모니터링 시간대가 아닙니다 (08:00-20:00)
[2025-10-16 06:20:48] INFO: ⏰ 0분 후 재확인...
[2025-10-16 06:20:58] INFO: 
[사이클 369] 모니터링 시간대가 아닙니다 (08:00-20:00)
[2025-10-16 06:20:58] INFO: ⏰ 0분 후 재확인...
[2025-10-16 06:21:08] INFO: 
[사이클 370] 모니터링 시간대가 아닙니다 (08:00-20:00)
[2025-10-16 06:21:08] INFO: ⏰ 0분 후 재확인...
[2025-10-16 06:21:18] INFO: 
[사이클 371] 모니터링 시간대가 아닙니다 (08:00-20:00)
[2025-10-16 06:21:18] INFO: ⏰ 0분 후 재확인...
[2025-10-16 06:21:28] INFO: 
[사이클 372] 모니터링 시간대가 아닙니다 (08:00-20:00)
[2025-10-16 06:21:28] INFO: ⏰ 0분 후 재확인...
[2025-10-16 06:21:38] INFO: 
[사이클 373] 모니터링 시간대가 아닙니다 (08:00-20:00)
[2025-10-16 06:21:38] INFO: ⏰ 0분 후 재확인...
[2025-10-16 06:21:48] INFO: 
[사이클 374] 모니터링 시간대가 아닙니다 (08:00-20:00)
[2025-10-16 06:21:48] INFO: ⏰ 0분 후 재확인...
[2025-10-16 06:21:58] INFO: 
[사이클 375] 모니터링 시간대가 아닙니다 (08:00-20:00)
[2025-10-16 06:21:58] INFO: ⏰ 0분 후 재확인...
[2025-10-16 06:22:08] INFO: 
[사이클 376] 모니터링 시간대가 아닙니다 (08:00-20:00)
[2025-10-16 06:22:08] INFO: ⏰ 0분 후 재확인...
[2025-10-16 06:22:18] INFO: 
[사이클 377] 모니터링 시간대가 아닙니다 (08:00-20:00)
[2025-10-16 06:22:18] INFO: ⏰ 0분 후 재확인...
[2025-10-16 06:22:28] INFO: 
[사이클 378] 모니터링 시간대가 아닙니다 (08:00-20:00)
[2025-10-16 06:22:28] INFO: ⏰ 0분 후 재확인...
[2025-10-16 06:22:38] INFO: 
[사이클 379] 모니터링 시간대가 아닙니다 (08:00-20:00)
[2025-10-16 06:22:38] INFO: ⏰ 0분 후 재확인...
[2025-10-16 06:22:48] INFO: 
[사이클 380] 모니터링 시간대가 아닙니다 (08:00-20:00)
[2025-10-16 06:22:48] INFO: ⏰ 0분 후 재확인...
[2025-10-16 06:22:58] INFO: 
[사이클 381] 모니터링 시간대가 아닙니다 (08:00-20:00)
[2025-10-16 06:22:58] INFO: ⏰ 0분 후 재확인...
[2025-10-16 06:23:08] INFO: 
[사이클 382] 모니터링 시간대가 아닙니다 (08:00-20:00)
[2025-10-16 06:23:08] INFO: ⏰ 0분 후 재확인...
[2025-10-16 06:23:18] INFO: 
[사이클 383] 모니터링 시간대가 아닙니다 (08:00-20:00)
[2025-10-16 06:23:18] INFO: ⏰ 0분 후 재확인...
[2025-10-16 06:23:28] INFO: 
[사이클 384] 모니터링 시간대가 아닙니다 (08:00-20:00)
[2025-10-16 06:23:28] INFO: ⏰ 0분 후 재확인...
[2025-10-16 06:23:38] INFO: 
[사이클 385] 모니터링 시간대가 아닙니다 (08:00-20:00)
[2025-10-16 06:23:38] INFO: ⏰ 0분 후 재확인...
[2025-10-16 06:23:48] INFO: 
[사이클 386] 모니터링 시간대가 아닙니다 (08:00-20:00)
[2025-10-16 06:23:48] INFO: ⏰ 0분 후 재확인...
[2025-10-16 06:23:58] INFO: 
[사이클 387] 모니터링 시간대가 아닙니다 (08:00-20:00)
[2025-10-16 06:23:58] INFO: ⏰ 0분 후 재확인...
[2025-10-16 06:24:01] INFO: ================================================================================
[2025-10-16 06:24:01] INFO: 🔍 실시간 주식 모니터링 시작
[2025-10-16 06:24:01] INFO: ⏰ 모니터링 간격: 60분
[2025-10-16 06:24:01] INFO: 🕐 모니터링 시간: 08:00-20:00
[2025-10-16 06:24:01] INFO: ================================================================================
[2025-10-16 06:24:01] INFO: 
[사이클 1] 모니터링 시간대가 아닙니다 (08:00-20:00)
[2025-10-16 06:24:01] INFO: ⏰ 60분 후 재확인...
[2025-10-16 06:24:08] INFO: 
[사이클 388] 모니터링 시간대가 아닙니다 (08:00-20:00)
[2025-10-16 06:24:08] INFO: ⏰ 0분 후 재확인...
[2025-10-16 06:24:18] INFO: 
[사이클 389] 모니터링 시간대가 아닙니다 (08:00-20:00)
[2025-10-16 06:24:18] INFO: ⏰ 0분 후 재확인...
[2025-10-16 06:24:28] INFO: 
[사이클 390] 모니터링 시간대가 아닙니다 (08:00-20:00)
[2025-10-16 06:24:28] INFO: ⏰ 0분 후 재확인...
[2025-10-16 06:24:38] INFO: 
[사이클 391] 모니터링 시간대가 아닙니다 (08:00-20:00)
[2025-10-16 06:24:38] INFO: ⏰ 0분 후 재확인...
[2025-10-16 06:24:48] INFO: 
[사이클 392] 모니터링 시간대가 아닙니다 (08:00-20:00)
[2025-10-16 06:24:48] INFO: ⏰ 0분 후 재확인...
[2025-10-16 06:24:58] INFO: 
[사이클 393] 모니터링 시간대가 아닙니다 (08:00-20:00)
[2025-10-16 06:24:58] INFO: ⏰ 0분 후 재확인...
[2025-10-16 06:25:08] INFO: 
[사이클 394] 모니터링 시간대가 아닙니다 (08:00-20:00)
[2025-10-16 06:25:08] INFO: ⏰ 0분 후 재확인...
[2025-10-16 06:25:18] INFO: 
[사이클 395] 모니터링 시간대가 아닙니다 (08:00-20:00)
[2025-10-16 06:25:18] INFO: ⏰ 0분 후 재확인...
[2025-10-16 06:25:28] INFO: 
[사이클 396] 모니터링 시간대가 아닙니다 (08:00-20:00)
[2025-10-16 06:25:28] INFO: ⏰ 0분 후 재확인...
[2025-10-16 06:25:38] INFO: 
[사이클 397] 모니터링 시간대가 아닙니다 (08:00-20:00)
[2025-10-16 06:25:38] INFO: ⏰ 0분 후 재확인...
[2025-10-16 06:25:48] INFO: 
[사이클 398] 모니터링 시간대가 아닙니다 (08:00-20:00)
[2025-10-16 06:25:48] INFO: ⏰ 0분 후 재확인...
[2025-10-16 06:25:58] INFO: 
[사이클 399] 모니터링 시간대가 아닙니다 (08:00-20:00)
[2025-10-16 06:25:58] INFO: ⏰ 0분 후 재확인...
[2025-10-16 06:26:08] INFO: 
[사이클 400] 모니터링 시간대가 아닙니다 (08:00-20:00)
[2025-10-16 06:26:08] INFO: ⏰ 0분 후 재확인...
[2025-10-16 06:26:18] INFO: 
[사이클 401] 모니터링 시간대가 아닙니다 (08:00-20:00)
[2025-10-16 06:26:18] INFO: ⏰ 0분 후 재확인...
[2025-10-16 06:26:28] INFO: 
[사이클 402] 모니터링 시간대가 아닙니다 (08:00-20:00)
[2025-10-16 06:26:28] INFO: ⏰ 0분 후 재확인...
[2025-10-16 06:26:38] INFO: 
[사이클 403] 모니터링 시간대가 아닙니다 (08:00-20:00)
[2025-10-16 06:26:38] INFO: ⏰ 0분 후 재확인...
[2025-10-16 06:26:48] INFO: 
[사이클 404] 모니터링 시간대가 아닙니다 (08:00-20:00)
[2025-10-16 06:26:48] INFO: ⏰ 0분 후 재확인...
[2025-10-16 06:26:58] INFO: 
[사이클 405] 모니터링 시간대가 아닙니다 (08:00-20:00)
[2025-10-16 06:26:58] INFO: ⏰ 0분 후 재확인...
[2025-10-16 06:27:08] INFO: 
[사이클 406] 모니터링 시간대가 아닙니다 (08:00-20:00)
[2025-10-16 06:27:08] INFO: ⏰ 0분 후 재확인...
[2025-10-16 06:27:18] INFO: 
[사이클 407] 모니터링 시간대가 아닙니다 (08:00-20:00)
[2025-10-16 06:27:18] INFO: ⏰ 0분 후 재확인...
[2025-10-16 06:27:28] INFO: 
[사이클 408] 모니터링 시간대가 아닙니다 (08:00-20:00)
[2025-10-16 06:27:28] INFO: ⏰ 0분 후 재확인...
[2025-10-16 06:27:38] INFO: 
[사이클 409] 모니터링 시간대가 아닙니다 (08:00-20:00)
[2025-10-16 06:27:38] INFO: ⏰ 0분 후 재확인...
[2025-10-16 06:27:48] INFO: 
[사이클 410] 모니터링 시간대가 아닙니다 (08:00-20:00)
[2025-10-16 06:27:48] INFO: ⏰ 0분 후 재확인...
[2025-10-16 06:27:58] INFO: 
[사이클 411] 모니터링 시간대가 아닙니다 (08:00-20:00)
[2025-10-16 06:27:58] INFO: ⏰ 0분 후 재확인...
[2025-10-16 06:28:08] INFO: 
[사이클 412] 모니터링 시간대가 아닙니다 (08:00-20:00)
[2025-10-16 06:28:08] INFO: ⏰ 0분 후 재확인...
[2025-10-16 06:28:18] INFO: 
[사이클 413] 모니터링 시간대가 아닙니다 (08:00-20:00)
[2025-10-16 06:28:18] INFO: ⏰ 0분 후 재확인...
[2025-10-16 06:28:28] INFO: 
[사이클 414] 모니터링 시간대가 아닙니다 (08:00-20:00)
[2025-10-16 06:28:28] INFO: ⏰ 0분 후 재확인...
[2025-10-16 06:28:38] INFO: 
[사이클 415] 모니터링 시간대가 아닙니다 (08:00-20:00)
[2025-10-16 06:28:38] INFO: ⏰ 0분 후 재확인...
[2025-10-16 06:28:48] INFO: 
[사이클 416] 모니터링 시간대가 아닙니다 (08:00-20:00)
[2025-10-16 06:28:48] INFO: ⏰ 0분 후 재확인...
[2025-10-16 06:28:58] INFO: 
[사이클 417] 모니터링 시간대가 아닙니다 (08:00-20:00)
[2025-10-16 06:28:58] INFO: ⏰ 0분 후 재확인...
[2025-10-16 06:29:08] INFO: 
[사이클 418] 모니터링 시간대가 아닙니다 (08:00-20:00)
[2025-10-16 06:29:08] INFO: ⏰ 0분 후 재확인...
[2025-10-16 06:29:18] INFO: 
[사이클 419] 모니터링 시간대가 아닙니다 (08:00-20:00)
[2025-10-16 06:29:18] INFO: ⏰ 0분 후 재확인...
[2025-10-16 06:29:28] INFO: 
[사이클 420] 모니터링 시간대가 아닙니다 (08:00-20:00)
[2025-10-16 06:29:28] INFO: ⏰ 0분 후 재확인...
[2025-10-16 06:29:38] INFO: 
[사이클 421] 모니터링 시간대가 아닙니다 (08:00-20:00)
[2025-10-16 06:29:38] INFO: ⏰ 0분 후 재확인...
[2025-10-16 06:29:48] INFO: 
[사이클 422] 모니터링 시간대가 아닙니다 (08:00-20:00)
[2025-10-16 06:29:48] INFO: ⏰ 0분 후 재확인...
[2025-10-16 06:29:58] INFO: 
[사이클 423] 모니터링 시간대가 아닙니다 (08:00-20:00)
[2025-10-16 06:29:58] INFO: ⏰ 0분 후 재확인...
[2025-10-16 06:30:08] INFO: 
[사이클 424] 모니터링 시간대가 아닙니다 (08:00-20:00)
[2025-10-16 06:30:08] INFO: ⏰ 0분 후 재확인...
[2025-10-16 06:30:18] INFO: 
[사이클 425] 모니터링 시간대가 아닙니다 (08:00-20:00)
[2025-10-16 06:30:18] INFO: ⏰ 0분 후 재확인...
[2025-10-16 06:30:28] INFO: 
[사이클 426] 모니터링 시간대가 아닙니다 (08:00-20:00)
[2025-10-16 06:30:28] INFO: ⏰ 0분 후 재확인...
[2025-10-16 06:30:38] INFO: 
[사이클 427] 모니터링 시간대가 아닙니다 (08:00-20:00)
[2025-10-16 06:30:38] INFO: ⏰ 0분 후 재확인...
[2025-10-16 06:30:48] INFO: 
[사이클 428] 모니터링 시간대가 아닙니다 (08:00-20:00)
[2025-10-16 06:30:48] INFO: ⏰ 0분 후 재확인...
[2025-10-16 06:30:58] INFO: 
[사이클 429] 모니터링 시간대가 아닙니다 (08:00-20:00)
[2025-10-16 06:30:58] INFO: ⏰ 0분 후 재확인...
[2025-10-16 06:31:08] INFO: 
[사이클 430] 모니터링 시간대가 아닙니다 (08:00-20:00)
[2025-10-16 06:31:08] INFO: ⏰ 0분 후 재확인...
[2025-10-16 06:31:18] INFO: 
[사이클 431] 모니터링 시간대가 아닙니다 (08:00-20:00)
[2025-10-16 06:31:18] INFO: ⏰ 0분 후 재확인...
[2025-10-16 06:31:28] INFO: 
[사이클 432] 모니터링 시간대가 아닙니다 (08:00-20:00)
[2025-10-16 06:31:28] INFO: ⏰ 0분 후 재확인...
[2025-10-16 06:31:38] INFO: 
[사이클 433] 모니터링 시간대가 아닙니다 (08:00-20:00)
[2025-10-16 06:31:38] INFO: ⏰ 0분 후 재확인...
[2025-10-16 06:31:48] INFO: 
[사이클 434] 모니터링 시간대가 아닙니다 (08:00-20:00)
[2025-10-16 06:31:48] INFO: ⏰ 0분 후 재확인...
[2025-10-16 06:31:58] INFO: 
[사이클 435] 모니터링 시간대가 아닙니다 (08:00-20:00)
[2025-10-16 06:31:58] INFO: ⏰ 0분 후 재확인...
[2025-10-16 06:32:08] INFO: 
[사이클 436] 모니터링 시간대가 아닙니다 (08:00-20:00)
[2025-10-16 06:32:08] INFO: ⏰ 0분 후 재확인...
[2025-10-16 06:32:18] INFO: 
[사이클 437] 모니터링 시간대가 아닙니다 (08:00-20:00)
[2025-10-16 06:32:18] INFO: ⏰ 0분 후 재확인...
[2025-10-16 06:32:28] INFO: 
[사이클 438] 모니터링 시간대가 아닙니다 (08:00-20:00)
[2025-10-16 06:32:28] INFO: ⏰ 0분 후 재확인...
[2025-10-16 06:32:38] INFO: 
[사이클 439] 모니터링 시간대가 아닙니다 (08:00-20:00)
[2025-10-16 06:32:38] INFO: ⏰ 0분 후 재확인...
[2025-10-16 06:32:48] INFO: 
[사이클 440] 모니터링 시간대가 아닙니다 (08:00-20:00)
[2025-10-16 06:32:48] INFO: ⏰ 0분 후 재확인...
[2025-10-16 06:32:58] INFO: 
[사이클 441] 모니터링 시간대가 아닙니다 (08:00-20:00)
[2025-10-16 06:32:58] INFO: ⏰ 0분 후 재확인...
[2025-10-16 06:33:08] INFO: 
[사이클 442] 모니터링 시간대가 아닙니다 (08:00-20:00)
[2025-10-16 06:33:08] INFO: ⏰ 0분 후 재확인...
[2025-10-16 06:33:18] INFO: 
[사이클 443] 모니터링 시간대가 아닙니다 (08:00-20:00)
[2025-10-16 06:33:18] INFO: ⏰ 0분 후 재확인...
[2025-10-16 06:33:28] INFO: 
[사이클 444] 모니터링 시간대가 아닙니다 (08:00-20:00)
[2025-10-16 06:33:28] INFO: ⏰ 0분 후 재확인...
[2025-10-16 06:33:38] INFO: 
[사이클 445] 모니터링 시간대가 아닙니다 (08:00-20:00)
[2025-10-16 06:33:38] INFO: ⏰ 0분 후 재확인...
[2025-10-16 06:33:48] INFO: 
[사이클 446] 모니터링 시간대가 아닙니다 (08:00-20:00)
[2025-10-16 06:33:48] INFO: ⏰ 0분 후 재확인...
[2025-10-16 06:33:58] INFO: 
[사이클 447] 모니터링 시간대가 아닙니다 (08:00-20:00)
[2025-10-16 06:33:58] INFO: ⏰ 0분 후 재확인...
[2025-10-16 06:34:08] INFO: 
[사이클 448] 모니터링 시간대가 아닙니다 (08:00-20:00)
[2025-10-16 06:34:08] INFO: ⏰ 0분 후 재확인...
[2025-10-16 06:34:18] INFO: 
[사이클 449] 모니터링 시간대가 아닙니다 (08:00-20:00)
[2025-10-16 06:34:18] INFO: ⏰ 0분 후 재확인...
[2025-10-16 06:34:28] INFO: 
[사이클 450] 모니터링 시간대가 아닙니다 (08:00-20:00)
[2025-10-16 06:34:28] INFO: ⏰ 0분 후 재확인...
[2025-10-16 06:34:38] INFO: 
[사이클 451] 모니터링 시간대가 아닙니다 (08:00-20:00)
[2025-10-16 06:34:38] INFO: ⏰ 0분 후 재확인...
[2025-10-16 06:34:48] INFO: 
[사이클 452] 모니터링 시간대가 아닙니다 (08:00-20:00)
[2025-10-16 06:34:48] INFO: ⏰ 0분 후 재확인...
[2025-10-16 06:34:58] INFO: 
[사이클 453] 모니터링 시간대가 아닙니다 (08:00-20:00)
[2025-10-16 06:34:58] INFO: ⏰ 0분 후 재확인...
[2025-10-16 06:35:08] INFO: 
[사이클 454] 모니터링 시간대가 아닙니다 (08:00-20:00)
[2025-10-16 06:35:08] INFO: ⏰ 0분 후 재확인...
[2025-10-16 06:35:18] INFO: 
[사이클 455] 모니터링 시간대가 아닙니다 (08:00-20:00)
[2025-10-16 06:35:18] INFO: ⏰ 0분 후 재확인...
[2025-10-16 06:35:28] INFO: 
[사이클 456] 모니터링 시간대가 아닙니다 (08:00-20:00)
[2025-10-16 06:35:28] INFO: ⏰ 0분 후 재확인...
[2025-10-16 06:35:38] INFO: 
[사이클 457] 모니터링 시간대가 아닙니다 (08:00-20:00)
[2025-10-16 06:35:38] INFO: ⏰ 0분 후 재확인...
[2025-10-16 06:35:48] INFO: 
[사이클 458] 모니터링 시간대가 아닙니다 (08:00-20:00)
[2025-10-16 06:35:48] INFO: ⏰ 0분 후 재확인...
[2025-10-16 06:35:58] INFO: 
[사이클 459] 모니터링 시간대가 아닙니다 (08:00-20:00)
[2025-10-16 06:35:58] INFO: ⏰ 0분 후 재확인...
[2025-10-16 06:36:08] INFO: 
[사이클 460] 모니터링 시간대가 아닙니다 (08:00-20:00)
[2025-10-16 06:36:08] INFO: ⏰ 0분 후 재확인...
[2025-10-16 06:36:18] INFO: 
[사이클 461] 모니터링 시간대가 아닙니다 (08:00-20:00)
[2025-10-16 06:36:18] INFO: ⏰ 0분 후 재확인...
[2025-10-16 06:36:28] INFO: 
[사이클 462] 모니터링 시간대가 아닙니다 (08:00-20:00)
[2025-10-16 06:36:28] INFO: ⏰ 0분 후 재확인...
[2025-10-16 06:36:38] INFO: 
[사이클 463] 모니터링 시간대가 아닙니다 (08:00-20:00)
[2025-10-16 06:36:38] INFO: ⏰ 0분 후 재확인...
[2025-10-16 06:36:48] INFO: 
[사이클 464] 모니터링 시간대가 아닙니다 (08:00-20:00)
[2025-10-16 06:36:48] INFO: ⏰ 0분 후 재확인...
[2025-10-16 06:36:58] INFO: 
[사이클 465] 모니터링 시간대가 아닙니다 (08:00-20:00)
[2025-10-16 06:36:58] INFO: ⏰ 0분 후 재확인...
[2025-10-16 06:37:08] INFO: 
[사이클 466] 모니터링 시간대가 아닙니다 (08:00-20:00)
[2025-10-16 06:37:08] INFO: ⏰ 0분 후 재확인...
[2025-10-16 06:37:18] INFO: 
[사이클 467] 모니터링 시간대가 아닙니다 (08:00-20:00)
[2025-10-16 06:37:18] INFO: ⏰ 0분 후 재확인...
[2025-10-16 06:37:28] INFO: 
[사이클 468] 모니터링 시간대가 아닙니다 (08:00-20:00)
[2025-10-16 06:37:28] INFO: ⏰ 0분 후 재확인...
[2025-10-16 06:37:38] INFO: 
[사이클 469] 모니터링 시간대가 아닙니다 (08:00-20:00)
[2025-10-16 06:37:38] INFO: ⏰ 0분 후 재확인...
[2025-10-16 06:37:48] INFO: 
[사이클 470] 모니터링 시간대가 아닙니다 (08:00-20:00)
[2025-10-16 06:37:48] INFO: ⏰ 0분 후 재확인...
[2025-10-16 06:37:58] INFO: 
[사이클 471] 모니터링 시간대가 아닙니다 (08:00-20:00)
[2025-10-16 06:37:58] INFO: ⏰ 0분 후 재확인...
[2025-10-16 06:38:08] INFO: 
[사이클 472] 모니터링 시간대가 아닙니다 (08:00-20:00)
[2025-10-16 06:38:08] INFO: ⏰ 0분 후 재확인...
[2025-10-16 06:38:18] INFO: 
[사이클 473] 모니터링 시간대가 아닙니다 (08:00-20:00)
[2025-10-16 06:38:18] INFO: ⏰ 0분 후 재확인...
[2025-10-16 06:38:28] INFO: 
[사이클 474] 모니터링 시간대가 아닙니다 (08:00-20:00)
[2025-10-16 06:38:28] INFO: ⏰ 0분 후 재확인...
[2025-10-16 06:38:38] INFO: 
[사이클 475] 모니터링 시간대가 아닙니다 (08:00-20:00)
[2025-10-16 06:38:38] INFO: ⏰ 0분 후 재확인...
[2025-10-16 06:38:48] INFO: 
[사이클 476] 모니터링 시간대가 아닙니다 (08:00-20:00)
[2025-10-16 06:38:48] INFO: ⏰ 0분 후 재확인...
[2025-10-16 06:38:58] INFO: 
[사이클 477] 모니터링 시간대가 아닙니다 (08:00-20:00)
[2025-10-16 06:38:58] INFO: ⏰ 0분 후 재확인...
[2025-10-16 06:39:08] INFO: 
[사이클 478] 모니터링 시간대가 아닙니다 (08:00-20:00)
[2025-10-16 06:39:08] INFO: ⏰ 0분 후 재확인...
[2025-10-16 06:39:18] INFO: 
[사이클 479] 모니터링 시간대가 아닙니다 (08:00-20:00)
[2025-10-16 06:39:18] INFO: ⏰ 0분 후 재확인...
[2025-10-16 06:39:28] INFO: 
[사이클 480] 모니터링 시간대가 아닙니다 (08:00-20:00)
[2025-10-16 06:39:28] INFO: ⏰ 0분 후 재확인...
[2025-10-16 06:39:38] INFO: 
[사이클 481] 모니터링 시간대가 아닙니다 (08:00-20:00)
[2025-10-16 06:39:38] INFO: ⏰ 0분 후 재확인...
[2025-10-16 06:39:48] INFO: 
[사이클 482] 모니터링 시간대가 아닙니다 (08:00-20:00)
[2025-10-16 06:39:48] INFO: ⏰ 0분 후 재확인...
[2025-10-16 06:39:58] INFO: 
[사이클 483] 모니터링 시간대가 아닙니다 (08:00-20:00)
[2025-10-16 06:39:58] INFO: ⏰ 0분 후 재확인...
[2025-10-16 06:40:08] INFO: 
[사이클 484] 모니터링 시간대가 아닙니다 (08:00-20:00)
[2025-10-16 06:40:08] INFO: ⏰ 0분 후 재확인...
[2025-10-16 06:40:18] INFO: 
[사이클 485] 모니터링 시간대가 아닙니다 (08:00-20:00)
[2025-10-16 06:40:18] INFO: ⏰ 0분 후 재확인...
[2025-10-16 06:40:28] INFO: 
[사이클 486] 모니터링 시간대가 아닙니다 (08:00-20:00)
[2025-10-16 06:40:28] INFO: ⏰ 0분 후 재확인...
[2025-10-16 06:40:38] INFO: 
[사이클 487] 모니터링 시간대가 아닙니다 (08:00-20:00)
[2025-10-16 06:40:38] INFO: ⏰ 0분 후 재확인...
[2025-10-16 06:40:48] INFO: 
[사이클 488] 모니터링 시간대가 아닙니다 (08:00-20:00)
[2025-10-16 06:40:48] INFO: ⏰ 0분 후 재확인...
[2025-10-16 06:40:58] INFO: 
[사이클 489] 모니터링 시간대가 아닙니다 (08:00-20:00)
[2025-10-16 06:40:58] INFO: ⏰ 0분 후 재확인...
[2025-10-16 06:41:08] INFO: 
[사이클 490] 모니터링 시간대가 아닙니다 (08:00-20:00)
[2025-10-16 06:41:08] INFO: ⏰ 0분 후 재확인...
[2025-10-16 06:41:18] INFO: 
[사이클 491] 모니터링 시간대가 아닙니다 (08:00-20:00)
[2025-10-16 06:41:18] INFO: ⏰ 0분 후 재확인...
[2025-10-16 06:41:28] INFO: 
[사이클 492] 모니터링 시간대가 아닙니다 (08:00-20:00)
[2025-10-16 06:41:28] INFO: ⏰ 0분 후 재확인...
[2025-10-16 06:41:38] INFO: 
[사이클 493] 모니터링 시간대가 아닙니다 (08:00-20:00)
[2025-10-16 06:41:38] INFO: ⏰ 0분 후 재확인...
[2025-10-16 06:41:48] INFO: 
[사이클 494] 모니터링 시간대가 아닙니다 (08:00-20:00)
[2025-10-16 06:41:48] INFO: ⏰ 0분 후 재확인...
[2025-10-16 06:41:55] INFO: ================================================================================
[2025-10-16 06:41:55] INFO: 🔍 실시간 주식 모니터링 시작 (개선된 버전)
[2025-10-16 06:41:55] INFO: ⏰ 기본 모니터링 간격: 60초 (1분)
[2025-10-16 06:41:55] INFO: 📊 동적 간격: 1% 이내(1분), 3% 이내(3분), 10% 이내(10분)
[2025-10-16 06:41:55] INFO: 🎯 저가 기준 터치 감지 활성화
[2025-10-16 06:41:55] INFO: 🕐 모니터링 시간: 08:00-20:00
[2025-10-16 06:41:55] INFO: ================================================================================
[2025-10-16 06:41:55] INFO: 
[사이클 1] 모니터링 시간대가 아닙니다 (08:00-20:00)
[2025-10-16 06:41:55] INFO: ⏰ 60초 후 재확인...
[2025-10-16 06:42:55] INFO: 
[사이클 2] 모니터링 시간대가 아닙니다 (08:00-20:00)
[2025-10-16 06:42:55] INFO: ⏰ 60초 후 재확인...
[2025-10-16 06:43:55] INFO: 
[사이클 3] 모니터링 시간대가 아닙니다 (08:00-20:00)
[2025-10-16 06:43:55] INFO: ⏰ 60초 후 재확인...
[2025-10-16 06:44:55] INFO: 
[사이클 4] 모니터링 시간대가 아닙니다 (08:00-20:00)
[2025-10-16 06:44:55] INFO: ⏰ 60초 후 재확인...
[2025-10-16 06:45:55] INFO: 
[사이클 5] 모니터링 시간대가 아닙니다 (08:00-20:00)
[2025-10-16 06:45:55] INFO: ⏰ 60초 후 재확인...
[2025-10-16 06:46:55] INFO: 
[사이클 6] 모니터링 시간대가 아닙니다 (08:00-20:00)
[2025-10-16 06:46:55] INFO: ⏰ 60초 후 재확인...
[2025-10-16 06:47:55] INFO: 
[사이클 7] 모니터링 시간대가 아닙니다 (08:00-20:00)
[2025-10-16 06:47:55] INFO: ⏰ 60초 후 재확인...
[2025-10-16 06:48:55] INFO: 
[사이클 8] 모니터링 시간대가 아닙니다 (08:00-20:00)
[2025-10-16 06:48:55] INFO: ⏰ 60초 후 재확인...
[2025-10-16 06:49:55] INFO: 
[사이클 9] 모니터링 시간대가 아닙니다 (08:00-20:00)
[2025-10-16 06:49:55] INFO: ⏰ 60초 후 재확인...
[2025-10-16 06:50:55] INFO: 
[사이클 10] 모니터링 시간대가 아닙니다 (08:00-20:00)
[2025-10-16 06:50:55] INFO: ⏰ 60초 후 재확인...
[2025-10-16 06:51:55] INFO: 
[사이클 11] 모니터링 시간대가 아닙니다 (08:00-20:00)
[2025-10-16 06:51:55] INFO: ⏰ 60초 후 재확인...
[2025-10-16 06:52:55] INFO: 
[사이클 12] 모니터링 시간대가 아닙니다 (08:00-20:00)
[2025-10-16 06:52:55] INFO: ⏰ 60초 후 재확인...
[2025-10-16 06:53:55] INFO: 
[사이클 13] 모니터링 시간대가 아닙니다 (08:00-20:00)
[2025-10-16 06:53:55] INFO: ⏰ 60초 후 재확인...
[2025-10-16 06:54:55] INFO: 
[사이클 14] 모니터링 시간대가 아닙니다 (08:00-20:00)
[2025-10-16 06:54:55] INFO: ⏰ 60초 후 재확인...
[2025-10-16 06:55:55] INFO: 
[사이클 15] 모니터링 시간대가 아닙니다 (08:00-20:00)
[2025-10-16 06:55:55] INFO: ⏰ 60초 후 재확인...
[2025-10-16 06:56:55] INFO: 
[사이클 16] 모니터링 시간대가 아닙니다 (08:00-20:00)
[2025-10-16 06:56:55] INFO: ⏰ 60초 후 재확인...
[2025-10-16 06:57:55] INFO: 
[사이클 17] 모니터링 시간대가 아닙니다 (08:00-20:00)
[2025-10-16 06:57:55] INFO: ⏰ 60초 후 재확인...
[2025-10-16 06:58:55] INFO: 
[사이클 18] 모니터링 시간대가 아닙니다 (08:00-20:00)
[2025-10-16 06:58:55] INFO: ⏰ 60초 후 재확인...
[2025-10-16 06:59:55] INFO: 
[사이클 19] 모니터링 시간대가 아닙니다 (08:00-20:00)
[2025-10-16 06:59:55] INFO: ⏰ 60초 후 재확인...
[2025-10-16 07:00:55] INFO: 
[사이클 20] 모니터링 시간대가 아닙니다 (08:00-20:00)
[2025-10-16 07:00:55] INFO: ⏰ 60초 후 재확인...
[2025-10-16 07:01:55] INFO: 
[사이클 21] 모니터링 시간대가 아닙니다 (08:00-20:00)
[2025-10-16 07:01:55] INFO: ⏰ 60초 후 재확인...
[2025-10-16 07:02:55] INFO: 
[사이클 22] 모니터링 시간대가 아닙니다 (08:00-20:00)
[2025-10-16 07:02:55] INFO: ⏰ 60초 후 재확인...
[2025-10-16 07:03:55] INFO: 
[사이클 23] 모니터링 시간대가 아닙니다 (08:00-20:00)
[2025-10-16 07:03:55] INFO: ⏰ 60초 후 재확인...
[2025-10-16 07:04:55] INFO: 
[사이클 24] 모니터링 시간대가 아닙니다 (08:00-20:00)
[2025-10-16 07:04:55] INFO: ⏰ 60초 후 재확인...
[2025-10-16 07:05:55] INFO: 
[사이클 25] 모니터링 시간대가 아닙니다 (08:00-20:00)
[2025-10-16 07:05:55] INFO: ⏰ 60초 후 재확인...
[2025-10-16 07:06:55] INFO: 
[사이클 26] 모니터링 시간대가 아닙니다 (08:00-20:00)
[2025-10-16 07:06:55] INFO: ⏰ 60초 후 재확인...
[2025-10-16 07:07:55] INFO: 
[사이클 27] 모니터링 시간대가 아닙니다 (08:00-20:00)
[2025-10-16 07:07:55] INFO: ⏰ 60초 후 재확인...
[2025-10-16 07:08:55] INFO: 
[사이클 28] 모니터링 시간대가 아닙니다 (08:00-20:00)
[2025-10-16 07:08:55] INFO: ⏰ 60초 후 재확인...
[2025-10-16 07:09:55] INFO: 
[사이클 29] 모니터링 시간대가 아닙니다 (08:00-20:00)
[2025-10-16 07:09:55] INFO: ⏰ 60초 후 재확인...
[2025-10-16 07:10:55] INFO: 
[사이클 30] 모니터링 시간대가 아닙니다 (08:00-20:00)
[2025-10-16 07:10:55] INFO: ⏰ 60초 후 재확인...
[2025-10-16 07:11:55] INFO: 
[사이클 31] 모니터링 시간대가 아닙니다 (08:00-20:00)
[2025-10-16 07:11:55] INFO: ⏰ 60초 후 재확인...
[2025-10-16 07:12:55] INFO: 
[사이클 32] 모니터링 시간대가 아닙니다 (08:00-20:00)
[2025-10-16 07:12:55] INFO: ⏰ 60초 후 재확인...
[2025-10-16 07:13:55] INFO: 
[사이클 33] 모니터링 시간대가 아닙니다 (08:00-20:00)
[2025-10-16 07:13:55] INFO: ⏰ 60초 후 재확인...
[2025-10-16 07:14:55] INFO: 
[사이클 34] 모니터링 시간대가 아닙니다 (08:00-20:00)
[2025-10-16 07:14:55] INFO: ⏰ 60초 후 재확인...
[2025-10-16 07:15:55] INFO: 
[사이클 35] 모니터링 시간대가 아닙니다 (08:00-20:00)
[2025-10-16 07:15:55] INFO: ⏰ 60초 후 재확인...
[2025-10-16 07:16:55] INFO: 
[사이클 36] 모니터링 시간대가 아닙니다 (08:00-20:00)
[2025-10-16 07:16:55] INFO: ⏰ 60초 후 재확인...
[2025-10-16 07:17:55] INFO: 
[사이클 37] 모니터링 시간대가 아닙니다 (08:00-20:00)
[2025-10-16 07:17:55] INFO: ⏰ 60초 후 재확인...
[2025-10-16 07:18:55] INFO: 
[사이클 38] 모니터링 시간대가 아닙니다 (08:00-20:00)
[2025-10-16 07:18:55] INFO: ⏰ 60초 후 재확인...
[2025-10-16 07:19:55] INFO: 
[사이클 39] 모니터링 시간대가 아닙니다 (08:00-20:00)
[2025-10-16 07:19:55] INFO: ⏰ 60초 후 재확인...
[2025-10-16 07:20:55] INFO: 
[사이클 40] 모니터링 시간대가 아닙니다 (08:00-20:00)
[2025-10-16 07:20:55] INFO: ⏰ 60초 후 재확인...
[2025-10-16 07:21:55] INFO: 
[사이클 41] 모니터링 시간대가 아닙니다 (08:00-20:00)
[2025-10-16 07:21:55] INFO: ⏰ 60초 후 재확인...
[2025-10-16 07:22:55] INFO: 
[사이클 42] 모니터링 시간대가 아닙니다 (08:00-20:00)
[2025-10-16 07:22:55] INFO: ⏰ 60초 후 재확인...
[2025-10-16 07:23:55] INFO: 
[사이클 43] 모니터링 시간대가 아닙니다 (08:00-20:00)
[2025-10-16 07:23:55] INFO: ⏰ 60초 후 재확인...
[2025-10-16 07:24:55] INFO: 
[사이클 44] 모니터링 시간대가 아닙니다 (08:00-20:00)
[2025-10-16 07:24:55] INFO: ⏰ 60초 후 재확인...
[2025-10-16 07:25:55] INFO: 
[사이클 45] 모니터링 시간대가 아닙니다 (08:00-20:00)
[2025-10-16 07:25:55] INFO: ⏰ 60초 후 재확인...
[2025-10-16 07:26:55] INFO: 
[사이클 46] 모니터링 시간대가 아닙니다 (08:00-20:00)
[2025-10-16 07:26:55] INFO: ⏰ 60초 후 재확인...
[2025-10-16 07:27:55] INFO: 
[사이클 47] 모니터링 시간대가 아닙니다 (08:00-20:00)
[2025-10-16 07:27:55] INFO: ⏰ 60초 후 재확인...
[2025-10-16 07:28:55] INFO: 
[사이클 48] 모니터링 시간대가 아닙니다 (08:00-20:00)
[2025-10-16 07:28:55] INFO: ⏰ 60초 후 재확인...
[2025-10-16 07:29:55] INFO: 
[사이클 49] 모니터링 시간대가 아닙니다 (08:00-20:00)
[2025-10-16 07:29:55] INFO: ⏰ 60초 후 재확인...
[2025-10-16 07:30:55] INFO: 
[사이클 50] 모니터링 시간대가 아닙니다 (08:00-20:00)
[2025-10-16 07:30:55] INFO: ⏰ 60초 후 재확인...
[2025-10-16 07:31:55] INFO: 
[사이클 51] 모니터링 시간대가 아닙니다 (08:00-20:00)
[2025-10-16 07:31:55] INFO: ⏰ 60초 후 재확인...
[2025-10-16 07:32:55] INFO: 
[사이클 52] 모니터링 시간대가 아닙니다 (08:00-20:00)
[2025-10-16 07:32:55] INFO: ⏰ 60초 후 재확인...
[2025-10-16 07:33:55] INFO: 
[사이클 53] 모니터링 시간대가 아닙니다 (08:00-20:00)
[2025-10-16 07:33:55] INFO: ⏰ 60초 후 재확인...
[2025-10-16 07:34:55] INFO: 
[사이클 54] 모니터링 시간대가 아닙니다 (08:00-20:00)
[2025-10-16 07:34:55] INFO: ⏰ 60초 후 재확인...
[2025-10-16 07:35:55] INFO: 
[사이클 55] 모니터링 시간대가 아닙니다 (08:00-20:00)
[2025-10-16 07:35:55] INFO: ⏰ 60초 후 재확인...
[2025-10-16 07:36:55] INFO: 
[사이클 56] 모니터링 시간대가 아닙니다 (08:00-20:00)
[2025-10-16 07:36:55] INFO: ⏰ 60초 후 재확인...
[2025-10-16 07:37:55] INFO: 
[사이클 57] 모니터링 시간대가 아닙니다 (08:00-20:00)
[2025-10-16 07:37:55] INFO: ⏰ 60초 후 재확인...
[2025-10-16 07:38:55] INFO: 
[사이클 58] 모니터링 시간대가 아닙니다 (08:00-20:00)
[2025-10-16 07:38:55] INFO: ⏰ 60초 후 재확인...
[2025-10-16 07:39:55] INFO: 
[사이클 59] 모니터링 시간대가 아닙니다 (08:00-20:00)
[2025-10-16 07:39:55] INFO: ⏰ 60초 후 재확인...
[2025-10-16 07:40:55] INFO: 
[사이클 60] 모니터링 시간대가 아닙니다 (08:00-20:00)
[2025-10-16 07:40:55] INFO: ⏰ 60초 후 재확인...
[2025-10-16 07:41:55] INFO: 
[사이클 61] 모니터링 시간대가 아닙니다 (08:00-20:00)
[2025-10-16 07:41:55] INFO: ⏰ 60초 후 재확인...
[2025-10-16 07:42:55] INFO: 
[사이클 62] 모니터링 시간대가 아닙니다 (08:00-20:00)
[2025-10-16 07:42:55] INFO: ⏰ 60초 후 재확인...
[2025-10-16 07:43:55] INFO: 
[사이클 63] 모니터링 시간대가 아닙니다 (08:00-20:00)
[2025-10-16 07:43:55] INFO: ⏰ 60초 후 재확인...
[2025-10-16 07:44:55] INFO: 
[사이클 64] 모니터링 시간대가 아닙니다 (08:00-20:00)
[2025-10-16 07:44:55] INFO: ⏰ 60초 후 재확인...
[2025-10-16 07:45:55] INFO: 
[사이클 65] 모니터링 시간대가 아닙니다 (08:00-20:00)
[2025-10-16 07:45:55] INFO: ⏰ 60초 후 재확인...
[2025-10-16 07:46:55] INFO: 
[사이클 66] 모니터링 시간대가 아닙니다 (08:00-20:00)
[2025-10-16 07:46:55] INFO: ⏰ 60초 후 재확인...
[2025-10-16 07:47:55] INFO: 
[사이클 67] 모니터링 시간대가 아닙니다 (08:00-20:00)
[2025-10-16 07:47:55] INFO: ⏰ 60초 후 재확인...
[2025-10-16 07:48:55] INFO: 
[사이클 68] 모니터링 시간대가 아닙니다 (08:00-20:00)
[2025-10-16 07:48:55] INFO: ⏰ 60초 후 재확인...
[2025-10-16 07:49:55] INFO: 
[사이클 69] 모니터링 시간대가 아닙니다 (08:00-20:00)
[2025-10-16 07:49:55] INFO: ⏰ 60초 후 재확인...
[2025-10-16 07:50:55] INFO: 
[사이클 70] 모니터링 시간대가 아닙니다 (08:00-20:00)
[2025-10-16 07:50:55] INFO: ⏰ 60초 후 재확인...
[2025-10-16 07:51:55] INFO: 
[사이클 71] 모니터링 시간대가 아닙니다 (08:00-20:00)
[2025-10-16 07:51:55] INFO: ⏰ 60초 후 재확인...
[2025-10-16 07:52:55] INFO: 
[사이클 72] 모니터링 시간대가 아닙니다 (08:00-20:00)
[2025-10-16 07:52:55] INFO: ⏰ 60초 후 재확인...
[2025-10-16 07:53:55] INFO: 
[사이클 73] 모니터링 시간대가 아닙니다 (08:00-20:00)
[2025-10-16 07:53:55] INFO: ⏰ 60초 후 재확인...
[2025-10-16 07:54:55] INFO: 
[사이클 74] 모니터링 시간대가 아닙니다 (08:00-20:00)
[2025-10-16 07:54:55] INFO: ⏰ 60초 후 재확인...
[2025-10-16 07:55:55] INFO: 
[사이클 75] 모니터링 시간대가 아닙니다 (08:00-20:00)
[2025-10-16 07:55:55] INFO: ⏰ 60초 후 재확인...
[2025-10-16 07:56:55] INFO: 
[사이클 76] 모니터링 시간대가 아닙니다 (08:00-20:00)
[2025-10-16 07:56:55] INFO: ⏰ 60초 후 재확인...
[2025-10-16 07:57:55] INFO: 
[사이클 77] 모니터링 시간대가 아닙니다 (08:00-20:00)
[2025-10-16 07:57:55] INFO: ⏰ 60초 후 재확인...
[2025-10-16 07:58:55] INFO: 
[사이클 78] 모니터링 시간대가 아닙니다 (08:00-20:00)
[2025-10-16 07:58:55] INFO: ⏰ 60초 후 재확인...
[2025-10-16 07:59:55] INFO: 
[사이클 79] 모니터링 시간대가 아닙니다 (08:00-20:00)
[2025-10-16 07:59:55] INFO: ⏰ 60초 후 재확인...
[2025-10-16 08:00:55] INFO: 
================================================================================
[2025-10-16 08:00:55] INFO: [사이클 80] 2025-10-16 08:00:55
[2025-10-16 08:00:55] INFO: ================================================================================
[2025-10-16 08:00:55] INFO: ✓ 접근 토큰 발급 성공
[2025-10-16 08:00:55] WARNING: ⚠ trading_signals.xlsx 파일이 없습니다.
[2025-10-16 08:00:55] INFO: ℹ 모니터링 대상 종목이 없습니다.
[2025-10-16 08:00:55] INFO: 
⏰ 60초 후 다음 사이클 실행...
[2025-10-16 08:00:55] INFO:    종료하려면 Ctrl+C를 누르세요.
[2025-10-16 08:01:55] INFO: 
================================================================================
[2025-10-16 08:01:55] INFO: [사이클 81] 2025-10-16 08:01:55
[2025-10-16 08:01:55] INFO: ================================================================================
[2025-10-16 08:01:55] WARNING: ⚠ trading_signals.xlsx 파일이 없습니다.
[2025-10-16 08:01:55] INFO: ℹ 모니터링 대상 종목이 없습니다.
[2025-10-16 08:01:55] INFO: 
⏰ 60초 후 다음 사이클 실행...
[2025-10-16 08:01:55] INFO:    종료하려면 Ctrl+C를 누르세요.
[2025-10-16 08:02:55] INFO: 
================================================================================
[2025-10-16 08:02:55] INFO: [사이클 82] 2025-10-16 08:02:55
[2025-10-16 08:02:55] INFO: ================================================================================
[2025-10-16 08:02:55] WARNING: ⚠ trading_signals.xlsx 파일이 없습니다.
[2025-10-16 08:02:55] INFO: ℹ 모니터링 대상 종목이 없습니다.
[2025-10-16 08:02:55] INFO: 
⏰ 60초 후 다음 사이클 실행...
[2025-10-16 08:02:55] INFO:    종료하려면 Ctrl+C를 누르세요.
[2025-10-16 08:03:55] INFO: 
================================================================================
[2025-10-16 08:03:55] INFO: [사이클 83] 2025-10-16 08:03:55
[2025-10-16 08:03:55] INFO: ================================================================================
[2025-10-16 08:03:55] WARNING: ⚠ trading_signals.xlsx 파일이 없습니다.
[2025-10-16 08:03:55] INFO: ℹ 모니터링 대상 종목이 없습니다.
[2025-10-16 08:03:55] INFO: 
⏰ 60초 후 다음 사이클 실행...
[2025-10-16 08:03:55] INFO:    종료하려면 Ctrl+C를 누르세요.
[2025-10-16 08:04:55] INFO: 
================================================================================
[2025-10-16 08:04:55] INFO: [사이클 84] 2025-10-16 08:04:55
[2025-10-16 08:04:55] INFO: ================================================================================
[2025-10-16 08:04:55] WARNING: ⚠ trading_signals.xlsx 파일이 없습니다.
[2025-10-16 08:04:55] INFO: ℹ 모니터링 대상 종목이 없습니다.
[2025-10-16 08:04:55] INFO: 
⏰ 60초 후 다음 사이클 실행...
[2025-10-16 08:04:55] INFO:    종료하려면 Ctrl+C를 누르세요.
[2025-10-16 08:05:55] INFO: 
================================================================================
[2025-10-16 08:05:55] INFO: [사이클 85] 2025-10-16 08:05:55
[2025-10-16 08:05:55] INFO: ================================================================================
[2025-10-16 08:05:55] WARNING: ⚠ trading_signals.xlsx 파일이 없습니다.
[2025-10-16 08:05:55] INFO: ℹ 모니터링 대상 종목이 없습니다.
[2025-10-16 08:05:55] INFO: 
⏰ 60초 후 다음 사이클 실행...
[2025-10-16 08:05:55] INFO:    종료하려면 Ctrl+C를 누르세요.
[2025-10-16 08:06:55] INFO: 
================================================================================
[2025-10-16 08:06:55] INFO: [사이클 86] 2025-10-16 08:06:55
[2025-10-16 08:06:55] INFO: ================================================================================
[2025-10-16 08:06:55] WARNING: ⚠ trading_signals.xlsx 파일이 없습니다.
[2025-10-16 08:06:55] INFO: ℹ 모니터링 대상 종목이 없습니다.
[2025-10-16 08:06:55] INFO: 
⏰ 60초 후 다음 사이클 실행...
[2025-10-16 08:06:55] INFO:    종료하려면 Ctrl+C를 누르세요.
[2025-10-16 08:07:55] INFO: 
================================================================================
[2025-10-16 08:07:55] INFO: [사이클 87] 2025-10-16 08:07:55
[2025-10-16 08:07:55] INFO: ================================================================================
[2025-10-16 08:07:55] WARNING: ⚠ trading_signals.xlsx 파일이 없습니다.
[2025-10-16 08:07:55] INFO: ℹ 모니터링 대상 종목이 없습니다.
[2025-10-16 08:07:55] INFO: 
⏰ 60초 후 다음 사이클 실행...
[2025-10-16 08:07:55] INFO:    종료하려면 Ctrl+C를 누르세요.
[2025-10-16 08:08:55] INFO: 
================================================================================
[2025-10-16 08:08:55] INFO: [사이클 88] 2025-10-16 08:08:55
[2025-10-16 08:08:55] INFO: ================================================================================
[2025-10-16 08:08:55] WARNING: ⚠ trading_signals.xlsx 파일이 없습니다.
[2025-10-16 08:08:55] INFO: ℹ 모니터링 대상 종목이 없습니다.
[2025-10-16 08:08:55] INFO: 
⏰ 60초 후 다음 사이클 실행...
[2025-10-16 08:08:55] INFO:    종료하려면 Ctrl+C를 누르세요.
[2025-10-16 08:09:55] INFO: 
================================================================================
[2025-10-16 08:09:55] INFO: [사이클 89] 2025-10-16 08:09:55
[2025-10-16 08:09:55] INFO: ================================================================================
[2025-10-16 08:09:55] WARNING: ⚠ trading_signals.xlsx 파일이 없습니다.
[2025-10-16 08:09:55] INFO: ℹ 모니터링 대상 종목이 없습니다.
[2025-10-16 08:09:55] INFO: 
⏰ 60초 후 다음 사이클 실행...
[2025-10-16 08:09:55] INFO:    종료하려면 Ctrl+C를 누르세요.
[2025-10-16 08:10:55] INFO: 
================================================================================
[2025-10-16 08:10:55] INFO: [사이클 90] 2025-10-16 08:10:55
[2025-10-16 08:10:55] INFO: ================================================================================
[2025-10-16 08:10:55] WARNING: ⚠ trading_signals.xlsx 파일이 없습니다.
[2025-10-16 08:10:55] INFO: ℹ 모니터링 대상 종목이 없습니다.
[2025-10-16 08:10:55] INFO: 
⏰ 60초 후 다음 사이클 실행...
[2025-10-16 08:10:55] INFO:    종료하려면 Ctrl+C를 누르세요.
[2025-10-16 08:11:55] INFO: 
================================================================================
[2025-10-16 08:11:55] INFO: [사이클 91] 2025-10-16 08:11:55
[2025-10-16 08:11:55] INFO: ================================================================================
[2025-10-16 08:11:55] WARNING: ⚠ trading_signals.xlsx 파일이 없습니다.
[2025-10-16 08:11:55] INFO: ℹ 모니터링 대상 종목이 없습니다.
[2025-10-16 08:11:55] INFO: 
⏰ 60초 후 다음 사이클 실행...
[2025-10-16 08:11:55] INFO:    종료하려면 Ctrl+C를 누르세요.
[2025-10-16 08:12:55] INFO: 
================================================================================
[2025-10-16 08:12:55] INFO: [사이클 92] 2025-10-16 08:12:55
[2025-10-16 08:12:55] INFO: ================================================================================
[2025-10-16 08:12:55] WARNING: ⚠ trading_signals.xlsx 파일이 없습니다.
[2025-10-16 08:12:55] INFO: ℹ 모니터링 대상 종목이 없습니다.
[2025-10-16 08:12:55] INFO: 
⏰ 60초 후 다음 사이클 실행...
[2025-10-16 08:12:55] INFO:    종료하려면 Ctrl+C를 누르세요.
[2025-10-16 08:13:55] INFO: 
================================================================================
[2025-10-16 08:13:55] INFO: [사이클 93] 2025-10-16 08:13:55
[2025-10-16 08:13:55] INFO: ================================================================================
[2025-10-16 08:13:55] WARNING: ⚠ trading_signals.xlsx 파일이 없습니다.
[2025-10-16 08:13:55] INFO: ℹ 모니터링 대상 종목이 없습니다.
[2025-10-16 08:13:55] INFO: 
⏰ 60초 후 다음 사이클 실행...
[2025-10-16 08:13:55] INFO:    종료하려면 Ctrl+C를 누르세요.
[2025-10-16 08:14:55] INFO: 
================================================================================
[2025-10-16 08:14:55] INFO: [사이클 94] 2025-10-16 08:14:55
[2025-10-16 08:14:55] INFO: ================================================================================
[2025-10-16 08:14:55] WARNING: ⚠ trading_signals.xlsx 파일이 없습니다.
[2025-10-16 08:14:55] INFO: ℹ 모니터링 대상 종목이 없습니다.
[2025-10-16 08:14:55] INFO: 
⏰ 60초 후 다음 사이클 실행...
[2025-10-16 08:14:55] INFO:    종료하려면 Ctrl+C를 누르세요.
[2025-10-16 08:15:55] INFO: 
================================================================================
[2025-10-16 08:15:55] INFO: [사이클 95] 2025-10-16 08:15:55
[2025-10-16 08:15:55] INFO: ================================================================================
[2025-10-16 08:15:55] WARNING: ⚠ trading_signals.xlsx 파일이 없습니다.
[2025-10-16 08:15:55] INFO: ℹ 모니터링 대상 종목이 없습니다.
[2025-10-16 08:15:55] INFO: 
⏰ 60초 후 다음 사이클 실행...
[2025-10-16 08:15:55] INFO:    종료하려면 Ctrl+C를 누르세요.
[2025-10-16 08:16:55] INFO: 
================================================================================
[2025-10-16 08:16:55] INFO: [사이클 96] 2025-10-16 08:16:55
[2025-10-16 08:16:55] INFO: ================================================================================
[2025-10-16 08:16:55] WARNING: ⚠ trading_signals.xlsx 파일이 없습니다.
[2025-10-16 08:16:55] INFO: ℹ 모니터링 대상 종목이 없습니다.
[2025-10-16 08:16:55] INFO: 
⏰ 60초 후 다음 사이클 실행...
[2025-10-16 08:16:55] INFO:    종료하려면 Ctrl+C를 누르세요.
[2025-10-16 08:17:55] INFO: 
================================================================================
[2025-10-16 08:17:55] INFO: [사이클 97] 2025-10-16 08:17:55
[2025-10-16 08:17:55] INFO: ================================================================================
[2025-10-16 08:17:55] WARNING: ⚠ trading_signals.xlsx 파일이 없습니다.
[2025-10-16 08:17:55] INFO: ℹ 모니터링 대상 종목이 없습니다.
[2025-10-16 08:17:55] INFO: 
⏰ 60초 후 다음 사이클 실행...
[2025-10-16 08:17:55] INFO:    종료하려면 Ctrl+C를 누르세요.
[2025-10-16 08:18:55] INFO: 
================================================================================
[2025-10-16 08:18:55] INFO: [사이클 98] 2025-10-16 08:18:55
[2025-10-16 08:18:55] INFO: ================================================================================
[2025-10-16 08:18:55] WARNING: ⚠ trading_signals.xlsx 파일이 없습니다.
[2025-10-16 08:18:55] INFO: ℹ 모니터링 대상 종목이 없습니다.
[2025-10-16 08:18:55] INFO: 
⏰ 60초 후 다음 사이클 실행...
[2025-10-16 08:18:55] INFO:    종료하려면 Ctrl+C를 누르세요.
[2025-10-16 08:19:55] INFO: 
================================================================================
[2025-10-16 08:19:55] INFO: [사이클 99] 2025-10-16 08:19:55
[2025-10-16 08:19:55] INFO: ================================================================================
[2025-10-16 08:19:55] WARNING: ⚠ trading_signals.xlsx 파일이 없습니다.
[2025-10-16 08:19:55] INFO: ℹ 모니터링 대상 종목이 없습니다.
[2025-10-16 08:19:55] INFO: 
⏰ 60초 후 다음 사이클 실행...
[2025-10-16 08:19:55] INFO:    종료하려면 Ctrl+C를 누르세요.
[2025-10-16 08:20:55] INFO: 
================================================================================
[2025-10-16 08:20:55] INFO: [사이클 100] 2025-10-16 08:20:55
[2025-10-16 08:20:55] INFO: ================================================================================
[2025-10-16 08:20:55] WARNING: ⚠ trading_signals.xlsx 파일이 없습니다.
[2025-10-16 08:20:55] INFO: ℹ 모니터링 대상 종목이 없습니다.
[2025-10-16 08:20:55] INFO: 
⏰ 60초 후 다음 사이클 실행...
[2025-10-16 08:20:55] INFO:    종료하려면 Ctrl+C를 누르세요.
[2025-10-16 08:21:55] INFO: 
================================================================================
[2025-10-16 08:21:55] INFO: [사이클 101] 2025-10-16 08:21:55
[2025-10-16 08:21:55] INFO: ================================================================================
[2025-10-16 08:21:55] WARNING: ⚠ trading_signals.xlsx 파일이 없습니다.
[2025-10-16 08:21:55] INFO: ℹ 모니터링 대상 종목이 없습니다.
[2025-10-16 08:21:55] INFO: 
⏰ 60초 후 다음 사이클 실행...
[2025-10-16 08:21:55] INFO:    종료하려면 Ctrl+C를 누르세요.
[2025-10-16 08:22:55] INFO: 
================================================================================
[2025-10-16 08:22:55] INFO: [사이클 102] 2025-10-16 08:22:55
[2025-10-16 08:22:55] INFO: ================================================================================
[2025-10-16 08:22:55] WARNING: ⚠ trading_signals.xlsx 파일이 없습니다.
[2025-10-16 08:22:55] INFO: ℹ 모니터링 대상 종목이 없습니다.
[2025-10-16 08:22:55] INFO: 
⏰ 60초 후 다음 사이클 실행...
[2025-10-16 08:22:55] INFO:    종료하려면 Ctrl+C를 누르세요.
[2025-10-16 08:23:55] INFO: 
================================================================================
[2025-10-16 08:23:55] INFO: [사이클 103] 2025-10-16 08:23:55
[2025-10-16 08:23:55] INFO: ================================================================================
[2025-10-16 08:23:55] WARNING: ⚠ trading_signals.xlsx 파일이 없습니다.
[2025-10-16 08:23:55] INFO: ℹ 모니터링 대상 종목이 없습니다.
[2025-10-16 08:23:55] INFO: 
⏰ 60초 후 다음 사이클 실행...
[2025-10-16 08:23:55] INFO:    종료하려면 Ctrl+C를 누르세요.
[2025-10-16 08:24:55] INFO: 
================================================================================
[2025-10-16 08:24:55] INFO: [사이클 104] 2025-10-16 08:24:55
[2025-10-16 08:24:55] INFO: ================================================================================
[2025-10-16 08:24:55] WARNING: ⚠ trading_signals.xlsx 파일이 없습니다.
[2025-10-16 08:24:55] INFO: ℹ 모니터링 대상 종목이 없습니다.
[2025-10-16 08:24:55] INFO: 
⏰ 60초 후 다음 사이클 실행...
[2025-10-16 08:24:55] INFO:    종료하려면 Ctrl+C를 누르세요.
[2025-10-16 08:25:55] INFO: 
================================================================================
[2025-10-16 08:25:55] INFO: [사이클 105] 2025-10-16 08:25:55
[2025-10-16 08:25:55] INFO: ================================================================================
[2025-10-16 08:25:55] WARNING: ⚠ trading_signals.xlsx 파일이 없습니다.
[2025-10-16 08:25:55] INFO: ℹ 모니터링 대상 종목이 없습니다.
[2025-10-16 08:25:55] INFO: 
⏰ 60초 후 다음 사이클 실행...
[2025-10-16 08:25:55] INFO:    종료하려면 Ctrl+C를 누르세요.
[2025-10-16 08:26:55] INFO: 
================================================================================
[2025-10-16 08:26:55] INFO: [사이클 106] 2025-10-16 08:26:55
[2025-10-16 08:26:55] INFO: ================================================================================
[2025-10-16 08:26:55] WARNING: ⚠ trading_signals.xlsx 파일이 없습니다.
[2025-10-16 08:26:55] INFO: ℹ 모니터링 대상 종목이 없습니다.
[2025-10-16 08:26:55] INFO: 
⏰ 60초 후 다음 사이클 실행...
[2025-10-16 08:26:55] INFO:    종료하려면 Ctrl+C를 누르세요.
[2025-10-16 08:27:55] INFO: 
================================================================================
[2025-10-16 08:27:55] INFO: [사이클 107] 2025-10-16 08:27:55
[2025-10-16 08:27:55] INFO: ================================================================================
[2025-10-16 08:27:55] WARNING: ⚠ trading_signals.xlsx 파일이 없습니다.
[2025-10-16 08:27:55] INFO: ℹ 모니터링 대상 종목이 없습니다.
[2025-10-16 08:27:55] INFO: 
⏰ 60초 후 다음 사이클 실행...
[2025-10-16 08:27:55] INFO:    종료하려면 Ctrl+C를 누르세요.
[2025-10-16 08:28:55] INFO: 
================================================================================
[2025-10-16 08:28:55] INFO: [사이클 108] 2025-10-16 08:28:55
[2025-10-16 08:28:55] INFO: ================================================================================
[2025-10-16 08:28:55] WARNING: ⚠ trading_signals.xlsx 파일이 없습니다.
[2025-10-16 08:28:55] INFO: ℹ 모니터링 대상 종목이 없습니다.
[2025-10-16 08:28:55] INFO: 
⏰ 60초 후 다음 사이클 실행...
[2025-10-16 08:28:55] INFO:    종료하려면 Ctrl+C를 누르세요.
[2025-10-16 08:29:55] INFO: 
================================================================================
[2025-10-16 08:29:55] INFO: [사이클 109] 2025-10-16 08:29:55
[2025-10-16 08:29:55] INFO: ================================================================================
[2025-10-16 08:29:55] WARNING: ⚠ trading_signals.xlsx 파일이 없습니다.
[2025-10-16 08:29:55] INFO: ℹ 모니터링 대상 종목이 없습니다.
[2025-10-16 08:29:55] INFO: 
⏰ 60초 후 다음 사이클 실행...
[2025-10-16 08:29:55] INFO:    종료하려면 Ctrl+C를 누르세요.
[2025-10-16 08:30:55] INFO: 
================================================================================
[2025-10-16 08:30:55] INFO: [사이클 110] 2025-10-16 08:30:55
[2025-10-16 08:30:55] INFO: ================================================================================
[2025-10-16 08:30:55] WARNING: ⚠ trading_signals.xlsx 파일이 없습니다.
[2025-10-16 08:30:55] INFO: ℹ 모니터링 대상 종목이 없습니다.
[2025-10-16 08:30:55] INFO: 
⏰ 60초 후 다음 사이클 실행...
[2025-10-16 08:30:55] INFO:    종료하려면 Ctrl+C를 누르세요.
[2025-10-16 08:31:55] INFO: 
================================================================================
[2025-10-16 08:31:55] INFO: [사이클 111] 2025-10-16 08:31:55
[2025-10-16 08:31:55] INFO: ================================================================================
[2025-10-16 08:31:55] WARNING: ⚠ trading_signals.xlsx 파일이 없습니다.
[2025-10-16 08:31:55] INFO: ℹ 모니터링 대상 종목이 없습니다.
[2025-10-16 08:31:55] INFO: 
⏰ 60초 후 다음 사이클 실행...
[2025-10-16 08:31:55] INFO:    종료하려면 Ctrl+C를 누르세요.
[2025-10-16 08:32:55] INFO: 
================================================================================
[2025-10-16 08:32:55] INFO: [사이클 112] 2025-10-16 08:32:55
[2025-10-16 08:32:55] INFO: ================================================================================
[2025-10-16 08:32:55] WARNING: ⚠ trading_signals.xlsx 파일이 없습니다.
[2025-10-16 08:32:55] INFO: ℹ 모니터링 대상 종목이 없습니다.
[2025-10-16 08:32:55] INFO: 
⏰ 60초 후 다음 사이클 실행...
[2025-10-16 08:32:55] INFO:    종료하려면 Ctrl+C를 누르세요.
[2025-10-16 08:33:55] INFO: 
================================================================================
[2025-10-16 08:33:55] INFO: [사이클 113] 2025-10-16 08:33:55
[2025-10-16 08:33:55] INFO: ================================================================================
[2025-10-16 08:33:55] WARNING: ⚠ trading_signals.xlsx 파일이 없습니다.
[2025-10-16 08:33:55] INFO: ℹ 모니터링 대상 종목이 없습니다.
[2025-10-16 08:33:55] INFO: 
⏰ 60초 후 다음 사이클 실행...
[2025-10-16 08:33:55] INFO:    종료하려면 Ctrl+C를 누르세요.
[2025-10-16 08:34:55] INFO: 
================================================================================
[2025-10-16 08:34:55] INFO: [사이클 114] 2025-10-16 08:34:55
[2025-10-16 08:34:55] INFO: ================================================================================
[2025-10-16 08:34:55] WARNING: ⚠ trading_signals.xlsx 파일이 없습니다.
[2025-10-16 08:34:55] INFO: ℹ 모니터링 대상 종목이 없습니다.
[2025-10-16 08:34:55] INFO: 
⏰ 60초 후 다음 사이클 실행...
[2025-10-16 08:34:55] INFO:    종료하려면 Ctrl+C를 누르세요.
[2025-10-16 08:35:55] INFO: 
================================================================================
[2025-10-16 08:35:55] INFO: [사이클 115] 2025-10-16 08:35:55
[2025-10-16 08:35:55] INFO: ================================================================================
[2025-10-16 08:35:55] WARNING: ⚠ trading_signals.xlsx 파일이 없습니다.
[2025-10-16 08:35:55] INFO: ℹ 모니터링 대상 종목이 없습니다.
[2025-10-16 08:35:55] INFO: 
⏰ 60초 후 다음 사이클 실행...
[2025-10-16 08:35:55] INFO:    종료하려면 Ctrl+C를 누르세요.
[2025-10-16 08:36:55] INFO: 
================================================================================
[2025-10-16 08:36:55] INFO: [사이클 116] 2025-10-16 08:36:55
[2025-10-16 08:36:55] INFO: ================================================================================
[2025-10-16 08:36:55] WARNING: ⚠ trading_signals.xlsx 파일이 없습니다.
[2025-10-16 08:36:55] INFO: ℹ 모니터링 대상 종목이 없습니다.
[2025-10-16 08:36:55] INFO: 
⏰ 60초 후 다음 사이클 실행...
[2025-10-16 08:36:55] INFO:    종료하려면 Ctrl+C를 누르세요.
[2025-10-16 08:37:55] INFO: 
================================================================================
[2025-10-16 08:37:55] INFO: [사이클 117] 2025-10-16 08:37:55
[2025-10-16 08:37:55] INFO: ================================================================================
[2025-10-16 08:37:55] WARNING: ⚠ trading_signals.xlsx 파일이 없습니다.
[2025-10-16 08:37:55] INFO: ℹ 모니터링 대상 종목이 없습니다.
[2025-10-16 08:37:55] INFO: 
⏰ 60초 후 다음 사이클 실행...
[2025-10-16 08:37:55] INFO:    종료하려면 Ctrl+C를 누르세요.
[2025-10-16 08:38:55] INFO: 
================================================================================
[2025-10-16 08:38:55] INFO: [사이클 118] 2025-10-16 08:38:55
[2025-10-16 08:38:55] INFO: ================================================================================
[2025-10-16 08:38:55] WARNING: ⚠ trading_signals.xlsx 파일이 없습니다.
[2025-10-16 08:38:55] INFO: ℹ 모니터링 대상 종목이 없습니다.
[2025-10-16 08:38:55] INFO: 
⏰ 60초 후 다음 사이클 실행...
[2025-10-16 08:38:55] INFO:    종료하려면 Ctrl+C를 누르세요.
[2025-10-16 08:39:55] INFO: 
================================================================================
[2025-10-16 08:39:55] INFO: [사이클 119] 2025-10-16 08:39:55
[2025-10-16 08:39:55] INFO: ================================================================================
[2025-10-16 08:39:55] WARNING: ⚠ trading_signals.xlsx 파일이 없습니다.
[2025-10-16 08:39:55] INFO: ℹ 모니터링 대상 종목이 없습니다.
[2025-10-16 08:39:55] INFO: 
⏰ 60초 후 다음 사이클 실행...
[2025-10-16 08:39:55] INFO:    종료하려면 Ctrl+C를 누르세요.
[2025-10-16 08:40:55] INFO: 
================================================================================
[2025-10-16 08:40:55] INFO: [사이클 120] 2025-10-16 08:40:55
[2025-10-16 08:40:55] INFO: ================================================================================
[2025-10-16 08:40:55] WARNING: ⚠ trading_signals.xlsx 파일이 없습니다.
[2025-10-16 08:40:55] INFO: ℹ 모니터링 대상 종목이 없습니다.
[2025-10-16 08:40:55] INFO: 
⏰ 60초 후 다음 사이클 실행...
[2025-10-16 08:40:55] INFO:    종료하려면 Ctrl+C를 누르세요.
[2025-10-16 08:41:55] INFO: 
================================================================================
[2025-10-16 08:41:55] INFO: [사이클 121] 2025-10-16 08:41:55
[2025-10-16 08:41:55] INFO: ================================================================================
[2025-10-16 08:41:55] WARNING: ⚠ trading_signals.xlsx 파일이 없습니다.
[2025-10-16 08:41:55] INFO: ℹ 모니터링 대상 종목이 없습니다.
[2025-10-16 08:41:55] INFO: 
⏰ 60초 후 다음 사이클 실행...
[2025-10-16 08:41:55] INFO:    종료하려면 Ctrl+C를 누르세요.
[2025-10-16 08:42:55] INFO: 
================================================================================
[2025-10-16 08:42:55] INFO: [사이클 122] 2025-10-16 08:42:55
[2025-10-16 08:42:55] INFO: ================================================================================
[2025-10-16 08:42:55] WARNING: ⚠ trading_signals.xlsx 파일이 없습니다.
[2025-10-16 08:42:55] INFO: ℹ 모니터링 대상 종목이 없습니다.
[2025-10-16 08:42:55] INFO: 
⏰ 60초 후 다음 사이클 실행...
[2025-10-16 08:42:55] INFO:    종료하려면 Ctrl+C를 누르세요.
[2025-10-16 08:43:55] INFO: 
================================================================================
[2025-10-16 08:43:55] INFO: [사이클 123] 2025-10-16 08:43:55
[2025-10-16 08:43:55] INFO: ================================================================================
[2025-10-16 08:43:55] WARNING: ⚠ trading_signals.xlsx 파일이 없습니다.
[2025-10-16 08:43:55] INFO: ℹ 모니터링 대상 종목이 없습니다.
[2025-10-16 08:43:55] INFO: 
⏰ 60초 후 다음 사이클 실행...
[2025-10-16 08:43:55] INFO:    종료하려면 Ctrl+C를 누르세요.
[2025-10-16 08:44:55] INFO: 
================================================================================
[2025-10-16 08:44:55] INFO: [사이클 124] 2025-10-16 08:44:55
[2025-10-16 08:44:55] INFO: ================================================================================
[2025-10-16 08:44:55] WARNING: ⚠ trading_signals.xlsx 파일이 없습니다.
[2025-10-16 08:44:55] INFO: ℹ 모니터링 대상 종목이 없습니다.
[2025-10-16 08:44:55] INFO: 
⏰ 60초 후 다음 사이클 실행...
[2025-10-16 08:44:55] INFO:    종료하려면 Ctrl+C를 누르세요.
[2025-10-16 08:45:55] INFO: 
================================================================================
[2025-10-16 08:45:55] INFO: [사이클 125] 2025-10-16 08:45:55
[2025-10-16 08:45:55] INFO: ================================================================================
[2025-10-16 08:45:55] WARNING: ⚠ trading_signals.xlsx 파일이 없습니다.
[2025-10-16 08:45:55] INFO: ℹ 모니터링 대상 종목이 없습니다.
[2025-10-16 08:45:55] INFO: 
⏰ 60초 후 다음 사이클 실행...
[2025-10-16 08:45:55] INFO:    종료하려면 Ctrl+C를 누르세요.
[2025-10-16 08:46:55] INFO: 
================================================================================
[2025-10-16 08:46:55] INFO: [사이클 126] 2025-10-16 08:46:55
[2025-10-16 08:46:55] INFO: ================================================================================
[2025-10-16 08:46:55] WARNING: ⚠ trading_signals.xlsx 파일이 없습니다.
[2025-10-16 08:46:55] INFO: ℹ 모니터링 대상 종목이 없습니다.
[2025-10-16 08:46:55] INFO: 
⏰ 60초 후 다음 사이클 실행...
[2025-10-16 08:46:55] INFO:    종료하려면 Ctrl+C를 누르세요.
[2025-10-16 08:47:55] INFO: 
================================================================================
[2025-10-16 08:47:55] INFO: [사이클 127] 2025-10-16 08:47:55
[2025-10-16 08:47:55] INFO: ================================================================================
[2025-10-16 08:47:55] WARNING: ⚠ trading_signals.xlsx 파일이 없습니다.
[2025-10-16 08:47:55] INFO: ℹ 모니터링 대상 종목이 없습니다.
[2025-10-16 08:47:55] INFO: 
⏰ 60초 후 다음 사이클 실행...
[2025-10-16 08:47:55] INFO:    종료하려면 Ctrl+C를 누르세요.
[2025-10-16 08:48:55] INFO: 
================================================================================
[2025-10-16 08:48:55] INFO: [사이클 128] 2025-10-16 08:48:55
[2025-10-16 08:48:55] INFO: ================================================================================
[2025-10-16 08:48:55] WARNING: ⚠ trading_signals.xlsx 파일이 없습니다.
[2025-10-16 08:48:55] INFO: ℹ 모니터링 대상 종목이 없습니다.
[2025-10-16 08:48:55] INFO: 
⏰ 60초 후 다음 사이클 실행...
[2025-10-16 08:48:55] INFO:    종료하려면 Ctrl+C를 누르세요.
[2025-10-16 08:49:55] INFO: 
================================================================================
[2025-10-16 08:49:55] INFO: [사이클 129] 2025-10-16 08:49:55
[2025-10-16 08:49:55] INFO: ================================================================================
[2025-10-16 08:49:55] WARNING: ⚠ trading_signals.xlsx 파일이 없습니다.
[2025-10-16 08:49:55] INFO: ℹ 모니터링 대상 종목이 없습니다.
[2025-10-16 08:49:55] INFO: 
⏰ 60초 후 다음 사이클 실행...
[2025-10-16 08:49:55] INFO:    종료하려면 Ctrl+C를 누르세요.
[2025-10-16 08:50:55] INFO: 
================================================================================
[2025-10-16 08:50:55] INFO: [사이클 130] 2025-10-16 08:50:55
[2025-10-16 08:50:55] INFO: ================================================================================
[2025-10-16 08:50:55] WARNING: ⚠ trading_signals.xlsx 파일이 없습니다.
[2025-10-16 08:50:55] INFO: ℹ 모니터링 대상 종목이 없습니다.
[2025-10-16 08:50:55] INFO: 
⏰ 60초 후 다음 사이클 실행...
[2025-10-16 08:50:55] INFO:    종료하려면 Ctrl+C를 누르세요.
[2025-10-16 08:51:55] INFO: 
================================================================================
[2025-10-16 08:51:55] INFO: [사이클 131] 2025-10-16 08:51:55
[2025-10-16 08:51:55] INFO: ================================================================================
[2025-10-16 08:51:55] WARNING: ⚠ trading_signals.xlsx 파일이 없습니다.
[2025-10-16 08:51:55] INFO: ℹ 모니터링 대상 종목이 없습니다.
[2025-10-16 08:51:55] INFO: 
⏰ 60초 후 다음 사이클 실행...
[2025-10-16 08:51:55] INFO:    종료하려면 Ctrl+C를 누르세요.
[2025-10-16 08:52:55] INFO: 
================================================================================
[2025-10-16 08:52:55] INFO: [사이클 132] 2025-10-16 08:52:55
[2025-10-16 08:52:55] INFO: ================================================================================
[2025-10-16 08:52:55] WARNING: ⚠ trading_signals.xlsx 파일이 없습니다.
[2025-10-16 08:52:55] INFO: ℹ 모니터링 대상 종목이 없습니다.
[2025-10-16 08:52:55] INFO: 
⏰ 60초 후 다음 사이클 실행...
[2025-10-16 08:52:55] INFO:    종료하려면 Ctrl+C를 누르세요.
[2025-10-16 08:53:55] INFO: 
================================================================================
[2025-10-16 08:53:55] INFO: [사이클 133] 2025-10-16 08:53:55
[2025-10-16 08:53:55] INFO: ================================================================================
[2025-10-16 08:53:55] WARNING: ⚠ trading_signals.xlsx 파일이 없습니다.
[2025-10-16 08:53:55] INFO: ℹ 모니터링 대상 종목이 없습니다.
[2025-10-16 08:53:55] INFO: 
⏰ 60초 후 다음 사이클 실행...
[2025-10-16 08:53:55] INFO:    종료하려면 Ctrl+C를 누르세요.
[2025-10-16 08:54:55] INFO: 
================================================================================
[2025-10-16 08:54:55] INFO: [사이클 134] 2025-10-16 08:54:55
[2025-10-16 08:54:55] INFO: ================================================================================
[2025-10-16 08:54:55] WARNING: ⚠ trading_signals.xlsx 파일이 없습니다.
[2025-10-16 08:54:55] INFO: ℹ 모니터링 대상 종목이 없습니다.
[2025-10-16 08:54:55] INFO: 
⏰ 60초 후 다음 사이클 실행...
[2025-10-16 08:54:55] INFO:    종료하려면 Ctrl+C를 누르세요.
[2025-10-16 08:55:55] INFO: 
================================================================================
[2025-10-16 08:55:55] INFO: [사이클 135] 2025-10-16 08:55:55
[2025-10-16 08:55:55] INFO: ================================================================================
[2025-10-16 08:55:55] WARNING: ⚠ trading_signals.xlsx 파일이 없습니다.
[2025-10-16 08:55:55] INFO: ℹ 모니터링 대상 종목이 없습니다.
[2025-10-16 08:55:55] INFO: 
⏰ 60초 후 다음 사이클 실행...
[2025-10-16 08:55:55] INFO:    종료하려면 Ctrl+C를 누르세요.
[2025-10-16 08:56:55] INFO: 
================================================================================
[2025-10-16 08:56:55] INFO: [사이클 136] 2025-10-16 08:56:55
[2025-10-16 08:56:55] INFO: ================================================================================
[2025-10-16 08:56:55] WARNING: ⚠ trading_signals.xlsx 파일이 없습니다.
[2025-10-16 08:56:55] INFO: ℹ 모니터링 대상 종목이 없습니다.
[2025-10-16 08:56:55] INFO: 
⏰ 60초 후 다음 사이클 실행...
[2025-10-16 08:56:55] INFO:    종료하려면 Ctrl+C를 누르세요.
[2025-10-16 08:57:55] INFO: 
================================================================================
[2025-10-16 08:57:55] INFO: [사이클 137] 2025-10-16 08:57:55
[2025-10-16 08:57:55] INFO: ================================================================================
[2025-10-16 08:57:55] WARNING: ⚠ trading_signals.xlsx 파일이 없습니다.
[2025-10-16 08:57:55] INFO: ℹ 모니터링 대상 종목이 없습니다.
[2025-10-16 08:57:55] INFO: 
⏰ 60초 후 다음 사이클 실행...
[2025-10-16 08:57:55] INFO:    종료하려면 Ctrl+C를 누르세요.
[2025-10-16 08:58:55] INFO: 
================================================================================
[2025-10-16 08:58:55] INFO: [사이클 138] 2025-10-16 08:58:55
[2025-10-16 08:58:55] INFO: ================================================================================
[2025-10-16 08:58:55] WARNING: ⚠ trading_signals.xlsx 파일이 없습니다.
[2025-10-16 08:58:55] INFO: ℹ 모니터링 대상 종목이 없습니다.
[2025-10-16 08:58:55] INFO: 
⏰ 60초 후 다음 사이클 실행...
[2025-10-16 08:58:55] INFO:    종료하려면 Ctrl+C를 누르세요.
[2025-10-16 08:59:55] INFO: 
================================================================================
[2025-10-16 08:59:55] INFO: [사이클 139] 2025-10-16 08:59:55
[2025-10-16 08:59:55] INFO: ================================================================================
[2025-10-16 08:59:55] WARNING: ⚠ trading_signals.xlsx 파일이 없습니다.
[2025-10-16 08:59:55] INFO: ℹ 모니터링 대상 종목이 없습니다.
[2025-10-16 08:59:55] INFO: 
⏰ 60초 후 다음 사이클 실행...
[2025-10-16 08:59:55] INFO:    종료하려면 Ctrl+C를 누르세요.
[2025-10-16 09:00:55] INFO: 
================================================================================
[2025-10-16 09:00:55] INFO: [사이클 140] 2025-10-16 09:00:55
[2025-10-16 09:00:55] INFO: ================================================================================
[2025-10-16 09:00:55] WARNING: ⚠ trading_signals.xlsx 파일이 없습니다.
[2025-10-16 09:00:55] INFO: ℹ 모니터링 대상 종목이 없습니다.
[2025-10-16 09:00:55] INFO: 
⏰ 60초 후 다음 사이클 실행...
[2025-10-16 09:00:55] INFO:    종료하려면 Ctrl+C를 누르세요.
[2025-10-16 09:01:55] INFO: 
================================================================================
[2025-10-16 09:01:55] INFO: [사이클 141] 2025-10-16 09:01:55
[2025-10-16 09:01:55] INFO: ================================================================================
[2025-10-16 09:01:55] WARNING: ⚠ trading_signals.xlsx 파일이 없습니다.
[2025-10-16 09:01:55] INFO: ℹ 모니터링 대상 종목이 없습니다.
[2025-10-16 09:01:55] INFO: 
⏰ 60초 후 다음 사이클 실행...
[2025-10-16 09:01:55] INFO:    종료하려면 Ctrl+C를 누르세요.
[2025-10-16 09:02:55] INFO: 
================================================================================
[2025-10-16 09:02:55] INFO: [사이클 142] 2025-10-16 09:02:55
[2025-10-16 09:02:55] INFO: ================================================================================
[2025-10-16 09:02:55] WARNING: ⚠ trading_signals.xlsx 파일이 없습니다.
[2025-10-16 09:02:55] INFO: ℹ 모니터링 대상 종목이 없습니다.
[2025-10-16 09:02:55] INFO: 
⏰ 60초 후 다음 사이클 실행...
[2025-10-16 09:02:55] INFO:    종료하려면 Ctrl+C를 누르세요.
[2025-10-16 09:03:55] INFO: 
================================================================================
[2025-10-16 09:03:55] INFO: [사이클 143] 2025-10-16 09:03:55
[2025-10-16 09:03:55] INFO: ================================================================================
[2025-10-16 09:03:55] WARNING: ⚠ trading_signals.xlsx 파일이 없습니다.
[2025-10-16 09:03:55] INFO: ℹ 모니터링 대상 종목이 없습니다.
[2025-10-16 09:03:55] INFO: 
⏰ 60초 후 다음 사이클 실행...
[2025-10-16 09:03:55] INFO:    종료하려면 Ctrl+C를 누르세요.
[2025-10-16 09:04:55] INFO: 
================================================================================
[2025-10-16 09:04:55] INFO: [사이클 144] 2025-10-16 09:04:55
[2025-10-16 09:04:55] INFO: ================================================================================
[2025-10-16 09:04:55] WARNING: ⚠ trading_signals.xlsx 파일이 없습니다.
[2025-10-16 09:04:55] INFO: ℹ 모니터링 대상 종목이 없습니다.
[2025-10-16 09:04:55] INFO: 
⏰ 60초 후 다음 사이클 실행...
[2025-10-16 09:04:55] INFO:    종료하려면 Ctrl+C를 누르세요.
[2025-10-16 09:05:55] INFO: 
================================================================================
[2025-10-16 09:05:55] INFO: [사이클 145] 2025-10-16 09:05:55
[2025-10-16 09:05:55] INFO: ================================================================================
[2025-10-16 09:05:55] WARNING: ⚠ trading_signals.xlsx 파일이 없습니다.
[2025-10-16 09:05:55] INFO: ℹ 모니터링 대상 종목이 없습니다.
[2025-10-16 09:05:55] INFO: 
⏰ 60초 후 다음 사이클 실행...
[2025-10-16 09:05:55] INFO:    종료하려면 Ctrl+C를 누르세요.
[2025-10-16 09:06:55] INFO: 
================================================================================
[2025-10-16 09:06:55] INFO: [사이클 146] 2025-10-16 09:06:55
[2025-10-16 09:06:55] INFO: ================================================================================
[2025-10-16 09:06:55] WARNING: ⚠ trading_signals.xlsx 파일이 없습니다.
[2025-10-16 09:06:55] INFO: ℹ 모니터링 대상 종목이 없습니다.
[2025-10-16 09:06:55] INFO: 
⏰ 60초 후 다음 사이클 실행...
[2025-10-16 09:06:55] INFO:    종료하려면 Ctrl+C를 누르세요.
[2025-10-16 09:07:55] INFO: 
================================================================================
[2025-10-16 09:07:55] INFO: [사이클 147] 2025-10-16 09:07:55
[2025-10-16 09:07:55] INFO: ================================================================================
[2025-10-16 09:07:55] WARNING: ⚠ trading_signals.xlsx 파일이 없습니다.
[2025-10-16 09:07:55] INFO: ℹ 모니터링 대상 종목이 없습니다.
[2025-10-16 09:07:55] INFO: 
⏰ 60초 후 다음 사이클 실행...
[2025-10-16 09:07:55] INFO:    종료하려면 Ctrl+C를 누르세요.
[2025-10-16 09:08:55] INFO: 
================================================================================
[2025-10-16 09:08:55] INFO: [사이클 148] 2025-10-16 09:08:55
[2025-10-16 09:08:55] INFO: ================================================================================
[2025-10-16 09:08:55] WARNING: ⚠ trading_signals.xlsx 파일이 없습니다.
[2025-10-16 09:08:55] INFO: ℹ 모니터링 대상 종목이 없습니다.
[2025-10-16 09:08:55] INFO: 
⏰ 60초 후 다음 사이클 실행...
[2025-10-16 09:08:55] INFO:    종료하려면 Ctrl+C를 누르세요.
[2025-10-16 09:09:55] INFO: 
================================================================================
[2025-10-16 09:09:55] INFO: [사이클 149] 2025-10-16 09:09:55
[2025-10-16 09:09:55] INFO: ================================================================================
[2025-10-16 09:09:55] WARNING: ⚠ trading_signals.xlsx 파일이 없습니다.
[2025-10-16 09:09:55] INFO: ℹ 모니터링 대상 종목이 없습니다.
[2025-10-16 09:09:55] INFO: 
⏰ 60초 후 다음 사이클 실행...
[2025-10-16 09:09:55] INFO:    종료하려면 Ctrl+C를 누르세요.
[2025-10-16 09:10:55] INFO: 
================================================================================
[2025-10-16 09:10:55] INFO: [사이클 150] 2025-10-16 09:10:55
[2025-10-16 09:10:55] INFO: ================================================================================
[2025-10-16 09:10:55] WARNING: ⚠ trading_signals.xlsx 파일이 없습니다.
[2025-10-16 09:10:55] INFO: ℹ 모니터링 대상 종목이 없습니다.
[2025-10-16 09:10:55] INFO: 
⏰ 60초 후 다음 사이클 실행...
[2025-10-16 09:10:55] INFO:    종료하려면 Ctrl+C를 누르세요.
[2025-10-16 09:11:55] INFO: 
================================================================================
[2025-10-16 09:11:55] INFO: [사이클 151] 2025-10-16 09:11:55
[2025-10-16 09:11:55] INFO: ================================================================================
[2025-10-16 09:11:55] WARNING: ⚠ trading_signals.xlsx 파일이 없습니다.
[2025-10-16 09:11:55] INFO: ℹ 모니터링 대상 종목이 없습니다.
[2025-10-16 09:11:55] INFO: 
⏰ 60초 후 다음 사이클 실행...
[2025-10-16 09:11:55] INFO:    종료하려면 Ctrl+C를 누르세요.
[2025-10-16 09:12:55] INFO: 
================================================================================
[2025-10-16 09:12:55] INFO: [사이클 152] 2025-10-16 09:12:55
[2025-10-16 09:12:55] INFO: ================================================================================
[2025-10-16 09:12:55] WARNING: ⚠ trading_signals.xlsx 파일이 없습니다.
[2025-10-16 09:12:55] INFO: ℹ 모니터링 대상 종목이 없습니다.
[2025-10-16 09:12:55] INFO: 
⏰ 60초 후 다음 사이클 실행...
[2025-10-16 09:12:55] INFO:    종료하려면 Ctrl+C를 누르세요.
[2025-10-16 09:13:55] INFO: 
================================================================================
[2025-10-16 09:13:55] INFO: [사이클 153] 2025-10-16 09:13:55
[2025-10-16 09:13:55] INFO: ================================================================================
[2025-10-16 09:13:55] WARNING: ⚠ trading_signals.xlsx 파일이 없습니다.
[2025-10-16 09:13:55] INFO: ℹ 모니터링 대상 종목이 없습니다.
[2025-10-16 09:13:55] INFO: 
⏰ 60초 후 다음 사이클 실행...
[2025-10-16 09:13:55] INFO:    종료하려면 Ctrl+C를 누르세요.
[2025-10-16 09:14:55] INFO: 
================================================================================
[2025-10-16 09:14:55] INFO: [사이클 154] 2025-10-16 09:14:55
[2025-10-16 09:14:55] INFO: ================================================================================
[2025-10-16 09:14:55] WARNING: ⚠ trading_signals.xlsx 파일이 없습니다.
[2025-10-16 09:14:55] INFO: ℹ 모니터링 대상 종목이 없습니다.
[2025-10-16 09:14:55] INFO: 
⏰ 60초 후 다음 사이클 실행...
[2025-10-16 09:14:55] INFO:    종료하려면 Ctrl+C를 누르세요.
[2025-10-16 09:15:55] INFO: 
================================================================================
[2025-10-16 09:15:55] INFO: [사이클 155] 2025-10-16 09:15:55
[2025-10-16 09:15:55] INFO: ================================================================================
[2025-10-16 09:15:55] WARNING: ⚠ trading_signals.xlsx 파일이 없습니다.
[2025-10-16 09:15:55] INFO: ℹ 모니터링 대상 종목이 없습니다.
[2025-10-16 09:15:55] INFO: 
⏰ 60초 후 다음 사이클 실행...
[2025-10-16 09:15:55] INFO:    종료하려면 Ctrl+C를 누르세요.
[2025-10-16 09:16:55] INFO: 
================================================================================
[2025-10-16 09:16:55] INFO: [사이클 156] 2025-10-16 09:16:55
[2025-10-16 09:16:55] INFO: ================================================================================
[2025-10-16 09:16:55] WARNING: ⚠ trading_signals.xlsx 파일이 없습니다.
[2025-10-16 09:16:55] INFO: ℹ 모니터링 대상 종목이 없습니다.
[2025-10-16 09:16:55] INFO: 
⏰ 60초 후 다음 사이클 실행...
[2025-10-16 09:16:55] INFO:    종료하려면 Ctrl+C를 누르세요.
[2025-10-16 09:17:55] INFO: 
================================================================================
[2025-10-16 09:17:55] INFO: [사이클 157] 2025-10-16 09:17:55
[2025-10-16 09:17:55] INFO: ================================================================================
[2025-10-16 09:17:55] WARNING: ⚠ trading_signals.xlsx 파일이 없습니다.
[2025-10-16 09:17:55] INFO: ℹ 모니터링 대상 종목이 없습니다.
[2025-10-16 09:17:55] INFO: 
⏰ 60초 후 다음 사이클 실행...
[2025-10-16 09:17:55] INFO:    종료하려면 Ctrl+C를 누르세요.
[2025-10-16 09:18:55] INFO: 
================================================================================
[2025-10-16 09:18:55] INFO: [사이클 158] 2025-10-16 09:18:55
[2025-10-16 09:18:55] INFO: ================================================================================
[2025-10-16 09:18:55] WARNING: ⚠ trading_signals.xlsx 파일이 없습니다.
[2025-10-16 09:18:55] INFO: ℹ 모니터링 대상 종목이 없습니다.
[2025-10-16 09:18:55] INFO: 
⏰ 60초 후 다음 사이클 실행...
[2025-10-16 09:18:55] INFO:    종료하려면 Ctrl+C를 누르세요.
[2025-10-16 09:19:55] INFO: 
================================================================================
[2025-10-16 09:19:55] INFO: [사이클 159] 2025-10-16 09:19:55
[2025-10-16 09:19:55] INFO: ================================================================================
[2025-10-16 09:19:55] WARNING: ⚠ trading_signals.xlsx 파일이 없습니다.
[2025-10-16 09:19:55] INFO: ℹ 모니터링 대상 종목이 없습니다.
[2025-10-16 09:19:55] INFO: 
⏰ 60초 후 다음 사이클 실행...
[2025-10-16 09:19:55] INFO:    종료하려면 Ctrl+C를 누르세요.
[2025-10-16 09:20:55] INFO: 
================================================================================
[2025-10-16 09:20:55] INFO: [사이클 160] 2025-10-16 09:20:55
[2025-10-16 09:20:55] INFO: ================================================================================
[2025-10-16 09:20:55] WARNING: ⚠ trading_signals.xlsx 파일이 없습니다.
[2025-10-16 09:20:55] INFO: ℹ 모니터링 대상 종목이 없습니다.
[2025-10-16 09:20:55] INFO: 
⏰ 60초 후 다음 사이클 실행...
[2025-10-16 09:20:55] INFO:    종료하려면 Ctrl+C를 누르세요.
[2025-10-16 09:21:55] INFO: 
================================================================================
[2025-10-16 09:21:55] INFO: [사이클 161] 2025-10-16 09:21:55
[2025-10-16 09:21:55] INFO: ================================================================================
[2025-10-16 09:21:55] WARNING: ⚠ trading_signals.xlsx 파일이 없습니다.
[2025-10-16 09:21:55] INFO: ℹ 모니터링 대상 종목이 없습니다.
[2025-10-16 09:21:55] INFO: 
⏰ 60초 후 다음 사이클 실행...
[2025-10-16 09:21:55] INFO:    종료하려면 Ctrl+C를 누르세요.
[2025-10-16 09:22:55] INFO: 
================================================================================
[2025-10-16 09:22:55] INFO: [사이클 162] 2025-10-16 09:22:55
[2025-10-16 09:22:55] INFO: ================================================================================
[2025-10-16 09:22:55] WARNING: ⚠ trading_signals.xlsx 파일이 없습니다.
[2025-10-16 09:22:55] INFO: ℹ 모니터링 대상 종목이 없습니다.
[2025-10-16 09:22:55] INFO: 
⏰ 60초 후 다음 사이클 실행...
[2025-10-16 09:22:55] INFO:    종료하려면 Ctrl+C를 누르세요.
[2025-10-16 09:23:55] INFO: 
================================================================================
[2025-10-16 09:23:55] INFO: [사이클 163] 2025-10-16 09:23:55
[2025-10-16 09:23:55] INFO: ================================================================================
[2025-10-16 09:23:55] WARNING: ⚠ trading_signals.xlsx 파일이 없습니다.
[2025-10-16 09:23:55] INFO: ℹ 모니터링 대상 종목이 없습니다.
[2025-10-16 09:23:55] INFO: 
⏰ 60초 후 다음 사이클 실행...
[2025-10-16 09:23:55] INFO:    종료하려면 Ctrl+C를 누르세요.
[2025-10-16 09:24:55] INFO: 
================================================================================
[2025-10-16 09:24:55] INFO: [사이클 164] 2025-10-16 09:24:55
[2025-10-16 09:24:55] INFO: ================================================================================
[2025-10-16 09:24:55] WARNING: ⚠ trading_signals.xlsx 파일이 없습니다.
[2025-10-16 09:24:55] INFO: ℹ 모니터링 대상 종목이 없습니다.
[2025-10-16 09:24:55] INFO: 
⏰ 60초 후 다음 사이클 실행...
[2025-10-16 09:24:55] INFO:    종료하려면 Ctrl+C를 누르세요.
[2025-10-16 09:25:55] INFO: 
================================================================================
[2025-10-16 09:25:55] INFO: [사이클 165] 2025-10-16 09:25:55
[2025-10-16 09:25:55] INFO: ================================================================================
[2025-10-16 09:25:55] WARNING: ⚠ trading_signals.xlsx 파일이 없습니다.
[2025-10-16 09:25:55] INFO: ℹ 모니터링 대상 종목이 없습니다.
[2025-10-16 09:25:55] INFO: 
⏰ 60초 후 다음 사이클 실행...
[2025-10-16 09:25:55] INFO:    종료하려면 Ctrl+C를 누르세요.
[2025-10-16 09:26:55] INFO: 
================================================================================
[2025-10-16 09:26:55] INFO: [사이클 166] 2025-10-16 09:26:55
[2025-10-16 09:26:55] INFO: ================================================================================
[2025-10-16 09:26:55] WARNING: ⚠ trading_signals.xlsx 파일이 없습니다.
[2025-10-16 09:26:55] INFO: ℹ 모니터링 대상 종목이 없습니다.
[2025-10-16 09:26:55] INFO: 
⏰ 60초 후 다음 사이클 실행...
[2025-10-16 09:26:55] INFO:    종료하려면 Ctrl+C를 누르세요.
[2025-10-16 09:27:55] INFO: 
================================================================================
[2025-10-16 09:27:55] INFO: [사이클 167] 2025-10-16 09:27:55
[2025-10-16 09:27:55] INFO: ================================================================================
[2025-10-16 09:27:55] WARNING: ⚠ trading_signals.xlsx 파일이 없습니다.
[2025-10-16 09:27:55] INFO: ℹ 모니터링 대상 종목이 없습니다.
[2025-10-16 09:27:55] INFO: 
⏰ 60초 후 다음 사이클 실행...
[2025-10-16 09:27:55] INFO:    종료하려면 Ctrl+C를 누르세요.
[2025-10-16 09:28:55] INFO: 
================================================================================
[2025-10-16 09:28:55] INFO: [사이클 168] 2025-10-16 09:28:55
[2025-10-16 09:28:55] INFO: ================================================================================
[2025-10-16 09:28:55] WARNING: ⚠ trading_signals.xlsx 파일이 없습니다.
[2025-10-16 09:28:55] INFO: ℹ 모니터링 대상 종목이 없습니다.
[2025-10-16 09:28:55] INFO: 
⏰ 60초 후 다음 사이클 실행...
[2025-10-16 09:28:55] INFO:    종료하려면 Ctrl+C를 누르세요.
[2025-10-16 09:29:55] INFO: 
================================================================================
[2025-10-16 09:29:55] INFO: [사이클 169] 2025-10-16 09:29:55
[2025-10-16 09:29:55] INFO: ================================================================================
[2025-10-16 09:29:55] WARNING: ⚠ trading_signals.xlsx 파일이 없습니다.
[2025-10-16 09:29:55] INFO: ℹ 모니터링 대상 종목이 없습니다.
[2025-10-16 09:29:55] INFO: 
⏰ 60초 후 다음 사이클 실행...
[2025-10-16 09:29:55] INFO:    종료하려면 Ctrl+C를 누르세요.
[2025-10-16 09:30:55] INFO: 
================================================================================
[2025-10-16 09:30:55] INFO: [사이클 170] 2025-10-16 09:30:55
[2025-10-16 09:30:55] INFO: ================================================================================
[2025-10-16 09:30:55] WARNING: ⚠ trading_signals.xlsx 파일이 없습니다.
[2025-10-16 09:30:55] INFO: ℹ 모니터링 대상 종목이 없습니다.
[2025-10-16 09:30:55] INFO: 
⏰ 60초 후 다음 사이클 실행...
[2025-10-16 09:30:55] INFO:    종료하려면 Ctrl+C를 누르세요.
[2025-10-16 09:31:55] INFO: 
================================================================================
[2025-10-16 09:31:55] INFO: [사이클 171] 2025-10-16 09:31:55
[2025-10-16 09:31:55] INFO: ================================================================================
[2025-10-16 09:31:55] WARNING: ⚠ trading_signals.xlsx 파일이 없습니다.
[2025-10-16 09:31:55] INFO: ℹ 모니터링 대상 종목이 없습니다.
[2025-10-16 09:31:55] INFO: 
⏰ 60초 후 다음 사이클 실행...
[2025-10-16 09:31:55] INFO:    종료하려면 Ctrl+C를 누르세요.
[2025-10-16 09:32:55] INFO: 
================================================================================
[2025-10-16 09:32:55] INFO: [사이클 172] 2025-10-16 09:32:55
[2025-10-16 09:32:55] INFO: ================================================================================
[2025-10-16 09:32:55] WARNING: ⚠ trading_signals.xlsx 파일이 없습니다.
[2025-10-16 09:32:55] INFO: ℹ 모니터링 대상 종목이 없습니다.
[2025-10-16 09:32:55] INFO: 
⏰ 60초 후 다음 사이클 실행...
[2025-10-16 09:32:55] INFO:    종료하려면 Ctrl+C를 누르세요.
[2025-10-16 09:33:55] INFO: 
================================================================================
[2025-10-16 09:33:55] INFO: [사이클 173] 2025-10-16 09:33:55
[2025-10-16 09:33:55] INFO: ================================================================================
[2025-10-16 09:33:55] WARNING: ⚠ trading_signals.xlsx 파일이 없습니다.
[2025-10-16 09:33:55] INFO: ℹ 모니터링 대상 종목이 없습니다.
[2025-10-16 09:33:55] INFO: 
⏰ 60초 후 다음 사이클 실행...
[2025-10-16 09:33:55] INFO:    종료하려면 Ctrl+C를 누르세요.
[2025-10-16 09:34:55] INFO: 
================================================================================
[2025-10-16 09:34:55] INFO: [사이클 174] 2025-10-16 09:34:55
[2025-10-16 09:34:55] INFO: ================================================================================
[2025-10-16 09:34:55] WARNING: ⚠ trading_signals.xlsx 파일이 없습니다.
[2025-10-16 09:34:55] INFO: ℹ 모니터링 대상 종목이 없습니다.
[2025-10-16 09:34:55] INFO: 
⏰ 60초 후 다음 사이클 실행...
[2025-10-16 09:34:55] INFO:    종료하려면 Ctrl+C를 누르세요.
[2025-10-16 09:35:55] INFO: 
================================================================================
[2025-10-16 09:35:55] INFO: [사이클 175] 2025-10-16 09:35:55
[2025-10-16 09:35:55] INFO: ================================================================================
[2025-10-16 09:35:55] WARNING: ⚠ trading_signals.xlsx 파일이 없습니다.
[2025-10-16 09:35:55] INFO: ℹ 모니터링 대상 종목이 없습니다.
[2025-10-16 09:35:55] INFO: 
⏰ 60초 후 다음 사이클 실행...
[2025-10-16 09:35:55] INFO:    종료하려면 Ctrl+C를 누르세요.
[2025-10-16 09:36:55] INFO: 
================================================================================
[2025-10-16 09:36:55] INFO: [사이클 176] 2025-10-16 09:36:55
[2025-10-16 09:36:55] INFO: ================================================================================
[2025-10-16 09:36:55] WARNING: ⚠ trading_signals.xlsx 파일이 없습니다.
[2025-10-16 09:36:55] INFO: ℹ 모니터링 대상 종목이 없습니다.
[2025-10-16 09:36:55] INFO: 
⏰ 60초 후 다음 사이클 실행...
[2025-10-16 09:36:55] INFO:    종료하려면 Ctrl+C를 누르세요.
[2025-10-16 09:37:55] INFO: 
================================================================================
[2025-10-16 09:37:55] INFO: [사이클 177] 2025-10-16 09:37:55
[2025-10-16 09:37:55] INFO: ================================================================================
[2025-10-16 09:37:55] WARNING: ⚠ trading_signals.xlsx 파일이 없습니다.
[2025-10-16 09:37:55] INFO: ℹ 모니터링 대상 종목이 없습니다.
[2025-10-16 09:37:55] INFO: 
⏰ 60초 후 다음 사이클 실행...
[2025-10-16 09:37:55] INFO:    종료하려면 Ctrl+C를 누르세요.
[2025-10-16 09:38:55] INFO: 
================================================================================
[2025-10-16 09:38:55] INFO: [사이클 178] 2025-10-16 09:38:55
[2025-10-16 09:38:55] INFO: ================================================================================
[2025-10-16 09:38:55] WARNING: ⚠ trading_signals.xlsx 파일이 없습니다.
[2025-10-16 09:38:55] INFO: ℹ 모니터링 대상 종목이 없습니다.
[2025-10-16 09:38:55] INFO: 
⏰ 60초 후 다음 사이클 실행...
[2025-10-16 09:38:55] INFO:    종료하려면 Ctrl+C를 누르세요.
[2025-10-16 09:39:55] INFO: 
================================================================================
[2025-10-16 09:39:55] INFO: [사이클 179] 2025-10-16 09:39:55
[2025-10-16 09:39:55] INFO: ================================================================================
[2025-10-16 09:39:55] WARNING: ⚠ trading_signals.xlsx 파일이 없습니다.
[2025-10-16 09:39:55] INFO: ℹ 모니터링 대상 종목이 없습니다.
[2025-10-16 09:39:55] INFO: 
⏰ 60초 후 다음 사이클 실행...
[2025-10-16 09:39:55] INFO:    종료하려면 Ctrl+C를 누르세요.
[2025-10-16 09:40:55] INFO: 
================================================================================
[2025-10-16 09:40:55] INFO: [사이클 180] 2025-10-16 09:40:55
[2025-10-16 09:40:55] INFO: ================================================================================
[2025-10-16 09:40:55] WARNING: ⚠ trading_signals.xlsx 파일이 없습니다.
[2025-10-16 09:40:55] INFO: ℹ 모니터링 대상 종목이 없습니다.
[2025-10-16 09:40:55] INFO: 
⏰ 60초 후 다음 사이클 실행...
[2025-10-16 09:40:55] INFO:    종료하려면 Ctrl+C를 누르세요.
[2025-10-16 09:41:55] INFO: 
================================================================================
[2025-10-16 09:41:55] INFO: [사이클 181] 2025-10-16 09:41:55
[2025-10-16 09:41:55] INFO: ================================================================================
[2025-10-16 09:41:55] WARNING: ⚠ trading_signals.xlsx 파일이 없습니다.
[2025-10-16 09:41:55] INFO: ℹ 모니터링 대상 종목이 없습니다.
[2025-10-16 09:41:55] INFO: 
⏰ 60초 후 다음 사이클 실행...
[2025-10-16 09:41:55] INFO:    종료하려면 Ctrl+C를 누르세요.
[2025-10-16 09:42:55] INFO: 
================================================================================
[2025-10-16 09:42:55] INFO: [사이클 182] 2025-10-16 09:42:55
[2025-10-16 09:42:55] INFO: ================================================================================
[2025-10-16 09:42:55] WARNING: ⚠ trading_signals.xlsx 파일이 없습니다.
[2025-10-16 09:42:55] INFO: ℹ 모니터링 대상 종목이 없습니다.
[2025-10-16 09:42:55] INFO: 
⏰ 60초 후 다음 사이클 실행...
[2025-10-16 09:42:55] INFO:    종료하려면 Ctrl+C를 누르세요.
[2025-10-16 09:43:55] INFO: 
================================================================================
[2025-10-16 09:43:55] INFO: [사이클 183] 2025-10-16 09:43:55
[2025-10-16 09:43:55] INFO: ================================================================================
[2025-10-16 09:43:55] WARNING: ⚠ trading_signals.xlsx 파일이 없습니다.
[2025-10-16 09:43:55] INFO: ℹ 모니터링 대상 종목이 없습니다.
[2025-10-16 09:43:55] INFO: 
⏰ 60초 후 다음 사이클 실행...
[2025-10-16 09:43:55] INFO:    종료하려면 Ctrl+C를 누르세요.
[2025-10-16 09:44:55] INFO: 
================================================================================
[2025-10-16 09:44:55] INFO: [사이클 184] 2025-10-16 09:44:55
[2025-10-16 09:44:55] INFO: ================================================================================
[2025-10-16 09:44:55] WARNING: ⚠ trading_signals.xlsx 파일이 없습니다.
[2025-10-16 09:44:55] INFO: ℹ 모니터링 대상 종목이 없습니다.
[2025-10-16 09:44:55] INFO: 
⏰ 60초 후 다음 사이클 실행...
[2025-10-16 09:44:55] INFO:    종료하려면 Ctrl+C를 누르세요.
[2025-10-16 09:45:55] INFO: 
================================================================================
[2025-10-16 09:45:55] INFO: [사이클 185] 2025-10-16 09:45:55
[2025-10-16 09:45:55] INFO: ================================================================================
[2025-10-16 09:45:55] WARNING: ⚠ trading_signals.xlsx 파일이 없습니다.
[2025-10-16 09:45:55] INFO: ℹ 모니터링 대상 종목이 없습니다.
[2025-10-16 09:45:55] INFO: 
⏰ 60초 후 다음 사이클 실행...
[2025-10-16 09:45:55] INFO:    종료하려면 Ctrl+C를 누르세요.
[2025-10-16 09:46:55] INFO: 
================================================================================
[2025-10-16 09:46:55] INFO: [사이클 186] 2025-10-16 09:46:55
[2025-10-16 09:46:55] INFO: ================================================================================
[2025-10-16 09:46:55] WARNING: ⚠ trading_signals.xlsx 파일이 없습니다.
[2025-10-16 09:46:55] INFO: ℹ 모니터링 대상 종목이 없습니다.
[2025-10-16 09:46:55] INFO: 
⏰ 60초 후 다음 사이클 실행...
[2025-10-16 09:46:55] INFO:    종료하려면 Ctrl+C를 누르세요.
[2025-10-16 09:47:55] INFO: 
================================================================================
[2025-10-16 09:47:55] INFO: [사이클 187] 2025-10-16 09:47:55
[2025-10-16 09:47:55] INFO: ================================================================================
[2025-10-16 09:47:55] WARNING: ⚠ trading_signals.xlsx 파일이 없습니다.
[2025-10-16 09:47:55] INFO: ℹ 모니터링 대상 종목이 없습니다.
[2025-10-16 09:47:55] INFO: 
⏰ 60초 후 다음 사이클 실행...
[2025-10-16 09:47:55] INFO:    종료하려면 Ctrl+C를 누르세요.
[2025-10-16 09:48:55] INFO: 
================================================================================
[2025-10-16 09:48:55] INFO: [사이클 188] 2025-10-16 09:48:55
[2025-10-16 09:48:55] INFO: ================================================================================
[2025-10-16 09:48:55] WARNING: ⚠ trading_signals.xlsx 파일이 없습니다.
[2025-10-16 09:48:55] INFO: ℹ 모니터링 대상 종목이 없습니다.
[2025-10-16 09:48:55] INFO: 
⏰ 60초 후 다음 사이클 실행...
[2025-10-16 09:48:55] INFO:    종료하려면 Ctrl+C를 누르세요.
[2025-10-16 09:49:55] INFO: 
================================================================================
[2025-10-16 09:49:55] INFO: [사이클 189] 2025-10-16 09:49:55
[2025-10-16 09:49:55] INFO: ================================================================================
[2025-10-16 09:49:55] WARNING: ⚠ trading_signals.xlsx 파일이 없습니다.
[2025-10-16 09:49:55] INFO: ℹ 모니터링 대상 종목이 없습니다.
[2025-10-16 09:49:55] INFO: 
⏰ 60초 후 다음 사이클 실행...
[2025-10-16 09:49:55] INFO:    종료하려면 Ctrl+C를 누르세요.
[2025-10-16 09:50:55] INFO: 
================================================================================
[2025-10-16 09:50:55] INFO: [사이클 190] 2025-10-16 09:50:55
[2025-10-16 09:50:55] INFO: ================================================================================
[2025-10-16 09:50:55] WARNING: ⚠ trading_signals.xlsx 파일이 없습니다.
[2025-10-16 09:50:55] INFO: ℹ 모니터링 대상 종목이 없습니다.
[2025-10-16 09:50:55] INFO: 
⏰ 60초 후 다음 사이클 실행...
[2025-10-16 09:50:55] INFO:    종료하려면 Ctrl+C를 누르세요.
[2025-10-16 09:51:55] INFO: 
================================================================================
[2025-10-16 09:51:55] INFO: [사이클 191] 2025-10-16 09:51:55
[2025-10-16 09:51:55] INFO: ================================================================================
[2025-10-16 09:51:55] WARNING: ⚠ trading_signals.xlsx 파일이 없습니다.
[2025-10-16 09:51:55] INFO: ℹ 모니터링 대상 종목이 없습니다.
[2025-10-16 09:51:55] INFO: 
⏰ 60초 후 다음 사이클 실행...
[2025-10-16 09:51:55] INFO:    종료하려면 Ctrl+C를 누르세요.
[2025-10-16 09:52:55] INFO: 
================================================================================
[2025-10-16 09:52:55] INFO: [사이클 192] 2025-10-16 09:52:55
[2025-10-16 09:52:55] INFO: ================================================================================
[2025-10-16 09:52:55] WARNING: ⚠ trading_signals.xlsx 파일이 없습니다.
[2025-10-16 09:52:55] INFO: ℹ 모니터링 대상 종목이 없습니다.
[2025-10-16 09:52:55] INFO: 
⏰ 60초 후 다음 사이클 실행...
[2025-10-16 09:52:55] INFO:    종료하려면 Ctrl+C를 누르세요.
[2025-10-16 09:53:55] INFO: 
================================================================================
[2025-10-16 09:53:55] INFO: [사이클 193] 2025-10-16 09:53:55
[2025-10-16 09:53:55] INFO: ================================================================================
[2025-10-16 09:53:55] WARNING: ⚠ trading_signals.xlsx 파일이 없습니다.
[2025-10-16 09:53:55] INFO: ℹ 모니터링 대상 종목이 없습니다.
[2025-10-16 09:53:55] INFO: 
⏰ 60초 후 다음 사이클 실행...
[2025-10-16 09:53:55] INFO:    종료하려면 Ctrl+C를 누르세요.
[2025-10-16 09:54:55] INFO: 
================================================================================
[2025-10-16 09:54:55] INFO: [사이클 194] 2025-10-16 09:54:55
[2025-10-16 09:54:55] INFO: ================================================================================
[2025-10-16 09:54:55] WARNING: ⚠ trading_signals.xlsx 파일이 없습니다.
[2025-10-16 09:54:55] INFO: ℹ 모니터링 대상 종목이 없습니다.
[2025-10-16 09:54:55] INFO: 
⏰ 60초 후 다음 사이클 실행...
[2025-10-16 09:54:55] INFO:    종료하려면 Ctrl+C를 누르세요.
[2025-10-16 09:55:55] INFO: 
================================================================================
[2025-10-16 09:55:55] INFO: [사이클 195] 2025-10-16 09:55:55
[2025-10-16 09:55:55] INFO: ================================================================================
[2025-10-16 09:55:55] WARNING: ⚠ trading_signals.xlsx 파일이 없습니다.
[2025-10-16 09:55:55] INFO: ℹ 모니터링 대상 종목이 없습니다.
[2025-10-16 09:55:55] INFO: 
⏰ 60초 후 다음 사이클 실행...
[2025-10-16 09:55:55] INFO:    종료하려면 Ctrl+C를 누르세요.
[2025-10-16 09:56:55] INFO: 
================================================================================
[2025-10-16 09:56:55] INFO: [사이클 196] 2025-10-16 09:56:55
[2025-10-16 09:56:55] INFO: ================================================================================
[2025-10-16 09:56:55] WARNING: ⚠ trading_signals.xlsx 파일이 없습니다.
[2025-10-16 09:56:55] INFO: ℹ 모니터링 대상 종목이 없습니다.
[2025-10-16 09:56:55] INFO: 
⏰ 60초 후 다음 사이클 실행...
[2025-10-16 09:56:55] INFO:    종료하려면 Ctrl+C를 누르세요.
[2025-10-16 09:57:55] INFO: 
================================================================================
[2025-10-16 09:57:55] INFO: [사이클 197] 2025-10-16 09:57:55
[2025-10-16 09:57:55] INFO: ================================================================================
[2025-10-16 09:57:55] WARNING: ⚠ trading_signals.xlsx 파일이 없습니다.
[2025-10-16 09:57:55] INFO: ℹ 모니터링 대상 종목이 없습니다.
[2025-10-16 09:57:55] INFO: 
⏰ 60초 후 다음 사이클 실행...
[2025-10-16 09:57:55] INFO:    종료하려면 Ctrl+C를 누르세요.
[2025-10-16 09:58:55] INFO: 
================================================================================
[2025-10-16 09:58:55] INFO: [사이클 198] 2025-10-16 09:58:55
[2025-10-16 09:58:55] INFO: ================================================================================
[2025-10-16 09:58:55] WARNING: ⚠ trading_signals.xlsx 파일이 없습니다.
[2025-10-16 09:58:55] INFO: ℹ 모니터링 대상 종목이 없습니다.
[2025-10-16 09:58:55] INFO: 
⏰ 60초 후 다음 사이클 실행...
[2025-10-16 09:58:55] INFO:    종료하려면 Ctrl+C를 누르세요.
[2025-10-16 09:59:55] INFO: 
================================================================================
[2025-10-16 09:59:55] INFO: [사이클 199] 2025-10-16 09:59:55
[2025-10-16 09:59:55] INFO: ================================================================================
[2025-10-16 09:59:55] WARNING: ⚠ trading_signals.xlsx 파일이 없습니다.
[2025-10-16 09:59:55] INFO: ℹ 모니터링 대상 종목이 없습니다.
[2025-10-16 09:59:55] INFO: 
⏰ 60초 후 다음 사이클 실행...
[2025-10-16 09:59:55] INFO:    종료하려면 Ctrl+C를 누르세요.
[2025-10-16 10:00:55] INFO: 
================================================================================
[2025-10-16 10:00:55] INFO: [사이클 200] 2025-10-16 10:00:55
[2025-10-16 10:00:55] INFO: ================================================================================
[2025-10-16 10:00:55] WARNING: ⚠ trading_signals.xlsx 파일이 없습니다.
[2025-10-16 10:00:55] INFO: ℹ 모니터링 대상 종목이 없습니다.
[2025-10-16 10:00:55] INFO: 
⏰ 60초 후 다음 사이클 실행...
[2025-10-16 10:00:55] INFO:    종료하려면 Ctrl+C를 누르세요.
[2025-10-16 10:01:55] INFO: 
================================================================================
[2025-10-16 10:01:55] INFO: [사이클 201] 2025-10-16 10:01:55
[2025-10-16 10:01:55] INFO: ================================================================================
[2025-10-16 10:01:55] WARNING: ⚠ trading_signals.xlsx 파일이 없습니다.
[2025-10-16 10:01:55] INFO: ℹ 모니터링 대상 종목이 없습니다.
[2025-10-16 10:01:55] INFO: 
⏰ 60초 후 다음 사이클 실행...
[2025-10-16 10:01:55] INFO:    종료하려면 Ctrl+C를 누르세요.
[2025-10-16 10:02:55] INFO: 
================================================================================
[2025-10-16 10:02:55] INFO: [사이클 202] 2025-10-16 10:02:55
[2025-10-16 10:02:55] INFO: ================================================================================
[2025-10-16 10:02:55] WARNING: ⚠ trading_signals.xlsx 파일이 없습니다.
[2025-10-16 10:02:55] INFO: ℹ 모니터링 대상 종목이 없습니다.
[2025-10-16 10:02:55] INFO: 
⏰ 60초 후 다음 사이클 실행...
[2025-10-16 10:02:55] INFO:    종료하려면 Ctrl+C를 누르세요.
[2025-10-16 10:03:55] INFO: 
================================================================================
[2025-10-16 10:03:55] INFO: [사이클 203] 2025-10-16 10:03:55
[2025-10-16 10:03:55] INFO: ================================================================================
[2025-10-16 10:03:55] WARNING: ⚠ trading_signals.xlsx 파일이 없습니다.
[2025-10-16 10:03:55] INFO: ℹ 모니터링 대상 종목이 없습니다.
[2025-10-16 10:03:55] INFO: 
⏰ 60초 후 다음 사이클 실행...
[2025-10-16 10:03:55] INFO:    종료하려면 Ctrl+C를 누르세요.
[2025-10-16 10:04:55] INFO: 
================================================================================
[2025-10-16 10:04:55] INFO: [사이클 204] 2025-10-16 10:04:55
[2025-10-16 10:04:55] INFO: ================================================================================
[2025-10-16 10:04:55] WARNING: ⚠ trading_signals.xlsx 파일이 없습니다.
[2025-10-16 10:04:55] INFO: ℹ 모니터링 대상 종목이 없습니다.
[2025-10-16 10:04:55] INFO: 
⏰ 60초 후 다음 사이클 실행...
[2025-10-16 10:04:55] INFO:    종료하려면 Ctrl+C를 누르세요.
[2025-10-16 10:05:55] INFO: 
================================================================================
[2025-10-16 10:05:55] INFO: [사이클 205] 2025-10-16 10:05:55
[2025-10-16 10:05:55] INFO: ================================================================================
[2025-10-16 10:05:55] WARNING: ⚠ trading_signals.xlsx 파일이 없습니다.
[2025-10-16 10:05:55] INFO: ℹ 모니터링 대상 종목이 없습니다.
[2025-10-16 10:05:55] INFO: 
⏰ 60초 후 다음 사이클 실행...
[2025-10-16 10:05:55] INFO:    종료하려면 Ctrl+C를 누르세요.
[2025-10-16 10:06:55] INFO: 
================================================================================
[2025-10-16 10:06:55] INFO: [사이클 206] 2025-10-16 10:06:55
[2025-10-16 10:06:55] INFO: ================================================================================
[2025-10-16 10:06:55] WARNING: ⚠ trading_signals.xlsx 파일이 없습니다.
[2025-10-16 10:06:55] INFO: ℹ 모니터링 대상 종목이 없습니다.
[2025-10-16 10:06:55] INFO: 
⏰ 60초 후 다음 사이클 실행...
[2025-10-16 10:06:55] INFO:    종료하려면 Ctrl+C를 누르세요.
[2025-10-16 10:07:55] INFO: 
================================================================================
[2025-10-16 10:07:55] INFO: [사이클 207] 2025-10-16 10:07:55
[2025-10-16 10:07:55] INFO: ================================================================================
[2025-10-16 10:07:55] WARNING: ⚠ trading_signals.xlsx 파일이 없습니다.
[2025-10-16 10:07:55] INFO: ℹ 모니터링 대상 종목이 없습니다.
[2025-10-16 10:07:55] INFO: 
⏰ 60초 후 다음 사이클 실행...
[2025-10-16 10:07:55] INFO:    종료하려면 Ctrl+C를 누르세요.
[2025-10-16 10:08:55] INFO: 
================================================================================
[2025-10-16 10:08:55] INFO: [사이클 208] 2025-10-16 10:08:55
[2025-10-16 10:08:55] INFO: ================================================================================
[2025-10-16 10:08:55] WARNING: ⚠ trading_signals.xlsx 파일이 없습니다.
[2025-10-16 10:08:55] INFO: ℹ 모니터링 대상 종목이 없습니다.
[2025-10-16 10:08:55] INFO: 
⏰ 60초 후 다음 사이클 실행...
[2025-10-16 10:08:55] INFO:    종료하려면 Ctrl+C를 누르세요.
[2025-10-16 10:09:55] INFO: 
================================================================================
[2025-10-16 10:09:55] INFO: [사이클 209] 2025-10-16 10:09:55
[2025-10-16 10:09:55] INFO: ================================================================================
[2025-10-16 10:09:55] WARNING: ⚠ trading_signals.xlsx 파일이 없습니다.
[2025-10-16 10:09:55] INFO: ℹ 모니터링 대상 종목이 없습니다.
[2025-10-16 10:09:55] INFO: 
⏰ 60초 후 다음 사이클 실행...
[2025-10-16 10:09:55] INFO:    종료하려면 Ctrl+C를 누르세요.
[2025-10-16 10:10:55] INFO: 
================================================================================
[2025-10-16 10:10:55] INFO: [사이클 210] 2025-10-16 10:10:55
[2025-10-16 10:10:55] INFO: ================================================================================
[2025-10-16 10:10:55] WARNING: ⚠ trading_signals.xlsx 파일이 없습니다.
[2025-10-16 10:10:55] INFO: ℹ 모니터링 대상 종목이 없습니다.
[2025-10-16 10:10:55] INFO: 
⏰ 60초 후 다음 사이클 실행...
[2025-10-16 10:10:55] INFO:    종료하려면 Ctrl+C를 누르세요.
[2025-10-16 10:11:55] INFO: 
================================================================================
[2025-10-16 10:11:55] INFO: [사이클 211] 2025-10-16 10:11:55
[2025-10-16 10:11:55] INFO: ================================================================================
[2025-10-16 10:11:55] WARNING: ⚠ trading_signals.xlsx 파일이 없습니다.
[2025-10-16 10:11:55] INFO: ℹ 모니터링 대상 종목이 없습니다.
[2025-10-16 10:11:55] INFO: 
⏰ 60초 후 다음 사이클 실행...
[2025-10-16 10:11:55] INFO:    종료하려면 Ctrl+C를 누르세요.
[2025-10-16 10:12:55] INFO: 
================================================================================
[2025-10-16 10:12:55] INFO: [사이클 212] 2025-10-16 10:12:55
[2025-10-16 10:12:55] INFO: ================================================================================
[2025-10-16 10:12:55] WARNING: ⚠ trading_signals.xlsx 파일이 없습니다.
[2025-10-16 10:12:55] INFO: ℹ 모니터링 대상 종목이 없습니다.
[2025-10-16 10:12:55] INFO: 
⏰ 60초 후 다음 사이클 실행...
[2025-10-16 10:12:55] INFO:    종료하려면 Ctrl+C를 누르세요.
[2025-10-16 10:13:55] INFO: 
================================================================================
[2025-10-16 10:13:55] INFO: [사이클 213] 2025-10-16 10:13:55
[2025-10-16 10:13:55] INFO: ================================================================================
[2025-10-16 10:13:55] WARNING: ⚠ trading_signals.xlsx 파일이 없습니다.
[2025-10-16 10:13:55] INFO: ℹ 모니터링 대상 종목이 없습니다.
[2025-10-16 10:13:55] INFO: 
⏰ 60초 후 다음 사이클 실행...
[2025-10-16 10:13:55] INFO:    종료하려면 Ctrl+C를 누르세요.
[2025-10-16 10:14:55] INFO: 
================================================================================
[2025-10-16 10:14:55] INFO: [사이클 214] 2025-10-16 10:14:55
[2025-10-16 10:14:55] INFO: ================================================================================
[2025-10-16 10:14:55] WARNING: ⚠ trading_signals.xlsx 파일이 없습니다.
[2025-10-16 10:14:55] INFO: ℹ 모니터링 대상 종목이 없습니다.
[2025-10-16 10:14:55] INFO: 
⏰ 60초 후 다음 사이클 실행...
[2025-10-16 10:14:55] INFO:    종료하려면 Ctrl+C를 누르세요.
[2025-10-16 10:15:55] INFO: 
================================================================================
[2025-10-16 10:15:55] INFO: [사이클 215] 2025-10-16 10:15:55
[2025-10-16 10:15:55] INFO: ================================================================================
[2025-10-16 10:15:55] WARNING: ⚠ trading_signals.xlsx 파일이 없습니다.
[2025-10-16 10:15:55] INFO: ℹ 모니터링 대상 종목이 없습니다.
[2025-10-16 10:15:55] INFO: 
⏰ 60초 후 다음 사이클 실행...
[2025-10-16 10:15:55] INFO:    종료하려면 Ctrl+C를 누르세요.
[2025-10-16 10:16:55] INFO: 
================================================================================
[2025-10-16 10:16:55] INFO: [사이클 216] 2025-10-16 10:16:55
[2025-10-16 10:16:55] INFO: ================================================================================
[2025-10-16 10:16:55] WARNING: ⚠ trading_signals.xlsx 파일이 없습니다.
[2025-10-16 10:16:55] INFO: ℹ 모니터링 대상 종목이 없습니다.
[2025-10-16 10:16:55] INFO: 
⏰ 60초 후 다음 사이클 실행...
[2025-10-16 10:16:55] INFO:    종료하려면 Ctrl+C를 누르세요.
[2025-10-16 10:17:55] INFO: 
================================================================================
[2025-10-16 10:17:55] INFO: [사이클 217] 2025-10-16 10:17:55
[2025-10-16 10:17:55] INFO: ================================================================================
[2025-10-16 10:17:55] WARNING: ⚠ trading_signals.xlsx 파일이 없습니다.
[2025-10-16 10:17:55] INFO: ℹ 모니터링 대상 종목이 없습니다.
[2025-10-16 10:17:55] INFO: 
⏰ 60초 후 다음 사이클 실행...
[2025-10-16 10:17:55] INFO:    종료하려면 Ctrl+C를 누르세요.
[2025-10-16 10:18:55] INFO: 
================================================================================
[2025-10-16 10:18:55] INFO: [사이클 218] 2025-10-16 10:18:55
[2025-10-16 10:18:55] INFO: ================================================================================
[2025-10-16 10:18:55] WARNING: ⚠ trading_signals.xlsx 파일이 없습니다.
[2025-10-16 10:18:55] INFO: ℹ 모니터링 대상 종목이 없습니다.
[2025-10-16 10:18:55] INFO: 
⏰ 60초 후 다음 사이클 실행...
[2025-10-16 10:18:55] INFO:    종료하려면 Ctrl+C를 누르세요.
[2025-10-16 10:19:55] INFO: 
================================================================================
[2025-10-16 10:19:55] INFO: [사이클 219] 2025-10-16 10:19:55
[2025-10-16 10:19:55] INFO: ================================================================================
[2025-10-16 10:19:55] WARNING: ⚠ trading_signals.xlsx 파일이 없습니다.
[2025-10-16 10:19:55] INFO: ℹ 모니터링 대상 종목이 없습니다.
[2025-10-16 10:19:55] INFO: 
⏰ 60초 후 다음 사이클 실행...
[2025-10-16 10:19:55] INFO:    종료하려면 Ctrl+C를 누르세요.
[2025-10-16 10:20:55] INFO: 
================================================================================
[2025-10-16 10:20:55] INFO: [사이클 220] 2025-10-16 10:20:55
[2025-10-16 10:20:55] INFO: ================================================================================
[2025-10-16 10:20:55] WARNING: ⚠ trading_signals.xlsx 파일이 없습니다.
[2025-10-16 10:20:55] INFO: ℹ 모니터링 대상 종목이 없습니다.
[2025-10-16 10:20:55] INFO: 
⏰ 60초 후 다음 사이클 실행...
[2025-10-16 10:20:55] INFO:    종료하려면 Ctrl+C를 누르세요.
[2025-10-16 10:21:55] INFO: 
================================================================================
[2025-10-16 10:21:55] INFO: [사이클 221] 2025-10-16 10:21:55
[2025-10-16 10:21:55] INFO: ================================================================================
[2025-10-16 10:21:55] WARNING: ⚠ trading_signals.xlsx 파일이 없습니다.
[2025-10-16 10:21:55] INFO: ℹ 모니터링 대상 종목이 없습니다.
[2025-10-16 10:21:55] INFO: 
⏰ 60초 후 다음 사이클 실행...
[2025-10-16 10:21:55] INFO:    종료하려면 Ctrl+C를 누르세요.
[2025-10-16 10:22:55] INFO: 
================================================================================
[2025-10-16 10:22:55] INFO: [사이클 222] 2025-10-16 10:22:55
[2025-10-16 10:22:55] INFO: ================================================================================
[2025-10-16 10:22:55] WARNING: ⚠ trading_signals.xlsx 파일이 없습니다.
[2025-10-16 10:22:55] INFO: ℹ 모니터링 대상 종목이 없습니다.
[2025-10-16 10:22:55] INFO: 
⏰ 60초 후 다음 사이클 실행...
[2025-10-16 10:22:55] INFO:    종료하려면 Ctrl+C를 누르세요.
[2025-10-16 10:23:55] INFO: 
================================================================================
[2025-10-16 10:23:55] INFO: [사이클 223] 2025-10-16 10:23:55
[2025-10-16 10:23:55] INFO: ================================================================================
[2025-10-16 10:23:55] WARNING: ⚠ trading_signals.xlsx 파일이 없습니다.
[2025-10-16 10:23:55] INFO: ℹ 모니터링 대상 종목이 없습니다.
[2025-10-16 10:23:55] INFO: 
⏰ 60초 후 다음 사이클 실행...
[2025-10-16 10:23:55] INFO:    종료하려면 Ctrl+C를 누르세요.
[2025-10-16 10:24:55] INFO: 
================================================================================
[2025-10-16 10:24:55] INFO: [사이클 224] 2025-10-16 10:24:55
[2025-10-16 10:24:55] INFO: ================================================================================
[2025-10-16 10:24:55] WARNING: ⚠ trading_signals.xlsx 파일이 없습니다.
[2025-10-16 10:24:55] INFO: ℹ 모니터링 대상 종목이 없습니다.
[2025-10-16 10:24:55] INFO: 
⏰ 60초 후 다음 사이클 실행...
[2025-10-16 10:24:55] INFO:    종료하려면 Ctrl+C를 누르세요.
[2025-10-16 10:25:55] INFO: 
================================================================================
[2025-10-16 10:25:55] INFO: [사이클 225] 2025-10-16 10:25:55
[2025-10-16 10:25:55] INFO: ================================================================================
[2025-10-16 10:25:55] WARNING: ⚠ trading_signals.xlsx 파일이 없습니다.
[2025-10-16 10:25:55] INFO: ℹ 모니터링 대상 종목이 없습니다.
[2025-10-16 10:25:55] INFO: 
⏰ 60초 후 다음 사이클 실행...
[2025-10-16 10:25:55] INFO:    종료하려면 Ctrl+C를 누르세요.
[2025-10-16 10:26:55] INFO: 
================================================================================
[2025-10-16 10:26:55] INFO: [사이클 226] 2025-10-16 10:26:55
[2025-10-16 10:26:55] INFO: ================================================================================
[2025-10-16 10:26:55] WARNING: ⚠ trading_signals.xlsx 파일이 없습니다.
[2025-10-16 10:26:55] INFO: ℹ 모니터링 대상 종목이 없습니다.
[2025-10-16 10:26:55] INFO: 
⏰ 60초 후 다음 사이클 실행...
[2025-10-16 10:26:55] INFO:    종료하려면 Ctrl+C를 누르세요.
[2025-10-16 10:27:55] INFO: 
================================================================================
[2025-10-16 10:27:55] INFO: [사이클 227] 2025-10-16 10:27:55
[2025-10-16 10:27:55] INFO: ================================================================================
[2025-10-16 10:27:55] WARNING: ⚠ trading_signals.xlsx 파일이 없습니다.
[2025-10-16 10:27:55] INFO: ℹ 모니터링 대상 종목이 없습니다.
[2025-10-16 10:27:55] INFO: 
⏰ 60초 후 다음 사이클 실행...
[2025-10-16 10:27:55] INFO:    종료하려면 Ctrl+C를 누르세요.
[2025-10-16 10:28:55] INFO: 
================================================================================
[2025-10-16 10:28:55] INFO: [사이클 228] 2025-10-16 10:28:55
[2025-10-16 10:28:55] INFO: ================================================================================
[2025-10-16 10:28:55] WARNING: ⚠ trading_signals.xlsx 파일이 없습니다.
[2025-10-16 10:28:55] INFO: ℹ 모니터링 대상 종목이 없습니다.
[2025-10-16 10:28:55] INFO: 
⏰ 60초 후 다음 사이클 실행...
[2025-10-16 10:28:55] INFO:    종료하려면 Ctrl+C를 누르세요.
[2025-10-16 10:29:55] INFO: 
================================================================================
[2025-10-16 10:29:55] INFO: [사이클 229] 2025-10-16 10:29:55
[2025-10-16 10:29:55] INFO: ================================================================================
[2025-10-16 10:29:55] WARNING: ⚠ trading_signals.xlsx 파일이 없습니다.
[2025-10-16 10:29:55] INFO: ℹ 모니터링 대상 종목이 없습니다.
[2025-10-16 10:29:55] INFO: 
⏰ 60초 후 다음 사이클 실행...
[2025-10-16 10:29:55] INFO:    종료하려면 Ctrl+C를 누르세요.
[2025-10-16 10:30:55] INFO: 
================================================================================
[2025-10-16 10:30:55] INFO: [사이클 230] 2025-10-16 10:30:55
[2025-10-16 10:30:55] INFO: ================================================================================
[2025-10-16 10:30:55] WARNING: ⚠ trading_signals.xlsx 파일이 없습니다.
[2025-10-16 10:30:55] INFO: ℹ 모니터링 대상 종목이 없습니다.
[2025-10-16 10:30:55] INFO: 
⏰ 60초 후 다음 사이클 실행...
[2025-10-16 10:30:55] INFO:    종료하려면 Ctrl+C를 누르세요.
[2025-10-16 10:31:55] INFO: 
================================================================================
[2025-10-16 10:31:55] INFO: [사이클 231] 2025-10-16 10:31:55
[2025-10-16 10:31:55] INFO: ================================================================================
[2025-10-16 10:31:55] WARNING: ⚠ trading_signals.xlsx 파일이 없습니다.
[2025-10-16 10:31:55] INFO: ℹ 모니터링 대상 종목이 없습니다.
[2025-10-16 10:31:55] INFO: 
⏰ 60초 후 다음 사이클 실행...
[2025-10-16 10:31:55] INFO:    종료하려면 Ctrl+C를 누르세요.
[2025-10-16 10:32:55] INFO: 
================================================================================
[2025-10-16 10:32:55] INFO: [사이클 232] 2025-10-16 10:32:55
[2025-10-16 10:32:55] INFO: ================================================================================
[2025-10-16 10:32:55] WARNING: ⚠ trading_signals.xlsx 파일이 없습니다.
[2025-10-16 10:32:55] INFO: ℹ 모니터링 대상 종목이 없습니다.
[2025-10-16 10:32:55] INFO: 
⏰ 60초 후 다음 사이클 실행...
[2025-10-16 10:32:55] INFO:    종료하려면 Ctrl+C를 누르세요.
[2025-10-16 10:33:55] INFO: 
================================================================================
[2025-10-16 10:33:55] INFO: [사이클 233] 2025-10-16 10:33:55
[2025-10-16 10:33:55] INFO: ================================================================================
[2025-10-16 10:33:55] WARNING: ⚠ trading_signals.xlsx 파일이 없습니다.
[2025-10-16 10:33:55] INFO: ℹ 모니터링 대상 종목이 없습니다.
[2025-10-16 10:33:55] INFO: 
⏰ 60초 후 다음 사이클 실행...
[2025-10-16 10:33:55] INFO:    종료하려면 Ctrl+C를 누르세요.
[2025-10-16 10:34:55] INFO: 
================================================================================
[2025-10-16 10:34:55] INFO: [사이클 234] 2025-10-16 10:34:55
[2025-10-16 10:34:55] INFO: ================================================================================
[2025-10-16 10:34:55] WARNING: ⚠ trading_signals.xlsx 파일이 없습니다.
[2025-10-16 10:34:55] INFO: ℹ 모니터링 대상 종목이 없습니다.
[2025-10-16 10:34:55] INFO: 
⏰ 60초 후 다음 사이클 실행...
[2025-10-16 10:34:55] INFO:    종료하려면 Ctrl+C를 누르세요.
[2025-10-16 10:35:55] INFO: 
================================================================================
[2025-10-16 10:35:55] INFO: [사이클 235] 2025-10-16 10:35:55
[2025-10-16 10:35:55] INFO: ================================================================================
[2025-10-16 10:35:55] WARNING: ⚠ trading_signals.xlsx 파일이 없습니다.
[2025-10-16 10:35:55] INFO: ℹ 모니터링 대상 종목이 없습니다.
[2025-10-16 10:35:55] INFO: 
⏰ 60초 후 다음 사이클 실행...
[2025-10-16 10:35:55] INFO:    종료하려면 Ctrl+C를 누르세요.
[2025-10-16 10:36:55] INFO: 
================================================================================
[2025-10-16 10:36:55] INFO: [사이클 236] 2025-10-16 10:36:55
[2025-10-16 10:36:55] INFO: ================================================================================
[2025-10-16 10:36:55] WARNING: ⚠ trading_signals.xlsx 파일이 없습니다.
[2025-10-16 10:36:55] INFO: ℹ 모니터링 대상 종목이 없습니다.
[2025-10-16 10:36:55] INFO: 
⏰ 60초 후 다음 사이클 실행...
[2025-10-16 10:36:55] INFO:    종료하려면 Ctrl+C를 누르세요.
[2025-10-16 10:37:55] INFO: 
================================================================================
[2025-10-16 10:37:55] INFO: [사이클 237] 2025-10-16 10:37:55
[2025-10-16 10:37:55] INFO: ================================================================================
[2025-10-16 10:37:55] WARNING: ⚠ trading_signals.xlsx 파일이 없습니다.
[2025-10-16 10:37:55] INFO: ℹ 모니터링 대상 종목이 없습니다.
[2025-10-16 10:37:55] INFO: 
⏰ 60초 후 다음 사이클 실행...
[2025-10-16 10:37:55] INFO:    종료하려면 Ctrl+C를 누르세요.
[2025-10-16 10:38:55] INFO: 
================================================================================
[2025-10-16 10:38:55] INFO: [사이클 238] 2025-10-16 10:38:55
[2025-10-16 10:38:55] INFO: ================================================================================
[2025-10-16 10:38:55] WARNING: ⚠ trading_signals.xlsx 파일이 없습니다.
[2025-10-16 10:38:55] INFO: ℹ 모니터링 대상 종목이 없습니다.
[2025-10-16 10:38:55] INFO: 
⏰ 60초 후 다음 사이클 실행...
[2025-10-16 10:38:55] INFO:    종료하려면 Ctrl+C를 누르세요.
[2025-10-16 10:39:55] INFO: 
================================================================================
[2025-10-16 10:39:55] INFO: [사이클 239] 2025-10-16 10:39:55
[2025-10-16 10:39:55] INFO: ================================================================================
[2025-10-16 10:39:55] WARNING: ⚠ trading_signals.xlsx 파일이 없습니다.
[2025-10-16 10:39:55] INFO: ℹ 모니터링 대상 종목이 없습니다.
[2025-10-16 10:39:55] INFO: 
⏰ 60초 후 다음 사이클 실행...
[2025-10-16 10:39:55] INFO:    종료하려면 Ctrl+C를 누르세요.
[2025-10-16 10:40:55] INFO: 
================================================================================
[2025-10-16 10:40:55] INFO: [사이클 240] 2025-10-16 10:40:55
[2025-10-16 10:40:55] INFO: ================================================================================
[2025-10-16 10:40:55] WARNING: ⚠ trading_signals.xlsx 파일이 없습니다.
[2025-10-16 10:40:55] INFO: ℹ 모니터링 대상 종목이 없습니다.
[2025-10-16 10:40:55] INFO: 
⏰ 60초 후 다음 사이클 실행...
[2025-10-16 10:40:55] INFO:    종료하려면 Ctrl+C를 누르세요.
[2025-10-16 10:41:55] INFO: 
================================================================================
[2025-10-16 10:41:55] INFO: [사이클 241] 2025-10-16 10:41:55
[2025-10-16 10:41:55] INFO: ================================================================================
[2025-10-16 10:41:55] WARNING: ⚠ trading_signals.xlsx 파일이 없습니다.
[2025-10-16 10:41:55] INFO: ℹ 모니터링 대상 종목이 없습니다.
[2025-10-16 10:41:55] INFO: 
⏰ 60초 후 다음 사이클 실행...
[2025-10-16 10:41:55] INFO:    종료하려면 Ctrl+C를 누르세요.
[2025-10-16 10:42:55] INFO: 
================================================================================
[2025-10-16 10:42:55] INFO: [사이클 242] 2025-10-16 10:42:55
[2025-10-16 10:42:55] INFO: ================================================================================
[2025-10-16 10:42:55] WARNING: ⚠ trading_signals.xlsx 파일이 없습니다.
[2025-10-16 10:42:55] INFO: ℹ 모니터링 대상 종목이 없습니다.
[2025-10-16 10:42:55] INFO: 
⏰ 60초 후 다음 사이클 실행...
[2025-10-16 10:42:55] INFO:    종료하려면 Ctrl+C를 누르세요.
[2025-10-16 10:43:55] INFO: 
================================================================================
[2025-10-16 10:43:55] INFO: [사이클 243] 2025-10-16 10:43:55
[2025-10-16 10:43:55] INFO: ================================================================================
[2025-10-16 10:43:55] WARNING: ⚠ trading_signals.xlsx 파일이 없습니다.
[2025-10-16 10:43:55] INFO: ℹ 모니터링 대상 종목이 없습니다.
[2025-10-16 10:43:55] INFO: 
⏰ 60초 후 다음 사이클 실행...
[2025-10-16 10:43:55] INFO:    종료하려면 Ctrl+C를 누르세요.
[2025-10-16 10:44:55] INFO: 
================================================================================
[2025-10-16 10:44:55] INFO: [사이클 244] 2025-10-16 10:44:55
[2025-10-16 10:44:55] INFO: ================================================================================
[2025-10-16 10:44:55] WARNING: ⚠ trading_signals.xlsx 파일이 없습니다.
[2025-10-16 10:44:55] INFO: ℹ 모니터링 대상 종목이 없습니다.
[2025-10-16 10:44:55] INFO: 
⏰ 60초 후 다음 사이클 실행...
[2025-10-16 10:44:55] INFO:    종료하려면 Ctrl+C를 누르세요.
[2025-10-16 10:45:55] INFO: 
================================================================================
[2025-10-16 10:45:55] INFO: [사이클 245] 2025-10-16 10:45:55
[2025-10-16 10:45:55] INFO: ================================================================================
[2025-10-16 10:45:55] WARNING: ⚠ trading_signals.xlsx 파일이 없습니다.
[2025-10-16 10:45:55] INFO: ℹ 모니터링 대상 종목이 없습니다.
[2025-10-16 10:45:55] INFO: 
⏰ 60초 후 다음 사이클 실행...
[2025-10-16 10:45:55] INFO:    종료하려면 Ctrl+C를 누르세요.
[2025-10-16 10:46:55] INFO: 
================================================================================
[2025-10-16 10:46:55] INFO: [사이클 246] 2025-10-16 10:46:55
[2025-10-16 10:46:55] INFO: ================================================================================
[2025-10-16 10:46:55] WARNING: ⚠ trading_signals.xlsx 파일이 없습니다.
[2025-10-16 10:46:55] INFO: ℹ 모니터링 대상 종목이 없습니다.
[2025-10-16 10:46:55] INFO: 
⏰ 60초 후 다음 사이클 실행...
[2025-10-16 10:46:55] INFO:    종료하려면 Ctrl+C를 누르세요.
[2025-10-16 10:47:55] INFO: 
================================================================================
[2025-10-16 10:47:55] INFO: [사이클 247] 2025-10-16 10:47:55
[2025-10-16 10:47:55] INFO: ================================================================================
[2025-10-16 10:47:55] WARNING: ⚠ trading_signals.xlsx 파일이 없습니다.
[2025-10-16 10:47:55] INFO: ℹ 모니터링 대상 종목이 없습니다.
[2025-10-16 10:47:55] INFO: 
⏰ 60초 후 다음 사이클 실행...
[2025-10-16 10:47:55] INFO:    종료하려면 Ctrl+C를 누르세요.
[2025-10-16 10:48:55] INFO: 
================================================================================
[2025-10-16 10:48:55] INFO: [사이클 248] 2025-10-16 10:48:55
[2025-10-16 10:48:55] INFO: ================================================================================
[2025-10-16 10:48:55] WARNING: ⚠ trading_signals.xlsx 파일이 없습니다.
[2025-10-16 10:48:55] INFO: ℹ 모니터링 대상 종목이 없습니다.
[2025-10-16 10:48:55] INFO: 
⏰ 60초 후 다음 사이클 실행...
[2025-10-16 10:48:55] INFO:    종료하려면 Ctrl+C를 누르세요.
[2025-10-16 10:49:55] INFO: 
================================================================================
[2025-10-16 10:49:55] INFO: [사이클 249] 2025-10-16 10:49:55
[2025-10-16 10:49:55] INFO: ================================================================================
[2025-10-16 10:49:55] WARNING: ⚠ trading_signals.xlsx 파일이 없습니다.
[2025-10-16 10:49:55] INFO: ℹ 모니터링 대상 종목이 없습니다.
[2025-10-16 10:49:55] INFO: 
⏰ 60초 후 다음 사이클 실행...
[2025-10-16 10:49:55] INFO:    종료하려면 Ctrl+C를 누르세요.
[2025-10-16 10:50:55] INFO: 
================================================================================
[2025-10-16 10:50:55] INFO: [사이클 250] 2025-10-16 10:50:55
[2025-10-16 10:50:55] INFO: ================================================================================
[2025-10-16 10:50:55] WARNING: ⚠ trading_signals.xlsx 파일이 없습니다.
[2025-10-16 10:50:55] INFO: ℹ 모니터링 대상 종목이 없습니다.
[2025-10-16 10:50:55] INFO: 
⏰ 60초 후 다음 사이클 실행...
[2025-10-16 10:50:55] INFO:    종료하려면 Ctrl+C를 누르세요.
[2025-10-16 10:51:55] INFO: 
================================================================================
[2025-10-16 10:51:55] INFO: [사이클 251] 2025-10-16 10:51:55
[2025-10-16 10:51:55] INFO: ================================================================================
[2025-10-16 10:51:55] WARNING: ⚠ trading_signals.xlsx 파일이 없습니다.
[2025-10-16 10:51:55] INFO: ℹ 모니터링 대상 종목이 없습니다.
[2025-10-16 10:51:55] INFO: 
⏰ 60초 후 다음 사이클 실행...
[2025-10-16 10:51:55] INFO:    종료하려면 Ctrl+C를 누르세요.
[2025-10-16 10:52:55] INFO: 
================================================================================
[2025-10-16 10:52:55] INFO: [사이클 252] 2025-10-16 10:52:55
[2025-10-16 10:52:55] INFO: ================================================================================
[2025-10-16 10:52:55] WARNING: ⚠ trading_signals.xlsx 파일이 없습니다.
[2025-10-16 10:52:55] INFO: ℹ 모니터링 대상 종목이 없습니다.
[2025-10-16 10:52:55] INFO: 
⏰ 60초 후 다음 사이클 실행...
[2025-10-16 10:52:55] INFO:    종료하려면 Ctrl+C를 누르세요.
[2025-10-16 10:53:55] INFO: 
================================================================================
[2025-10-16 10:53:55] INFO: [사이클 253] 2025-10-16 10:53:55
[2025-10-16 10:53:55] INFO: ================================================================================
[2025-10-16 10:53:55] WARNING: ⚠ trading_signals.xlsx 파일이 없습니다.
[2025-10-16 10:53:55] INFO: ℹ 모니터링 대상 종목이 없습니다.
[2025-10-16 10:53:55] INFO: 
⏰ 60초 후 다음 사이클 실행...
[2025-10-16 10:53:55] INFO:    종료하려면 Ctrl+C를 누르세요.
[2025-10-16 10:54:55] INFO: 
================================================================================
[2025-10-16 10:54:55] INFO: [사이클 254] 2025-10-16 10:54:55
[2025-10-16 10:54:55] INFO: ================================================================================
[2025-10-16 10:54:55] WARNING: ⚠ trading_signals.xlsx 파일이 없습니다.
[2025-10-16 10:54:55] INFO: ℹ 모니터링 대상 종목이 없습니다.
[2025-10-16 10:54:55] INFO: 
⏰ 60초 후 다음 사이클 실행...
[2025-10-16 10:54:55] INFO:    종료하려면 Ctrl+C를 누르세요.
[2025-10-16 10:55:55] INFO: 
================================================================================
[2025-10-16 10:55:55] INFO: [사이클 255] 2025-10-16 10:55:55
[2025-10-16 10:55:55] INFO: ================================================================================
[2025-10-16 10:55:55] WARNING: ⚠ trading_signals.xlsx 파일이 없습니다.
[2025-10-16 10:55:55] INFO: ℹ 모니터링 대상 종목이 없습니다.
[2025-10-16 10:55:55] INFO: 
⏰ 60초 후 다음 사이클 실행...
[2025-10-16 10:55:55] INFO:    종료하려면 Ctrl+C를 누르세요.
[2025-10-16 10:56:55] INFO: 
================================================================================
[2025-10-16 10:56:55] INFO: [사이클 256] 2025-10-16 10:56:55
[2025-10-16 10:56:55] INFO: ================================================================================
[2025-10-16 10:56:55] WARNING: ⚠ trading_signals.xlsx 파일이 없습니다.
[2025-10-16 10:56:55] INFO: ℹ 모니터링 대상 종목이 없습니다.
[2025-10-16 10:56:55] INFO: 
⏰ 60초 후 다음 사이클 실행...
[2025-10-16 10:56:55] INFO:    종료하려면 Ctrl+C를 누르세요.
[2025-10-16 10:57:55] INFO: 
================================================================================
[2025-10-16 10:57:55] INFO: [사이클 257] 2025-10-16 10:57:55
[2025-10-16 10:57:55] INFO: ================================================================================
[2025-10-16 10:57:55] WARNING: ⚠ trading_signals.xlsx 파일이 없습니다.
[2025-10-16 10:57:55] INFO: ℹ 모니터링 대상 종목이 없습니다.
[2025-10-16 10:57:55] INFO: 
⏰ 60초 후 다음 사이클 실행...
[2025-10-16 10:57:55] INFO:    종료하려면 Ctrl+C를 누르세요.
[2025-10-16 10:58:55] INFO: 
================================================================================
[2025-10-16 10:58:55] INFO: [사이클 258] 2025-10-16 10:58:55
[2025-10-16 10:58:55] INFO: ================================================================================
[2025-10-16 10:58:55] WARNING: ⚠ trading_signals.xlsx 파일이 없습니다.
[2025-10-16 10:58:55] INFO: ℹ 모니터링 대상 종목이 없습니다.
[2025-10-16 10:58:55] INFO: 
⏰ 60초 후 다음 사이클 실행...
[2025-10-16 10:58:55] INFO:    종료하려면 Ctrl+C를 누르세요.
[2025-10-16 10:59:55] INFO: 
================================================================================
[2025-10-16 10:59:55] INFO: [사이클 259] 2025-10-16 10:59:55
[2025-10-16 10:59:55] INFO: ================================================================================
[2025-10-16 10:59:55] WARNING: ⚠ trading_signals.xlsx 파일이 없습니다.
[2025-10-16 10:59:55] INFO: ℹ 모니터링 대상 종목이 없습니다.
[2025-10-16 10:59:55] INFO: 
⏰ 60초 후 다음 사이클 실행...
[2025-10-16 10:59:55] INFO:    종료하려면 Ctrl+C를 누르세요.
[2025-10-16 11:00:55] INFO: 
================================================================================
[2025-10-16 11:00:55] INFO: [사이클 260] 2025-10-16 11:00:55
[2025-10-16 11:00:55] INFO: ================================================================================
[2025-10-16 11:00:55] WARNING: ⚠ trading_signals.xlsx 파일이 없습니다.
[2025-10-16 11:00:55] INFO: ℹ 모니터링 대상 종목이 없습니다.
[2025-10-16 11:00:55] INFO: 
⏰ 60초 후 다음 사이클 실행...
[2025-10-16 11:00:55] INFO:    종료하려면 Ctrl+C를 누르세요.
[2025-10-16 11:01:55] INFO: 
================================================================================
[2025-10-16 11:01:55] INFO: [사이클 261] 2025-10-16 11:01:55
[2025-10-16 11:01:55] INFO: ================================================================================
[2025-10-16 11:01:55] WARNING: ⚠ trading_signals.xlsx 파일이 없습니다.
[2025-10-16 11:01:55] INFO: ℹ 모니터링 대상 종목이 없습니다.
[2025-10-16 11:01:55] INFO: 
⏰ 60초 후 다음 사이클 실행...
[2025-10-16 11:01:55] INFO:    종료하려면 Ctrl+C를 누르세요.
[2025-10-16 11:02:55] INFO: 
================================================================================
[2025-10-16 11:02:55] INFO: [사이클 262] 2025-10-16 11:02:55
[2025-10-16 11:02:55] INFO: ================================================================================
[2025-10-16 11:02:55] WARNING: ⚠ trading_signals.xlsx 파일이 없습니다.
[2025-10-16 11:02:55] INFO: ℹ 모니터링 대상 종목이 없습니다.
[2025-10-16 11:02:55] INFO: 
⏰ 60초 후 다음 사이클 실행...
[2025-10-16 11:02:55] INFO:    종료하려면 Ctrl+C를 누르세요.
[2025-10-16 11:03:55] INFO: 
================================================================================
[2025-10-16 11:03:55] INFO: [사이클 263] 2025-10-16 11:03:55
[2025-10-16 11:03:55] INFO: ================================================================================
[2025-10-16 11:03:55] WARNING: ⚠ trading_signals.xlsx 파일이 없습니다.
[2025-10-16 11:03:55] INFO: ℹ 모니터링 대상 종목이 없습니다.
[2025-10-16 11:03:55] INFO: 
⏰ 60초 후 다음 사이클 실행...
[2025-10-16 11:03:55] INFO:    종료하려면 Ctrl+C를 누르세요.
[2025-10-16 11:04:55] INFO: 
================================================================================
[2025-10-16 11:04:55] INFO: [사이클 264] 2025-10-16 11:04:55
[2025-10-16 11:04:55] INFO: ================================================================================
[2025-10-16 11:04:55] WARNING: ⚠ trading_signals.xlsx 파일이 없습니다.
[2025-10-16 11:04:55] INFO: ℹ 모니터링 대상 종목이 없습니다.
[2025-10-16 11:04:55] INFO: 
⏰ 60초 후 다음 사이클 실행...
[2025-10-16 11:04:55] INFO:    종료하려면 Ctrl+C를 누르세요.
[2025-10-16 11:05:55] INFO: 
================================================================================
[2025-10-16 11:05:55] INFO: [사이클 265] 2025-10-16 11:05:55
[2025-10-16 11:05:55] INFO: ================================================================================
[2025-10-16 11:05:55] WARNING: ⚠ trading_signals.xlsx 파일이 없습니다.
[2025-10-16 11:05:55] INFO: ℹ 모니터링 대상 종목이 없습니다.
[2025-10-16 11:05:55] INFO: 
⏰ 60초 후 다음 사이클 실행...
[2025-10-16 11:05:55] INFO:    종료하려면 Ctrl+C를 누르세요.
[2025-10-16 11:06:55] INFO: 
================================================================================
[2025-10-16 11:06:55] INFO: [사이클 266] 2025-10-16 11:06:55
[2025-10-16 11:06:55] INFO: ================================================================================
[2025-10-16 11:06:55] WARNING: ⚠ trading_signals.xlsx 파일이 없습니다.
[2025-10-16 11:06:55] INFO: ℹ 모니터링 대상 종목이 없습니다.
[2025-10-16 11:06:55] INFO: 
⏰ 60초 후 다음 사이클 실행...
[2025-10-16 11:06:55] INFO:    종료하려면 Ctrl+C를 누르세요.
[2025-10-16 11:07:55] INFO: 
================================================================================
[2025-10-16 11:07:55] INFO: [사이클 267] 2025-10-16 11:07:55
[2025-10-16 11:07:55] INFO: ================================================================================
[2025-10-16 11:07:55] WARNING: ⚠ trading_signals.xlsx 파일이 없습니다.
[2025-10-16 11:07:55] INFO: ℹ 모니터링 대상 종목이 없습니다.
[2025-10-16 11:07:55] INFO: 
⏰ 60초 후 다음 사이클 실행...
[2025-10-16 11:07:55] INFO:    종료하려면 Ctrl+C를 누르세요.
[2025-10-16 11:08:55] INFO: 
================================================================================
[2025-10-16 11:08:55] INFO: [사이클 268] 2025-10-16 11:08:55
[2025-10-16 11:08:55] INFO: ================================================================================
[2025-10-16 11:08:55] WARNING: ⚠ trading_signals.xlsx 파일이 없습니다.
[2025-10-16 11:08:55] INFO: ℹ 모니터링 대상 종목이 없습니다.
[2025-10-16 11:08:55] INFO: 
⏰ 60초 후 다음 사이클 실행...
[2025-10-16 11:08:55] INFO:    종료하려면 Ctrl+C를 누르세요.
[2025-10-16 11:09:55] INFO: 
================================================================================
[2025-10-16 11:09:55] INFO: [사이클 269] 2025-10-16 11:09:55
[2025-10-16 11:09:55] INFO: ================================================================================
[2025-10-16 11:09:55] WARNING: ⚠ trading_signals.xlsx 파일이 없습니다.
[2025-10-16 11:09:55] INFO: ℹ 모니터링 대상 종목이 없습니다.
[2025-10-16 11:09:55] INFO: 
⏰ 60초 후 다음 사이클 실행...
[2025-10-16 11:09:55] INFO:    종료하려면 Ctrl+C를 누르세요.
[2025-10-16 11:10:55] INFO: 
================================================================================
[2025-10-16 11:10:55] INFO: [사이클 270] 2025-10-16 11:10:55
[2025-10-16 11:10:55] INFO: ================================================================================
[2025-10-16 11:10:55] WARNING: ⚠ trading_signals.xlsx 파일이 없습니다.
[2025-10-16 11:10:55] INFO: ℹ 모니터링 대상 종목이 없습니다.
[2025-10-16 11:10:55] INFO: 
⏰ 60초 후 다음 사이클 실행...
[2025-10-16 11:10:55] INFO:    종료하려면 Ctrl+C를 누르세요.
[2025-10-16 11:11:55] INFO: 
================================================================================
[2025-10-16 11:11:55] INFO: [사이클 271] 2025-10-16 11:11:55
[2025-10-16 11:11:55] INFO: ================================================================================
[2025-10-16 11:11:55] WARNING: ⚠ trading_signals.xlsx 파일이 없습니다.
[2025-10-16 11:11:55] INFO: ℹ 모니터링 대상 종목이 없습니다.
[2025-10-16 11:11:55] INFO: 
⏰ 60초 후 다음 사이클 실행...
[2025-10-16 11:11:55] INFO:    종료하려면 Ctrl+C를 누르세요.
[2025-10-16 11:12:55] INFO: 
================================================================================
[2025-10-16 11:12:55] INFO: [사이클 272] 2025-10-16 11:12:55
[2025-10-16 11:12:55] INFO: ================================================================================
[2025-10-16 11:12:55] WARNING: ⚠ trading_signals.xlsx 파일이 없습니다.
[2025-10-16 11:12:55] INFO: ℹ 모니터링 대상 종목이 없습니다.
[2025-10-16 11:12:55] INFO: 
⏰ 60초 후 다음 사이클 실행...
[2025-10-16 11:12:55] INFO:    종료하려면 Ctrl+C를 누르세요.
[2025-10-16 11:13:55] INFO: 
================================================================================
[2025-10-16 11:13:55] INFO: [사이클 273] 2025-10-16 11:13:55
[2025-10-16 11:13:55] INFO: ================================================================================
[2025-10-16 11:13:55] WARNING: ⚠ trading_signals.xlsx 파일이 없습니다.
[2025-10-16 11:13:55] INFO: ℹ 모니터링 대상 종목이 없습니다.
[2025-10-16 11:13:55] INFO: 
⏰ 60초 후 다음 사이클 실행...
[2025-10-16 11:13:55] INFO:    종료하려면 Ctrl+C를 누르세요.
[2025-10-16 11:14:55] INFO: 
================================================================================
[2025-10-16 11:14:55] INFO: [사이클 274] 2025-10-16 11:14:55
[2025-10-16 11:14:55] INFO: ================================================================================
[2025-10-16 11:14:55] WARNING: ⚠ trading_signals.xlsx 파일이 없습니다.
[2025-10-16 11:14:55] INFO: ℹ 모니터링 대상 종목이 없습니다.
[2025-10-16 11:14:55] INFO: 
⏰ 60초 후 다음 사이클 실행...
[2025-10-16 11:14:55] INFO:    종료하려면 Ctrl+C를 누르세요.
[2025-10-16 11:15:55] INFO: 
================================================================================
[2025-10-16 11:15:55] INFO: [사이클 275] 2025-10-16 11:15:55
[2025-10-16 11:15:55] INFO: ================================================================================
[2025-10-16 11:15:55] WARNING: ⚠ trading_signals.xlsx 파일이 없습니다.
[2025-10-16 11:15:55] INFO: ℹ 모니터링 대상 종목이 없습니다.
[2025-10-16 11:15:55] INFO: 
⏰ 60초 후 다음 사이클 실행...
[2025-10-16 11:15:55] INFO:    종료하려면 Ctrl+C를 누르세요.
[2025-10-16 11:16:55] INFO: 
================================================================================
[2025-10-16 11:16:55] INFO: [사이클 276] 2025-10-16 11:16:55
[2025-10-16 11:16:55] INFO: ================================================================================
[2025-10-16 11:16:55] WARNING: ⚠ trading_signals.xlsx 파일이 없습니다.
[2025-10-16 11:16:55] INFO: ℹ 모니터링 대상 종목이 없습니다.
[2025-10-16 11:16:55] INFO: 
⏰ 60초 후 다음 사이클 실행...
[2025-10-16 11:16:55] INFO:    종료하려면 Ctrl+C를 누르세요.
[2025-10-16 11:17:55] INFO: 
================================================================================
[2025-10-16 11:17:55] INFO: [사이클 277] 2025-10-16 11:17:55
[2025-10-16 11:17:55] INFO: ================================================================================
[2025-10-16 11:17:55] WARNING: ⚠ trading_signals.xlsx 파일이 없습니다.
[2025-10-16 11:17:55] INFO: ℹ 모니터링 대상 종목이 없습니다.
[2025-10-16 11:17:55] INFO: 
⏰ 60초 후 다음 사이클 실행...
[2025-10-16 11:17:55] INFO:    종료하려면 Ctrl+C를 누르세요.
[2025-10-16 11:18:55] INFO: 
================================================================================
[2025-10-16 11:18:55] INFO: [사이클 278] 2025-10-16 11:18:55
[2025-10-16 11:18:55] INFO: ================================================================================
[2025-10-16 11:18:55] WARNING: ⚠ trading_signals.xlsx 파일이 없습니다.
[2025-10-16 11:18:55] INFO: ℹ 모니터링 대상 종목이 없습니다.
[2025-10-16 11:18:56] INFO: 
⏰ 60초 후 다음 사이클 실행...
[2025-10-16 11:18:56] INFO:    종료하려면 Ctrl+C를 누르세요.
[2025-10-16 11:19:56] INFO: 
================================================================================
[2025-10-16 11:19:56] INFO: [사이클 279] 2025-10-16 11:19:56
[2025-10-16 11:19:56] INFO: ================================================================================
[2025-10-16 11:19:56] WARNING: ⚠ trading_signals.xlsx 파일이 없습니다.
[2025-10-16 11:19:56] INFO: ℹ 모니터링 대상 종목이 없습니다.
[2025-10-16 11:19:56] INFO: 
⏰ 60초 후 다음 사이클 실행...
[2025-10-16 11:19:56] INFO:    종료하려면 Ctrl+C를 누르세요.
[2025-10-16 11:20:56] INFO: 
================================================================================
[2025-10-16 11:20:56] INFO: [사이클 280] 2025-10-16 11:20:56
[2025-10-16 11:20:56] INFO: ================================================================================
[2025-10-16 11:20:56] WARNING: ⚠ trading_signals.xlsx 파일이 없습니다.
[2025-10-16 11:20:56] INFO: ℹ 모니터링 대상 종목이 없습니다.
[2025-10-16 11:20:56] INFO: 
⏰ 60초 후 다음 사이클 실행...
[2025-10-16 11:20:56] INFO:    종료하려면 Ctrl+C를 누르세요.
[2025-10-16 11:21:56] INFO: 
================================================================================
[2025-10-16 11:21:56] INFO: [사이클 281] 2025-10-16 11:21:56
[2025-10-16 11:21:56] INFO: ================================================================================
[2025-10-16 11:21:56] WARNING: ⚠ trading_signals.xlsx 파일이 없습니다.
[2025-10-16 11:21:56] INFO: ℹ 모니터링 대상 종목이 없습니다.
[2025-10-16 11:21:56] INFO: 
⏰ 60초 후 다음 사이클 실행...
[2025-10-16 11:21:56] INFO:    종료하려면 Ctrl+C를 누르세요.
[2025-10-16 11:22:56] INFO: 
================================================================================
[2025-10-16 11:22:56] INFO: [사이클 282] 2025-10-16 11:22:56
[2025-10-16 11:22:56] INFO: ================================================================================
[2025-10-16 11:22:56] WARNING: ⚠ trading_signals.xlsx 파일이 없습니다.
[2025-10-16 11:22:56] INFO: ℹ 모니터링 대상 종목이 없습니다.
[2025-10-16 11:22:56] INFO: 
⏰ 60초 후 다음 사이클 실행...
[2025-10-16 11:22:56] INFO:    종료하려면 Ctrl+C를 누르세요.
[2025-10-16 11:23:56] INFO: 
================================================================================
[2025-10-16 11:23:56] INFO: [사이클 283] 2025-10-16 11:23:56
[2025-10-16 11:23:56] INFO: ================================================================================
[2025-10-16 11:23:56] WARNING: ⚠ trading_signals.xlsx 파일이 없습니다.
[2025-10-16 11:23:56] INFO: ℹ 모니터링 대상 종목이 없습니다.
[2025-10-16 11:23:56] INFO: 
⏰ 60초 후 다음 사이클 실행...
[2025-10-16 11:23:56] INFO:    종료하려면 Ctrl+C를 누르세요.
[2025-10-16 11:24:56] INFO: 
================================================================================
[2025-10-16 11:24:56] INFO: [사이클 284] 2025-10-16 11:24:56
[2025-10-16 11:24:56] INFO: ================================================================================
[2025-10-16 11:24:56] WARNING: ⚠ trading_signals.xlsx 파일이 없습니다.
[2025-10-16 11:24:56] INFO: ℹ 모니터링 대상 종목이 없습니다.
[2025-10-16 11:24:56] INFO: 
⏰ 60초 후 다음 사이클 실행...
[2025-10-16 11:24:56] INFO:    종료하려면 Ctrl+C를 누르세요.
[2025-10-16 11:25:56] INFO: 
================================================================================
[2025-10-16 11:25:56] INFO: [사이클 285] 2025-10-16 11:25:56
[2025-10-16 11:25:56] INFO: ================================================================================
[2025-10-16 11:25:56] WARNING: ⚠ trading_signals.xlsx 파일이 없습니다.
[2025-10-16 11:25:56] INFO: ℹ 모니터링 대상 종목이 없습니다.
[2025-10-16 11:25:56] INFO: 
⏰ 60초 후 다음 사이클 실행...
[2025-10-16 11:25:56] INFO:    종료하려면 Ctrl+C를 누르세요.
[2025-10-16 11:26:56] INFO: 
================================================================================
[2025-10-16 11:26:56] INFO: [사이클 286] 2025-10-16 11:26:56
[2025-10-16 11:26:56] INFO: ================================================================================
[2025-10-16 11:26:56] WARNING: ⚠ trading_signals.xlsx 파일이 없습니다.
[2025-10-16 11:26:56] INFO: ℹ 모니터링 대상 종목이 없습니다.
[2025-10-16 11:26:56] INFO: 
⏰ 60초 후 다음 사이클 실행...
[2025-10-16 11:26:56] INFO:    종료하려면 Ctrl+C를 누르세요.
[2025-10-16 11:27:56] INFO: 
================================================================================
[2025-10-16 11:27:56] INFO: [사이클 287] 2025-10-16 11:27:56
[2025-10-16 11:27:56] INFO: ================================================================================
[2025-10-16 11:27:56] WARNING: ⚠ trading_signals.xlsx 파일이 없습니다.
[2025-10-16 11:27:56] INFO: ℹ 모니터링 대상 종목이 없습니다.
[2025-10-16 11:27:56] INFO: 
⏰ 60초 후 다음 사이클 실행...
[2025-10-16 11:27:56] INFO:    종료하려면 Ctrl+C를 누르세요.
[2025-10-16 11:28:56] INFO: 
================================================================================
[2025-10-16 11:28:56] INFO: [사이클 288] 2025-10-16 11:28:56
[2025-10-16 11:28:56] INFO: ================================================================================
[2025-10-16 11:28:56] WARNING: ⚠ trading_signals.xlsx 파일이 없습니다.
[2025-10-16 11:28:56] INFO: ℹ 모니터링 대상 종목이 없습니다.
[2025-10-16 11:28:56] INFO: 
⏰ 60초 후 다음 사이클 실행...
[2025-10-16 11:28:56] INFO:    종료하려면 Ctrl+C를 누르세요.
[2025-10-16 11:29:56] INFO: 
================================================================================
[2025-10-16 11:29:56] INFO: [사이클 289] 2025-10-16 11:29:56
[2025-10-16 11:29:56] INFO: ================================================================================
[2025-10-16 11:29:56] WARNING: ⚠ trading_signals.xlsx 파일이 없습니다.
[2025-10-16 11:29:56] INFO: ℹ 모니터링 대상 종목이 없습니다.
[2025-10-16 11:29:56] INFO: 
⏰ 60초 후 다음 사이클 실행...
[2025-10-16 11:29:56] INFO:    종료하려면 Ctrl+C를 누르세요.
[2025-10-16 11:30:56] INFO: 
================================================================================
[2025-10-16 11:30:56] INFO: [사이클 290] 2025-10-16 11:30:56
[2025-10-16 11:30:56] INFO: ================================================================================
[2025-10-16 11:30:56] WARNING: ⚠ trading_signals.xlsx 파일이 없습니다.
[2025-10-16 11:30:56] INFO: ℹ 모니터링 대상 종목이 없습니다.
[2025-10-16 11:30:56] INFO: 
⏰ 60초 후 다음 사이클 실행...
[2025-10-16 11:30:56] INFO:    종료하려면 Ctrl+C를 누르세요.
[2025-10-16 11:31:56] INFO: 
================================================================================
[2025-10-16 11:31:56] INFO: [사이클 291] 2025-10-16 11:31:56
[2025-10-16 11:31:56] INFO: ================================================================================
[2025-10-16 11:31:56] WARNING: ⚠ trading_signals.xlsx 파일이 없습니다.
[2025-10-16 11:31:56] INFO: ℹ 모니터링 대상 종목이 없습니다.
[2025-10-16 11:31:56] INFO: 
⏰ 60초 후 다음 사이클 실행...
[2025-10-16 11:31:56] INFO:    종료하려면 Ctrl+C를 누르세요.
[2025-10-16 11:32:56] INFO: 
================================================================================
[2025-10-16 11:32:56] INFO: [사이클 292] 2025-10-16 11:32:56
[2025-10-16 11:32:56] INFO: ================================================================================
[2025-10-16 11:32:56] WARNING: ⚠ trading_signals.xlsx 파일이 없습니다.
[2025-10-16 11:32:56] INFO: ℹ 모니터링 대상 종목이 없습니다.
[2025-10-16 11:32:56] INFO: 
⏰ 60초 후 다음 사이클 실행...
[2025-10-16 11:32:56] INFO:    종료하려면 Ctrl+C를 누르세요.
[2025-10-16 11:33:56] INFO: 
================================================================================
[2025-10-16 11:33:56] INFO: [사이클 293] 2025-10-16 11:33:56
[2025-10-16 11:33:56] INFO: ================================================================================
[2025-10-16 11:33:56] WARNING: ⚠ trading_signals.xlsx 파일이 없습니다.
[2025-10-16 11:33:56] INFO: ℹ 모니터링 대상 종목이 없습니다.
[2025-10-16 11:33:56] INFO: 
⏰ 60초 후 다음 사이클 실행...
[2025-10-16 11:33:56] INFO:    종료하려면 Ctrl+C를 누르세요.
[2025-10-16 11:34:56] INFO: 
================================================================================
[2025-10-16 11:34:56] INFO: [사이클 294] 2025-10-16 11:34:56
[2025-10-16 11:34:56] INFO: ================================================================================
[2025-10-16 11:34:56] WARNING: ⚠ trading_signals.xlsx 파일이 없습니다.
[2025-10-16 11:34:56] INFO: ℹ 모니터링 대상 종목이 없습니다.
[2025-10-16 11:34:56] INFO: 
⏰ 60초 후 다음 사이클 실행...
[2025-10-16 11:34:56] INFO:    종료하려면 Ctrl+C를 누르세요.
[2025-10-16 11:35:56] INFO: 
================================================================================
[2025-10-16 11:35:56] INFO: [사이클 295] 2025-10-16 11:35:56
[2025-10-16 11:35:56] INFO: ================================================================================
[2025-10-16 11:35:56] WARNING: ⚠ trading_signals.xlsx 파일이 없습니다.
[2025-10-16 11:35:56] INFO: ℹ 모니터링 대상 종목이 없습니다.
[2025-10-16 11:35:56] INFO: 
⏰ 60초 후 다음 사이클 실행...
[2025-10-16 11:35:56] INFO:    종료하려면 Ctrl+C를 누르세요.
[2025-10-16 11:36:56] INFO: 
================================================================================
[2025-10-16 11:36:56] INFO: [사이클 296] 2025-10-16 11:36:56
[2025-10-16 11:36:56] INFO: ================================================================================
[2025-10-16 11:36:56] WARNING: ⚠ trading_signals.xlsx 파일이 없습니다.
[2025-10-16 11:36:56] INFO: ℹ 모니터링 대상 종목이 없습니다.
[2025-10-16 11:36:56] INFO: 
⏰ 60초 후 다음 사이클 실행...
[2025-10-16 11:36:56] INFO:    종료하려면 Ctrl+C를 누르세요.
[2025-10-16 11:37:56] INFO: 
================================================================================
[2025-10-16 11:37:56] INFO: [사이클 297] 2025-10-16 11:37:56
[2025-10-16 11:37:56] INFO: ================================================================================
[2025-10-16 11:37:56] WARNING: ⚠ trading_signals.xlsx 파일이 없습니다.
[2025-10-16 11:37:56] INFO: ℹ 모니터링 대상 종목이 없습니다.
[2025-10-16 11:37:56] INFO: 
⏰ 60초 후 다음 사이클 실행...
[2025-10-16 11:37:56] INFO:    종료하려면 Ctrl+C를 누르세요.
[2025-10-16 11:38:56] INFO: 
================================================================================
[2025-10-16 11:38:56] INFO: [사이클 298] 2025-10-16 11:38:56
[2025-10-16 11:38:56] INFO: ================================================================================
[2025-10-16 11:38:56] WARNING: ⚠ trading_signals.xlsx 파일이 없습니다.
[2025-10-16 11:38:56] INFO: ℹ 모니터링 대상 종목이 없습니다.
[2025-10-16 11:38:56] INFO: 
⏰ 60초 후 다음 사이클 실행...
[2025-10-16 11:38:56] INFO:    종료하려면 Ctrl+C를 누르세요.
[2025-10-16 11:39:56] INFO: 
================================================================================
[2025-10-16 11:39:56] INFO: [사이클 299] 2025-10-16 11:39:56
[2025-10-16 11:39:56] INFO: ================================================================================
[2025-10-16 11:39:56] WARNING: ⚠ trading_signals.xlsx 파일이 없습니다.
[2025-10-16 11:39:56] INFO: ℹ 모니터링 대상 종목이 없습니다.
[2025-10-16 11:39:56] INFO: 
⏰ 60초 후 다음 사이클 실행...
[2025-10-16 11:39:56] INFO:    종료하려면 Ctrl+C를 누르세요.
[2025-10-16 11:40:56] INFO: 
================================================================================
[2025-10-16 11:40:56] INFO: [사이클 300] 2025-10-16 11:40:56
[2025-10-16 11:40:56] INFO: ================================================================================
[2025-10-16 11:40:56] WARNING: ⚠ trading_signals.xlsx 파일이 없습니다.
[2025-10-16 11:40:56] INFO: ℹ 모니터링 대상 종목이 없습니다.
[2025-10-16 11:40:56] INFO: 
⏰ 60초 후 다음 사이클 실행...
[2025-10-16 11:40:56] INFO:    종료하려면 Ctrl+C를 누르세요.
[2025-10-16 11:41:56] INFO: 
================================================================================
[2025-10-16 11:41:56] INFO: [사이클 301] 2025-10-16 11:41:56
[2025-10-16 11:41:56] INFO: ================================================================================
[2025-10-16 11:41:56] WARNING: ⚠ trading_signals.xlsx 파일이 없습니다.
[2025-10-16 11:41:56] INFO: ℹ 모니터링 대상 종목이 없습니다.
[2025-10-16 11:41:56] INFO: 
⏰ 60초 후 다음 사이클 실행...
[2025-10-16 11:41:56] INFO:    종료하려면 Ctrl+C를 누르세요.
[2025-10-16 11:42:56] INFO: 
================================================================================
[2025-10-16 11:42:56] INFO: [사이클 302] 2025-10-16 11:42:56
[2025-10-16 11:42:56] INFO: ================================================================================
[2025-10-16 11:42:56] WARNING: ⚠ trading_signals.xlsx 파일이 없습니다.
[2025-10-16 11:42:56] INFO: ℹ 모니터링 대상 종목이 없습니다.
[2025-10-16 11:42:56] INFO: 
⏰ 60초 후 다음 사이클 실행...
[2025-10-16 11:42:56] INFO:    종료하려면 Ctrl+C를 누르세요.
[2025-10-16 11:43:56] INFO: 
================================================================================
[2025-10-16 11:43:56] INFO: [사이클 303] 2025-10-16 11:43:56
[2025-10-16 11:43:56] INFO: ================================================================================
[2025-10-16 11:43:56] WARNING: ⚠ trading_signals.xlsx 파일이 없습니다.
[2025-10-16 11:43:56] INFO: ℹ 모니터링 대상 종목이 없습니다.
[2025-10-16 11:43:56] INFO: 
⏰ 60초 후 다음 사이클 실행...
[2025-10-16 11:43:56] INFO:    종료하려면 Ctrl+C를 누르세요.
[2025-10-16 11:44:56] INFO: 
================================================================================
[2025-10-16 11:44:56] INFO: [사이클 304] 2025-10-16 11:44:56
[2025-10-16 11:44:56] INFO: ================================================================================
[2025-10-16 11:44:56] WARNING: ⚠ trading_signals.xlsx 파일이 없습니다.
[2025-10-16 11:44:56] INFO: ℹ 모니터링 대상 종목이 없습니다.
[2025-10-16 11:44:56] INFO: 
⏰ 60초 후 다음 사이클 실행...
[2025-10-16 11:44:56] INFO:    종료하려면 Ctrl+C를 누르세요.
[2025-10-16 11:45:56] INFO: 
================================================================================
[2025-10-16 11:45:56] INFO: [사이클 305] 2025-10-16 11:45:56
[2025-10-16 11:45:56] INFO: ================================================================================
[2025-10-16 11:45:56] WARNING: ⚠ trading_signals.xlsx 파일이 없습니다.
[2025-10-16 11:45:56] INFO: ℹ 모니터링 대상 종목이 없습니다.
[2025-10-16 11:45:56] INFO: 
⏰ 60초 후 다음 사이클 실행...
[2025-10-16 11:45:56] INFO:    종료하려면 Ctrl+C를 누르세요.
[2025-10-16 11:46:56] INFO: 
================================================================================
[2025-10-16 11:46:56] INFO: [사이클 306] 2025-10-16 11:46:56
[2025-10-16 11:46:56] INFO: ================================================================================
[2025-10-16 11:46:56] WARNING: ⚠ trading_signals.xlsx 파일이 없습니다.
[2025-10-16 11:46:56] INFO: ℹ 모니터링 대상 종목이 없습니다.
[2025-10-16 11:46:56] INFO: 
⏰ 60초 후 다음 사이클 실행...
[2025-10-16 11:46:56] INFO:    종료하려면 Ctrl+C를 누르세요.
[2025-10-16 11:47:56] INFO: 
================================================================================
[2025-10-16 11:47:56] INFO: [사이클 307] 2025-10-16 11:47:56
[2025-10-16 11:47:56] INFO: ================================================================================
[2025-10-16 11:47:56] WARNING: ⚠ trading_signals.xlsx 파일이 없습니다.
[2025-10-16 11:47:56] INFO: ℹ 모니터링 대상 종목이 없습니다.
[2025-10-16 11:47:56] INFO: 
⏰ 60초 후 다음 사이클 실행...
[2025-10-16 11:47:56] INFO:    종료하려면 Ctrl+C를 누르세요.
[2025-10-16 11:48:56] INFO: 
================================================================================
[2025-10-16 11:48:56] INFO: [사이클 308] 2025-10-16 11:48:56
[2025-10-16 11:48:56] INFO: ================================================================================
[2025-10-16 11:48:56] WARNING: ⚠ trading_signals.xlsx 파일이 없습니다.
[2025-10-16 11:48:56] INFO: ℹ 모니터링 대상 종목이 없습니다.
[2025-10-16 11:48:56] INFO: 
⏰ 60초 후 다음 사이클 실행...
[2025-10-16 11:48:56] INFO:    종료하려면 Ctrl+C를 누르세요.
[2025-10-16 11:49:56] INFO: 
================================================================================
[2025-10-16 11:49:56] INFO: [사이클 309] 2025-10-16 11:49:56
[2025-10-16 11:49:56] INFO: ================================================================================
[2025-10-16 11:49:56] WARNING: ⚠ trading_signals.xlsx 파일이 없습니다.
[2025-10-16 11:49:56] INFO: ℹ 모니터링 대상 종목이 없습니다.
[2025-10-16 11:49:56] INFO: 
⏰ 60초 후 다음 사이클 실행...
[2025-10-16 11:49:56] INFO:    종료하려면 Ctrl+C를 누르세요.
[2025-10-16 11:50:56] INFO: 
================================================================================
[2025-10-16 11:50:56] INFO: [사이클 310] 2025-10-16 11:50:56
[2025-10-16 11:50:56] INFO: ================================================================================
[2025-10-16 11:50:56] WARNING: ⚠ trading_signals.xlsx 파일이 없습니다.
[2025-10-16 11:50:56] INFO: ℹ 모니터링 대상 종목이 없습니다.
[2025-10-16 11:50:56] INFO: 
⏰ 60초 후 다음 사이클 실행...
[2025-10-16 11:50:56] INFO:    종료하려면 Ctrl+C를 누르세요.
[2025-10-16 11:51:56] INFO: 
================================================================================
[2025-10-16 11:51:56] INFO: [사이클 311] 2025-10-16 11:51:56
[2025-10-16 11:51:56] INFO: ================================================================================
[2025-10-16 11:51:56] WARNING: ⚠ trading_signals.xlsx 파일이 없습니다.
[2025-10-16 11:51:56] INFO: ℹ 모니터링 대상 종목이 없습니다.
[2025-10-16 11:51:56] INFO: 
⏰ 60초 후 다음 사이클 실행...
[2025-10-16 11:51:56] INFO:    종료하려면 Ctrl+C를 누르세요.
[2025-10-16 11:52:56] INFO: 
================================================================================
[2025-10-16 11:52:56] INFO: [사이클 312] 2025-10-16 11:52:56
[2025-10-16 11:52:56] INFO: ================================================================================
[2025-10-16 11:52:56] WARNING: ⚠ trading_signals.xlsx 파일이 없습니다.
[2025-10-16 11:52:56] INFO: ℹ 모니터링 대상 종목이 없습니다.
[2025-10-16 11:52:56] INFO: 
⏰ 60초 후 다음 사이클 실행...
[2025-10-16 11:52:56] INFO:    종료하려면 Ctrl+C를 누르세요.
[2025-10-16 11:53:56] INFO: 
================================================================================
[2025-10-16 11:53:56] INFO: [사이클 313] 2025-10-16 11:53:56
[2025-10-16 11:53:56] INFO: ================================================================================
[2025-10-16 11:53:56] WARNING: ⚠ trading_signals.xlsx 파일이 없습니다.
[2025-10-16 11:53:56] INFO: ℹ 모니터링 대상 종목이 없습니다.
[2025-10-16 11:53:56] INFO: 
⏰ 60초 후 다음 사이클 실행...
[2025-10-16 11:53:56] INFO:    종료하려면 Ctrl+C를 누르세요.
[2025-10-16 11:54:56] INFO: 
================================================================================
[2025-10-16 11:54:56] INFO: [사이클 314] 2025-10-16 11:54:56
[2025-10-16 11:54:56] INFO: ================================================================================
[2025-10-16 11:54:56] WARNING: ⚠ trading_signals.xlsx 파일이 없습니다.
[2025-10-16 11:54:56] INFO: ℹ 모니터링 대상 종목이 없습니다.
[2025-10-16 11:54:56] INFO: 
⏰ 60초 후 다음 사이클 실행...
[2025-10-16 11:54:56] INFO:    종료하려면 Ctrl+C를 누르세요.
[2025-10-16 11:55:56] INFO: 
================================================================================
[2025-10-16 11:55:56] INFO: [사이클 315] 2025-10-16 11:55:56
[2025-10-16 11:55:56] INFO: ================================================================================
[2025-10-16 11:55:56] WARNING: ⚠ trading_signals.xlsx 파일이 없습니다.
[2025-10-16 11:55:56] INFO: ℹ 모니터링 대상 종목이 없습니다.
[2025-10-16 11:55:56] INFO: 
⏰ 60초 후 다음 사이클 실행...
[2025-10-16 11:55:56] INFO:    종료하려면 Ctrl+C를 누르세요.
[2025-10-16 11:56:56] INFO: 
================================================================================
[2025-10-16 11:56:56] INFO: [사이클 316] 2025-10-16 11:56:56
[2025-10-16 11:56:56] INFO: ================================================================================
[2025-10-16 11:56:56] WARNING: ⚠ trading_signals.xlsx 파일이 없습니다.
[2025-10-16 11:56:56] INFO: ℹ 모니터링 대상 종목이 없습니다.
[2025-10-16 11:56:56] INFO: 
⏰ 60초 후 다음 사이클 실행...
[2025-10-16 11:56:56] INFO:    종료하려면 Ctrl+C를 누르세요.
[2025-10-16 11:57:56] INFO: 
================================================================================
[2025-10-16 11:57:56] INFO: [사이클 317] 2025-10-16 11:57:56
[2025-10-16 11:57:56] INFO: ================================================================================
[2025-10-16 11:57:56] WARNING: ⚠ trading_signals.xlsx 파일이 없습니다.
[2025-10-16 11:57:56] INFO: ℹ 모니터링 대상 종목이 없습니다.
[2025-10-16 11:57:56] INFO: 
⏰ 60초 후 다음 사이클 실행...
[2025-10-16 11:57:56] INFO:    종료하려면 Ctrl+C를 누르세요.
[2025-10-16 11:58:56] INFO: 
================================================================================
[2025-10-16 11:58:56] INFO: [사이클 318] 2025-10-16 11:58:56
[2025-10-16 11:58:56] INFO: ================================================================================
[2025-10-16 11:58:56] WARNING: ⚠ trading_signals.xlsx 파일이 없습니다.
[2025-10-16 11:58:56] INFO: ℹ 모니터링 대상 종목이 없습니다.
[2025-10-16 11:58:56] INFO: 
⏰ 60초 후 다음 사이클 실행...
[2025-10-16 11:58:56] INFO:    종료하려면 Ctrl+C를 누르세요.
[2025-10-16 11:59:56] INFO: 
================================================================================
[2025-10-16 11:59:56] INFO: [사이클 319] 2025-10-16 11:59:56
[2025-10-16 11:59:56] INFO: ================================================================================
[2025-10-16 11:59:56] WARNING: ⚠ trading_signals.xlsx 파일이 없습니다.
[2025-10-16 11:59:56] INFO: ℹ 모니터링 대상 종목이 없습니다.
[2025-10-16 11:59:56] INFO: 
⏰ 60초 후 다음 사이클 실행...
[2025-10-16 11:59:56] INFO:    종료하려면 Ctrl+C를 누르세요.
[2025-10-16 12:00:56] INFO: 
================================================================================
[2025-10-16 12:00:56] INFO: [사이클 320] 2025-10-16 12:00:56
[2025-10-16 12:00:56] INFO: ================================================================================
[2025-10-16 12:00:56] WARNING: ⚠ trading_signals.xlsx 파일이 없습니다.
[2025-10-16 12:00:56] INFO: ℹ 모니터링 대상 종목이 없습니다.
[2025-10-16 12:00:56] INFO: 
⏰ 60초 후 다음 사이클 실행...
[2025-10-16 12:00:56] INFO:    종료하려면 Ctrl+C를 누르세요.
[2025-10-16 12:01:56] INFO: 
================================================================================
[2025-10-16 12:01:56] INFO: [사이클 321] 2025-10-16 12:01:56
[2025-10-16 12:01:56] INFO: ================================================================================
[2025-10-16 12:01:56] WARNING: ⚠ trading_signals.xlsx 파일이 없습니다.
[2025-10-16 12:01:56] INFO: ℹ 모니터링 대상 종목이 없습니다.
[2025-10-16 12:01:56] INFO: 
⏰ 60초 후 다음 사이클 실행...
[2025-10-16 12:01:56] INFO:    종료하려면 Ctrl+C를 누르세요.
[2025-10-16 12:02:56] INFO: 
================================================================================
[2025-10-16 12:02:56] INFO: [사이클 322] 2025-10-16 12:02:56
[2025-10-16 12:02:56] INFO: ================================================================================
[2025-10-16 12:02:56] WARNING: ⚠ trading_signals.xlsx 파일이 없습니다.
[2025-10-16 12:02:56] INFO: ℹ 모니터링 대상 종목이 없습니다.
[2025-10-16 12:02:56] INFO: 
⏰ 60초 후 다음 사이클 실행...
[2025-10-16 12:02:56] INFO:    종료하려면 Ctrl+C를 누르세요.
[2025-10-16 12:03:56] INFO: 
================================================================================
[2025-10-16 12:03:56] INFO: [사이클 323] 2025-10-16 12:03:56
[2025-10-16 12:03:56] INFO: ================================================================================
[2025-10-16 12:03:56] WARNING: ⚠ trading_signals.xlsx 파일이 없습니다.
[2025-10-16 12:03:56] INFO: ℹ 모니터링 대상 종목이 없습니다.
[2025-10-16 12:03:56] INFO: 
⏰ 60초 후 다음 사이클 실행...
[2025-10-16 12:03:56] INFO:    종료하려면 Ctrl+C를 누르세요.
[2025-10-16 12:04:56] INFO: 
================================================================================
[2025-10-16 12:04:56] INFO: [사이클 324] 2025-10-16 12:04:56
[2025-10-16 12:04:56] INFO: ================================================================================
[2025-10-16 12:04:56] WARNING: ⚠ trading_signals.xlsx 파일이 없습니다.
[2025-10-16 12:04:56] INFO: ℹ 모니터링 대상 종목이 없습니다.
[2025-10-16 12:04:56] INFO: 
⏰ 60초 후 다음 사이클 실행...
[2025-10-16 12:04:56] INFO:    종료하려면 Ctrl+C를 누르세요.
[2025-10-16 12:05:56] INFO: 
================================================================================
[2025-10-16 12:05:56] INFO: [사이클 325] 2025-10-16 12:05:56
[2025-10-16 12:05:56] INFO: ================================================================================
[2025-10-16 12:05:56] WARNING: ⚠ trading_signals.xlsx 파일이 없습니다.
[2025-10-16 12:05:56] INFO: ℹ 모니터링 대상 종목이 없습니다.
[2025-10-16 12:05:56] INFO: 
⏰ 60초 후 다음 사이클 실행...
[2025-10-16 12:05:56] INFO:    종료하려면 Ctrl+C를 누르세요.
[2025-10-16 12:06:56] INFO: 
================================================================================
[2025-10-16 12:06:56] INFO: [사이클 326] 2025-10-16 12:06:56
[2025-10-16 12:06:56] INFO: ================================================================================
[2025-10-16 12:06:56] WARNING: ⚠ trading_signals.xlsx 파일이 없습니다.
[2025-10-16 12:06:56] INFO: ℹ 모니터링 대상 종목이 없습니다.
[2025-10-16 12:06:56] INFO: 
⏰ 60초 후 다음 사이클 실행...
[2025-10-16 12:06:56] INFO:    종료하려면 Ctrl+C를 누르세요.
[2025-10-16 12:07:56] INFO: 
================================================================================
[2025-10-16 12:07:56] INFO: [사이클 327] 2025-10-16 12:07:56
[2025-10-16 12:07:56] INFO: ================================================================================
[2025-10-16 12:07:56] WARNING: ⚠ trading_signals.xlsx 파일이 없습니다.
[2025-10-16 12:07:56] INFO: ℹ 모니터링 대상 종목이 없습니다.
[2025-10-16 12:07:56] INFO: 
⏰ 60초 후 다음 사이클 실행...
[2025-10-16 12:07:56] INFO:    종료하려면 Ctrl+C를 누르세요.
[2025-10-16 12:08:56] INFO: 
================================================================================
[2025-10-16 12:08:56] INFO: [사이클 328] 2025-10-16 12:08:56
[2025-10-16 12:08:56] INFO: ================================================================================
[2025-10-16 12:08:56] WARNING: ⚠ trading_signals.xlsx 파일이 없습니다.
[2025-10-16 12:08:56] INFO: ℹ 모니터링 대상 종목이 없습니다.
[2025-10-16 12:08:56] INFO: 
⏰ 60초 후 다음 사이클 실행...
[2025-10-16 12:08:56] INFO:    종료하려면 Ctrl+C를 누르세요.
[2025-10-16 12:09:56] INFO: 
================================================================================
[2025-10-16 12:09:56] INFO: [사이클 329] 2025-10-16 12:09:56
[2025-10-16 12:09:56] INFO: ================================================================================
[2025-10-16 12:09:56] WARNING: ⚠ trading_signals.xlsx 파일이 없습니다.
[2025-10-16 12:09:56] INFO: ℹ 모니터링 대상 종목이 없습니다.
[2025-10-16 12:09:56] INFO: 
⏰ 60초 후 다음 사이클 실행...
[2025-10-16 12:09:56] INFO:    종료하려면 Ctrl+C를 누르세요.
[2025-10-16 12:10:56] INFO: 
================================================================================
[2025-10-16 12:10:56] INFO: [사이클 330] 2025-10-16 12:10:56
[2025-10-16 12:10:56] INFO: ================================================================================
[2025-10-16 12:10:56] WARNING: ⚠ trading_signals.xlsx 파일이 없습니다.
[2025-10-16 12:10:56] INFO: ℹ 모니터링 대상 종목이 없습니다.
[2025-10-16 12:10:56] INFO: 
⏰ 60초 후 다음 사이클 실행...
[2025-10-16 12:10:56] INFO:    종료하려면 Ctrl+C를 누르세요.
[2025-10-16 12:11:56] INFO: 
================================================================================
[2025-10-16 12:11:56] INFO: [사이클 331] 2025-10-16 12:11:56
[2025-10-16 12:11:56] INFO: ================================================================================
[2025-10-16 12:11:56] WARNING: ⚠ trading_signals.xlsx 파일이 없습니다.
[2025-10-16 12:11:56] INFO: ℹ 모니터링 대상 종목이 없습니다.
[2025-10-16 12:11:56] INFO: 
⏰ 60초 후 다음 사이클 실행...
[2025-10-16 12:11:56] INFO:    종료하려면 Ctrl+C를 누르세요.
[2025-10-16 12:12:56] INFO: 
================================================================================
[2025-10-16 12:12:56] INFO: [사이클 332] 2025-10-16 12:12:56
[2025-10-16 12:12:56] INFO: ================================================================================
[2025-10-16 12:12:56] WARNING: ⚠ trading_signals.xlsx 파일이 없습니다.
[2025-10-16 12:12:56] INFO: ℹ 모니터링 대상 종목이 없습니다.
[2025-10-16 12:12:56] INFO: 
⏰ 60초 후 다음 사이클 실행...
[2025-10-16 12:12:56] INFO:    종료하려면 Ctrl+C를 누르세요.
[2025-10-16 12:13:56] INFO: 
================================================================================
[2025-10-16 12:13:56] INFO: [사이클 333] 2025-10-16 12:13:56
[2025-10-16 12:13:56] INFO: ================================================================================
[2025-10-16 12:13:56] WARNING: ⚠ trading_signals.xlsx 파일이 없습니다.
[2025-10-16 12:13:56] INFO: ℹ 모니터링 대상 종목이 없습니다.
[2025-10-16 12:13:56] INFO: 
⏰ 60초 후 다음 사이클 실행...
[2025-10-16 12:13:56] INFO:    종료하려면 Ctrl+C를 누르세요.
[2025-10-16 12:14:56] INFO: 
================================================================================
[2025-10-16 12:14:56] INFO: [사이클 334] 2025-10-16 12:14:56
[2025-10-16 12:14:56] INFO: ================================================================================
[2025-10-16 12:14:56] WARNING: ⚠ trading_signals.xlsx 파일이 없습니다.
[2025-10-16 12:14:56] INFO: ℹ 모니터링 대상 종목이 없습니다.
[2025-10-16 12:14:56] INFO: 
⏰ 60초 후 다음 사이클 실행...
[2025-10-16 12:14:56] INFO:    종료하려면 Ctrl+C를 누르세요.
[2025-10-16 12:15:56] INFO: 
================================================================================
[2025-10-16 12:15:56] INFO: [사이클 335] 2025-10-16 12:15:56
[2025-10-16 12:15:56] INFO: ================================================================================
[2025-10-16 12:15:56] WARNING: ⚠ trading_signals.xlsx 파일이 없습니다.
[2025-10-16 12:15:56] INFO: ℹ 모니터링 대상 종목이 없습니다.
[2025-10-16 12:15:56] INFO: 
⏰ 60초 후 다음 사이클 실행...
[2025-10-16 12:15:56] INFO:    종료하려면 Ctrl+C를 누르세요.
[2025-10-16 12:16:56] INFO: 
================================================================================
[2025-10-16 12:16:56] INFO: [사이클 336] 2025-10-16 12:16:56
[2025-10-16 12:16:56] INFO: ================================================================================
[2025-10-16 12:16:56] WARNING: ⚠ trading_signals.xlsx 파일이 없습니다.
[2025-10-16 12:16:56] INFO: ℹ 모니터링 대상 종목이 없습니다.
[2025-10-16 12:16:56] INFO: 
⏰ 60초 후 다음 사이클 실행...
[2025-10-16 12:16:56] INFO:    종료하려면 Ctrl+C를 누르세요.
[2025-10-16 12:17:56] INFO: 
================================================================================
[2025-10-16 12:17:56] INFO: [사이클 337] 2025-10-16 12:17:56
[2025-10-16 12:17:56] INFO: ================================================================================
[2025-10-16 12:17:56] WARNING: ⚠ trading_signals.xlsx 파일이 없습니다.
[2025-10-16 12:17:56] INFO: ℹ 모니터링 대상 종목이 없습니다.
[2025-10-16 12:17:56] INFO: 
⏰ 60초 후 다음 사이클 실행...
[2025-10-16 12:17:56] INFO:    종료하려면 Ctrl+C를 누르세요.
[2025-10-16 12:18:56] INFO: 
================================================================================
[2025-10-16 12:18:56] INFO: [사이클 338] 2025-10-16 12:18:56
[2025-10-16 12:18:56] INFO: ================================================================================
[2025-10-16 12:18:56] WARNING: ⚠ trading_signals.xlsx 파일이 없습니다.
[2025-10-16 12:18:56] INFO: ℹ 모니터링 대상 종목이 없습니다.
[2025-10-16 12:18:56] INFO: 
⏰ 60초 후 다음 사이클 실행...
[2025-10-16 12:18:56] INFO:    종료하려면 Ctrl+C를 누르세요.
[2025-10-16 12:19:56] INFO: 
================================================================================
[2025-10-16 12:19:56] INFO: [사이클 339] 2025-10-16 12:19:56
[2025-10-16 12:19:56] INFO: ================================================================================
[2025-10-16 12:19:56] WARNING: ⚠ trading_signals.xlsx 파일이 없습니다.
[2025-10-16 12:19:56] INFO: ℹ 모니터링 대상 종목이 없습니다.
[2025-10-16 12:19:56] INFO: 
⏰ 60초 후 다음 사이클 실행...
[2025-10-16 12:19:56] INFO:    종료하려면 Ctrl+C를 누르세요.
[2025-10-16 12:20:56] INFO: 
================================================================================
[2025-10-16 12:20:56] INFO: [사이클 340] 2025-10-16 12:20:56
[2025-10-16 12:20:56] INFO: ================================================================================
[2025-10-16 12:20:56] WARNING: ⚠ trading_signals.xlsx 파일이 없습니다.
[2025-10-16 12:20:56] INFO: ℹ 모니터링 대상 종목이 없습니다.
[2025-10-16 12:20:56] INFO: 
⏰ 60초 후 다음 사이클 실행...
[2025-10-16 12:20:56] INFO:    종료하려면 Ctrl+C를 누르세요.
[2025-10-16 12:21:56] INFO: 
================================================================================
[2025-10-16 12:21:56] INFO: [사이클 341] 2025-10-16 12:21:56
[2025-10-16 12:21:56] INFO: ================================================================================
[2025-10-16 12:21:56] WARNING: ⚠ trading_signals.xlsx 파일이 없습니다.
[2025-10-16 12:21:56] INFO: ℹ 모니터링 대상 종목이 없습니다.
[2025-10-16 12:21:56] INFO: 
⏰ 60초 후 다음 사이클 실행...
[2025-10-16 12:21:56] INFO:    종료하려면 Ctrl+C를 누르세요.
[2025-10-16 12:22:56] INFO: 
================================================================================
[2025-10-16 12:22:56] INFO: [사이클 342] 2025-10-16 12:22:56
[2025-10-16 12:22:56] INFO: ================================================================================
[2025-10-16 12:22:56] WARNING: ⚠ trading_signals.xlsx 파일이 없습니다.
[2025-10-16 12:22:56] INFO: ℹ 모니터링 대상 종목이 없습니다.
[2025-10-16 12:22:56] INFO: 
⏰ 60초 후 다음 사이클 실행...
[2025-10-16 12:22:56] INFO:    종료하려면 Ctrl+C를 누르세요.
[2025-10-16 12:23:56] INFO: 
================================================================================
[2025-10-16 12:23:56] INFO: [사이클 343] 2025-10-16 12:23:56
[2025-10-16 12:23:56] INFO: ================================================================================
[2025-10-16 12:23:56] WARNING: ⚠ trading_signals.xlsx 파일이 없습니다.
[2025-10-16 12:23:56] INFO: ℹ 모니터링 대상 종목이 없습니다.
[2025-10-16 12:23:56] INFO: 
⏰ 60초 후 다음 사이클 실행...
[2025-10-16 12:23:56] INFO:    종료하려면 Ctrl+C를 누르세요.
[2025-10-16 12:24:56] INFO: 
================================================================================
[2025-10-16 12:24:56] INFO: [사이클 344] 2025-10-16 12:24:56
[2025-10-16 12:24:56] INFO: ================================================================================
[2025-10-16 12:24:56] WARNING: ⚠ trading_signals.xlsx 파일이 없습니다.
[2025-10-16 12:24:56] INFO: ℹ 모니터링 대상 종목이 없습니다.
[2025-10-16 12:24:56] INFO: 
⏰ 60초 후 다음 사이클 실행...
[2025-10-16 12:24:56] INFO:    종료하려면 Ctrl+C를 누르세요.
[2025-10-16 12:25:56] INFO: 
================================================================================
[2025-10-16 12:25:56] INFO: [사이클 345] 2025-10-16 12:25:56
[2025-10-16 12:25:56] INFO: ================================================================================
[2025-10-16 12:25:56] WARNING: ⚠ trading_signals.xlsx 파일이 없습니다.
[2025-10-16 12:25:56] INFO: ℹ 모니터링 대상 종목이 없습니다.
[2025-10-16 12:25:56] INFO: 
⏰ 60초 후 다음 사이클 실행...
[2025-10-16 12:25:56] INFO:    종료하려면 Ctrl+C를 누르세요.
[2025-10-16 12:26:56] INFO: 
================================================================================
[2025-10-16 12:26:56] INFO: [사이클 346] 2025-10-16 12:26:56
[2025-10-16 12:26:56] INFO: ================================================================================
[2025-10-16 12:26:56] WARNING: ⚠ trading_signals.xlsx 파일이 없습니다.
[2025-10-16 12:26:56] INFO: ℹ 모니터링 대상 종목이 없습니다.
[2025-10-16 12:26:56] INFO: 
⏰ 60초 후 다음 사이클 실행...
[2025-10-16 12:26:56] INFO:    종료하려면 Ctrl+C를 누르세요.
[2025-10-16 12:27:56] INFO: 
================================================================================
[2025-10-16 12:27:56] INFO: [사이클 347] 2025-10-16 12:27:56
[2025-10-16 12:27:56] INFO: ================================================================================
[2025-10-16 12:27:56] WARNING: ⚠ trading_signals.xlsx 파일이 없습니다.
[2025-10-16 12:27:56] INFO: ℹ 모니터링 대상 종목이 없습니다.
[2025-10-16 12:27:56] INFO: 
⏰ 60초 후 다음 사이클 실행...
[2025-10-16 12:27:56] INFO:    종료하려면 Ctrl+C를 누르세요.
[2025-10-16 12:28:56] INFO: 
================================================================================
[2025-10-16 12:28:56] INFO: [사이클 348] 2025-10-16 12:28:56
[2025-10-16 12:28:56] INFO: ================================================================================
[2025-10-16 12:28:56] WARNING: ⚠ trading_signals.xlsx 파일이 없습니다.
[2025-10-16 12:28:56] INFO: ℹ 모니터링 대상 종목이 없습니다.
[2025-10-16 12:28:56] INFO: 
⏰ 60초 후 다음 사이클 실행...
[2025-10-16 12:28:56] INFO:    종료하려면 Ctrl+C를 누르세요.
[2025-10-16 12:29:56] INFO: 
================================================================================
[2025-10-16 12:29:56] INFO: [사이클 349] 2025-10-16 12:29:56
[2025-10-16 12:29:56] INFO: ================================================================================
[2025-10-16 12:29:56] WARNING: ⚠ trading_signals.xlsx 파일이 없습니다.
[2025-10-16 12:29:56] INFO: ℹ 모니터링 대상 종목이 없습니다.
[2025-10-16 12:29:56] INFO: 
⏰ 60초 후 다음 사이클 실행...
[2025-10-16 12:29:56] INFO:    종료하려면 Ctrl+C를 누르세요.
[2025-10-16 12:30:56] INFO: 
================================================================================
[2025-10-16 12:30:56] INFO: [사이클 350] 2025-10-16 12:30:56
[2025-10-16 12:30:56] INFO: ================================================================================
[2025-10-16 12:30:56] WARNING: ⚠ trading_signals.xlsx 파일이 없습니다.
[2025-10-16 12:30:56] INFO: ℹ 모니터링 대상 종목이 없습니다.
[2025-10-16 12:30:56] INFO: 
⏰ 60초 후 다음 사이클 실행...
[2025-10-16 12:30:56] INFO:    종료하려면 Ctrl+C를 누르세요.
[2025-10-16 12:31:56] INFO: 
================================================================================
[2025-10-16 12:31:56] INFO: [사이클 351] 2025-10-16 12:31:56
[2025-10-16 12:31:56] INFO: ================================================================================
[2025-10-16 12:31:56] WARNING: ⚠ trading_signals.xlsx 파일이 없습니다.
[2025-10-16 12:31:56] INFO: ℹ 모니터링 대상 종목이 없습니다.
[2025-10-16 12:31:56] INFO: 
⏰ 60초 후 다음 사이클 실행...
[2025-10-16 12:31:56] INFO:    종료하려면 Ctrl+C를 누르세요.
[2025-10-16 12:32:56] INFO: 
================================================================================
[2025-10-16 12:32:56] INFO: [사이클 352] 2025-10-16 12:32:56
[2025-10-16 12:32:56] INFO: ================================================================================
[2025-10-16 12:32:56] WARNING: ⚠ trading_signals.xlsx 파일이 없습니다.
[2025-10-16 12:32:56] INFO: ℹ 모니터링 대상 종목이 없습니다.
[2025-10-16 12:32:56] INFO: 
⏰ 60초 후 다음 사이클 실행...
[2025-10-16 12:32:56] INFO:    종료하려면 Ctrl+C를 누르세요.
[2025-10-16 12:33:56] INFO: 
================================================================================
[2025-10-16 12:33:56] INFO: [사이클 353] 2025-10-16 12:33:56
[2025-10-16 12:33:56] INFO: ================================================================================
[2025-10-16 12:33:56] WARNING: ⚠ trading_signals.xlsx 파일이 없습니다.
[2025-10-16 12:33:56] INFO: ℹ 모니터링 대상 종목이 없습니다.
[2025-10-16 12:33:56] INFO: 
⏰ 60초 후 다음 사이클 실행...
[2025-10-16 12:33:56] INFO:    종료하려면 Ctrl+C를 누르세요.
[2025-10-16 12:34:56] INFO: 
================================================================================
[2025-10-16 12:34:56] INFO: [사이클 354] 2025-10-16 12:34:56
[2025-10-16 12:34:56] INFO: ================================================================================
[2025-10-16 12:34:56] WARNING: ⚠ trading_signals.xlsx 파일이 없습니다.
[2025-10-16 12:34:56] INFO: ℹ 모니터링 대상 종목이 없습니다.
[2025-10-16 12:34:56] INFO: 
⏰ 60초 후 다음 사이클 실행...
[2025-10-16 12:34:56] INFO:    종료하려면 Ctrl+C를 누르세요.
[2025-10-16 12:35:56] INFO: 
================================================================================
[2025-10-16 12:35:56] INFO: [사이클 355] 2025-10-16 12:35:56
[2025-10-16 12:35:56] INFO: ================================================================================
[2025-10-16 12:35:56] WARNING: ⚠ trading_signals.xlsx 파일이 없습니다.
[2025-10-16 12:35:56] INFO: ℹ 모니터링 대상 종목이 없습니다.
[2025-10-16 12:35:56] INFO: 
⏰ 60초 후 다음 사이클 실행...
[2025-10-16 12:35:56] INFO:    종료하려면 Ctrl+C를 누르세요.
[2025-10-16 12:36:56] INFO: 
================================================================================
[2025-10-16 12:36:56] INFO: [사이클 356] 2025-10-16 12:36:56
[2025-10-16 12:36:56] INFO: ================================================================================
[2025-10-16 12:36:56] WARNING: ⚠ trading_signals.xlsx 파일이 없습니다.
[2025-10-16 12:36:56] INFO: ℹ 모니터링 대상 종목이 없습니다.
[2025-10-16 12:36:56] INFO: 
⏰ 60초 후 다음 사이클 실행...
[2025-10-16 12:36:56] INFO:    종료하려면 Ctrl+C를 누르세요.
[2025-10-16 12:37:56] INFO: 
================================================================================
[2025-10-16 12:37:56] INFO: [사이클 357] 2025-10-16 12:37:56
[2025-10-16 12:37:56] INFO: ================================================================================
[2025-10-16 12:37:56] WARNING: ⚠ trading_signals.xlsx 파일이 없습니다.
[2025-10-16 12:37:56] INFO: ℹ 모니터링 대상 종목이 없습니다.
[2025-10-16 12:37:56] INFO: 
⏰ 60초 후 다음 사이클 실행...
[2025-10-16 12:37:56] INFO:    종료하려면 Ctrl+C를 누르세요.
[2025-10-16 12:38:56] INFO: 
================================================================================
[2025-10-16 12:38:56] INFO: [사이클 358] 2025-10-16 12:38:56
[2025-10-16 12:38:56] INFO: ================================================================================
[2025-10-16 12:38:56] WARNING: ⚠ trading_signals.xlsx 파일이 없습니다.
[2025-10-16 12:38:56] INFO: ℹ 모니터링 대상 종목이 없습니다.
[2025-10-16 12:38:56] INFO: 
⏰ 60초 후 다음 사이클 실행...
[2025-10-16 12:38:56] INFO:    종료하려면 Ctrl+C를 누르세요.
[2025-10-16 12:39:56] INFO: 
================================================================================
[2025-10-16 12:39:56] INFO: [사이클 359] 2025-10-16 12:39:56
[2025-10-16 12:39:56] INFO: ================================================================================
[2025-10-16 12:39:56] WARNING: ⚠ trading_signals.xlsx 파일이 없습니다.
[2025-10-16 12:39:56] INFO: ℹ 모니터링 대상 종목이 없습니다.
[2025-10-16 12:39:56] INFO: 
⏰ 60초 후 다음 사이클 실행...
[2025-10-16 12:39:56] INFO:    종료하려면 Ctrl+C를 누르세요.
[2025-10-16 12:40:56] INFO: 
================================================================================
[2025-10-16 12:40:56] INFO: [사이클 360] 2025-10-16 12:40:56
[2025-10-16 12:40:56] INFO: ================================================================================
[2025-10-16 12:40:56] WARNING: ⚠ trading_signals.xlsx 파일이 없습니다.
[2025-10-16 12:40:56] INFO: ℹ 모니터링 대상 종목이 없습니다.
[2025-10-16 12:40:56] INFO: 
⏰ 60초 후 다음 사이클 실행...
[2025-10-16 12:40:56] INFO:    종료하려면 Ctrl+C를 누르세요.
[2025-10-16 12:41:56] INFO: 
================================================================================
[2025-10-16 12:41:56] INFO: [사이클 361] 2025-10-16 12:41:56
[2025-10-16 12:41:56] INFO: ================================================================================
[2025-10-16 12:41:56] WARNING: ⚠ trading_signals.xlsx 파일이 없습니다.
[2025-10-16 12:41:56] INFO: ℹ 모니터링 대상 종목이 없습니다.
[2025-10-16 12:41:56] INFO: 
⏰ 60초 후 다음 사이클 실행...
[2025-10-16 12:41:56] INFO:    종료하려면 Ctrl+C를 누르세요.
[2025-10-16 12:42:56] INFO: 
================================================================================
[2025-10-16 12:42:56] INFO: [사이클 362] 2025-10-16 12:42:56
[2025-10-16 12:42:56] INFO: ================================================================================
[2025-10-16 12:42:56] WARNING: ⚠ trading_signals.xlsx 파일이 없습니다.
[2025-10-16 12:42:56] INFO: ℹ 모니터링 대상 종목이 없습니다.
[2025-10-16 12:42:56] INFO: 
⏰ 60초 후 다음 사이클 실행...
[2025-10-16 12:42:56] INFO:    종료하려면 Ctrl+C를 누르세요.
[2025-10-16 12:43:56] INFO: 
================================================================================
[2025-10-16 12:43:56] INFO: [사이클 363] 2025-10-16 12:43:56
[2025-10-16 12:43:56] INFO: ================================================================================
[2025-10-16 12:43:56] WARNING: ⚠ trading_signals.xlsx 파일이 없습니다.
[2025-10-16 12:43:56] INFO: ℹ 모니터링 대상 종목이 없습니다.
[2025-10-16 12:43:56] INFO: 
⏰ 60초 후 다음 사이클 실행...
[2025-10-16 12:43:56] INFO:    종료하려면 Ctrl+C를 누르세요.
[2025-10-16 12:44:56] INFO: 
================================================================================
[2025-10-16 12:44:56] INFO: [사이클 364] 2025-10-16 12:44:56
[2025-10-16 12:44:56] INFO: ================================================================================
[2025-10-16 12:44:56] WARNING: ⚠ trading_signals.xlsx 파일이 없습니다.
[2025-10-16 12:44:56] INFO: ℹ 모니터링 대상 종목이 없습니다.
[2025-10-16 12:44:56] INFO: 
⏰ 60초 후 다음 사이클 실행...
[2025-10-16 12:44:56] INFO:    종료하려면 Ctrl+C를 누르세요.
[2025-10-16 12:45:56] INFO: 
================================================================================
[2025-10-16 12:45:56] INFO: [사이클 365] 2025-10-16 12:45:56
[2025-10-16 12:45:56] INFO: ================================================================================
[2025-10-16 12:45:56] WARNING: ⚠ trading_signals.xlsx 파일이 없습니다.
[2025-10-16 12:45:56] INFO: ℹ 모니터링 대상 종목이 없습니다.
[2025-10-16 12:45:56] INFO: 
⏰ 60초 후 다음 사이클 실행...
[2025-10-16 12:45:56] INFO:    종료하려면 Ctrl+C를 누르세요.
[2025-10-16 12:46:56] INFO: 
================================================================================
[2025-10-16 12:46:56] INFO: [사이클 366] 2025-10-16 12:46:56
[2025-10-16 12:46:56] INFO: ================================================================================
[2025-10-16 12:46:56] WARNING: ⚠ trading_signals.xlsx 파일이 없습니다.
[2025-10-16 12:46:56] INFO: ℹ 모니터링 대상 종목이 없습니다.
[2025-10-16 12:46:56] INFO: 
⏰ 60초 후 다음 사이클 실행...
[2025-10-16 12:46:56] INFO:    종료하려면 Ctrl+C를 누르세요.
[2025-10-16 12:47:56] INFO: 
================================================================================
[2025-10-16 12:47:56] INFO: [사이클 367] 2025-10-16 12:47:56
[2025-10-16 12:47:56] INFO: ================================================================================
[2025-10-16 12:47:56] WARNING: ⚠ trading_signals.xlsx 파일이 없습니다.
[2025-10-16 12:47:56] INFO: ℹ 모니터링 대상 종목이 없습니다.
[2025-10-16 12:47:56] INFO: 
⏰ 60초 후 다음 사이클 실행...
[2025-10-16 12:47:56] INFO:    종료하려면 Ctrl+C를 누르세요.
[2025-10-16 12:48:56] INFO: 
================================================================================
[2025-10-16 12:48:56] INFO: [사이클 368] 2025-10-16 12:48:56
[2025-10-16 12:48:56] INFO: ================================================================================
[2025-10-16 12:48:56] WARNING: ⚠ trading_signals.xlsx 파일이 없습니다.
[2025-10-16 12:48:56] INFO: ℹ 모니터링 대상 종목이 없습니다.
[2025-10-16 12:48:56] INFO: 
⏰ 60초 후 다음 사이클 실행...
[2025-10-16 12:48:56] INFO:    종료하려면 Ctrl+C를 누르세요.
[2025-10-16 12:49:56] INFO: 
================================================================================
[2025-10-16 12:49:56] INFO: [사이클 369] 2025-10-16 12:49:56
[2025-10-16 12:49:56] INFO: ================================================================================
[2025-10-16 12:49:56] WARNING: ⚠ trading_signals.xlsx 파일이 없습니다.
[2025-10-16 12:49:56] INFO: ℹ 모니터링 대상 종목이 없습니다.
[2025-10-16 12:49:56] INFO: 
⏰ 60초 후 다음 사이클 실행...
[2025-10-16 12:49:56] INFO:    종료하려면 Ctrl+C를 누르세요.
[2025-10-16 12:50:56] INFO: 
================================================================================
[2025-10-16 12:50:56] INFO: [사이클 370] 2025-10-16 12:50:56
[2025-10-16 12:50:56] INFO: ================================================================================
[2025-10-16 12:50:56] WARNING: ⚠ trading_signals.xlsx 파일이 없습니다.
[2025-10-16 12:50:56] INFO: ℹ 모니터링 대상 종목이 없습니다.
[2025-10-16 12:50:56] INFO: 
⏰ 60초 후 다음 사이클 실행...
[2025-10-16 12:50:56] INFO:    종료하려면 Ctrl+C를 누르세요.
[2025-10-16 12:51:56] INFO: 
================================================================================
[2025-10-16 12:51:56] INFO: [사이클 371] 2025-10-16 12:51:56
[2025-10-16 12:51:56] INFO: ================================================================================
[2025-10-16 12:51:56] WARNING: ⚠ trading_signals.xlsx 파일이 없습니다.
[2025-10-16 12:51:56] INFO: ℹ 모니터링 대상 종목이 없습니다.
[2025-10-16 12:51:56] INFO: 
⏰ 60초 후 다음 사이클 실행...
[2025-10-16 12:51:56] INFO:    종료하려면 Ctrl+C를 누르세요.
[2025-10-16 12:52:56] INFO: 
================================================================================
[2025-10-16 12:52:56] INFO: [사이클 372] 2025-10-16 12:52:56
[2025-10-16 12:52:56] INFO: ================================================================================
[2025-10-16 12:52:56] WARNING: ⚠ trading_signals.xlsx 파일이 없습니다.
[2025-10-16 12:52:56] INFO: ℹ 모니터링 대상 종목이 없습니다.
[2025-10-16 12:52:56] INFO: 
⏰ 60초 후 다음 사이클 실행...
[2025-10-16 12:52:56] INFO:    종료하려면 Ctrl+C를 누르세요.
[2025-10-16 12:53:56] INFO: 
================================================================================
[2025-10-16 12:53:56] INFO: [사이클 373] 2025-10-16 12:53:56
[2025-10-16 12:53:56] INFO: ================================================================================
[2025-10-16 12:53:56] WARNING: ⚠ trading_signals.xlsx 파일이 없습니다.
[2025-10-16 12:53:56] INFO: ℹ 모니터링 대상 종목이 없습니다.
[2025-10-16 12:53:56] INFO: 
⏰ 60초 후 다음 사이클 실행...
[2025-10-16 12:53:56] INFO:    종료하려면 Ctrl+C를 누르세요.
[2025-10-16 12:54:56] INFO: 
================================================================================
[2025-10-16 12:54:56] INFO: [사이클 374] 2025-10-16 12:54:56
[2025-10-16 12:54:56] INFO: ================================================================================
[2025-10-16 12:54:56] WARNING: ⚠ trading_signals.xlsx 파일이 없습니다.
[2025-10-16 12:54:56] INFO: ℹ 모니터링 대상 종목이 없습니다.
[2025-10-16 12:54:56] INFO: 
⏰ 60초 후 다음 사이클 실행...
[2025-10-16 12:54:56] INFO:    종료하려면 Ctrl+C를 누르세요.
[2025-10-16 12:55:56] INFO: 
================================================================================
[2025-10-16 12:55:56] INFO: [사이클 375] 2025-10-16 12:55:56
[2025-10-16 12:55:56] INFO: ================================================================================
[2025-10-16 12:55:56] WARNING: ⚠ trading_signals.xlsx 파일이 없습니다.
[2025-10-16 12:55:56] INFO: ℹ 모니터링 대상 종목이 없습니다.
[2025-10-16 12:55:56] INFO: 
⏰ 60초 후 다음 사이클 실행...
[2025-10-16 12:55:56] INFO:    종료하려면 Ctrl+C를 누르세요.
[2025-10-16 12:56:56] INFO: 
================================================================================
[2025-10-16 12:56:56] INFO: [사이클 376] 2025-10-16 12:56:56
[2025-10-16 12:56:56] INFO: ================================================================================
[2025-10-16 12:56:56] WARNING: ⚠ trading_signals.xlsx 파일이 없습니다.
[2025-10-16 12:56:56] INFO: ℹ 모니터링 대상 종목이 없습니다.
[2025-10-16 12:56:56] INFO: 
⏰ 60초 후 다음 사이클 실행...
[2025-10-16 12:56:56] INFO:    종료하려면 Ctrl+C를 누르세요.
[2025-10-16 12:57:56] INFO: 
================================================================================
[2025-10-16 12:57:56] INFO: [사이클 377] 2025-10-16 12:57:56
[2025-10-16 12:57:56] INFO: ================================================================================
[2025-10-16 12:57:56] WARNING: ⚠ trading_signals.xlsx 파일이 없습니다.
[2025-10-16 12:57:56] INFO: ℹ 모니터링 대상 종목이 없습니다.
[2025-10-16 12:57:56] INFO: 
⏰ 60초 후 다음 사이클 실행...
[2025-10-16 12:57:56] INFO:    종료하려면 Ctrl+C를 누르세요.
[2025-10-16 12:58:56] INFO: 
================================================================================
[2025-10-16 12:58:56] INFO: [사이클 378] 2025-10-16 12:58:56
[2025-10-16 12:58:56] INFO: ================================================================================
[2025-10-16 12:58:56] WARNING: ⚠ trading_signals.xlsx 파일이 없습니다.
[2025-10-16 12:58:56] INFO: ℹ 모니터링 대상 종목이 없습니다.
[2025-10-16 12:58:56] INFO: 
⏰ 60초 후 다음 사이클 실행...
[2025-10-16 12:58:56] INFO:    종료하려면 Ctrl+C를 누르세요.
[2025-10-16 12:59:56] INFO: 
================================================================================
[2025-10-16 12:59:56] INFO: [사이클 379] 2025-10-16 12:59:56
[2025-10-16 12:59:56] INFO: ================================================================================
[2025-10-16 12:59:56] WARNING: ⚠ trading_signals.xlsx 파일이 없습니다.
[2025-10-16 12:59:56] INFO: ℹ 모니터링 대상 종목이 없습니다.
[2025-10-16 12:59:56] INFO: 
⏰ 60초 후 다음 사이클 실행...
[2025-10-16 12:59:56] INFO:    종료하려면 Ctrl+C를 누르세요.
[2025-10-16 13:00:56] INFO: 
================================================================================
[2025-10-16 13:00:56] INFO: [사이클 380] 2025-10-16 13:00:56
[2025-10-16 13:00:56] INFO: ================================================================================
[2025-10-16 13:00:56] WARNING: ⚠ trading_signals.xlsx 파일이 없습니다.
[2025-10-16 13:00:56] INFO: ℹ 모니터링 대상 종목이 없습니다.
[2025-10-16 13:00:56] INFO: 
⏰ 60초 후 다음 사이클 실행...
[2025-10-16 13:00:56] INFO:    종료하려면 Ctrl+C를 누르세요.
[2025-10-16 13:01:56] INFO: 
================================================================================
[2025-10-16 13:01:56] INFO: [사이클 381] 2025-10-16 13:01:56
[2025-10-16 13:01:56] INFO: ================================================================================
[2025-10-16 13:01:56] WARNING: ⚠ trading_signals.xlsx 파일이 없습니다.
[2025-10-16 13:01:56] INFO: ℹ 모니터링 대상 종목이 없습니다.
[2025-10-16 13:01:56] INFO: 
⏰ 60초 후 다음 사이클 실행...
[2025-10-16 13:01:56] INFO:    종료하려면 Ctrl+C를 누르세요.
[2025-10-16 13:02:56] INFO: 
================================================================================
[2025-10-16 13:02:56] INFO: [사이클 382] 2025-10-16 13:02:56
[2025-10-16 13:02:56] INFO: ================================================================================
[2025-10-16 13:02:56] WARNING: ⚠ trading_signals.xlsx 파일이 없습니다.
[2025-10-16 13:02:56] INFO: ℹ 모니터링 대상 종목이 없습니다.
[2025-10-16 13:02:56] INFO: 
⏰ 60초 후 다음 사이클 실행...
[2025-10-16 13:02:56] INFO:    종료하려면 Ctrl+C를 누르세요.
[2025-10-16 13:03:56] INFO: 
================================================================================
[2025-10-16 13:03:56] INFO: [사이클 383] 2025-10-16 13:03:56
[2025-10-16 13:03:56] INFO: ================================================================================
[2025-10-16 13:03:56] WARNING: ⚠ trading_signals.xlsx 파일이 없습니다.
[2025-10-16 13:03:56] INFO: ℹ 모니터링 대상 종목이 없습니다.
[2025-10-16 13:03:56] INFO: 
⏰ 60초 후 다음 사이클 실행...
[2025-10-16 13:03:56] INFO:    종료하려면 Ctrl+C를 누르세요.
[2025-10-16 13:04:56] INFO: 
================================================================================
[2025-10-16 13:04:56] INFO: [사이클 384] 2025-10-16 13:04:56
[2025-10-16 13:04:56] INFO: ================================================================================
[2025-10-16 13:04:56] WARNING: ⚠ trading_signals.xlsx 파일이 없습니다.
[2025-10-16 13:04:56] INFO: ℹ 모니터링 대상 종목이 없습니다.
[2025-10-16 13:04:56] INFO: 
⏰ 60초 후 다음 사이클 실행...
[2025-10-16 13:04:56] INFO:    종료하려면 Ctrl+C를 누르세요.
[2025-10-16 13:05:56] INFO: 
================================================================================
[2025-10-16 13:05:56] INFO: [사이클 385] 2025-10-16 13:05:56
[2025-10-16 13:05:56] INFO: ================================================================================
[2025-10-16 13:05:56] WARNING: ⚠ trading_signals.xlsx 파일이 없습니다.
[2025-10-16 13:05:56] INFO: ℹ 모니터링 대상 종목이 없습니다.
[2025-10-16 13:05:56] INFO: 
⏰ 60초 후 다음 사이클 실행...
[2025-10-16 13:05:56] INFO:    종료하려면 Ctrl+C를 누르세요.
[2025-10-16 13:06:56] INFO: 
================================================================================
[2025-10-16 13:06:56] INFO: [사이클 386] 2025-10-16 13:06:56
[2025-10-16 13:06:56] INFO: ================================================================================
[2025-10-16 13:06:56] WARNING: ⚠ trading_signals.xlsx 파일이 없습니다.
[2025-10-16 13:06:56] INFO: ℹ 모니터링 대상 종목이 없습니다.
[2025-10-16 13:06:56] INFO: 
⏰ 60초 후 다음 사이클 실행...
[2025-10-16 13:06:56] INFO:    종료하려면 Ctrl+C를 누르세요.
[2025-10-16 13:07:56] INFO: 
================================================================================
[2025-10-16 13:07:56] INFO: [사이클 387] 2025-10-16 13:07:56
[2025-10-16 13:07:56] INFO: ================================================================================
[2025-10-16 13:07:56] WARNING: ⚠ trading_signals.xlsx 파일이 없습니다.
[2025-10-16 13:07:56] INFO: ℹ 모니터링 대상 종목이 없습니다.
[2025-10-16 13:07:56] INFO: 
⏰ 60초 후 다음 사이클 실행...
[2025-10-16 13:07:56] INFO:    종료하려면 Ctrl+C를 누르세요.
[2025-10-16 13:08:56] INFO: 
================================================================================
[2025-10-16 13:08:56] INFO: [사이클 388] 2025-10-16 13:08:56
[2025-10-16 13:08:56] INFO: ================================================================================
[2025-10-16 13:08:56] WARNING: ⚠ trading_signals.xlsx 파일이 없습니다.
[2025-10-16 13:08:56] INFO: ℹ 모니터링 대상 종목이 없습니다.
[2025-10-16 13:08:56] INFO: 
⏰ 60초 후 다음 사이클 실행...
[2025-10-16 13:08:56] INFO:    종료하려면 Ctrl+C를 누르세요.
[2025-10-16 13:09:56] INFO: 
================================================================================
[2025-10-16 13:09:56] INFO: [사이클 389] 2025-10-16 13:09:56
[2025-10-16 13:09:56] INFO: ================================================================================
[2025-10-16 13:09:56] WARNING: ⚠ trading_signals.xlsx 파일이 없습니다.
[2025-10-16 13:09:56] INFO: ℹ 모니터링 대상 종목이 없습니다.
[2025-10-16 13:09:56] INFO: 
⏰ 60초 후 다음 사이클 실행...
[2025-10-16 13:09:56] INFO:    종료하려면 Ctrl+C를 누르세요.
[2025-10-16 13:10:56] INFO: 
================================================================================
[2025-10-16 13:10:56] INFO: [사이클 390] 2025-10-16 13:10:56
[2025-10-16 13:10:56] INFO: ================================================================================
[2025-10-16 13:10:56] WARNING: ⚠ trading_signals.xlsx 파일이 없습니다.
[2025-10-16 13:10:56] INFO: ℹ 모니터링 대상 종목이 없습니다.
[2025-10-16 13:10:56] INFO: 
⏰ 60초 후 다음 사이클 실행...
[2025-10-16 13:10:56] INFO:    종료하려면 Ctrl+C를 누르세요.
[2025-10-16 13:11:56] INFO: 
================================================================================
[2025-10-16 13:11:56] INFO: [사이클 391] 2025-10-16 13:11:56
[2025-10-16 13:11:56] INFO: ================================================================================
[2025-10-16 13:11:56] WARNING: ⚠ trading_signals.xlsx 파일이 없습니다.
[2025-10-16 13:11:56] INFO: ℹ 모니터링 대상 종목이 없습니다.
[2025-10-16 13:11:56] INFO: 
⏰ 60초 후 다음 사이클 실행...
[2025-10-16 13:11:56] INFO:    종료하려면 Ctrl+C를 누르세요.
[2025-10-16 13:12:56] INFO: 
================================================================================
[2025-10-16 13:12:56] INFO: [사이클 392] 2025-10-16 13:12:56
[2025-10-16 13:12:56] INFO: ================================================================================
[2025-10-16 13:12:56] WARNING: ⚠ trading_signals.xlsx 파일이 없습니다.
[2025-10-16 13:12:56] INFO: ℹ 모니터링 대상 종목이 없습니다.
[2025-10-16 13:12:56] INFO: 
⏰ 60초 후 다음 사이클 실행...
[2025-10-16 13:12:56] INFO:    종료하려면 Ctrl+C를 누르세요.
[2025-10-16 13:13:56] INFO: 
================================================================================
[2025-10-16 13:13:56] INFO: [사이클 393] 2025-10-16 13:13:56
[2025-10-16 13:13:56] INFO: ================================================================================
[2025-10-16 13:13:56] WARNING: ⚠ trading_signals.xlsx 파일이 없습니다.
[2025-10-16 13:13:56] INFO: ℹ 모니터링 대상 종목이 없습니다.
[2025-10-16 13:13:56] INFO: 
⏰ 60초 후 다음 사이클 실행...
[2025-10-16 13:13:56] INFO:    종료하려면 Ctrl+C를 누르세요.
[2025-10-16 13:14:56] INFO: 
================================================================================
[2025-10-16 13:14:56] INFO: [사이클 394] 2025-10-16 13:14:56
[2025-10-16 13:14:56] INFO: ================================================================================
[2025-10-16 13:14:56] WARNING: ⚠ trading_signals.xlsx 파일이 없습니다.
[2025-10-16 13:14:56] INFO: ℹ 모니터링 대상 종목이 없습니다.
[2025-10-16 13:14:56] INFO: 
⏰ 60초 후 다음 사이클 실행...
[2025-10-16 13:14:56] INFO:    종료하려면 Ctrl+C를 누르세요.
[2025-10-16 13:15:56] INFO: 
================================================================================
[2025-10-16 13:15:56] INFO: [사이클 395] 2025-10-16 13:15:56
[2025-10-16 13:15:56] INFO: ================================================================================
[2025-10-16 13:15:56] WARNING: ⚠ trading_signals.xlsx 파일이 없습니다.
[2025-10-16 13:15:56] INFO: ℹ 모니터링 대상 종목이 없습니다.
[2025-10-16 13:15:56] INFO: 
⏰ 60초 후 다음 사이클 실행...
[2025-10-16 13:15:56] INFO:    종료하려면 Ctrl+C를 누르세요.
[2025-10-16 13:16:56] INFO: 
================================================================================
[2025-10-16 13:16:56] INFO: [사이클 396] 2025-10-16 13:16:56
[2025-10-16 13:16:56] INFO: ================================================================================
[2025-10-16 13:16:56] WARNING: ⚠ trading_signals.xlsx 파일이 없습니다.
[2025-10-16 13:16:56] INFO: ℹ 모니터링 대상 종목이 없습니다.
[2025-10-16 13:16:56] INFO: 
⏰ 60초 후 다음 사이클 실행...
[2025-10-16 13:16:56] INFO:    종료하려면 Ctrl+C를 누르세요.
[2025-10-16 13:17:56] INFO: 
================================================================================
[2025-10-16 13:17:56] INFO: [사이클 397] 2025-10-16 13:17:56
[2025-10-16 13:17:56] INFO: ================================================================================
[2025-10-16 13:17:56] WARNING: ⚠ trading_signals.xlsx 파일이 없습니다.
[2025-10-16 13:17:56] INFO: ℹ 모니터링 대상 종목이 없습니다.
[2025-10-16 13:17:56] INFO: 
⏰ 60초 후 다음 사이클 실행...
[2025-10-16 13:17:56] INFO:    종료하려면 Ctrl+C를 누르세요.
[2025-10-16 13:18:56] INFO: 
================================================================================
[2025-10-16 13:18:56] INFO: [사이클 398] 2025-10-16 13:18:56
[2025-10-16 13:18:56] INFO: ================================================================================
[2025-10-16 13:18:56] WARNING: ⚠ trading_signals.xlsx 파일이 없습니다.
[2025-10-16 13:18:56] INFO: ℹ 모니터링 대상 종목이 없습니다.
[2025-10-16 13:18:56] INFO: 
⏰ 60초 후 다음 사이클 실행...
[2025-10-16 13:18:56] INFO:    종료하려면 Ctrl+C를 누르세요.
[2025-10-16 13:19:56] INFO: 
================================================================================
[2025-10-16 13:19:56] INFO: [사이클 399] 2025-10-16 13:19:56
[2025-10-16 13:19:56] INFO: ================================================================================
[2025-10-16 13:19:56] WARNING: ⚠ trading_signals.xlsx 파일이 없습니다.
[2025-10-16 13:19:56] INFO: ℹ 모니터링 대상 종목이 없습니다.
[2025-10-16 13:19:56] INFO: 
⏰ 60초 후 다음 사이클 실행...
[2025-10-16 13:19:56] INFO:    종료하려면 Ctrl+C를 누르세요.
[2025-10-16 13:20:56] INFO: 
================================================================================
[2025-10-16 13:20:56] INFO: [사이클 400] 2025-10-16 13:20:56
[2025-10-16 13:20:56] INFO: ================================================================================
[2025-10-16 13:20:56] WARNING: ⚠ trading_signals.xlsx 파일이 없습니다.
[2025-10-16 13:20:56] INFO: ℹ 모니터링 대상 종목이 없습니다.
[2025-10-16 13:20:56] INFO: 
⏰ 60초 후 다음 사이클 실행...
[2025-10-16 13:20:56] INFO:    종료하려면 Ctrl+C를 누르세요.
[2025-10-16 13:21:56] INFO: 
================================================================================
[2025-10-16 13:21:56] INFO: [사이클 401] 2025-10-16 13:21:56
[2025-10-16 13:21:56] INFO: ================================================================================
[2025-10-16 13:21:56] WARNING: ⚠ trading_signals.xlsx 파일이 없습니다.
[2025-10-16 13:21:56] INFO: ℹ 모니터링 대상 종목이 없습니다.
[2025-10-16 13:21:56] INFO: 
⏰ 60초 후 다음 사이클 실행...
[2025-10-16 13:21:56] INFO:    종료하려면 Ctrl+C를 누르세요.
[2025-10-16 13:22:56] INFO: 
================================================================================
[2025-10-16 13:22:56] INFO: [사이클 402] 2025-10-16 13:22:56
[2025-10-16 13:22:56] INFO: ================================================================================
[2025-10-16 13:22:56] WARNING: ⚠ trading_signals.xlsx 파일이 없습니다.
[2025-10-16 13:22:56] INFO: ℹ 모니터링 대상 종목이 없습니다.
[2025-10-16 13:22:56] INFO: 
⏰ 60초 후 다음 사이클 실행...
[2025-10-16 13:22:56] INFO:    종료하려면 Ctrl+C를 누르세요.
[2025-10-16 13:23:56] INFO: 
================================================================================
[2025-10-16 13:23:56] INFO: [사이클 403] 2025-10-16 13:23:56
[2025-10-16 13:23:56] INFO: ================================================================================
[2025-10-16 13:23:56] WARNING: ⚠ trading_signals.xlsx 파일이 없습니다.
[2025-10-16 13:23:56] INFO: ℹ 모니터링 대상 종목이 없습니다.
[2025-10-16 13:23:56] INFO: 
⏰ 60초 후 다음 사이클 실행...
[2025-10-16 13:23:56] INFO:    종료하려면 Ctrl+C를 누르세요.
[2025-10-16 13:24:56] INFO: 
================================================================================
[2025-10-16 13:24:56] INFO: [사이클 404] 2025-10-16 13:24:56
[2025-10-16 13:24:56] INFO: ================================================================================
[2025-10-16 13:24:56] WARNING: ⚠ trading_signals.xlsx 파일이 없습니다.
[2025-10-16 13:24:56] INFO: ℹ 모니터링 대상 종목이 없습니다.
[2025-10-16 13:24:56] INFO: 
⏰ 60초 후 다음 사이클 실행...
[2025-10-16 13:24:56] INFO:    종료하려면 Ctrl+C를 누르세요.
[2025-10-16 13:25:56] INFO: 
================================================================================
[2025-10-16 13:25:56] INFO: [사이클 405] 2025-10-16 13:25:56
[2025-10-16 13:25:56] INFO: ================================================================================
[2025-10-16 13:25:56] WARNING: ⚠ trading_signals.xlsx 파일이 없습니다.
[2025-10-16 13:25:56] INFO: ℹ 모니터링 대상 종목이 없습니다.
[2025-10-16 13:25:56] INFO: 
⏰ 60초 후 다음 사이클 실행...
[2025-10-16 13:25:56] INFO:    종료하려면 Ctrl+C를 누르세요.
[2025-10-16 13:26:56] INFO: 
================================================================================
[2025-10-16 13:26:56] INFO: [사이클 406] 2025-10-16 13:26:56
[2025-10-16 13:26:56] INFO: ================================================================================
[2025-10-16 13:26:56] WARNING: ⚠ trading_signals.xlsx 파일이 없습니다.
[2025-10-16 13:26:56] INFO: ℹ 모니터링 대상 종목이 없습니다.
[2025-10-16 13:26:56] INFO: 
⏰ 60초 후 다음 사이클 실행...
[2025-10-16 13:26:56] INFO:    종료하려면 Ctrl+C를 누르세요.
[2025-10-16 13:27:56] INFO: 
================================================================================
[2025-10-16 13:27:56] INFO: [사이클 407] 2025-10-16 13:27:56
[2025-10-16 13:27:56] INFO: ================================================================================
[2025-10-16 13:27:56] WARNING: ⚠ trading_signals.xlsx 파일이 없습니다.
[2025-10-16 13:27:56] INFO: ℹ 모니터링 대상 종목이 없습니다.
[2025-10-16 13:27:56] INFO: 
⏰ 60초 후 다음 사이클 실행...
[2025-10-16 13:27:56] INFO:    종료하려면 Ctrl+C를 누르세요.
[2025-10-16 13:28:56] INFO: 
================================================================================
[2025-10-16 13:28:56] INFO: [사이클 408] 2025-10-16 13:28:56
[2025-10-16 13:28:56] INFO: ================================================================================
[2025-10-16 13:28:56] WARNING: ⚠ trading_signals.xlsx 파일이 없습니다.
[2025-10-16 13:28:56] INFO: ℹ 모니터링 대상 종목이 없습니다.
[2025-10-16 13:28:56] INFO: 
⏰ 60초 후 다음 사이클 실행...
[2025-10-16 13:28:56] INFO:    종료하려면 Ctrl+C를 누르세요.
[2025-10-16 13:29:56] INFO: 
================================================================================
[2025-10-16 13:29:56] INFO: [사이클 409] 2025-10-16 13:29:56
[2025-10-16 13:29:56] INFO: ================================================================================
[2025-10-16 13:29:56] WARNING: ⚠ trading_signals.xlsx 파일이 없습니다.
[2025-10-16 13:29:56] INFO: ℹ 모니터링 대상 종목이 없습니다.
[2025-10-16 13:29:56] INFO: 
⏰ 60초 후 다음 사이클 실행...
[2025-10-16 13:29:56] INFO:    종료하려면 Ctrl+C를 누르세요.
[2025-10-16 13:30:56] INFO: 
================================================================================
[2025-10-16 13:30:56] INFO: [사이클 410] 2025-10-16 13:30:56
[2025-10-16 13:30:56] INFO: ================================================================================
[2025-10-16 13:30:56] WARNING: ⚠ trading_signals.xlsx 파일이 없습니다.
[2025-10-16 13:30:56] INFO: ℹ 모니터링 대상 종목이 없습니다.
[2025-10-16 13:30:56] INFO: 
⏰ 60초 후 다음 사이클 실행...
[2025-10-16 13:30:56] INFO:    종료하려면 Ctrl+C를 누르세요.
[2025-10-16 13:31:56] INFO: 
================================================================================
[2025-10-16 13:31:56] INFO: [사이클 411] 2025-10-16 13:31:56
[2025-10-16 13:31:56] INFO: ================================================================================
[2025-10-16 13:31:56] WARNING: ⚠ trading_signals.xlsx 파일이 없습니다.
[2025-10-16 13:31:56] INFO: ℹ 모니터링 대상 종목이 없습니다.
[2025-10-16 13:31:56] INFO: 
⏰ 60초 후 다음 사이클 실행...
[2025-10-16 13:31:56] INFO:    종료하려면 Ctrl+C를 누르세요.
[2025-10-16 13:32:56] INFO: 
================================================================================
[2025-10-16 13:32:56] INFO: [사이클 412] 2025-10-16 13:32:56
[2025-10-16 13:32:56] INFO: ================================================================================
[2025-10-16 13:32:56] WARNING: ⚠ trading_signals.xlsx 파일이 없습니다.
[2025-10-16 13:32:56] INFO: ℹ 모니터링 대상 종목이 없습니다.
[2025-10-16 13:32:56] INFO: 
⏰ 60초 후 다음 사이클 실행...
[2025-10-16 13:32:56] INFO:    종료하려면 Ctrl+C를 누르세요.
[2025-10-16 13:33:56] INFO: 
================================================================================
[2025-10-16 13:33:56] INFO: [사이클 413] 2025-10-16 13:33:56
[2025-10-16 13:33:56] INFO: ================================================================================
[2025-10-16 13:33:56] WARNING: ⚠ trading_signals.xlsx 파일이 없습니다.
[2025-10-16 13:33:56] INFO: ℹ 모니터링 대상 종목이 없습니다.
[2025-10-16 13:33:56] INFO: 
⏰ 60초 후 다음 사이클 실행...
[2025-10-16 13:33:56] INFO:    종료하려면 Ctrl+C를 누르세요.
[2025-10-16 13:34:56] INFO: 
================================================================================
[2025-10-16 13:34:56] INFO: [사이클 414] 2025-10-16 13:34:56
[2025-10-16 13:34:56] INFO: ================================================================================
[2025-10-16 13:34:56] WARNING: ⚠ trading_signals.xlsx 파일이 없습니다.
[2025-10-16 13:34:56] INFO: ℹ 모니터링 대상 종목이 없습니다.
[2025-10-16 13:34:56] INFO: 
⏰ 60초 후 다음 사이클 실행...
[2025-10-16 13:34:56] INFO:    종료하려면 Ctrl+C를 누르세요.
[2025-10-16 13:35:56] INFO: 
================================================================================
[2025-10-16 13:35:56] INFO: [사이클 415] 2025-10-16 13:35:56
[2025-10-16 13:35:56] INFO: ================================================================================
[2025-10-16 13:35:56] WARNING: ⚠ trading_signals.xlsx 파일이 없습니다.
[2025-10-16 13:35:56] INFO: ℹ 모니터링 대상 종목이 없습니다.
[2025-10-16 13:35:56] INFO: 
⏰ 60초 후 다음 사이클 실행...
[2025-10-16 13:35:56] INFO:    종료하려면 Ctrl+C를 누르세요.
[2025-10-16 13:36:56] INFO: 
================================================================================
[2025-10-16 13:36:56] INFO: [사이클 416] 2025-10-16 13:36:56
[2025-10-16 13:36:56] INFO: ================================================================================
[2025-10-16 13:36:56] WARNING: ⚠ trading_signals.xlsx 파일이 없습니다.
[2025-10-16 13:36:56] INFO: ℹ 모니터링 대상 종목이 없습니다.
[2025-10-16 13:36:56] INFO: 
⏰ 60초 후 다음 사이클 실행...
[2025-10-16 13:36:56] INFO:    종료하려면 Ctrl+C를 누르세요.
[2025-10-16 13:37:56] INFO: 
================================================================================
[2025-10-16 13:37:56] INFO: [사이클 417] 2025-10-16 13:37:56
[2025-10-16 13:37:56] INFO: ================================================================================
[2025-10-16 13:37:56] WARNING: ⚠ trading_signals.xlsx 파일이 없습니다.
[2025-10-16 13:37:56] INFO: ℹ 모니터링 대상 종목이 없습니다.
[2025-10-16 13:37:56] INFO: 
⏰ 60초 후 다음 사이클 실행...
[2025-10-16 13:37:56] INFO:    종료하려면 Ctrl+C를 누르세요.
[2025-10-16 13:38:56] INFO: 
================================================================================
[2025-10-16 13:38:56] INFO: [사이클 418] 2025-10-16 13:38:56
[2025-10-16 13:38:56] INFO: ================================================================================
[2025-10-16 13:38:56] WARNING: ⚠ trading_signals.xlsx 파일이 없습니다.
[2025-10-16 13:38:56] INFO: ℹ 모니터링 대상 종목이 없습니다.
[2025-10-16 13:38:56] INFO: 
⏰ 60초 후 다음 사이클 실행...
[2025-10-16 13:38:56] INFO:    종료하려면 Ctrl+C를 누르세요.
[2025-10-16 13:39:56] INFO: 
================================================================================
[2025-10-16 13:39:56] INFO: [사이클 419] 2025-10-16 13:39:56
[2025-10-16 13:39:56] INFO: ================================================================================
[2025-10-16 13:39:56] WARNING: ⚠ trading_signals.xlsx 파일이 없습니다.
[2025-10-16 13:39:56] INFO: ℹ 모니터링 대상 종목이 없습니다.
[2025-10-16 13:39:56] INFO: 
⏰ 60초 후 다음 사이클 실행...
[2025-10-16 13:39:56] INFO:    종료하려면 Ctrl+C를 누르세요.
[2025-10-16 13:40:56] INFO: 
================================================================================
[2025-10-16 13:40:56] INFO: [사이클 420] 2025-10-16 13:40:56
[2025-10-16 13:40:56] INFO: ================================================================================
[2025-10-16 13:40:56] WARNING: ⚠ trading_signals.xlsx 파일이 없습니다.
[2025-10-16 13:40:56] INFO: ℹ 모니터링 대상 종목이 없습니다.
[2025-10-16 13:40:56] INFO: 
⏰ 60초 후 다음 사이클 실행...
[2025-10-16 13:40:56] INFO:    종료하려면 Ctrl+C를 누르세요.
[2025-10-16 13:41:56] INFO: 
================================================================================
[2025-10-16 13:41:56] INFO: [사이클 421] 2025-10-16 13:41:56
[2025-10-16 13:41:56] INFO: ================================================================================
[2025-10-16 13:41:56] WARNING: ⚠ trading_signals.xlsx 파일이 없습니다.
[2025-10-16 13:41:56] INFO: ℹ 모니터링 대상 종목이 없습니다.
[2025-10-16 13:41:56] INFO: 
⏰ 60초 후 다음 사이클 실행...
[2025-10-16 13:41:56] INFO:    종료하려면 Ctrl+C를 누르세요.
[2025-10-16 13:42:56] INFO: 
================================================================================
[2025-10-16 13:42:56] INFO: [사이클 422] 2025-10-16 13:42:56
[2025-10-16 13:42:56] INFO: ================================================================================
[2025-10-16 13:42:56] WARNING: ⚠ trading_signals.xlsx 파일이 없습니다.
[2025-10-16 13:42:56] INFO: ℹ 모니터링 대상 종목이 없습니다.
[2025-10-16 13:42:56] INFO: 
⏰ 60초 후 다음 사이클 실행...
[2025-10-16 13:42:56] INFO:    종료하려면 Ctrl+C를 누르세요.
[2025-10-16 13:43:56] INFO: 
================================================================================
[2025-10-16 13:43:56] INFO: [사이클 423] 2025-10-16 13:43:56
[2025-10-16 13:43:56] INFO: ================================================================================
[2025-10-16 13:43:56] WARNING: ⚠ trading_signals.xlsx 파일이 없습니다.
[2025-10-16 13:43:56] INFO: ℹ 모니터링 대상 종목이 없습니다.
[2025-10-16 13:43:56] INFO: 
⏰ 60초 후 다음 사이클 실행...
[2025-10-16 13:43:56] INFO:    종료하려면 Ctrl+C를 누르세요.
[2025-10-16 13:44:56] INFO: 
================================================================================
[2025-10-16 13:44:56] INFO: [사이클 424] 2025-10-16 13:44:56
[2025-10-16 13:44:56] INFO: ================================================================================
[2025-10-16 13:44:56] WARNING: ⚠ trading_signals.xlsx 파일이 없습니다.
[2025-10-16 13:44:56] INFO: ℹ 모니터링 대상 종목이 없습니다.
[2025-10-16 13:44:56] INFO: 
⏰ 60초 후 다음 사이클 실행...
[2025-10-16 13:44:56] INFO:    종료하려면 Ctrl+C를 누르세요.
[2025-10-16 13:45:56] INFO: 
================================================================================
[2025-10-16 13:45:56] INFO: [사이클 425] 2025-10-16 13:45:56
[2025-10-16 13:45:56] INFO: ================================================================================
[2025-10-16 13:45:56] WARNING: ⚠ trading_signals.xlsx 파일이 없습니다.
[2025-10-16 13:45:56] INFO: ℹ 모니터링 대상 종목이 없습니다.
[2025-10-16 13:45:56] INFO: 
⏰ 60초 후 다음 사이클 실행...
[2025-10-16 13:45:56] INFO:    종료하려면 Ctrl+C를 누르세요.
[2025-10-16 13:46:56] INFO: 
================================================================================
[2025-10-16 13:46:56] INFO: [사이클 426] 2025-10-16 13:46:56
[2025-10-16 13:46:56] INFO: ================================================================================
[2025-10-16 13:46:56] WARNING: ⚠ trading_signals.xlsx 파일이 없습니다.
[2025-10-16 13:46:56] INFO: ℹ 모니터링 대상 종목이 없습니다.
[2025-10-16 13:46:56] INFO: 
⏰ 60초 후 다음 사이클 실행...
[2025-10-16 13:46:56] INFO:    종료하려면 Ctrl+C를 누르세요.
[2025-10-16 13:47:56] INFO: 
================================================================================
[2025-10-16 13:47:56] INFO: [사이클 427] 2025-10-16 13:47:56
[2025-10-16 13:47:56] INFO: ================================================================================
[2025-10-16 13:47:56] WARNING: ⚠ trading_signals.xlsx 파일이 없습니다.
[2025-10-16 13:47:56] INFO: ℹ 모니터링 대상 종목이 없습니다.
[2025-10-16 13:47:56] INFO: 
⏰ 60초 후 다음 사이클 실행...
[2025-10-16 13:47:56] INFO:    종료하려면 Ctrl+C를 누르세요.
[2025-10-16 13:48:56] INFO: 
================================================================================
[2025-10-16 13:48:56] INFO: [사이클 428] 2025-10-16 13:48:56
[2025-10-16 13:48:56] INFO: ================================================================================
[2025-10-16 13:48:56] WARNING: ⚠ trading_signals.xlsx 파일이 없습니다.
[2025-10-16 13:48:56] INFO: ℹ 모니터링 대상 종목이 없습니다.
[2025-10-16 13:48:56] INFO: 
⏰ 60초 후 다음 사이클 실행...
[2025-10-16 13:48:56] INFO:    종료하려면 Ctrl+C를 누르세요.
[2025-10-16 13:49:56] INFO: 
================================================================================
[2025-10-16 13:49:56] INFO: [사이클 429] 2025-10-16 13:49:56
[2025-10-16 13:49:56] INFO: ================================================================================
[2025-10-16 13:49:56] WARNING: ⚠ trading_signals.xlsx 파일이 없습니다.
[2025-10-16 13:49:56] INFO: ℹ 모니터링 대상 종목이 없습니다.
[2025-10-16 13:49:56] INFO: 
⏰ 60초 후 다음 사이클 실행...
[2025-10-16 13:49:56] INFO:    종료하려면 Ctrl+C를 누르세요.
[2025-10-16 13:50:56] INFO: 
================================================================================
[2025-10-16 13:50:56] INFO: [사이클 430] 2025-10-16 13:50:56
[2025-10-16 13:50:56] INFO: ================================================================================
[2025-10-16 13:50:56] WARNING: ⚠ trading_signals.xlsx 파일이 없습니다.
[2025-10-16 13:50:56] INFO: ℹ 모니터링 대상 종목이 없습니다.
[2025-10-16 13:50:56] INFO: 
⏰ 60초 후 다음 사이클 실행...
[2025-10-16 13:50:56] INFO:    종료하려면 Ctrl+C를 누르세요.
[2025-10-16 13:51:56] INFO: 
================================================================================
[2025-10-16 13:51:56] INFO: [사이클 431] 2025-10-16 13:51:56
[2025-10-16 13:51:56] INFO: ================================================================================
[2025-10-16 13:51:56] WARNING: ⚠ trading_signals.xlsx 파일이 없습니다.
[2025-10-16 13:51:56] INFO: ℹ 모니터링 대상 종목이 없습니다.
[2025-10-16 13:51:56] INFO: 
⏰ 60초 후 다음 사이클 실행...
[2025-10-16 13:51:56] INFO:    종료하려면 Ctrl+C를 누르세요.
[2025-10-16 13:52:56] INFO: 
================================================================================
[2025-10-16 13:52:56] INFO: [사이클 432] 2025-10-16 13:52:56
[2025-10-16 13:52:56] INFO: ================================================================================
[2025-10-16 13:52:56] WARNING: ⚠ trading_signals.xlsx 파일이 없습니다.
[2025-10-16 13:52:56] INFO: ℹ 모니터링 대상 종목이 없습니다.
[2025-10-16 13:52:56] INFO: 
⏰ 60초 후 다음 사이클 실행...
[2025-10-16 13:52:56] INFO:    종료하려면 Ctrl+C를 누르세요.
[2025-10-16 13:53:56] INFO: 
================================================================================
[2025-10-16 13:53:56] INFO: [사이클 433] 2025-10-16 13:53:56
[2025-10-16 13:53:56] INFO: ================================================================================
[2025-10-16 13:53:56] WARNING: ⚠ trading_signals.xlsx 파일이 없습니다.
[2025-10-16 13:53:56] INFO: ℹ 모니터링 대상 종목이 없습니다.
[2025-10-16 13:53:56] INFO: 
⏰ 60초 후 다음 사이클 실행...
[2025-10-16 13:53:56] INFO:    종료하려면 Ctrl+C를 누르세요.
[2025-10-16 13:54:56] INFO: 
================================================================================
[2025-10-16 13:54:56] INFO: [사이클 434] 2025-10-16 13:54:56
[2025-10-16 13:54:56] INFO: ================================================================================
[2025-10-16 13:54:56] WARNING: ⚠ trading_signals.xlsx 파일이 없습니다.
[2025-10-16 13:54:56] INFO: ℹ 모니터링 대상 종목이 없습니다.
[2025-10-16 13:54:56] INFO: 
⏰ 60초 후 다음 사이클 실행...
[2025-10-16 13:54:56] INFO:    종료하려면 Ctrl+C를 누르세요.
[2025-10-16 13:55:56] INFO: 
================================================================================
[2025-10-16 13:55:56] INFO: [사이클 435] 2025-10-16 13:55:56
[2025-10-16 13:55:56] INFO: ================================================================================
[2025-10-16 13:55:56] WARNING: ⚠ trading_signals.xlsx 파일이 없습니다.
[2025-10-16 13:55:56] INFO: ℹ 모니터링 대상 종목이 없습니다.
[2025-10-16 13:55:56] INFO: 
⏰ 60초 후 다음 사이클 실행...
[2025-10-16 13:55:56] INFO:    종료하려면 Ctrl+C를 누르세요.
[2025-10-16 13:56:56] INFO: 
================================================================================
[2025-10-16 13:56:56] INFO: [사이클 436] 2025-10-16 13:56:56
[2025-10-16 13:56:56] INFO: ================================================================================
[2025-10-16 13:56:56] WARNING: ⚠ trading_signals.xlsx 파일이 없습니다.
[2025-10-16 13:56:56] INFO: ℹ 모니터링 대상 종목이 없습니다.
[2025-10-16 13:56:56] INFO: 
⏰ 60초 후 다음 사이클 실행...
[2025-10-16 13:56:56] INFO:    종료하려면 Ctrl+C를 누르세요.
[2025-10-16 13:57:56] INFO: 
================================================================================
[2025-10-16 13:57:56] INFO: [사이클 437] 2025-10-16 13:57:56
[2025-10-16 13:57:56] INFO: ================================================================================
[2025-10-16 13:57:56] WARNING: ⚠ trading_signals.xlsx 파일이 없습니다.
[2025-10-16 13:57:56] INFO: ℹ 모니터링 대상 종목이 없습니다.
[2025-10-16 13:57:56] INFO: 
⏰ 60초 후 다음 사이클 실행...
[2025-10-16 13:57:56] INFO:    종료하려면 Ctrl+C를 누르세요.
[2025-10-16 13:58:56] INFO: 
================================================================================
[2025-10-16 13:58:56] INFO: [사이클 438] 2025-10-16 13:58:56
[2025-10-16 13:58:56] INFO: ================================================================================
[2025-10-16 13:58:56] WARNING: ⚠ trading_signals.xlsx 파일이 없습니다.
[2025-10-16 13:58:56] INFO: ℹ 모니터링 대상 종목이 없습니다.
[2025-10-16 13:58:56] INFO: 
⏰ 60초 후 다음 사이클 실행...
[2025-10-16 13:58:56] INFO:    종료하려면 Ctrl+C를 누르세요.
[2025-10-16 13:59:56] INFO: 
================================================================================
[2025-10-16 13:59:56] INFO: [사이클 439] 2025-10-16 13:59:56
[2025-10-16 13:59:56] INFO: ================================================================================
[2025-10-16 13:59:56] WARNING: ⚠ trading_signals.xlsx 파일이 없습니다.
[2025-10-16 13:59:56] INFO: ℹ 모니터링 대상 종목이 없습니다.
[2025-10-16 13:59:56] INFO: 
⏰ 60초 후 다음 사이클 실행...
[2025-10-16 13:59:56] INFO:    종료하려면 Ctrl+C를 누르세요.
[2025-10-16 14:00:56] INFO: 
================================================================================
[2025-10-16 14:00:56] INFO: [사이클 440] 2025-10-16 14:00:56
[2025-10-16 14:00:56] INFO: ================================================================================
[2025-10-16 14:00:56] WARNING: ⚠ trading_signals.xlsx 파일이 없습니다.
[2025-10-16 14:00:56] INFO: ℹ 모니터링 대상 종목이 없습니다.
[2025-10-16 14:00:56] INFO: 
⏰ 60초 후 다음 사이클 실행...
[2025-10-16 14:00:56] INFO:    종료하려면 Ctrl+C를 누르세요.
[2025-10-16 14:01:56] INFO: 
================================================================================
[2025-10-16 14:01:56] INFO: [사이클 441] 2025-10-16 14:01:56
[2025-10-16 14:01:56] INFO: ================================================================================
[2025-10-16 14:01:56] WARNING: ⚠ trading_signals.xlsx 파일이 없습니다.
[2025-10-16 14:01:56] INFO: ℹ 모니터링 대상 종목이 없습니다.
[2025-10-16 14:01:56] INFO: 
⏰ 60초 후 다음 사이클 실행...
[2025-10-16 14:01:56] INFO:    종료하려면 Ctrl+C를 누르세요.
[2025-10-16 14:02:56] INFO: 
================================================================================
[2025-10-16 14:02:56] INFO: [사이클 442] 2025-10-16 14:02:56
[2025-10-16 14:02:56] INFO: ================================================================================
[2025-10-16 14:02:56] WARNING: ⚠ trading_signals.xlsx 파일이 없습니다.
[2025-10-16 14:02:56] INFO: ℹ 모니터링 대상 종목이 없습니다.
[2025-10-16 14:02:56] INFO: 
⏰ 60초 후 다음 사이클 실행...
[2025-10-16 14:02:56] INFO:    종료하려면 Ctrl+C를 누르세요.
[2025-10-16 14:03:56] INFO: 
================================================================================
[2025-10-16 14:03:56] INFO: [사이클 443] 2025-10-16 14:03:56
[2025-10-16 14:03:56] INFO: ================================================================================
[2025-10-16 14:03:56] WARNING: ⚠ trading_signals.xlsx 파일이 없습니다.
[2025-10-16 14:03:56] INFO: ℹ 모니터링 대상 종목이 없습니다.
[2025-10-16 14:03:56] INFO: 
⏰ 60초 후 다음 사이클 실행...
[2025-10-16 14:03:56] INFO:    종료하려면 Ctrl+C를 누르세요.
[2025-10-16 14:04:56] INFO: 
================================================================================
[2025-10-16 14:04:56] INFO: [사이클 444] 2025-10-16 14:04:56
[2025-10-16 14:04:56] INFO: ================================================================================
[2025-10-16 14:04:56] WARNING: ⚠ trading_signals.xlsx 파일이 없습니다.
[2025-10-16 14:04:56] INFO: ℹ 모니터링 대상 종목이 없습니다.
[2025-10-16 14:04:56] INFO: 
⏰ 60초 후 다음 사이클 실행...
[2025-10-16 14:04:56] INFO:    종료하려면 Ctrl+C를 누르세요.
[2025-10-16 14:05:56] INFO: 
================================================================================
[2025-10-16 14:05:56] INFO: [사이클 445] 2025-10-16 14:05:56
[2025-10-16 14:05:56] INFO: ================================================================================
[2025-10-16 14:05:56] WARNING: ⚠ trading_signals.xlsx 파일이 없습니다.
[2025-10-16 14:05:56] INFO: ℹ 모니터링 대상 종목이 없습니다.
[2025-10-16 14:05:56] INFO: 
⏰ 60초 후 다음 사이클 실행...
[2025-10-16 14:05:56] INFO:    종료하려면 Ctrl+C를 누르세요.
[2025-10-16 14:06:56] INFO: 
================================================================================
[2025-10-16 14:06:56] INFO: [사이클 446] 2025-10-16 14:06:56
[2025-10-16 14:06:56] INFO: ================================================================================
[2025-10-16 14:06:56] WARNING: ⚠ trading_signals.xlsx 파일이 없습니다.
[2025-10-16 14:06:56] INFO: ℹ 모니터링 대상 종목이 없습니다.
[2025-10-16 14:06:56] INFO: 
⏰ 60초 후 다음 사이클 실행...
[2025-10-16 14:06:56] INFO:    종료하려면 Ctrl+C를 누르세요.
[2025-10-16 14:07:56] INFO: 
================================================================================
[2025-10-16 14:07:56] INFO: [사이클 447] 2025-10-16 14:07:56
[2025-10-16 14:07:56] INFO: ================================================================================
[2025-10-16 14:07:56] WARNING: ⚠ trading_signals.xlsx 파일이 없습니다.
[2025-10-16 14:07:56] INFO: ℹ 모니터링 대상 종목이 없습니다.
[2025-10-16 14:07:56] INFO: 
⏰ 60초 후 다음 사이클 실행...
[2025-10-16 14:07:56] INFO:    종료하려면 Ctrl+C를 누르세요.
[2025-10-16 14:08:56] INFO: 
================================================================================
[2025-10-16 14:08:56] INFO: [사이클 448] 2025-10-16 14:08:56
[2025-10-16 14:08:56] INFO: ================================================================================
[2025-10-16 14:08:56] WARNING: ⚠ trading_signals.xlsx 파일이 없습니다.
[2025-10-16 14:08:56] INFO: ℹ 모니터링 대상 종목이 없습니다.
[2025-10-16 14:08:56] INFO: 
⏰ 60초 후 다음 사이클 실행...
[2025-10-16 14:08:56] INFO:    종료하려면 Ctrl+C를 누르세요.
[2025-10-16 14:09:56] INFO: 
================================================================================
[2025-10-16 14:09:56] INFO: [사이클 449] 2025-10-16 14:09:56
[2025-10-16 14:09:56] INFO: ================================================================================
[2025-10-16 14:09:56] WARNING: ⚠ trading_signals.xlsx 파일이 없습니다.
[2025-10-16 14:09:56] INFO: ℹ 모니터링 대상 종목이 없습니다.
[2025-10-16 14:09:56] INFO: 
⏰ 60초 후 다음 사이클 실행...
[2025-10-16 14:09:56] INFO:    종료하려면 Ctrl+C를 누르세요.
[2025-10-16 14:10:56] INFO: 
================================================================================
[2025-10-16 14:10:56] INFO: [사이클 450] 2025-10-16 14:10:56
[2025-10-16 14:10:56] INFO: ================================================================================
[2025-10-16 14:10:56] WARNING: ⚠ trading_signals.xlsx 파일이 없습니다.
[2025-10-16 14:10:56] INFO: ℹ 모니터링 대상 종목이 없습니다.
[2025-10-16 14:10:56] INFO: 
⏰ 60초 후 다음 사이클 실행...
[2025-10-16 14:10:56] INFO:    종료하려면 Ctrl+C를 누르세요.
[2025-10-16 14:11:56] INFO: 
================================================================================
[2025-10-16 14:11:56] INFO: [사이클 451] 2025-10-16 14:11:56
[2025-10-16 14:11:56] INFO: ================================================================================
[2025-10-16 14:11:56] WARNING: ⚠ trading_signals.xlsx 파일이 없습니다.
[2025-10-16 14:11:56] INFO: ℹ 모니터링 대상 종목이 없습니다.
[2025-10-16 14:11:56] INFO: 
⏰ 60초 후 다음 사이클 실행...
[2025-10-16 14:11:56] INFO:    종료하려면 Ctrl+C를 누르세요.
[2025-10-16 14:12:56] INFO: 
================================================================================
[2025-10-16 14:12:56] INFO: [사이클 452] 2025-10-16 14:12:56
[2025-10-16 14:12:56] INFO: ================================================================================
[2025-10-16 14:12:56] WARNING: ⚠ trading_signals.xlsx 파일이 없습니다.
[2025-10-16 14:12:56] INFO: ℹ 모니터링 대상 종목이 없습니다.
[2025-10-16 14:12:56] INFO: 
⏰ 60초 후 다음 사이클 실행...
[2025-10-16 14:12:56] INFO:    종료하려면 Ctrl+C를 누르세요.
[2025-10-16 14:13:56] INFO: 
================================================================================
[2025-10-16 14:13:56] INFO: [사이클 453] 2025-10-16 14:13:56
[2025-10-16 14:13:56] INFO: ================================================================================
[2025-10-16 14:13:56] WARNING: ⚠ trading_signals.xlsx 파일이 없습니다.
[2025-10-16 14:13:56] INFO: ℹ 모니터링 대상 종목이 없습니다.
[2025-10-16 14:13:56] INFO: 
⏰ 60초 후 다음 사이클 실행...
[2025-10-16 14:13:56] INFO:    종료하려면 Ctrl+C를 누르세요.
[2025-10-16 14:14:56] INFO: 
================================================================================
[2025-10-16 14:14:56] INFO: [사이클 454] 2025-10-16 14:14:56
[2025-10-16 14:14:56] INFO: ================================================================================
[2025-10-16 14:14:56] WARNING: ⚠ trading_signals.xlsx 파일이 없습니다.
[2025-10-16 14:14:56] INFO: ℹ 모니터링 대상 종목이 없습니다.
[2025-10-16 14:14:56] INFO: 
⏰ 60초 후 다음 사이클 실행...
[2025-10-16 14:14:56] INFO:    종료하려면 Ctrl+C를 누르세요.
[2025-10-16 14:15:56] INFO: 
================================================================================
[2025-10-16 14:15:56] INFO: [사이클 455] 2025-10-16 14:15:56
[2025-10-16 14:15:56] INFO: ================================================================================
[2025-10-16 14:15:56] WARNING: ⚠ trading_signals.xlsx 파일이 없습니다.
[2025-10-16 14:15:56] INFO: ℹ 모니터링 대상 종목이 없습니다.
[2025-10-16 14:15:56] INFO: 
⏰ 60초 후 다음 사이클 실행...
[2025-10-16 14:15:56] INFO:    종료하려면 Ctrl+C를 누르세요.
[2025-10-16 14:16:56] INFO: 
================================================================================
[2025-10-16 14:16:56] INFO: [사이클 456] 2025-10-16 14:16:56
[2025-10-16 14:16:56] INFO: ================================================================================
[2025-10-16 14:16:56] WARNING: ⚠ trading_signals.xlsx 파일이 없습니다.
[2025-10-16 14:16:56] INFO: ℹ 모니터링 대상 종목이 없습니다.
[2025-10-16 14:16:56] INFO: 
⏰ 60초 후 다음 사이클 실행...
[2025-10-16 14:16:56] INFO:    종료하려면 Ctrl+C를 누르세요.
[2025-10-16 14:17:56] INFO: 
================================================================================
[2025-10-16 14:17:56] INFO: [사이클 457] 2025-10-16 14:17:56
[2025-10-16 14:17:56] INFO: ================================================================================
[2025-10-16 14:17:56] WARNING: ⚠ trading_signals.xlsx 파일이 없습니다.
[2025-10-16 14:17:56] INFO: ℹ 모니터링 대상 종목이 없습니다.
[2025-10-16 14:17:56] INFO: 
⏰ 60초 후 다음 사이클 실행...
[2025-10-16 14:17:56] INFO:    종료하려면 Ctrl+C를 누르세요.
[2025-10-16 14:18:56] INFO: 
================================================================================
[2025-10-16 14:18:56] INFO: [사이클 458] 2025-10-16 14:18:56
[2025-10-16 14:18:56] INFO: ================================================================================
[2025-10-16 14:18:56] WARNING: ⚠ trading_signals.xlsx 파일이 없습니다.
[2025-10-16 14:18:56] INFO: ℹ 모니터링 대상 종목이 없습니다.
[2025-10-16 14:18:56] INFO: 
⏰ 60초 후 다음 사이클 실행...
[2025-10-16 14:18:56] INFO:    종료하려면 Ctrl+C를 누르세요.
[2025-10-16 14:19:56] INFO: 
================================================================================
[2025-10-16 14:19:56] INFO: [사이클 459] 2025-10-16 14:19:56
[2025-10-16 14:19:56] INFO: ================================================================================
[2025-10-16 14:19:56] WARNING: ⚠ trading_signals.xlsx 파일이 없습니다.
[2025-10-16 14:19:56] INFO: ℹ 모니터링 대상 종목이 없습니다.
[2025-10-16 14:19:56] INFO: 
⏰ 60초 후 다음 사이클 실행...
[2025-10-16 14:19:56] INFO:    종료하려면 Ctrl+C를 누르세요.
[2025-10-16 14:20:56] INFO: 
================================================================================
[2025-10-16 14:20:56] INFO: [사이클 460] 2025-10-16 14:20:56
[2025-10-16 14:20:56] INFO: ================================================================================
[2025-10-16 14:20:56] WARNING: ⚠ trading_signals.xlsx 파일이 없습니다.
[2025-10-16 14:20:56] INFO: ℹ 모니터링 대상 종목이 없습니다.
[2025-10-16 14:20:56] INFO: 
⏰ 60초 후 다음 사이클 실행...
[2025-10-16 14:20:56] INFO:    종료하려면 Ctrl+C를 누르세요.
[2025-10-16 14:21:56] INFO: 
================================================================================
[2025-10-16 14:21:56] INFO: [사이클 461] 2025-10-16 14:21:56
[2025-10-16 14:21:56] INFO: ================================================================================
[2025-10-16 14:21:56] WARNING: ⚠ trading_signals.xlsx 파일이 없습니다.
[2025-10-16 14:21:56] INFO: ℹ 모니터링 대상 종목이 없습니다.
[2025-10-16 14:21:56] INFO: 
⏰ 60초 후 다음 사이클 실행...
[2025-10-16 14:21:56] INFO:    종료하려면 Ctrl+C를 누르세요.
[2025-10-16 14:22:56] INFO: 
================================================================================
[2025-10-16 14:22:56] INFO: [사이클 462] 2025-10-16 14:22:56
[2025-10-16 14:22:56] INFO: ================================================================================
[2025-10-16 14:22:56] WARNING: ⚠ trading_signals.xlsx 파일이 없습니다.
[2025-10-16 14:22:56] INFO: ℹ 모니터링 대상 종목이 없습니다.
[2025-10-16 14:22:56] INFO: 
⏰ 60초 후 다음 사이클 실행...
[2025-10-16 14:22:56] INFO:    종료하려면 Ctrl+C를 누르세요.
[2025-10-16 14:23:56] INFO: 
================================================================================
[2025-10-16 14:23:56] INFO: [사이클 463] 2025-10-16 14:23:56
[2025-10-16 14:23:56] INFO: ================================================================================
[2025-10-16 14:23:56] WARNING: ⚠ trading_signals.xlsx 파일이 없습니다.
[2025-10-16 14:23:56] INFO: ℹ 모니터링 대상 종목이 없습니다.
[2025-10-16 14:23:56] INFO: 
⏰ 60초 후 다음 사이클 실행...
[2025-10-16 14:23:56] INFO:    종료하려면 Ctrl+C를 누르세요.
[2025-10-16 14:24:56] INFO: 
================================================================================
[2025-10-16 14:24:56] INFO: [사이클 464] 2025-10-16 14:24:56
[2025-10-16 14:24:56] INFO: ================================================================================
[2025-10-16 14:24:56] WARNING: ⚠ trading_signals.xlsx 파일이 없습니다.
[2025-10-16 14:24:56] INFO: ℹ 모니터링 대상 종목이 없습니다.
[2025-10-16 14:24:56] INFO: 
⏰ 60초 후 다음 사이클 실행...
[2025-10-16 14:24:56] INFO:    종료하려면 Ctrl+C를 누르세요.
[2025-10-16 14:25:56] INFO: 
================================================================================
[2025-10-16 14:25:56] INFO: [사이클 465] 2025-10-16 14:25:56
[2025-10-16 14:25:56] INFO: ================================================================================
[2025-10-16 14:25:56] WARNING: ⚠ trading_signals.xlsx 파일이 없습니다.
[2025-10-16 14:25:56] INFO: ℹ 모니터링 대상 종목이 없습니다.
[2025-10-16 14:25:56] INFO: 
⏰ 60초 후 다음 사이클 실행...
[2025-10-16 14:25:56] INFO:    종료하려면 Ctrl+C를 누르세요.
[2025-10-16 14:26:56] INFO: 
================================================================================
[2025-10-16 14:26:56] INFO: [사이클 466] 2025-10-16 14:26:56
[2025-10-16 14:26:56] INFO: ================================================================================
[2025-10-16 14:26:56] WARNING: ⚠ trading_signals.xlsx 파일이 없습니다.
[2025-10-16 14:26:56] INFO: ℹ 모니터링 대상 종목이 없습니다.
[2025-10-16 14:26:56] INFO: 
⏰ 60초 후 다음 사이클 실행...
[2025-10-16 14:26:56] INFO:    종료하려면 Ctrl+C를 누르세요.
[2025-10-16 14:27:56] INFO: 
================================================================================
[2025-10-16 14:27:56] INFO: [사이클 467] 2025-10-16 14:27:56
[2025-10-16 14:27:56] INFO: ================================================================================
[2025-10-16 14:27:56] WARNING: ⚠ trading_signals.xlsx 파일이 없습니다.
[2025-10-16 14:27:56] INFO: ℹ 모니터링 대상 종목이 없습니다.
[2025-10-16 14:27:56] INFO: 
⏰ 60초 후 다음 사이클 실행...
[2025-10-16 14:27:56] INFO:    종료하려면 Ctrl+C를 누르세요.
[2025-10-16 14:28:56] INFO: 
================================================================================
[2025-10-16 14:28:56] INFO: [사이클 468] 2025-10-16 14:28:56
[2025-10-16 14:28:56] INFO: ================================================================================
[2025-10-16 14:28:56] WARNING: ⚠ trading_signals.xlsx 파일이 없습니다.
[2025-10-16 14:28:56] INFO: ℹ 모니터링 대상 종목이 없습니다.
[2025-10-16 14:28:56] INFO: 
⏰ 60초 후 다음 사이클 실행...
[2025-10-16 14:28:56] INFO:    종료하려면 Ctrl+C를 누르세요.
[2025-10-16 14:29:56] INFO: 
================================================================================
[2025-10-16 14:29:56] INFO: [사이클 469] 2025-10-16 14:29:56
[2025-10-16 14:29:56] INFO: ================================================================================
[2025-10-16 14:29:56] WARNING: ⚠ trading_signals.xlsx 파일이 없습니다.
[2025-10-16 14:29:56] INFO: ℹ 모니터링 대상 종목이 없습니다.
[2025-10-16 14:29:56] INFO: 
⏰ 60초 후 다음 사이클 실행...
[2025-10-16 14:29:56] INFO:    종료하려면 Ctrl+C를 누르세요.
[2025-10-16 14:30:56] INFO: 
================================================================================
[2025-10-16 14:30:56] INFO: [사이클 470] 2025-10-16 14:30:56
[2025-10-16 14:30:56] INFO: ================================================================================
[2025-10-16 14:30:56] WARNING: ⚠ trading_signals.xlsx 파일이 없습니다.
[2025-10-16 14:30:56] INFO: ℹ 모니터링 대상 종목이 없습니다.
[2025-10-16 14:30:56] INFO: 
⏰ 60초 후 다음 사이클 실행...
[2025-10-16 14:30:56] INFO:    종료하려면 Ctrl+C를 누르세요.
[2025-10-16 14:31:56] INFO: 
================================================================================
[2025-10-16 14:31:56] INFO: [사이클 471] 2025-10-16 14:31:56
[2025-10-16 14:31:56] INFO: ================================================================================
[2025-10-16 14:31:56] WARNING: ⚠ trading_signals.xlsx 파일이 없습니다.
[2025-10-16 14:31:56] INFO: ℹ 모니터링 대상 종목이 없습니다.
[2025-10-16 14:31:56] INFO: 
⏰ 60초 후 다음 사이클 실행...
[2025-10-16 14:31:56] INFO:    종료하려면 Ctrl+C를 누르세요.
[2025-10-16 14:32:56] INFO: 
================================================================================
[2025-10-16 14:32:56] INFO: [사이클 472] 2025-10-16 14:32:56
[2025-10-16 14:32:56] INFO: ================================================================================
[2025-10-16 14:32:56] WARNING: ⚠ trading_signals.xlsx 파일이 없습니다.
[2025-10-16 14:32:56] INFO: ℹ 모니터링 대상 종목이 없습니다.
[2025-10-16 14:32:56] INFO: 
⏰ 60초 후 다음 사이클 실행...
[2025-10-16 14:32:56] INFO:    종료하려면 Ctrl+C를 누르세요.
[2025-10-16 14:33:56] INFO: 
================================================================================
[2025-10-16 14:33:56] INFO: [사이클 473] 2025-10-16 14:33:56
[2025-10-16 14:33:56] INFO: ================================================================================
[2025-10-16 14:33:56] WARNING: ⚠ trading_signals.xlsx 파일이 없습니다.
[2025-10-16 14:33:56] INFO: ℹ 모니터링 대상 종목이 없습니다.
[2025-10-16 14:33:56] INFO: 
⏰ 60초 후 다음 사이클 실행...
[2025-10-16 14:33:56] INFO:    종료하려면 Ctrl+C를 누르세요.
[2025-10-16 14:34:56] INFO: 
================================================================================
[2025-10-16 14:34:56] INFO: [사이클 474] 2025-10-16 14:34:56
[2025-10-16 14:34:56] INFO: ================================================================================
[2025-10-16 14:34:56] WARNING: ⚠ trading_signals.xlsx 파일이 없습니다.
[2025-10-16 14:34:56] INFO: ℹ 모니터링 대상 종목이 없습니다.
[2025-10-16 14:34:56] INFO: 
⏰ 60초 후 다음 사이클 실행...
[2025-10-16 14:34:56] INFO:    종료하려면 Ctrl+C를 누르세요.
[2025-10-16 14:35:56] INFO: 
================================================================================
[2025-10-16 14:35:56] INFO: [사이클 475] 2025-10-16 14:35:56
[2025-10-16 14:35:56] INFO: ================================================================================
[2025-10-16 14:35:56] WARNING: ⚠ trading_signals.xlsx 파일이 없습니다.
[2025-10-16 14:35:56] INFO: ℹ 모니터링 대상 종목이 없습니다.
[2025-10-16 14:35:56] INFO: 
⏰ 60초 후 다음 사이클 실행...
[2025-10-16 14:35:56] INFO:    종료하려면 Ctrl+C를 누르세요.
[2025-10-16 14:36:56] INFO: 
================================================================================
[2025-10-16 14:36:56] INFO: [사이클 476] 2025-10-16 14:36:56
[2025-10-16 14:36:56] INFO: ================================================================================
[2025-10-16 14:36:56] WARNING: ⚠ trading_signals.xlsx 파일이 없습니다.
[2025-10-16 14:36:56] INFO: ℹ 모니터링 대상 종목이 없습니다.
[2025-10-16 14:36:56] INFO: 
⏰ 60초 후 다음 사이클 실행...
[2025-10-16 14:36:56] INFO:    종료하려면 Ctrl+C를 누르세요.
[2025-10-16 14:37:56] INFO: 
================================================================================
[2025-10-16 14:37:56] INFO: [사이클 477] 2025-10-16 14:37:56
[2025-10-16 14:37:56] INFO: ================================================================================
[2025-10-16 14:37:56] WARNING: ⚠ trading_signals.xlsx 파일이 없습니다.
[2025-10-16 14:37:56] INFO: ℹ 모니터링 대상 종목이 없습니다.
[2025-10-16 14:37:56] INFO: 
⏰ 60초 후 다음 사이클 실행...
[2025-10-16 14:37:56] INFO:    종료하려면 Ctrl+C를 누르세요.
[2025-10-16 14:38:56] INFO: 
================================================================================
[2025-10-16 14:38:56] INFO: [사이클 478] 2025-10-16 14:38:56
[2025-10-16 14:38:56] INFO: ================================================================================
[2025-10-16 14:38:56] WARNING: ⚠ trading_signals.xlsx 파일이 없습니다.
[2025-10-16 14:38:56] INFO: ℹ 모니터링 대상 종목이 없습니다.
[2025-10-16 14:38:56] INFO: 
⏰ 60초 후 다음 사이클 실행...
[2025-10-16 14:38:56] INFO:    종료하려면 Ctrl+C를 누르세요.
[2025-10-16 14:39:56] INFO: 
================================================================================
[2025-10-16 14:39:56] INFO: [사이클 479] 2025-10-16 14:39:56
[2025-10-16 14:39:56] INFO: ================================================================================
[2025-10-16 14:39:56] WARNING: ⚠ trading_signals.xlsx 파일이 없습니다.
[2025-10-16 14:39:56] INFO: ℹ 모니터링 대상 종목이 없습니다.
[2025-10-16 14:39:56] INFO: 
⏰ 60초 후 다음 사이클 실행...
[2025-10-16 14:39:56] INFO:    종료하려면 Ctrl+C를 누르세요.
[2025-10-16 14:40:56] INFO: 
================================================================================
[2025-10-16 14:40:56] INFO: [사이클 480] 2025-10-16 14:40:56
[2025-10-16 14:40:56] INFO: ================================================================================
[2025-10-16 14:40:56] WARNING: ⚠ trading_signals.xlsx 파일이 없습니다.
[2025-10-16 14:40:56] INFO: ℹ 모니터링 대상 종목이 없습니다.
[2025-10-16 14:40:56] INFO: 
⏰ 60초 후 다음 사이클 실행...
[2025-10-16 14:40:56] INFO:    종료하려면 Ctrl+C를 누르세요.
[2025-10-16 14:41:56] INFO: 
================================================================================
[2025-10-16 14:41:56] INFO: [사이클 481] 2025-10-16 14:41:56
[2025-10-16 14:41:56] INFO: ================================================================================
[2025-10-16 14:41:56] WARNING: ⚠ trading_signals.xlsx 파일이 없습니다.
[2025-10-16 14:41:56] INFO: ℹ 모니터링 대상 종목이 없습니다.
[2025-10-16 14:41:56] INFO: 
⏰ 60초 후 다음 사이클 실행...
[2025-10-16 14:41:56] INFO:    종료하려면 Ctrl+C를 누르세요.
[2025-10-16 14:42:56] INFO: 
================================================================================
[2025-10-16 14:42:56] INFO: [사이클 482] 2025-10-16 14:42:56
[2025-10-16 14:42:56] INFO: ================================================================================
[2025-10-16 14:42:56] WARNING: ⚠ trading_signals.xlsx 파일이 없습니다.
[2025-10-16 14:42:56] INFO: ℹ 모니터링 대상 종목이 없습니다.
[2025-10-16 14:42:56] INFO: 
⏰ 60초 후 다음 사이클 실행...
[2025-10-16 14:42:56] INFO:    종료하려면 Ctrl+C를 누르세요.
[2025-10-16 14:43:56] INFO: 
================================================================================
[2025-10-16 14:43:56] INFO: [사이클 483] 2025-10-16 14:43:56
[2025-10-16 14:43:56] INFO: ================================================================================
[2025-10-16 14:43:56] WARNING: ⚠ trading_signals.xlsx 파일이 없습니다.
[2025-10-16 14:43:56] INFO: ℹ 모니터링 대상 종목이 없습니다.
[2025-10-16 14:43:56] INFO: 
⏰ 60초 후 다음 사이클 실행...
[2025-10-16 14:43:56] INFO:    종료하려면 Ctrl+C를 누르세요.
[2025-10-16 14:44:56] INFO: 
================================================================================
[2025-10-16 14:44:56] INFO: [사이클 484] 2025-10-16 14:44:56
[2025-10-16 14:44:56] INFO: ================================================================================
[2025-10-16 14:44:56] WARNING: ⚠ trading_signals.xlsx 파일이 없습니다.
[2025-10-16 14:44:56] INFO: ℹ 모니터링 대상 종목이 없습니다.
[2025-10-16 14:44:56] INFO: 
⏰ 60초 후 다음 사이클 실행...
[2025-10-16 14:44:56] INFO:    종료하려면 Ctrl+C를 누르세요.
[2025-10-16 14:45:56] INFO: 
================================================================================
[2025-10-16 14:45:56] INFO: [사이클 485] 2025-10-16 14:45:56
[2025-10-16 14:45:56] INFO: ================================================================================
[2025-10-16 14:45:56] WARNING: ⚠ trading_signals.xlsx 파일이 없습니다.
[2025-10-16 14:45:56] INFO: ℹ 모니터링 대상 종목이 없습니다.
[2025-10-16 14:45:56] INFO: 
⏰ 60초 후 다음 사이클 실행...
[2025-10-16 14:45:56] INFO:    종료하려면 Ctrl+C를 누르세요.
[2025-10-16 14:46:56] INFO: 
================================================================================
[2025-10-16 14:46:56] INFO: [사이클 486] 2025-10-16 14:46:56
[2025-10-16 14:46:56] INFO: ================================================================================
[2025-10-16 14:46:56] WARNING: ⚠ trading_signals.xlsx 파일이 없습니다.
[2025-10-16 14:46:56] INFO: ℹ 모니터링 대상 종목이 없습니다.
[2025-10-16 14:46:56] INFO: 
⏰ 60초 후 다음 사이클 실행...
[2025-10-16 14:46:56] INFO:    종료하려면 Ctrl+C를 누르세요.
[2025-10-16 14:47:56] INFO: 
================================================================================
[2025-10-16 14:47:56] INFO: [사이클 487] 2025-10-16 14:47:56
[2025-10-16 14:47:56] INFO: ================================================================================
[2025-10-16 14:47:56] WARNING: ⚠ trading_signals.xlsx 파일이 없습니다.
[2025-10-16 14:47:56] INFO: ℹ 모니터링 대상 종목이 없습니다.
[2025-10-16 14:47:56] INFO: 
⏰ 60초 후 다음 사이클 실행...
[2025-10-16 14:47:56] INFO:    종료하려면 Ctrl+C를 누르세요.
[2025-10-16 14:48:56] INFO: 
================================================================================
[2025-10-16 14:48:56] INFO: [사이클 488] 2025-10-16 14:48:56
[2025-10-16 14:48:56] INFO: ================================================================================
[2025-10-16 14:48:56] WARNING: ⚠ trading_signals.xlsx 파일이 없습니다.
[2025-10-16 14:48:56] INFO: ℹ 모니터링 대상 종목이 없습니다.
[2025-10-16 14:48:56] INFO: 
⏰ 60초 후 다음 사이클 실행...
[2025-10-16 14:48:56] INFO:    종료하려면 Ctrl+C를 누르세요.
[2025-10-16 14:49:56] INFO: 
================================================================================
[2025-10-16 14:49:56] INFO: [사이클 489] 2025-10-16 14:49:56
[2025-10-16 14:49:56] INFO: ================================================================================
[2025-10-16 14:49:56] WARNING: ⚠ trading_signals.xlsx 파일이 없습니다.
[2025-10-16 14:49:56] INFO: ℹ 모니터링 대상 종목이 없습니다.
[2025-10-16 14:49:56] INFO: 
⏰ 60초 후 다음 사이클 실행...
[2025-10-16 14:49:56] INFO:    종료하려면 Ctrl+C를 누르세요.
[2025-10-16 14:50:56] INFO: 
================================================================================
[2025-10-16 14:50:56] INFO: [사이클 490] 2025-10-16 14:50:56
[2025-10-16 14:50:56] INFO: ================================================================================
[2025-10-16 14:50:56] WARNING: ⚠ trading_signals.xlsx 파일이 없습니다.
[2025-10-16 14:50:56] INFO: ℹ 모니터링 대상 종목이 없습니다.
[2025-10-16 14:50:56] INFO: 
⏰ 60초 후 다음 사이클 실행...
[2025-10-16 14:50:56] INFO:    종료하려면 Ctrl+C를 누르세요.
[2025-10-16 14:51:56] INFO: 
================================================================================
[2025-10-16 14:51:56] INFO: [사이클 491] 2025-10-16 14:51:56
[2025-10-16 14:51:56] INFO: ================================================================================
[2025-10-16 14:51:56] WARNING: ⚠ trading_signals.xlsx 파일이 없습니다.
[2025-10-16 14:51:56] INFO: ℹ 모니터링 대상 종목이 없습니다.
[2025-10-16 14:51:56] INFO: 
⏰ 60초 후 다음 사이클 실행...
[2025-10-16 14:51:56] INFO:    종료하려면 Ctrl+C를 누르세요.
[2025-10-16 14:52:56] INFO: 
================================================================================
[2025-10-16 14:52:56] INFO: [사이클 492] 2025-10-16 14:52:56
[2025-10-16 14:52:56] INFO: ================================================================================
[2025-10-16 14:52:56] WARNING: ⚠ trading_signals.xlsx 파일이 없습니다.
[2025-10-16 14:52:56] INFO: ℹ 모니터링 대상 종목이 없습니다.
[2025-10-16 14:52:56] INFO: 
⏰ 60초 후 다음 사이클 실행...
[2025-10-16 14:52:56] INFO:    종료하려면 Ctrl+C를 누르세요.
[2025-10-16 14:53:56] INFO: 
================================================================================
[2025-10-16 14:53:56] INFO: [사이클 493] 2025-10-16 14:53:56
[2025-10-16 14:53:56] INFO: ================================================================================
[2025-10-16 14:53:56] WARNING: ⚠ trading_signals.xlsx 파일이 없습니다.
[2025-10-16 14:53:56] INFO: ℹ 모니터링 대상 종목이 없습니다.
[2025-10-16 14:53:56] INFO: 
⏰ 60초 후 다음 사이클 실행...
[2025-10-16 14:53:56] INFO:    종료하려면 Ctrl+C를 누르세요.
[2025-10-16 14:54:56] INFO: 
================================================================================
[2025-10-16 14:54:56] INFO: [사이클 494] 2025-10-16 14:54:56
[2025-10-16 14:54:56] INFO: ================================================================================
[2025-10-16 14:54:56] WARNING: ⚠ trading_signals.xlsx 파일이 없습니다.
[2025-10-16 14:54:56] INFO: ℹ 모니터링 대상 종목이 없습니다.
[2025-10-16 14:54:56] INFO: 
⏰ 60초 후 다음 사이클 실행...
[2025-10-16 14:54:56] INFO:    종료하려면 Ctrl+C를 누르세요.
[2025-10-16 14:55:56] INFO: 
================================================================================
[2025-10-16 14:55:56] INFO: [사이클 495] 2025-10-16 14:55:56
[2025-10-16 14:55:56] INFO: ================================================================================
[2025-10-16 14:55:56] WARNING: ⚠ trading_signals.xlsx 파일이 없습니다.
[2025-10-16 14:55:56] INFO: ℹ 모니터링 대상 종목이 없습니다.
[2025-10-16 14:55:56] INFO: 
⏰ 60초 후 다음 사이클 실행...
[2025-10-16 14:55:56] INFO:    종료하려면 Ctrl+C를 누르세요.
[2025-10-16 14:56:56] INFO: 
================================================================================
[2025-10-16 14:56:56] INFO: [사이클 496] 2025-10-16 14:56:56
[2025-10-16 14:56:56] INFO: ================================================================================
[2025-10-16 14:56:56] WARNING: ⚠ trading_signals.xlsx 파일이 없습니다.
[2025-10-16 14:56:56] INFO: ℹ 모니터링 대상 종목이 없습니다.
[2025-10-16 14:56:56] INFO: 
⏰ 60초 후 다음 사이클 실행...
[2025-10-16 14:56:56] INFO:    종료하려면 Ctrl+C를 누르세요.
[2025-10-16 14:57:56] INFO: 
================================================================================
[2025-10-16 14:57:56] INFO: [사이클 497] 2025-10-16 14:57:56
[2025-10-16 14:57:56] INFO: ================================================================================
[2025-10-16 14:57:56] WARNING: ⚠ trading_signals.xlsx 파일이 없습니다.
[2025-10-16 14:57:56] INFO: ℹ 모니터링 대상 종목이 없습니다.
[2025-10-16 14:57:56] INFO: 
⏰ 60초 후 다음 사이클 실행...
[2025-10-16 14:57:56] INFO:    종료하려면 Ctrl+C를 누르세요.
[2025-10-16 14:58:56] INFO: 
================================================================================
[2025-10-16 14:58:56] INFO: [사이클 498] 2025-10-16 14:58:56
[2025-10-16 14:58:56] INFO: ================================================================================
[2025-10-16 14:58:56] WARNING: ⚠ trading_signals.xlsx 파일이 없습니다.
[2025-10-16 14:58:56] INFO: ℹ 모니터링 대상 종목이 없습니다.
[2025-10-16 14:58:56] INFO: 
⏰ 60초 후 다음 사이클 실행...
[2025-10-16 14:58:56] INFO:    종료하려면 Ctrl+C를 누르세요.
[2025-10-16 14:59:56] INFO: 
================================================================================
[2025-10-16 14:59:56] INFO: [사이클 499] 2025-10-16 14:59:56
[2025-10-16 14:59:56] INFO: ================================================================================
[2025-10-16 14:59:56] WARNING: ⚠ trading_signals.xlsx 파일이 없습니다.
[2025-10-16 14:59:56] INFO: ℹ 모니터링 대상 종목이 없습니다.
[2025-10-16 14:59:56] INFO: 
⏰ 60초 후 다음 사이클 실행...
[2025-10-16 14:59:56] INFO:    종료하려면 Ctrl+C를 누르세요.
[2025-10-16 15:00:56] INFO: 
================================================================================
[2025-10-16 15:00:56] INFO: [사이클 500] 2025-10-16 15:00:56
[2025-10-16 15:00:56] INFO: ================================================================================
[2025-10-16 15:00:56] WARNING: ⚠ trading_signals.xlsx 파일이 없습니다.
[2025-10-16 15:00:56] INFO: ℹ 모니터링 대상 종목이 없습니다.
[2025-10-16 15:00:56] INFO: 
⏰ 60초 후 다음 사이클 실행...
[2025-10-16 15:00:56] INFO:    종료하려면 Ctrl+C를 누르세요.
[2025-10-16 15:01:56] INFO: 
================================================================================
[2025-10-16 15:01:56] INFO: [사이클 501] 2025-10-16 15:01:56
[2025-10-16 15:01:56] INFO: ================================================================================
[2025-10-16 15:01:56] WARNING: ⚠ trading_signals.xlsx 파일이 없습니다.
[2025-10-16 15:01:56] INFO: ℹ 모니터링 대상 종목이 없습니다.
[2025-10-16 15:01:56] INFO: 
⏰ 60초 후 다음 사이클 실행...
[2025-10-16 15:01:56] INFO:    종료하려면 Ctrl+C를 누르세요.
[2025-10-16 15:02:56] INFO: 
================================================================================
[2025-10-16 15:02:56] INFO: [사이클 502] 2025-10-16 15:02:56
[2025-10-16 15:02:56] INFO: ================================================================================
[2025-10-16 15:02:56] WARNING: ⚠ trading_signals.xlsx 파일이 없습니다.
[2025-10-16 15:02:56] INFO: ℹ 모니터링 대상 종목이 없습니다.
[2025-10-16 15:02:56] INFO: 
⏰ 60초 후 다음 사이클 실행...
[2025-10-16 15:02:56] INFO:    종료하려면 Ctrl+C를 누르세요.
[2025-10-16 15:03:56] INFO: 
================================================================================
[2025-10-16 15:03:56] INFO: [사이클 503] 2025-10-16 15:03:56
[2025-10-16 15:03:56] INFO: ================================================================================
[2025-10-16 15:03:56] WARNING: ⚠ trading_signals.xlsx 파일이 없습니다.
[2025-10-16 15:03:56] INFO: ℹ 모니터링 대상 종목이 없습니다.
[2025-10-16 15:03:56] INFO: 
⏰ 60초 후 다음 사이클 실행...
[2025-10-16 15:03:56] INFO:    종료하려면 Ctrl+C를 누르세요.
[2025-10-16 15:04:56] INFO: 
================================================================================
[2025-10-16 15:04:56] INFO: [사이클 504] 2025-10-16 15:04:56
[2025-10-16 15:04:56] INFO: ================================================================================
[2025-10-16 15:04:56] WARNING: ⚠ trading_signals.xlsx 파일이 없습니다.
[2025-10-16 15:04:56] INFO: ℹ 모니터링 대상 종목이 없습니다.
[2025-10-16 15:04:56] INFO: 
⏰ 60초 후 다음 사이클 실행...
[2025-10-16 15:04:56] INFO:    종료하려면 Ctrl+C를 누르세요.
[2025-10-16 15:05:56] INFO: 
================================================================================
[2025-10-16 15:05:56] INFO: [사이클 505] 2025-10-16 15:05:56
[2025-10-16 15:05:56] INFO: ================================================================================
[2025-10-16 15:05:56] WARNING: ⚠ trading_signals.xlsx 파일이 없습니다.
[2025-10-16 15:05:56] INFO: ℹ 모니터링 대상 종목이 없습니다.
[2025-10-16 15:05:56] INFO: 
⏰ 60초 후 다음 사이클 실행...
[2025-10-16 15:05:56] INFO:    종료하려면 Ctrl+C를 누르세요.
[2025-10-16 15:06:56] INFO: 
================================================================================
[2025-10-16 15:06:56] INFO: [사이클 506] 2025-10-16 15:06:56
[2025-10-16 15:06:56] INFO: ================================================================================
[2025-10-16 15:06:56] WARNING: ⚠ trading_signals.xlsx 파일이 없습니다.
[2025-10-16 15:06:56] INFO: ℹ 모니터링 대상 종목이 없습니다.
[2025-10-16 15:06:56] INFO: 
⏰ 60초 후 다음 사이클 실행...
[2025-10-16 15:06:56] INFO:    종료하려면 Ctrl+C를 누르세요.
[2025-10-16 15:07:56] INFO: 
================================================================================
[2025-10-16 15:07:56] INFO: [사이클 507] 2025-10-16 15:07:56
[2025-10-16 15:07:56] INFO: ================================================================================
[2025-10-16 15:07:56] WARNING: ⚠ trading_signals.xlsx 파일이 없습니다.
[2025-10-16 15:07:56] INFO: ℹ 모니터링 대상 종목이 없습니다.
[2025-10-16 15:07:56] INFO: 
⏰ 60초 후 다음 사이클 실행...
[2025-10-16 15:07:56] INFO:    종료하려면 Ctrl+C를 누르세요.
[2025-10-16 15:08:56] INFO: 
================================================================================
[2025-10-16 15:08:56] INFO: [사이클 508] 2025-10-16 15:08:56
[2025-10-16 15:08:56] INFO: ================================================================================
[2025-10-16 15:08:56] WARNING: ⚠ trading_signals.xlsx 파일이 없습니다.
[2025-10-16 15:08:56] INFO: ℹ 모니터링 대상 종목이 없습니다.
[2025-10-16 15:08:56] INFO: 
⏰ 60초 후 다음 사이클 실행...
[2025-10-16 15:08:56] INFO:    종료하려면 Ctrl+C를 누르세요.
[2025-10-16 15:09:56] INFO: 
================================================================================
[2025-10-16 15:09:56] INFO: [사이클 509] 2025-10-16 15:09:56
[2025-10-16 15:09:56] INFO: ================================================================================
[2025-10-16 15:09:56] WARNING: ⚠ trading_signals.xlsx 파일이 없습니다.
[2025-10-16 15:09:56] INFO: ℹ 모니터링 대상 종목이 없습니다.
[2025-10-16 15:09:56] INFO: 
⏰ 60초 후 다음 사이클 실행...
[2025-10-16 15:09:56] INFO:    종료하려면 Ctrl+C를 누르세요.
[2025-10-16 15:10:56] INFO: 
================================================================================
[2025-10-16 15:10:56] INFO: [사이클 510] 2025-10-16 15:10:56
[2025-10-16 15:10:56] INFO: ================================================================================
[2025-10-16 15:10:56] WARNING: ⚠ trading_signals.xlsx 파일이 없습니다.
[2025-10-16 15:10:56] INFO: ℹ 모니터링 대상 종목이 없습니다.
[2025-10-16 15:10:56] INFO: 
⏰ 60초 후 다음 사이클 실행...
[2025-10-16 15:10:56] INFO:    종료하려면 Ctrl+C를 누르세요.
[2025-10-16 15:11:56] INFO: 
================================================================================
[2025-10-16 15:11:56] INFO: [사이클 511] 2025-10-16 15:11:56
[2025-10-16 15:11:56] INFO: ================================================================================
[2025-10-16 15:11:56] WARNING: ⚠ trading_signals.xlsx 파일이 없습니다.
[2025-10-16 15:11:56] INFO: ℹ 모니터링 대상 종목이 없습니다.
[2025-10-16 15:11:56] INFO: 
⏰ 60초 후 다음 사이클 실행...
[2025-10-16 15:11:56] INFO:    종료하려면 Ctrl+C를 누르세요.
[2025-10-16 15:12:56] INFO: 
================================================================================
[2025-10-16 15:12:56] INFO: [사이클 512] 2025-10-16 15:12:56
[2025-10-16 15:12:56] INFO: ================================================================================
[2025-10-16 15:12:56] WARNING: ⚠ trading_signals.xlsx 파일이 없습니다.
[2025-10-16 15:12:56] INFO: ℹ 모니터링 대상 종목이 없습니다.
[2025-10-16 15:12:56] INFO: 
⏰ 60초 후 다음 사이클 실행...
[2025-10-16 15:12:56] INFO:    종료하려면 Ctrl+C를 누르세요.
[2025-10-16 15:13:56] INFO: 
================================================================================
[2025-10-16 15:13:56] INFO: [사이클 513] 2025-10-16 15:13:56
[2025-10-16 15:13:56] INFO: ================================================================================
[2025-10-16 15:13:56] WARNING: ⚠ trading_signals.xlsx 파일이 없습니다.
[2025-10-16 15:13:56] INFO: ℹ 모니터링 대상 종목이 없습니다.
[2025-10-16 15:13:56] INFO: 
⏰ 60초 후 다음 사이클 실행...
[2025-10-16 15:13:56] INFO:    종료하려면 Ctrl+C를 누르세요.
[2025-10-16 15:14:56] INFO: 
================================================================================
[2025-10-16 15:14:56] INFO: [사이클 514] 2025-10-16 15:14:56
[2025-10-16 15:14:56] INFO: ================================================================================
[2025-10-16 15:14:56] WARNING: ⚠ trading_signals.xlsx 파일이 없습니다.
[2025-10-16 15:14:56] INFO: ℹ 모니터링 대상 종목이 없습니다.
[2025-10-16 15:14:56] INFO: 
⏰ 60초 후 다음 사이클 실행...
[2025-10-16 15:14:56] INFO:    종료하려면 Ctrl+C를 누르세요.
[2025-10-16 15:15:56] INFO: 
================================================================================
[2025-10-16 15:15:56] INFO: [사이클 515] 2025-10-16 15:15:56
[2025-10-16 15:15:56] INFO: ================================================================================
[2025-10-16 15:15:56] WARNING: ⚠ trading_signals.xlsx 파일이 없습니다.
[2025-10-16 15:15:56] INFO: ℹ 모니터링 대상 종목이 없습니다.
[2025-10-16 15:15:56] INFO: 
⏰ 60초 후 다음 사이클 실행...
[2025-10-16 15:15:56] INFO:    종료하려면 Ctrl+C를 누르세요.
[2025-10-16 15:16:56] INFO: 
================================================================================
[2025-10-16 15:16:56] INFO: [사이클 516] 2025-10-16 15:16:56
[2025-10-16 15:16:56] INFO: ================================================================================
[2025-10-16 15:16:56] WARNING: ⚠ trading_signals.xlsx 파일이 없습니다.
[2025-10-16 15:16:56] INFO: ℹ 모니터링 대상 종목이 없습니다.
[2025-10-16 15:16:56] INFO: 
⏰ 60초 후 다음 사이클 실행...
[2025-10-16 15:16:56] INFO:    종료하려면 Ctrl+C를 누르세요.
[2025-10-16 15:17:56] INFO: 
================================================================================
[2025-10-16 15:17:56] INFO: [사이클 517] 2025-10-16 15:17:56
[2025-10-16 15:17:56] INFO: ================================================================================
[2025-10-16 15:17:56] WARNING: ⚠ trading_signals.xlsx 파일이 없습니다.
[2025-10-16 15:17:56] INFO: ℹ 모니터링 대상 종목이 없습니다.
[2025-10-16 15:17:56] INFO: 
⏰ 60초 후 다음 사이클 실행...
[2025-10-16 15:17:56] INFO:    종료하려면 Ctrl+C를 누르세요.
[2025-10-16 15:18:56] INFO: 
================================================================================
[2025-10-16 15:18:56] INFO: [사이클 518] 2025-10-16 15:18:56
[2025-10-16 15:18:56] INFO: ================================================================================
[2025-10-16 15:18:56] WARNING: ⚠ trading_signals.xlsx 파일이 없습니다.
[2025-10-16 15:18:56] INFO: ℹ 모니터링 대상 종목이 없습니다.
[2025-10-16 15:18:56] INFO: 
⏰ 60초 후 다음 사이클 실행...
[2025-10-16 15:18:56] INFO:    종료하려면 Ctrl+C를 누르세요.
[2025-10-16 15:19:56] INFO: 
================================================================================
[2025-10-16 15:19:56] INFO: [사이클 519] 2025-10-16 15:19:56
[2025-10-16 15:19:56] INFO: ================================================================================
[2025-10-16 15:19:56] WARNING: ⚠ trading_signals.xlsx 파일이 없습니다.
[2025-10-16 15:19:56] INFO: ℹ 모니터링 대상 종목이 없습니다.
[2025-10-16 15:19:56] INFO: 
⏰ 60초 후 다음 사이클 실행...
[2025-10-16 15:19:56] INFO:    종료하려면 Ctrl+C를 누르세요.
[2025-10-16 15:20:56] INFO: 
================================================================================
[2025-10-16 15:20:56] INFO: [사이클 520] 2025-10-16 15:20:56
[2025-10-16 15:20:56] INFO: ================================================================================
[2025-10-16 15:20:56] WARNING: ⚠ trading_signals.xlsx 파일이 없습니다.
[2025-10-16 15:20:56] INFO: ℹ 모니터링 대상 종목이 없습니다.
[2025-10-16 15:20:56] INFO: 
⏰ 60초 후 다음 사이클 실행...
[2025-10-16 15:20:56] INFO:    종료하려면 Ctrl+C를 누르세요.
[2025-10-16 15:21:56] INFO: 
================================================================================
[2025-10-16 15:21:56] INFO: [사이클 521] 2025-10-16 15:21:56
[2025-10-16 15:21:56] INFO: ================================================================================
[2025-10-16 15:21:56] WARNING: ⚠ trading_signals.xlsx 파일이 없습니다.
[2025-10-16 15:21:56] INFO: ℹ 모니터링 대상 종목이 없습니다.
[2025-10-16 15:21:56] INFO: 
⏰ 60초 후 다음 사이클 실행...
[2025-10-16 15:21:56] INFO:    종료하려면 Ctrl+C를 누르세요.
[2025-10-16 15:22:56] INFO: 
================================================================================
[2025-10-16 15:22:56] INFO: [사이클 522] 2025-10-16 15:22:56
[2025-10-16 15:22:56] INFO: ================================================================================
[2025-10-16 15:22:56] WARNING: ⚠ trading_signals.xlsx 파일이 없습니다.
[2025-10-16 15:22:56] INFO: ℹ 모니터링 대상 종목이 없습니다.
[2025-10-16 15:22:56] INFO: 
⏰ 60초 후 다음 사이클 실행...
[2025-10-16 15:22:56] INFO:    종료하려면 Ctrl+C를 누르세요.
[2025-10-16 15:23:56] INFO: 
================================================================================
[2025-10-16 15:23:56] INFO: [사이클 523] 2025-10-16 15:23:56
[2025-10-16 15:23:56] INFO: ================================================================================
[2025-10-16 15:23:56] WARNING: ⚠ trading_signals.xlsx 파일이 없습니다.
[2025-10-16 15:23:56] INFO: ℹ 모니터링 대상 종목이 없습니다.
[2025-10-16 15:23:56] INFO: 
⏰ 60초 후 다음 사이클 실행...
[2025-10-16 15:23:56] INFO:    종료하려면 Ctrl+C를 누르세요.
[2025-10-16 15:24:56] INFO: 
================================================================================
[2025-10-16 15:24:56] INFO: [사이클 524] 2025-10-16 15:24:56
[2025-10-16 15:24:56] INFO: ================================================================================
[2025-10-16 15:24:56] WARNING: ⚠ trading_signals.xlsx 파일이 없습니다.
[2025-10-16 15:24:56] INFO: ℹ 모니터링 대상 종목이 없습니다.
[2025-10-16 15:24:56] INFO: 
⏰ 60초 후 다음 사이클 실행...
[2025-10-16 15:24:56] INFO:    종료하려면 Ctrl+C를 누르세요.
[2025-10-16 15:25:56] INFO: 
================================================================================
[2025-10-16 15:25:56] INFO: [사이클 525] 2025-10-16 15:25:56
[2025-10-16 15:25:56] INFO: ================================================================================
[2025-10-16 15:25:56] WARNING: ⚠ trading_signals.xlsx 파일이 없습니다.
[2025-10-16 15:25:56] INFO: ℹ 모니터링 대상 종목이 없습니다.
[2025-10-16 15:25:56] INFO: 
⏰ 60초 후 다음 사이클 실행...
[2025-10-16 15:25:56] INFO:    종료하려면 Ctrl+C를 누르세요.
[2025-10-16 15:26:56] INFO: 
================================================================================
[2025-10-16 15:26:56] INFO: [사이클 526] 2025-10-16 15:26:56
[2025-10-16 15:26:56] INFO: ================================================================================
[2025-10-16 15:26:56] WARNING: ⚠ trading_signals.xlsx 파일이 없습니다.
[2025-10-16 15:26:56] INFO: ℹ 모니터링 대상 종목이 없습니다.
[2025-10-16 15:26:56] INFO: 
⏰ 60초 후 다음 사이클 실행...
[2025-10-16 15:26:56] INFO:    종료하려면 Ctrl+C를 누르세요.
[2025-10-16 15:27:56] INFO: 
================================================================================
[2025-10-16 15:27:56] INFO: [사이클 527] 2025-10-16 15:27:56
[2025-10-16 15:27:56] INFO: ================================================================================
[2025-10-16 15:27:56] WARNING: ⚠ trading_signals.xlsx 파일이 없습니다.
[2025-10-16 15:27:56] INFO: ℹ 모니터링 대상 종목이 없습니다.
[2025-10-16 15:27:56] INFO: 
⏰ 60초 후 다음 사이클 실행...
[2025-10-16 15:27:56] INFO:    종료하려면 Ctrl+C를 누르세요.
[2025-10-16 15:28:56] INFO: 
================================================================================
[2025-10-16 15:28:56] INFO: [사이클 528] 2025-10-16 15:28:56
[2025-10-16 15:28:56] INFO: ================================================================================
[2025-10-16 15:28:56] WARNING: ⚠ trading_signals.xlsx 파일이 없습니다.
[2025-10-16 15:28:56] INFO: ℹ 모니터링 대상 종목이 없습니다.
[2025-10-16 15:28:56] INFO: 
⏰ 60초 후 다음 사이클 실행...
[2025-10-16 15:28:56] INFO:    종료하려면 Ctrl+C를 누르세요.
[2025-10-16 15:29:56] INFO: 
================================================================================
[2025-10-16 15:29:56] INFO: [사이클 529] 2025-10-16 15:29:56
[2025-10-16 15:29:56] INFO: ================================================================================
[2025-10-16 15:29:56] WARNING: ⚠ trading_signals.xlsx 파일이 없습니다.
[2025-10-16 15:29:56] INFO: ℹ 모니터링 대상 종목이 없습니다.
[2025-10-16 15:29:56] INFO: 
⏰ 60초 후 다음 사이클 실행...
[2025-10-16 15:29:56] INFO:    종료하려면 Ctrl+C를 누르세요.
[2025-10-16 15:30:56] INFO: 
================================================================================
[2025-10-16 15:30:56] INFO: [사이클 530] 2025-10-16 15:30:56
[2025-10-16 15:30:56] INFO: ================================================================================
[2025-10-16 15:30:56] WARNING: ⚠ trading_signals.xlsx 파일이 없습니다.
[2025-10-16 15:30:56] INFO: ℹ 모니터링 대상 종목이 없습니다.
[2025-10-16 15:30:56] INFO: 
⏰ 60초 후 다음 사이클 실행...
[2025-10-16 15:30:56] INFO:    종료하려면 Ctrl+C를 누르세요.
[2025-10-16 15:31:56] INFO: 
================================================================================
[2025-10-16 15:31:56] INFO: [사이클 531] 2025-10-16 15:31:56
[2025-10-16 15:31:56] INFO: ================================================================================
[2025-10-16 15:31:56] WARNING: ⚠ trading_signals.xlsx 파일이 없습니다.
[2025-10-16 15:31:56] INFO: ℹ 모니터링 대상 종목이 없습니다.
[2025-10-16 15:31:56] INFO: 
⏰ 60초 후 다음 사이클 실행...
[2025-10-16 15:31:56] INFO:    종료하려면 Ctrl+C를 누르세요.
[2025-10-16 15:32:56] INFO: 
================================================================================
[2025-10-16 15:32:56] INFO: [사이클 532] 2025-10-16 15:32:56
[2025-10-16 15:32:56] INFO: ================================================================================
[2025-10-16 15:32:56] WARNING: ⚠ trading_signals.xlsx 파일이 없습니다.
[2025-10-16 15:32:56] INFO: ℹ 모니터링 대상 종목이 없습니다.
[2025-10-16 15:32:56] INFO: 
⏰ 60초 후 다음 사이클 실행...
[2025-10-16 15:32:56] INFO:    종료하려면 Ctrl+C를 누르세요.
[2025-10-16 15:33:56] INFO: 
================================================================================
[2025-10-16 15:33:56] INFO: [사이클 533] 2025-10-16 15:33:56
[2025-10-16 15:33:56] INFO: ================================================================================
[2025-10-16 15:33:56] WARNING: ⚠ trading_signals.xlsx 파일이 없습니다.
[2025-10-16 15:33:56] INFO: ℹ 모니터링 대상 종목이 없습니다.
[2025-10-16 15:33:56] INFO: 
⏰ 60초 후 다음 사이클 실행...
[2025-10-16 15:33:56] INFO:    종료하려면 Ctrl+C를 누르세요.
[2025-10-16 15:34:56] INFO: 
================================================================================
[2025-10-16 15:34:56] INFO: [사이클 534] 2025-10-16 15:34:56
[2025-10-16 15:34:56] INFO: ================================================================================
[2025-10-16 15:34:56] WARNING: ⚠ trading_signals.xlsx 파일이 없습니다.
[2025-10-16 15:34:56] INFO: ℹ 모니터링 대상 종목이 없습니다.
[2025-10-16 15:34:56] INFO: 
⏰ 60초 후 다음 사이클 실행...
[2025-10-16 15:34:56] INFO:    종료하려면 Ctrl+C를 누르세요.
[2025-10-16 15:35:56] INFO: 
================================================================================
[2025-10-16 15:35:56] INFO: [사이클 535] 2025-10-16 15:35:56
[2025-10-16 15:35:56] INFO: ================================================================================
[2025-10-16 15:35:56] WARNING: ⚠ trading_signals.xlsx 파일이 없습니다.
[2025-10-16 15:35:56] INFO: ℹ 모니터링 대상 종목이 없습니다.
[2025-10-16 15:35:56] INFO: 
⏰ 60초 후 다음 사이클 실행...
[2025-10-16 15:35:56] INFO:    종료하려면 Ctrl+C를 누르세요.
[2025-10-16 15:36:56] INFO: 
================================================================================
[2025-10-16 15:36:56] INFO: [사이클 536] 2025-10-16 15:36:56
[2025-10-16 15:36:56] INFO: ================================================================================
[2025-10-16 15:36:56] WARNING: ⚠ trading_signals.xlsx 파일이 없습니다.
[2025-10-16 15:36:56] INFO: ℹ 모니터링 대상 종목이 없습니다.
[2025-10-16 15:36:56] INFO: 
⏰ 60초 후 다음 사이클 실행...
[2025-10-16 15:36:56] INFO:    종료하려면 Ctrl+C를 누르세요.
[2025-10-16 15:37:56] INFO: 
================================================================================
[2025-10-16 15:37:56] INFO: [사이클 537] 2025-10-16 15:37:56
[2025-10-16 15:37:56] INFO: ================================================================================
[2025-10-16 15:37:56] WARNING: ⚠ trading_signals.xlsx 파일이 없습니다.
[2025-10-16 15:37:56] INFO: ℹ 모니터링 대상 종목이 없습니다.
[2025-10-16 15:37:56] INFO: 
⏰ 60초 후 다음 사이클 실행...
[2025-10-16 15:37:56] INFO:    종료하려면 Ctrl+C를 누르세요.
[2025-10-16 15:38:56] INFO: 
================================================================================
[2025-10-16 15:38:56] INFO: [사이클 538] 2025-10-16 15:38:56
[2025-10-16 15:38:56] INFO: ================================================================================
[2025-10-16 15:38:56] WARNING: ⚠ trading_signals.xlsx 파일이 없습니다.
[2025-10-16 15:38:56] INFO: ℹ 모니터링 대상 종목이 없습니다.
[2025-10-16 15:38:56] INFO: 
⏰ 60초 후 다음 사이클 실행...
[2025-10-16 15:38:56] INFO:    종료하려면 Ctrl+C를 누르세요.
[2025-10-16 15:39:56] INFO: 
================================================================================
[2025-10-16 15:39:56] INFO: [사이클 539] 2025-10-16 15:39:56
[2025-10-16 15:39:56] INFO: ================================================================================
[2025-10-16 15:39:56] WARNING: ⚠ trading_signals.xlsx 파일이 없습니다.
[2025-10-16 15:39:56] INFO: ℹ 모니터링 대상 종목이 없습니다.
[2025-10-16 15:39:56] INFO: 
⏰ 60초 후 다음 사이클 실행...
[2025-10-16 15:39:56] INFO:    종료하려면 Ctrl+C를 누르세요.
[2025-10-16 15:40:56] INFO: 
================================================================================
[2025-10-16 15:40:56] INFO: [사이클 540] 2025-10-16 15:40:56
[2025-10-16 15:40:56] INFO: ================================================================================
[2025-10-16 15:40:56] WARNING: ⚠ trading_signals.xlsx 파일이 없습니다.
[2025-10-16 15:40:56] INFO: ℹ 모니터링 대상 종목이 없습니다.
[2025-10-16 15:40:56] INFO: 
⏰ 60초 후 다음 사이클 실행...
[2025-10-16 15:40:56] INFO:    종료하려면 Ctrl+C를 누르세요.
[2025-10-16 15:41:56] INFO: 
================================================================================
[2025-10-16 15:41:56] INFO: [사이클 541] 2025-10-16 15:41:56
[2025-10-16 15:41:56] INFO: ================================================================================
[2025-10-16 15:41:56] WARNING: ⚠ trading_signals.xlsx 파일이 없습니다.
[2025-10-16 15:41:56] INFO: ℹ 모니터링 대상 종목이 없습니다.
[2025-10-16 15:41:56] INFO: 
⏰ 60초 후 다음 사이클 실행...
[2025-10-16 15:41:56] INFO:    종료하려면 Ctrl+C를 누르세요.
[2025-10-16 15:42:56] INFO: 
================================================================================
[2025-10-16 15:42:56] INFO: [사이클 542] 2025-10-16 15:42:56
[2025-10-16 15:42:56] INFO: ================================================================================
[2025-10-16 15:42:56] WARNING: ⚠ trading_signals.xlsx 파일이 없습니다.
[2025-10-16 15:42:56] INFO: ℹ 모니터링 대상 종목이 없습니다.
[2025-10-16 15:42:56] INFO: 
⏰ 60초 후 다음 사이클 실행...
[2025-10-16 15:42:56] INFO:    종료하려면 Ctrl+C를 누르세요.
[2025-10-16 15:43:56] INFO: 
================================================================================
[2025-10-16 15:43:56] INFO: [사이클 543] 2025-10-16 15:43:56
[2025-10-16 15:43:56] INFO: ================================================================================
[2025-10-16 15:43:56] WARNING: ⚠ trading_signals.xlsx 파일이 없습니다.
[2025-10-16 15:43:56] INFO: ℹ 모니터링 대상 종목이 없습니다.
[2025-10-16 15:43:56] INFO: 
⏰ 60초 후 다음 사이클 실행...
[2025-10-16 15:43:56] INFO:    종료하려면 Ctrl+C를 누르세요.
[2025-10-16 15:44:56] INFO: 
================================================================================
[2025-10-16 15:44:56] INFO: [사이클 544] 2025-10-16 15:44:56
[2025-10-16 15:44:56] INFO: ================================================================================
[2025-10-16 15:44:56] WARNING: ⚠ trading_signals.xlsx 파일이 없습니다.
[2025-10-16 15:44:56] INFO: ℹ 모니터링 대상 종목이 없습니다.
[2025-10-16 15:44:56] INFO: 
⏰ 60초 후 다음 사이클 실행...
[2025-10-16 15:44:56] INFO:    종료하려면 Ctrl+C를 누르세요.
[2025-10-16 15:45:56] INFO: 
================================================================================
[2025-10-16 15:45:56] INFO: [사이클 545] 2025-10-16 15:45:56
[2025-10-16 15:45:56] INFO: ================================================================================
[2025-10-16 15:45:56] WARNING: ⚠ trading_signals.xlsx 파일이 없습니다.
[2025-10-16 15:45:56] INFO: ℹ 모니터링 대상 종목이 없습니다.
[2025-10-16 15:45:56] INFO: 
⏰ 60초 후 다음 사이클 실행...
[2025-10-16 15:45:56] INFO:    종료하려면 Ctrl+C를 누르세요.
[2025-10-16 15:46:56] INFO: 
================================================================================
[2025-10-16 15:46:56] INFO: [사이클 546] 2025-10-16 15:46:56
[2025-10-16 15:46:56] INFO: ================================================================================
[2025-10-16 15:46:56] WARNING: ⚠ trading_signals.xlsx 파일이 없습니다.
[2025-10-16 15:46:56] INFO: ℹ 모니터링 대상 종목이 없습니다.
[2025-10-16 15:46:56] INFO: 
⏰ 60초 후 다음 사이클 실행...
[2025-10-16 15:46:56] INFO:    종료하려면 Ctrl+C를 누르세요.
[2025-10-16 15:47:56] INFO: 
================================================================================
[2025-10-16 15:47:56] INFO: [사이클 547] 2025-10-16 15:47:56
[2025-10-16 15:47:56] INFO: ================================================================================
[2025-10-16 15:47:56] WARNING: ⚠ trading_signals.xlsx 파일이 없습니다.
[2025-10-16 15:47:56] INFO: ℹ 모니터링 대상 종목이 없습니다.
[2025-10-16 15:47:56] INFO: 
⏰ 60초 후 다음 사이클 실행...
[2025-10-16 15:47:56] INFO:    종료하려면 Ctrl+C를 누르세요.
[2025-10-16 15:48:56] INFO: 
================================================================================
[2025-10-16 15:48:56] INFO: [사이클 548] 2025-10-16 15:48:56
[2025-10-16 15:48:56] INFO: ================================================================================
[2025-10-16 15:48:56] WARNING: ⚠ trading_signals.xlsx 파일이 없습니다.
[2025-10-16 15:48:56] INFO: ℹ 모니터링 대상 종목이 없습니다.
[2025-10-16 15:48:56] INFO: 
⏰ 60초 후 다음 사이클 실행...
[2025-10-16 15:48:56] INFO:    종료하려면 Ctrl+C를 누르세요.
[2025-10-16 15:49:56] INFO: 
================================================================================
[2025-10-16 15:49:56] INFO: [사이클 549] 2025-10-16 15:49:56
[2025-10-16 15:49:56] INFO: ================================================================================
[2025-10-16 15:49:56] WARNING: ⚠ trading_signals.xlsx 파일이 없습니다.
[2025-10-16 15:49:56] INFO: ℹ 모니터링 대상 종목이 없습니다.
[2025-10-16 15:49:56] INFO: 
⏰ 60초 후 다음 사이클 실행...
[2025-10-16 15:49:56] INFO:    종료하려면 Ctrl+C를 누르세요.
[2025-10-16 15:50:56] INFO: 
================================================================================
[2025-10-16 15:50:56] INFO: [사이클 550] 2025-10-16 15:50:56
[2025-10-16 15:50:56] INFO: ================================================================================
[2025-10-16 15:50:56] WARNING: ⚠ trading_signals.xlsx 파일이 없습니다.
[2025-10-16 15:50:56] INFO: ℹ 모니터링 대상 종목이 없습니다.
[2025-10-16 15:50:56] INFO: 
⏰ 60초 후 다음 사이클 실행...
[2025-10-16 15:50:56] INFO:    종료하려면 Ctrl+C를 누르세요.
[2025-10-16 15:51:56] INFO: 
================================================================================
[2025-10-16 15:51:56] INFO: [사이클 551] 2025-10-16 15:51:56
[2025-10-16 15:51:56] INFO: ================================================================================
[2025-10-16 15:51:56] WARNING: ⚠ trading_signals.xlsx 파일이 없습니다.
[2025-10-16 15:51:56] INFO: ℹ 모니터링 대상 종목이 없습니다.
[2025-10-16 15:51:56] INFO: 
⏰ 60초 후 다음 사이클 실행...
[2025-10-16 15:51:56] INFO:    종료하려면 Ctrl+C를 누르세요.
[2025-10-16 15:52:56] INFO: 
================================================================================
[2025-10-16 15:52:56] INFO: [사이클 552] 2025-10-16 15:52:56
[2025-10-16 15:52:56] INFO: ================================================================================
[2025-10-16 15:52:56] WARNING: ⚠ trading_signals.xlsx 파일이 없습니다.
[2025-10-16 15:52:56] INFO: ℹ 모니터링 대상 종목이 없습니다.
[2025-10-16 15:52:56] INFO: 
⏰ 60초 후 다음 사이클 실행...
[2025-10-16 15:52:56] INFO:    종료하려면 Ctrl+C를 누르세요.
[2025-10-16 15:53:56] INFO: 
================================================================================
[2025-10-16 15:53:56] INFO: [사이클 553] 2025-10-16 15:53:56
[2025-10-16 15:53:56] INFO: ================================================================================
[2025-10-16 15:53:56] WARNING: ⚠ trading_signals.xlsx 파일이 없습니다.
[2025-10-16 15:53:56] INFO: ℹ 모니터링 대상 종목이 없습니다.
[2025-10-16 15:53:56] INFO: 
⏰ 60초 후 다음 사이클 실행...
[2025-10-16 15:53:56] INFO:    종료하려면 Ctrl+C를 누르세요.
[2025-10-16 15:54:56] INFO: 
================================================================================
[2025-10-16 15:54:56] INFO: [사이클 554] 2025-10-16 15:54:56
[2025-10-16 15:54:56] INFO: ================================================================================
[2025-10-16 15:54:56] WARNING: ⚠ trading_signals.xlsx 파일이 없습니다.
[2025-10-16 15:54:56] INFO: ℹ 모니터링 대상 종목이 없습니다.
[2025-10-16 15:54:56] INFO: 
⏰ 60초 후 다음 사이클 실행...
[2025-10-16 15:54:56] INFO:    종료하려면 Ctrl+C를 누르세요.
[2025-10-16 15:55:56] INFO: 
================================================================================
[2025-10-16 15:55:56] INFO: [사이클 555] 2025-10-16 15:55:56
[2025-10-16 15:55:56] INFO: ================================================================================
[2025-10-16 15:55:56] WARNING: ⚠ trading_signals.xlsx 파일이 없습니다.
[2025-10-16 15:55:56] INFO: ℹ 모니터링 대상 종목이 없습니다.
[2025-10-16 15:55:56] INFO: 
⏰ 60초 후 다음 사이클 실행...
[2025-10-16 15:55:56] INFO:    종료하려면 Ctrl+C를 누르세요.
[2025-10-16 15:56:56] INFO: 
================================================================================
[2025-10-16 15:56:56] INFO: [사이클 556] 2025-10-16 15:56:56
[2025-10-16 15:56:56] INFO: ================================================================================
[2025-10-16 15:56:56] WARNING: ⚠ trading_signals.xlsx 파일이 없습니다.
[2025-10-16 15:56:56] INFO: ℹ 모니터링 대상 종목이 없습니다.
[2025-10-16 15:56:56] INFO: 
⏰ 60초 후 다음 사이클 실행...
[2025-10-16 15:56:56] INFO:    종료하려면 Ctrl+C를 누르세요.
[2025-10-16 15:57:56] INFO: 
================================================================================
[2025-10-16 15:57:56] INFO: [사이클 557] 2025-10-16 15:57:56
[2025-10-16 15:57:56] INFO: ================================================================================
[2025-10-16 15:57:56] WARNING: ⚠ trading_signals.xlsx 파일이 없습니다.
[2025-10-16 15:57:56] INFO: ℹ 모니터링 대상 종목이 없습니다.
[2025-10-16 15:57:56] INFO: 
⏰ 60초 후 다음 사이클 실행...
[2025-10-16 15:57:56] INFO:    종료하려면 Ctrl+C를 누르세요.
[2025-10-16 15:58:56] INFO: 
================================================================================
[2025-10-16 15:58:56] INFO: [사이클 558] 2025-10-16 15:58:56
[2025-10-16 15:58:56] INFO: ================================================================================
[2025-10-16 15:58:56] WARNING: ⚠ trading_signals.xlsx 파일이 없습니다.
[2025-10-16 15:58:56] INFO: ℹ 모니터링 대상 종목이 없습니다.
[2025-10-16 15:58:56] INFO: 
⏰ 60초 후 다음 사이클 실행...
[2025-10-16 15:58:56] INFO:    종료하려면 Ctrl+C를 누르세요.
[2025-10-16 15:59:56] INFO: 
================================================================================
[2025-10-16 15:59:56] INFO: [사이클 559] 2025-10-16 15:59:56
[2025-10-16 15:59:56] INFO: ================================================================================
[2025-10-16 15:59:56] WARNING: ⚠ trading_signals.xlsx 파일이 없습니다.
[2025-10-16 15:59:56] INFO: ℹ 모니터링 대상 종목이 없습니다.
[2025-10-16 15:59:56] INFO: 
⏰ 60초 후 다음 사이클 실행...
[2025-10-16 15:59:56] INFO:    종료하려면 Ctrl+C를 누르세요.
[2025-10-16 16:00:56] INFO: 
================================================================================
[2025-10-16 16:00:56] INFO: [사이클 560] 2025-10-16 16:00:56
[2025-10-16 16:00:56] INFO: ================================================================================
[2025-10-16 16:00:56] WARNING: ⚠ trading_signals.xlsx 파일이 없습니다.
[2025-10-16 16:00:56] INFO: ℹ 모니터링 대상 종목이 없습니다.
[2025-10-16 16:00:56] INFO: 
⏰ 60초 후 다음 사이클 실행...
[2025-10-16 16:00:56] INFO:    종료하려면 Ctrl+C를 누르세요.
[2025-10-16 16:01:56] INFO: 
================================================================================
[2025-10-16 16:01:56] INFO: [사이클 561] 2025-10-16 16:01:56
[2025-10-16 16:01:56] INFO: ================================================================================
[2025-10-16 16:01:56] WARNING: ⚠ trading_signals.xlsx 파일이 없습니다.
[2025-10-16 16:01:56] INFO: ℹ 모니터링 대상 종목이 없습니다.
[2025-10-16 16:01:56] INFO: 
⏰ 60초 후 다음 사이클 실행...
[2025-10-16 16:01:56] INFO:    종료하려면 Ctrl+C를 누르세요.
[2025-10-16 16:02:56] INFO: 
================================================================================
[2025-10-16 16:02:56] INFO: [사이클 562] 2025-10-16 16:02:56
[2025-10-16 16:02:56] INFO: ================================================================================
[2025-10-16 16:02:56] WARNING: ⚠ trading_signals.xlsx 파일이 없습니다.
[2025-10-16 16:02:56] INFO: ℹ 모니터링 대상 종목이 없습니다.
[2025-10-16 16:02:56] INFO: 
⏰ 60초 후 다음 사이클 실행...
[2025-10-16 16:02:56] INFO:    종료하려면 Ctrl+C를 누르세요.
[2025-10-16 16:03:56] INFO: 
================================================================================
[2025-10-16 16:03:56] INFO: [사이클 563] 2025-10-16 16:03:56
[2025-10-16 16:03:56] INFO: ================================================================================
[2025-10-16 16:03:56] WARNING: ⚠ trading_signals.xlsx 파일이 없습니다.
[2025-10-16 16:03:56] INFO: ℹ 모니터링 대상 종목이 없습니다.
[2025-10-16 16:03:56] INFO: 
⏰ 60초 후 다음 사이클 실행...
[2025-10-16 16:03:56] INFO:    종료하려면 Ctrl+C를 누르세요.
[2025-10-16 16:04:56] INFO: 
================================================================================
[2025-10-16 16:04:56] INFO: [사이클 564] 2025-10-16 16:04:56
[2025-10-16 16:04:56] INFO: ================================================================================
[2025-10-16 16:04:56] WARNING: ⚠ trading_signals.xlsx 파일이 없습니다.
[2025-10-16 16:04:56] INFO: ℹ 모니터링 대상 종목이 없습니다.
[2025-10-16 16:04:56] INFO: 
⏰ 60초 후 다음 사이클 실행...
[2025-10-16 16:04:56] INFO:    종료하려면 Ctrl+C를 누르세요.
[2025-10-16 16:05:56] INFO: 
================================================================================
[2025-10-16 16:05:56] INFO: [사이클 565] 2025-10-16 16:05:56
[2025-10-16 16:05:56] INFO: ================================================================================
[2025-10-16 16:05:56] WARNING: ⚠ trading_signals.xlsx 파일이 없습니다.
[2025-10-16 16:05:56] INFO: ℹ 모니터링 대상 종목이 없습니다.
[2025-10-16 16:05:56] INFO: 
⏰ 60초 후 다음 사이클 실행...
[2025-10-16 16:05:56] INFO:    종료하려면 Ctrl+C를 누르세요.
[2025-10-16 16:06:56] INFO: 
================================================================================
[2025-10-16 16:06:56] INFO: [사이클 566] 2025-10-16 16:06:56
[2025-10-16 16:06:56] INFO: ================================================================================
[2025-10-16 16:06:56] WARNING: ⚠ trading_signals.xlsx 파일이 없습니다.
[2025-10-16 16:06:56] INFO: ℹ 모니터링 대상 종목이 없습니다.
[2025-10-16 16:06:56] INFO: 
⏰ 60초 후 다음 사이클 실행...
[2025-10-16 16:06:56] INFO:    종료하려면 Ctrl+C를 누르세요.
[2025-10-16 16:07:56] INFO: 
================================================================================
[2025-10-16 16:07:56] INFO: [사이클 567] 2025-10-16 16:07:56
[2025-10-16 16:07:56] INFO: ================================================================================
[2025-10-16 16:07:56] WARNING: ⚠ trading_signals.xlsx 파일이 없습니다.
[2025-10-16 16:07:56] INFO: ℹ 모니터링 대상 종목이 없습니다.
[2025-10-16 16:07:56] INFO: 
⏰ 60초 후 다음 사이클 실행...
[2025-10-16 16:07:56] INFO:    종료하려면 Ctrl+C를 누르세요.
[2025-10-16 16:08:56] INFO: 
================================================================================
[2025-10-16 16:08:56] INFO: [사이클 568] 2025-10-16 16:08:56
[2025-10-16 16:08:56] INFO: ================================================================================
[2025-10-16 16:08:56] WARNING: ⚠ trading_signals.xlsx 파일이 없습니다.
[2025-10-16 16:08:56] INFO: ℹ 모니터링 대상 종목이 없습니다.
[2025-10-16 16:08:56] INFO: 
⏰ 60초 후 다음 사이클 실행...
[2025-10-16 16:08:56] INFO:    종료하려면 Ctrl+C를 누르세요.
[2025-10-16 16:09:56] INFO: 
================================================================================
[2025-10-16 16:09:56] INFO: [사이클 569] 2025-10-16 16:09:56
[2025-10-16 16:09:56] INFO: ================================================================================
[2025-10-16 16:09:56] WARNING: ⚠ trading_signals.xlsx 파일이 없습니다.
[2025-10-16 16:09:56] INFO: ℹ 모니터링 대상 종목이 없습니다.
[2025-10-16 16:09:56] INFO: 
⏰ 60초 후 다음 사이클 실행...
[2025-10-16 16:09:56] INFO:    종료하려면 Ctrl+C를 누르세요.
[2025-10-16 16:10:56] INFO: 
================================================================================
[2025-10-16 16:10:56] INFO: [사이클 570] 2025-10-16 16:10:56
[2025-10-16 16:10:56] INFO: ================================================================================
[2025-10-16 16:10:56] WARNING: ⚠ trading_signals.xlsx 파일이 없습니다.
[2025-10-16 16:10:56] INFO: ℹ 모니터링 대상 종목이 없습니다.
[2025-10-16 16:10:56] INFO: 
⏰ 60초 후 다음 사이클 실행...
[2025-10-16 16:10:56] INFO:    종료하려면 Ctrl+C를 누르세요.
[2025-10-16 16:11:56] INFO: 
================================================================================
[2025-10-16 16:11:56] INFO: [사이클 571] 2025-10-16 16:11:56
[2025-10-16 16:11:56] INFO: ================================================================================
[2025-10-16 16:11:56] WARNING: ⚠ trading_signals.xlsx 파일이 없습니다.
[2025-10-16 16:11:56] INFO: ℹ 모니터링 대상 종목이 없습니다.
[2025-10-16 16:11:56] INFO: 
⏰ 60초 후 다음 사이클 실행...
[2025-10-16 16:11:56] INFO:    종료하려면 Ctrl+C를 누르세요.
[2025-10-16 16:12:56] INFO: 
================================================================================
[2025-10-16 16:12:56] INFO: [사이클 572] 2025-10-16 16:12:56
[2025-10-16 16:12:56] INFO: ================================================================================
[2025-10-16 16:12:56] WARNING: ⚠ trading_signals.xlsx 파일이 없습니다.
[2025-10-16 16:12:56] INFO: ℹ 모니터링 대상 종목이 없습니다.
[2025-10-16 16:12:56] INFO: 
⏰ 60초 후 다음 사이클 실행...
[2025-10-16 16:12:56] INFO:    종료하려면 Ctrl+C를 누르세요.
[2025-10-16 16:13:56] INFO: 
================================================================================
[2025-10-16 16:13:56] INFO: [사이클 573] 2025-10-16 16:13:56
[2025-10-16 16:13:56] INFO: ================================================================================
[2025-10-16 16:13:56] WARNING: ⚠ trading_signals.xlsx 파일이 없습니다.
[2025-10-16 16:13:56] INFO: ℹ 모니터링 대상 종목이 없습니다.
[2025-10-16 16:13:56] INFO: 
⏰ 60초 후 다음 사이클 실행...
[2025-10-16 16:13:56] INFO:    종료하려면 Ctrl+C를 누르세요.
[2025-10-16 16:14:56] INFO: 
================================================================================
[2025-10-16 16:14:56] INFO: [사이클 574] 2025-10-16 16:14:56
[2025-10-16 16:14:56] INFO: ================================================================================
[2025-10-16 16:14:56] WARNING: ⚠ trading_signals.xlsx 파일이 없습니다.
[2025-10-16 16:14:56] INFO: ℹ 모니터링 대상 종목이 없습니다.
[2025-10-16 16:14:56] INFO: 
⏰ 60초 후 다음 사이클 실행...
[2025-10-16 16:14:56] INFO:    종료하려면 Ctrl+C를 누르세요.
[2025-10-16 16:15:56] INFO: 
================================================================================
[2025-10-16 16:15:56] INFO: [사이클 575] 2025-10-16 16:15:56
[2025-10-16 16:15:56] INFO: ================================================================================
[2025-10-16 16:15:56] WARNING: ⚠ trading_signals.xlsx 파일이 없습니다.
[2025-10-16 16:15:56] INFO: ℹ 모니터링 대상 종목이 없습니다.
[2025-10-16 16:15:56] INFO: 
⏰ 60초 후 다음 사이클 실행...
[2025-10-16 16:15:56] INFO:    종료하려면 Ctrl+C를 누르세요.
[2025-10-16 16:16:56] INFO: 
================================================================================
[2025-10-16 16:16:56] INFO: [사이클 576] 2025-10-16 16:16:56
[2025-10-16 16:16:56] INFO: ================================================================================
[2025-10-16 16:16:56] WARNING: ⚠ trading_signals.xlsx 파일이 없습니다.
[2025-10-16 16:16:56] INFO: ℹ 모니터링 대상 종목이 없습니다.
[2025-10-16 16:16:56] INFO: 
⏰ 60초 후 다음 사이클 실행...
[2025-10-16 16:16:56] INFO:    종료하려면 Ctrl+C를 누르세요.
[2025-10-16 16:17:56] INFO: 
================================================================================
[2025-10-16 16:17:56] INFO: [사이클 577] 2025-10-16 16:17:56
[2025-10-16 16:17:56] INFO: ================================================================================
[2025-10-16 16:17:56] WARNING: ⚠ trading_signals.xlsx 파일이 없습니다.
[2025-10-16 16:17:56] INFO: ℹ 모니터링 대상 종목이 없습니다.
[2025-10-16 16:17:56] INFO: 
⏰ 60초 후 다음 사이클 실행...
[2025-10-16 16:17:56] INFO:    종료하려면 Ctrl+C를 누르세요.
[2025-10-16 16:18:56] INFO: 
================================================================================
[2025-10-16 16:18:56] INFO: [사이클 578] 2025-10-16 16:18:56
[2025-10-16 16:18:56] INFO: ================================================================================
[2025-10-16 16:18:56] WARNING: ⚠ trading_signals.xlsx 파일이 없습니다.
[2025-10-16 16:18:56] INFO: ℹ 모니터링 대상 종목이 없습니다.
[2025-10-16 16:18:56] INFO: 
⏰ 60초 후 다음 사이클 실행...
[2025-10-16 16:18:56] INFO:    종료하려면 Ctrl+C를 누르세요.
[2025-10-16 16:19:56] INFO: 
================================================================================
[2025-10-16 16:19:56] INFO: [사이클 579] 2025-10-16 16:19:56
[2025-10-16 16:19:56] INFO: ================================================================================
[2025-10-16 16:19:56] WARNING: ⚠ trading_signals.xlsx 파일이 없습니다.
[2025-10-16 16:19:56] INFO: ℹ 모니터링 대상 종목이 없습니다.
[2025-10-16 16:19:56] INFO: 
⏰ 60초 후 다음 사이클 실행...
[2025-10-16 16:19:56] INFO:    종료하려면 Ctrl+C를 누르세요.
[2025-10-16 16:20:56] INFO: 
================================================================================
[2025-10-16 16:20:56] INFO: [사이클 580] 2025-10-16 16:20:56
[2025-10-16 16:20:56] INFO: ================================================================================
[2025-10-16 16:20:56] WARNING: ⚠ trading_signals.xlsx 파일이 없습니다.
[2025-10-16 16:20:56] INFO: ℹ 모니터링 대상 종목이 없습니다.
[2025-10-16 16:20:56] INFO: 
⏰ 60초 후 다음 사이클 실행...
[2025-10-16 16:20:56] INFO:    종료하려면 Ctrl+C를 누르세요.
[2025-10-16 16:21:56] INFO: 
================================================================================
[2025-10-16 16:21:56] INFO: [사이클 581] 2025-10-16 16:21:56
[2025-10-16 16:21:56] INFO: ================================================================================
[2025-10-16 16:21:56] WARNING: ⚠ trading_signals.xlsx 파일이 없습니다.
[2025-10-16 16:21:56] INFO: ℹ 모니터링 대상 종목이 없습니다.
[2025-10-16 16:21:56] INFO: 
⏰ 60초 후 다음 사이클 실행...
[2025-10-16 16:21:56] INFO:    종료하려면 Ctrl+C를 누르세요.
[2025-10-16 16:22:56] INFO: 
================================================================================
[2025-10-16 16:22:56] INFO: [사이클 582] 2025-10-16 16:22:56
[2025-10-16 16:22:56] INFO: ================================================================================
[2025-10-16 16:22:56] WARNING: ⚠ trading_signals.xlsx 파일이 없습니다.
[2025-10-16 16:22:56] INFO: ℹ 모니터링 대상 종목이 없습니다.
[2025-10-16 16:22:56] INFO: 
⏰ 60초 후 다음 사이클 실행...
[2025-10-16 16:22:56] INFO:    종료하려면 Ctrl+C를 누르세요.
[2025-10-16 16:23:56] INFO: 
================================================================================
[2025-10-16 16:23:56] INFO: [사이클 583] 2025-10-16 16:23:56
[2025-10-16 16:23:56] INFO: ================================================================================
[2025-10-16 16:23:56] WARNING: ⚠ trading_signals.xlsx 파일이 없습니다.
[2025-10-16 16:23:56] INFO: ℹ 모니터링 대상 종목이 없습니다.
[2025-10-16 16:23:56] INFO: 
⏰ 60초 후 다음 사이클 실행...
[2025-10-16 16:23:56] INFO:    종료하려면 Ctrl+C를 누르세요.
[2025-10-16 16:24:56] INFO: 
================================================================================
[2025-10-16 16:24:56] INFO: [사이클 584] 2025-10-16 16:24:56
[2025-10-16 16:24:56] INFO: ================================================================================
[2025-10-16 16:24:56] WARNING: ⚠ trading_signals.xlsx 파일이 없습니다.
[2025-10-16 16:24:56] INFO: ℹ 모니터링 대상 종목이 없습니다.
[2025-10-16 16:24:56] INFO: 
⏰ 60초 후 다음 사이클 실행...
[2025-10-16 16:24:56] INFO:    종료하려면 Ctrl+C를 누르세요.
[2025-10-16 16:25:56] INFO: 
================================================================================
[2025-10-16 16:25:56] INFO: [사이클 585] 2025-10-16 16:25:56
[2025-10-16 16:25:56] INFO: ================================================================================
[2025-10-16 16:25:56] WARNING: ⚠ trading_signals.xlsx 파일이 없습니다.
[2025-10-16 16:25:56] INFO: ℹ 모니터링 대상 종목이 없습니다.
[2025-10-16 16:25:56] INFO: 
⏰ 60초 후 다음 사이클 실행...
[2025-10-16 16:25:56] INFO:    종료하려면 Ctrl+C를 누르세요.
[2025-10-16 16:26:56] INFO: 
================================================================================
[2025-10-16 16:26:56] INFO: [사이클 586] 2025-10-16 16:26:56
[2025-10-16 16:26:56] INFO: ================================================================================
[2025-10-16 16:26:56] WARNING: ⚠ trading_signals.xlsx 파일이 없습니다.
[2025-10-16 16:26:56] INFO: ℹ 모니터링 대상 종목이 없습니다.
[2025-10-16 16:26:56] INFO: 
⏰ 60초 후 다음 사이클 실행...
[2025-10-16 16:26:56] INFO:    종료하려면 Ctrl+C를 누르세요.
[2025-10-16 16:27:56] INFO: 
================================================================================
[2025-10-16 16:27:56] INFO: [사이클 587] 2025-10-16 16:27:56
[2025-10-16 16:27:56] INFO: ================================================================================
[2025-10-16 16:27:56] WARNING: ⚠ trading_signals.xlsx 파일이 없습니다.
[2025-10-16 16:27:56] INFO: ℹ 모니터링 대상 종목이 없습니다.
[2025-10-16 16:27:56] INFO: 
⏰ 60초 후 다음 사이클 실행...
[2025-10-16 16:27:56] INFO:    종료하려면 Ctrl+C를 누르세요.
[2025-10-16 16:28:56] INFO: 
================================================================================
[2025-10-16 16:28:56] INFO: [사이클 588] 2025-10-16 16:28:56
[2025-10-16 16:28:56] INFO: ================================================================================
[2025-10-16 16:28:56] WARNING: ⚠ trading_signals.xlsx 파일이 없습니다.
[2025-10-16 16:28:56] INFO: ℹ 모니터링 대상 종목이 없습니다.
[2025-10-16 16:28:56] INFO: 
⏰ 60초 후 다음 사이클 실행...
[2025-10-16 16:28:56] INFO:    종료하려면 Ctrl+C를 누르세요.
[2025-10-16 16:29:56] INFO: 
================================================================================
[2025-10-16 16:29:56] INFO: [사이클 589] 2025-10-16 16:29:56
[2025-10-16 16:29:56] INFO: ================================================================================
[2025-10-16 16:29:56] WARNING: ⚠ trading_signals.xlsx 파일이 없습니다.
[2025-10-16 16:29:56] INFO: ℹ 모니터링 대상 종목이 없습니다.
[2025-10-16 16:29:56] INFO: 
⏰ 60초 후 다음 사이클 실행...
[2025-10-16 16:29:56] INFO:    종료하려면 Ctrl+C를 누르세요.
[2025-10-16 16:30:56] INFO: 
================================================================================
[2025-10-16 16:30:56] INFO: [사이클 590] 2025-10-16 16:30:56
[2025-10-16 16:30:56] INFO: ================================================================================
[2025-10-16 16:30:56] WARNING: ⚠ trading_signals.xlsx 파일이 없습니다.
[2025-10-16 16:30:56] INFO: ℹ 모니터링 대상 종목이 없습니다.
[2025-10-16 16:30:56] INFO: 
⏰ 60초 후 다음 사이클 실행...
[2025-10-16 16:30:56] INFO:    종료하려면 Ctrl+C를 누르세요.
[2025-10-16 16:31:56] INFO: 
================================================================================
[2025-10-16 16:31:56] INFO: [사이클 591] 2025-10-16 16:31:56
[2025-10-16 16:31:56] INFO: ================================================================================
[2025-10-16 16:31:56] WARNING: ⚠ trading_signals.xlsx 파일이 없습니다.
[2025-10-16 16:31:56] INFO: ℹ 모니터링 대상 종목이 없습니다.
[2025-10-16 16:31:56] INFO: 
⏰ 60초 후 다음 사이클 실행...
[2025-10-16 16:31:56] INFO:    종료하려면 Ctrl+C를 누르세요.
[2025-10-16 16:32:56] INFO: 
================================================================================
[2025-10-16 16:32:56] INFO: [사이클 592] 2025-10-16 16:32:56
[2025-10-16 16:32:56] INFO: ================================================================================
[2025-10-16 16:32:56] WARNING: ⚠ trading_signals.xlsx 파일이 없습니다.
[2025-10-16 16:32:56] INFO: ℹ 모니터링 대상 종목이 없습니다.
[2025-10-16 16:32:56] INFO: 
⏰ 60초 후 다음 사이클 실행...
[2025-10-16 16:32:56] INFO:    종료하려면 Ctrl+C를 누르세요.
[2025-10-16 16:33:56] INFO: 
================================================================================
[2025-10-16 16:33:56] INFO: [사이클 593] 2025-10-16 16:33:56
[2025-10-16 16:33:56] INFO: ================================================================================
[2025-10-16 16:33:56] WARNING: ⚠ trading_signals.xlsx 파일이 없습니다.
[2025-10-16 16:33:56] INFO: ℹ 모니터링 대상 종목이 없습니다.
[2025-10-16 16:33:56] INFO: 
⏰ 60초 후 다음 사이클 실행...
[2025-10-16 16:33:56] INFO:    종료하려면 Ctrl+C를 누르세요.
[2025-10-16 16:34:56] INFO: 
================================================================================
[2025-10-16 16:34:56] INFO: [사이클 594] 2025-10-16 16:34:56
[2025-10-16 16:34:56] INFO: ================================================================================
[2025-10-16 16:34:56] WARNING: ⚠ trading_signals.xlsx 파일이 없습니다.
[2025-10-16 16:34:56] INFO: ℹ 모니터링 대상 종목이 없습니다.
[2025-10-16 16:34:56] INFO: 
⏰ 60초 후 다음 사이클 실행...
[2025-10-16 16:34:56] INFO:    종료하려면 Ctrl+C를 누르세요.
[2025-10-16 16:35:56] INFO: 
================================================================================
[2025-10-16 16:35:56] INFO: [사이클 595] 2025-10-16 16:35:56
[2025-10-16 16:35:56] INFO: ================================================================================
[2025-10-16 16:35:56] WARNING: ⚠ trading_signals.xlsx 파일이 없습니다.
[2025-10-16 16:35:56] INFO: ℹ 모니터링 대상 종목이 없습니다.
[2025-10-16 16:35:56] INFO: 
⏰ 60초 후 다음 사이클 실행...
[2025-10-16 16:35:56] INFO:    종료하려면 Ctrl+C를 누르세요.
[2025-10-16 16:36:56] INFO: 
================================================================================
[2025-10-16 16:36:56] INFO: [사이클 596] 2025-10-16 16:36:56
[2025-10-16 16:36:56] INFO: ================================================================================
[2025-10-16 16:36:56] WARNING: ⚠ trading_signals.xlsx 파일이 없습니다.
[2025-10-16 16:36:56] INFO: ℹ 모니터링 대상 종목이 없습니다.
[2025-10-16 16:36:56] INFO: 
⏰ 60초 후 다음 사이클 실행...
[2025-10-16 16:36:56] INFO:    종료하려면 Ctrl+C를 누르세요.
[2025-10-16 16:37:56] INFO: 
================================================================================
[2025-10-16 16:37:56] INFO: [사이클 597] 2025-10-16 16:37:56
[2025-10-16 16:37:56] INFO: ================================================================================
[2025-10-16 16:37:56] WARNING: ⚠ trading_signals.xlsx 파일이 없습니다.
[2025-10-16 16:37:56] INFO: ℹ 모니터링 대상 종목이 없습니다.
[2025-10-16 16:37:56] INFO: 
⏰ 60초 후 다음 사이클 실행...
[2025-10-16 16:37:56] INFO:    종료하려면 Ctrl+C를 누르세요.
[2025-10-16 16:38:56] INFO: 
================================================================================
[2025-10-16 16:38:56] INFO: [사이클 598] 2025-10-16 16:38:56
[2025-10-16 16:38:56] INFO: ================================================================================
[2025-10-16 16:38:56] WARNING: ⚠ trading_signals.xlsx 파일이 없습니다.
[2025-10-16 16:38:56] INFO: ℹ 모니터링 대상 종목이 없습니다.
[2025-10-16 16:38:56] INFO: 
⏰ 60초 후 다음 사이클 실행...
[2025-10-16 16:38:56] INFO:    종료하려면 Ctrl+C를 누르세요.
[2025-10-16 16:39:56] INFO: 
================================================================================
[2025-10-16 16:39:56] INFO: [사이클 599] 2025-10-16 16:39:56
[2025-10-16 16:39:56] INFO: ================================================================================
[2025-10-16 16:39:56] WARNING: ⚠ trading_signals.xlsx 파일이 없습니다.
[2025-10-16 16:39:57] INFO: ℹ 모니터링 대상 종목이 없습니다.
[2025-10-16 16:39:57] INFO: 
⏰ 60초 후 다음 사이클 실행...
[2025-10-16 16:39:57] INFO:    종료하려면 Ctrl+C를 누르세요.
[2025-10-16 16:40:57] INFO: 
================================================================================
[2025-10-16 16:40:57] INFO: [사이클 600] 2025-10-16 16:40:57
[2025-10-16 16:40:57] INFO: ================================================================================
[2025-10-16 16:40:57] WARNING: ⚠ trading_signals.xlsx 파일이 없습니다.
[2025-10-16 16:40:57] INFO: ℹ 모니터링 대상 종목이 없습니다.
[2025-10-16 16:40:57] INFO: 
⏰ 60초 후 다음 사이클 실행...
[2025-10-16 16:40:57] INFO:    종료하려면 Ctrl+C를 누르세요.
[2025-10-16 16:41:57] INFO: 
================================================================================
[2025-10-16 16:41:57] INFO: [사이클 601] 2025-10-16 16:41:57
[2025-10-16 16:41:57] INFO: ================================================================================
[2025-10-16 16:41:57] WARNING: ⚠ trading_signals.xlsx 파일이 없습니다.
[2025-10-16 16:41:57] INFO: ℹ 모니터링 대상 종목이 없습니다.
[2025-10-16 16:41:57] INFO: 
⏰ 60초 후 다음 사이클 실행...
[2025-10-16 16:41:57] INFO:    종료하려면 Ctrl+C를 누르세요.
[2025-10-16 16:42:57] INFO: 
================================================================================
[2025-10-16 16:42:57] INFO: [사이클 602] 2025-10-16 16:42:57
[2025-10-16 16:42:57] INFO: ================================================================================
[2025-10-16 16:42:57] WARNING: ⚠ trading_signals.xlsx 파일이 없습니다.
[2025-10-16 16:42:57] INFO: ℹ 모니터링 대상 종목이 없습니다.
[2025-10-16 16:42:57] INFO: 
⏰ 60초 후 다음 사이클 실행...
[2025-10-16 16:42:57] INFO:    종료하려면 Ctrl+C를 누르세요.
[2025-10-16 16:43:57] INFO: 
================================================================================
[2025-10-16 16:43:57] INFO: [사이클 603] 2025-10-16 16:43:57
[2025-10-16 16:43:57] INFO: ================================================================================
[2025-10-16 16:43:57] WARNING: ⚠ trading_signals.xlsx 파일이 없습니다.
[2025-10-16 16:43:57] INFO: ℹ 모니터링 대상 종목이 없습니다.
[2025-10-16 16:43:57] INFO: 
⏰ 60초 후 다음 사이클 실행...
[2025-10-16 16:43:57] INFO:    종료하려면 Ctrl+C를 누르세요.
[2025-10-16 16:44:57] INFO: 
================================================================================
[2025-10-16 16:44:57] INFO: [사이클 604] 2025-10-16 16:44:57
[2025-10-16 16:44:57] INFO: ================================================================================
[2025-10-16 16:44:57] WARNING: ⚠ trading_signals.xlsx 파일이 없습니다.
[2025-10-16 16:44:57] INFO: ℹ 모니터링 대상 종목이 없습니다.
[2025-10-16 16:44:57] INFO: 
⏰ 60초 후 다음 사이클 실행...
[2025-10-16 16:44:57] INFO:    종료하려면 Ctrl+C를 누르세요.
[2025-10-16 16:45:57] INFO: 
================================================================================
[2025-10-16 16:45:57] INFO: [사이클 605] 2025-10-16 16:45:57
[2025-10-16 16:45:57] INFO: ================================================================================
[2025-10-16 16:45:57] WARNING: ⚠ trading_signals.xlsx 파일이 없습니다.
[2025-10-16 16:45:57] INFO: ℹ 모니터링 대상 종목이 없습니다.
[2025-10-16 16:45:57] INFO: 
⏰ 60초 후 다음 사이클 실행...
[2025-10-16 16:45:57] INFO:    종료하려면 Ctrl+C를 누르세요.
[2025-10-16 16:46:57] INFO: 
================================================================================
[2025-10-16 16:46:57] INFO: [사이클 606] 2025-10-16 16:46:57
[2025-10-16 16:46:57] INFO: ================================================================================
[2025-10-16 16:46:57] WARNING: ⚠ trading_signals.xlsx 파일이 없습니다.
[2025-10-16 16:46:57] INFO: ℹ 모니터링 대상 종목이 없습니다.
[2025-10-16 16:46:57] INFO: 
⏰ 60초 후 다음 사이클 실행...
[2025-10-16 16:46:57] INFO:    종료하려면 Ctrl+C를 누르세요.
[2025-10-16 16:47:57] INFO: 
================================================================================
[2025-10-16 16:47:57] INFO: [사이클 607] 2025-10-16 16:47:57
[2025-10-16 16:47:57] INFO: ================================================================================
[2025-10-16 16:47:57] WARNING: ⚠ trading_signals.xlsx 파일이 없습니다.
[2025-10-16 16:47:57] INFO: ℹ 모니터링 대상 종목이 없습니다.
[2025-10-16 16:47:57] INFO: 
⏰ 60초 후 다음 사이클 실행...
[2025-10-16 16:47:57] INFO:    종료하려면 Ctrl+C를 누르세요.
[2025-10-16 16:48:57] INFO: 
================================================================================
[2025-10-16 16:48:57] INFO: [사이클 608] 2025-10-16 16:48:57
[2025-10-16 16:48:57] INFO: ================================================================================
[2025-10-16 16:48:57] WARNING: ⚠ trading_signals.xlsx 파일이 없습니다.
[2025-10-16 16:48:57] INFO: ℹ 모니터링 대상 종목이 없습니다.
[2025-10-16 16:48:57] INFO: 
⏰ 60초 후 다음 사이클 실행...
[2025-10-16 16:48:57] INFO:    종료하려면 Ctrl+C를 누르세요.
[2025-10-16 16:49:57] INFO: 
================================================================================
[2025-10-16 16:49:57] INFO: [사이클 609] 2025-10-16 16:49:57
[2025-10-16 16:49:57] INFO: ================================================================================
[2025-10-16 16:49:57] WARNING: ⚠ trading_signals.xlsx 파일이 없습니다.
[2025-10-16 16:49:57] INFO: ℹ 모니터링 대상 종목이 없습니다.
[2025-10-16 16:49:57] INFO: 
⏰ 60초 후 다음 사이클 실행...
[2025-10-16 16:49:57] INFO:    종료하려면 Ctrl+C를 누르세요.
[2025-10-16 16:50:57] INFO: 
================================================================================
[2025-10-16 16:50:57] INFO: [사이클 610] 2025-10-16 16:50:57
[2025-10-16 16:50:57] INFO: ================================================================================
[2025-10-16 16:50:57] WARNING: ⚠ trading_signals.xlsx 파일이 없습니다.
[2025-10-16 16:50:57] INFO: ℹ 모니터링 대상 종목이 없습니다.
[2025-10-16 16:50:57] INFO: 
⏰ 60초 후 다음 사이클 실행...
[2025-10-16 16:50:57] INFO:    종료하려면 Ctrl+C를 누르세요.
[2025-10-16 16:51:57] INFO: 
================================================================================
[2025-10-16 16:51:57] INFO: [사이클 611] 2025-10-16 16:51:57
[2025-10-16 16:51:57] INFO: ================================================================================
[2025-10-16 16:51:57] WARNING: ⚠ trading_signals.xlsx 파일이 없습니다.
[2025-10-16 16:51:57] INFO: ℹ 모니터링 대상 종목이 없습니다.
[2025-10-16 16:51:57] INFO: 
⏰ 60초 후 다음 사이클 실행...
[2025-10-16 16:51:57] INFO:    종료하려면 Ctrl+C를 누르세요.
[2025-10-16 16:52:57] INFO: 
================================================================================
[2025-10-16 16:52:57] INFO: [사이클 612] 2025-10-16 16:52:57
[2025-10-16 16:52:57] INFO: ================================================================================
[2025-10-16 16:52:57] WARNING: ⚠ trading_signals.xlsx 파일이 없습니다.
[2025-10-16 16:52:57] INFO: ℹ 모니터링 대상 종목이 없습니다.
[2025-10-16 16:52:57] INFO: 
⏰ 60초 후 다음 사이클 실행...
[2025-10-16 16:52:57] INFO:    종료하려면 Ctrl+C를 누르세요.
[2025-10-16 16:53:57] INFO: 
================================================================================
[2025-10-16 16:53:57] INFO: [사이클 613] 2025-10-16 16:53:57
[2025-10-16 16:53:57] INFO: ================================================================================
[2025-10-16 16:53:57] WARNING: ⚠ trading_signals.xlsx 파일이 없습니다.
[2025-10-16 16:53:57] INFO: ℹ 모니터링 대상 종목이 없습니다.
[2025-10-16 16:53:57] INFO: 
⏰ 60초 후 다음 사이클 실행...
[2025-10-16 16:53:57] INFO:    종료하려면 Ctrl+C를 누르세요.
[2025-10-16 16:54:57] INFO: 
================================================================================
[2025-10-16 16:54:57] INFO: [사이클 614] 2025-10-16 16:54:57
[2025-10-16 16:54:57] INFO: ================================================================================
[2025-10-16 16:54:57] WARNING: ⚠ trading_signals.xlsx 파일이 없습니다.
[2025-10-16 16:54:57] INFO: ℹ 모니터링 대상 종목이 없습니다.
[2025-10-16 16:54:57] INFO: 
⏰ 60초 후 다음 사이클 실행...
[2025-10-16 16:54:57] INFO:    종료하려면 Ctrl+C를 누르세요.
[2025-10-16 16:55:57] INFO: 
================================================================================
[2025-10-16 16:55:57] INFO: [사이클 615] 2025-10-16 16:55:57
[2025-10-16 16:55:57] INFO: ================================================================================
[2025-10-16 16:55:57] WARNING: ⚠ trading_signals.xlsx 파일이 없습니다.
[2025-10-16 16:55:57] INFO: ℹ 모니터링 대상 종목이 없습니다.
[2025-10-16 16:55:57] INFO: 
⏰ 60초 후 다음 사이클 실행...
[2025-10-16 16:55:57] INFO:    종료하려면 Ctrl+C를 누르세요.
[2025-10-16 16:56:57] INFO: 
================================================================================
[2025-10-16 16:56:57] INFO: [사이클 616] 2025-10-16 16:56:57
[2025-10-16 16:56:57] INFO: ================================================================================
[2025-10-16 16:56:57] WARNING: ⚠ trading_signals.xlsx 파일이 없습니다.
[2025-10-16 16:56:57] INFO: ℹ 모니터링 대상 종목이 없습니다.
[2025-10-16 16:56:57] INFO: 
⏰ 60초 후 다음 사이클 실행...
[2025-10-16 16:56:57] INFO:    종료하려면 Ctrl+C를 누르세요.
[2025-10-16 16:57:57] INFO: 
================================================================================
[2025-10-16 16:57:57] INFO: [사이클 617] 2025-10-16 16:57:57
[2025-10-16 16:57:57] INFO: ================================================================================
[2025-10-16 16:57:57] WARNING: ⚠ trading_signals.xlsx 파일이 없습니다.
[2025-10-16 16:57:57] INFO: ℹ 모니터링 대상 종목이 없습니다.
[2025-10-16 16:57:57] INFO: 
⏰ 60초 후 다음 사이클 실행...
[2025-10-16 16:57:57] INFO:    종료하려면 Ctrl+C를 누르세요.
[2025-10-16 16:58:57] INFO: 
================================================================================
[2025-10-16 16:58:57] INFO: [사이클 618] 2025-10-16 16:58:57
[2025-10-16 16:58:57] INFO: ================================================================================
[2025-10-16 16:58:57] WARNING: ⚠ trading_signals.xlsx 파일이 없습니다.
[2025-10-16 16:58:57] INFO: ℹ 모니터링 대상 종목이 없습니다.
[2025-10-16 16:58:57] INFO: 
⏰ 60초 후 다음 사이클 실행...
[2025-10-16 16:58:57] INFO:    종료하려면 Ctrl+C를 누르세요.
[2025-10-16 16:59:57] INFO: 
================================================================================
[2025-10-16 16:59:57] INFO: [사이클 619] 2025-10-16 16:59:57
[2025-10-16 16:59:57] INFO: ================================================================================
[2025-10-16 16:59:57] WARNING: ⚠ trading_signals.xlsx 파일이 없습니다.
[2025-10-16 16:59:57] INFO: ℹ 모니터링 대상 종목이 없습니다.
[2025-10-16 16:59:57] INFO: 
⏰ 60초 후 다음 사이클 실행...
[2025-10-16 16:59:57] INFO:    종료하려면 Ctrl+C를 누르세요.
[2025-10-16 17:00:57] INFO: 
================================================================================
[2025-10-16 17:00:57] INFO: [사이클 620] 2025-10-16 17:00:57
[2025-10-16 17:00:57] INFO: ================================================================================
[2025-10-16 17:00:57] WARNING: ⚠ trading_signals.xlsx 파일이 없습니다.
[2025-10-16 17:00:57] INFO: ℹ 모니터링 대상 종목이 없습니다.
[2025-10-16 17:00:57] INFO: 
⏰ 60초 후 다음 사이클 실행...
[2025-10-16 17:00:57] INFO:    종료하려면 Ctrl+C를 누르세요.
[2025-10-16 17:01:57] INFO: 
================================================================================
[2025-10-16 17:01:57] INFO: [사이클 621] 2025-10-16 17:01:57
[2025-10-16 17:01:57] INFO: ================================================================================
[2025-10-16 17:01:57] WARNING: ⚠ trading_signals.xlsx 파일이 없습니다.
[2025-10-16 17:01:57] INFO: ℹ 모니터링 대상 종목이 없습니다.
[2025-10-16 17:01:57] INFO: 
⏰ 60초 후 다음 사이클 실행...
[2025-10-16 17:01:57] INFO:    종료하려면 Ctrl+C를 누르세요.
[2025-10-16 17:02:57] INFO: 
================================================================================
[2025-10-16 17:02:57] INFO: [사이클 622] 2025-10-16 17:02:57
[2025-10-16 17:02:57] INFO: ================================================================================
[2025-10-16 17:02:57] WARNING: ⚠ trading_signals.xlsx 파일이 없습니다.
[2025-10-16 17:02:57] INFO: ℹ 모니터링 대상 종목이 없습니다.
[2025-10-16 17:02:57] INFO: 
⏰ 60초 후 다음 사이클 실행...
[2025-10-16 17:02:57] INFO:    종료하려면 Ctrl+C를 누르세요.
[2025-10-16 17:03:57] INFO: 
================================================================================
[2025-10-16 17:03:57] INFO: [사이클 623] 2025-10-16 17:03:57
[2025-10-16 17:03:57] INFO: ================================================================================
[2025-10-16 17:03:57] WARNING: ⚠ trading_signals.xlsx 파일이 없습니다.
[2025-10-16 17:03:57] INFO: ℹ 모니터링 대상 종목이 없습니다.
[2025-10-16 17:03:57] INFO: 
⏰ 60초 후 다음 사이클 실행...
[2025-10-16 17:03:57] INFO:    종료하려면 Ctrl+C를 누르세요.
[2025-10-16 17:04:57] INFO: 
================================================================================
[2025-10-16 17:04:57] INFO: [사이클 624] 2025-10-16 17:04:57
[2025-10-16 17:04:57] INFO: ================================================================================
[2025-10-16 17:04:57] WARNING: ⚠ trading_signals.xlsx 파일이 없습니다.
[2025-10-16 17:04:57] INFO: ℹ 모니터링 대상 종목이 없습니다.
[2025-10-16 17:04:57] INFO: 
⏰ 60초 후 다음 사이클 실행...
[2025-10-16 17:04:57] INFO:    종료하려면 Ctrl+C를 누르세요.
[2025-10-16 17:05:57] INFO: 
================================================================================
[2025-10-16 17:05:57] INFO: [사이클 625] 2025-10-16 17:05:57
[2025-10-16 17:05:57] INFO: ================================================================================
[2025-10-16 17:05:57] WARNING: ⚠ trading_signals.xlsx 파일이 없습니다.
[2025-10-16 17:05:57] INFO: ℹ 모니터링 대상 종목이 없습니다.
[2025-10-16 17:05:57] INFO: 
⏰ 60초 후 다음 사이클 실행...
[2025-10-16 17:05:57] INFO:    종료하려면 Ctrl+C를 누르세요.
[2025-10-16 17:06:57] INFO: 
================================================================================
[2025-10-16 17:06:57] INFO: [사이클 626] 2025-10-16 17:06:57
[2025-10-16 17:06:57] INFO: ================================================================================
[2025-10-16 17:06:57] WARNING: ⚠ trading_signals.xlsx 파일이 없습니다.
[2025-10-16 17:06:57] INFO: ℹ 모니터링 대상 종목이 없습니다.
[2025-10-16 17:06:57] INFO: 
⏰ 60초 후 다음 사이클 실행...
[2025-10-16 17:06:57] INFO:    종료하려면 Ctrl+C를 누르세요.
[2025-10-16 17:07:57] INFO: 
================================================================================
[2025-10-16 17:07:57] INFO: [사이클 627] 2025-10-16 17:07:57
[2025-10-16 17:07:57] INFO: ================================================================================
[2025-10-16 17:07:57] WARNING: ⚠ trading_signals.xlsx 파일이 없습니다.
[2025-10-16 17:07:57] INFO: ℹ 모니터링 대상 종목이 없습니다.
[2025-10-16 17:07:57] INFO: 
⏰ 60초 후 다음 사이클 실행...
[2025-10-16 17:07:57] INFO:    종료하려면 Ctrl+C를 누르세요.
[2025-10-16 17:08:57] INFO: 
================================================================================
[2025-10-16 17:08:57] INFO: [사이클 628] 2025-10-16 17:08:57
[2025-10-16 17:08:57] INFO: ================================================================================
[2025-10-16 17:08:57] WARNING: ⚠ trading_signals.xlsx 파일이 없습니다.
[2025-10-16 17:08:57] INFO: ℹ 모니터링 대상 종목이 없습니다.
[2025-10-16 17:08:57] INFO: 
⏰ 60초 후 다음 사이클 실행...
[2025-10-16 17:08:57] INFO:    종료하려면 Ctrl+C를 누르세요.
[2025-10-16 17:09:57] INFO: 
================================================================================
[2025-10-16 17:09:57] INFO: [사이클 629] 2025-10-16 17:09:57
[2025-10-16 17:09:57] INFO: ================================================================================
[2025-10-16 17:09:57] WARNING: ⚠ trading_signals.xlsx 파일이 없습니다.
[2025-10-16 17:09:57] INFO: ℹ 모니터링 대상 종목이 없습니다.
[2025-10-16 17:09:57] INFO: 
⏰ 60초 후 다음 사이클 실행...
[2025-10-16 17:09:57] INFO:    종료하려면 Ctrl+C를 누르세요.
[2025-10-16 17:10:57] INFO: 
================================================================================
[2025-10-16 17:10:57] INFO: [사이클 630] 2025-10-16 17:10:57
[2025-10-16 17:10:57] INFO: ================================================================================
[2025-10-16 17:10:57] WARNING: ⚠ trading_signals.xlsx 파일이 없습니다.
[2025-10-16 17:10:57] INFO: ℹ 모니터링 대상 종목이 없습니다.
[2025-10-16 17:10:57] INFO: 
⏰ 60초 후 다음 사이클 실행...
[2025-10-16 17:10:57] INFO:    종료하려면 Ctrl+C를 누르세요.
[2025-10-16 17:11:57] INFO: 
================================================================================
[2025-10-16 17:11:57] INFO: [사이클 631] 2025-10-16 17:11:57
[2025-10-16 17:11:57] INFO: ================================================================================
[2025-10-16 17:11:57] WARNING: ⚠ trading_signals.xlsx 파일이 없습니다.
[2025-10-16 17:11:57] INFO: ℹ 모니터링 대상 종목이 없습니다.
[2025-10-16 17:11:57] INFO: 
⏰ 60초 후 다음 사이클 실행...
[2025-10-16 17:11:57] INFO:    종료하려면 Ctrl+C를 누르세요.
[2025-10-16 17:12:57] INFO: 
================================================================================
[2025-10-16 17:12:57] INFO: [사이클 632] 2025-10-16 17:12:57
[2025-10-16 17:12:57] INFO: ================================================================================
[2025-10-16 17:12:57] WARNING: ⚠ trading_signals.xlsx 파일이 없습니다.
[2025-10-16 17:12:57] INFO: ℹ 모니터링 대상 종목이 없습니다.
[2025-10-16 17:12:57] INFO: 
⏰ 60초 후 다음 사이클 실행...
[2025-10-16 17:12:57] INFO:    종료하려면 Ctrl+C를 누르세요.
[2025-10-16 17:13:57] INFO: 
================================================================================
[2025-10-16 17:13:57] INFO: [사이클 633] 2025-10-16 17:13:57
[2025-10-16 17:13:57] INFO: ================================================================================
[2025-10-16 17:13:57] WARNING: ⚠ trading_signals.xlsx 파일이 없습니다.
[2025-10-16 17:13:57] INFO: ℹ 모니터링 대상 종목이 없습니다.
[2025-10-16 17:13:57] INFO: 
⏰ 60초 후 다음 사이클 실행...
[2025-10-16 17:13:57] INFO:    종료하려면 Ctrl+C를 누르세요.
[2025-10-16 17:14:57] INFO: 
================================================================================
[2025-10-16 17:14:57] INFO: [사이클 634] 2025-10-16 17:14:57
[2025-10-16 17:14:57] INFO: ================================================================================
[2025-10-16 17:14:57] WARNING: ⚠ trading_signals.xlsx 파일이 없습니다.
[2025-10-16 17:14:57] INFO: ℹ 모니터링 대상 종목이 없습니다.
[2025-10-16 17:14:57] INFO: 
⏰ 60초 후 다음 사이클 실행...
[2025-10-16 17:14:57] INFO:    종료하려면 Ctrl+C를 누르세요.
[2025-10-16 17:15:57] INFO: 
================================================================================
[2025-10-16 17:15:57] INFO: [사이클 635] 2025-10-16 17:15:57
[2025-10-16 17:15:57] INFO: ================================================================================
[2025-10-16 17:15:57] WARNING: ⚠ trading_signals.xlsx 파일이 없습니다.
[2025-10-16 17:15:57] INFO: ℹ 모니터링 대상 종목이 없습니다.
[2025-10-16 17:15:57] INFO: 
⏰ 60초 후 다음 사이클 실행...
[2025-10-16 17:15:57] INFO:    종료하려면 Ctrl+C를 누르세요.
[2025-10-16 17:16:57] INFO: 
================================================================================
[2025-10-16 17:16:57] INFO: [사이클 636] 2025-10-16 17:16:57
[2025-10-16 17:16:57] INFO: ================================================================================
[2025-10-16 17:16:57] WARNING: ⚠ trading_signals.xlsx 파일이 없습니다.
[2025-10-16 17:16:57] INFO: ℹ 모니터링 대상 종목이 없습니다.
[2025-10-16 17:16:57] INFO: 
⏰ 60초 후 다음 사이클 실행...
[2025-10-16 17:16:57] INFO:    종료하려면 Ctrl+C를 누르세요.
[2025-10-16 17:17:57] INFO: 
================================================================================
[2025-10-16 17:17:57] INFO: [사이클 637] 2025-10-16 17:17:57
[2025-10-16 17:17:57] INFO: ================================================================================
[2025-10-16 17:17:57] WARNING: ⚠ trading_signals.xlsx 파일이 없습니다.
[2025-10-16 17:17:57] INFO: ℹ 모니터링 대상 종목이 없습니다.
[2025-10-16 17:17:57] INFO: 
⏰ 60초 후 다음 사이클 실행...
[2025-10-16 17:17:57] INFO:    종료하려면 Ctrl+C를 누르세요.
[2025-10-16 17:18:57] INFO: 
================================================================================
[2025-10-16 17:18:57] INFO: [사이클 638] 2025-10-16 17:18:57
[2025-10-16 17:18:57] INFO: ================================================================================
[2025-10-16 17:18:57] WARNING: ⚠ trading_signals.xlsx 파일이 없습니다.
[2025-10-16 17:18:57] INFO: ℹ 모니터링 대상 종목이 없습니다.
[2025-10-16 17:18:57] INFO: 
⏰ 60초 후 다음 사이클 실행...
[2025-10-16 17:18:57] INFO:    종료하려면 Ctrl+C를 누르세요.
[2025-10-16 17:19:57] INFO: 
================================================================================
[2025-10-16 17:19:57] INFO: [사이클 639] 2025-10-16 17:19:57
[2025-10-16 17:19:57] INFO: ================================================================================
[2025-10-16 17:19:57] WARNING: ⚠ trading_signals.xlsx 파일이 없습니다.
[2025-10-16 17:19:57] INFO: ℹ 모니터링 대상 종목이 없습니다.
[2025-10-16 17:19:57] INFO: 
⏰ 60초 후 다음 사이클 실행...
[2025-10-16 17:19:57] INFO:    종료하려면 Ctrl+C를 누르세요.
[2025-10-16 17:20:57] INFO: 
================================================================================
[2025-10-16 17:20:57] INFO: [사이클 640] 2025-10-16 17:20:57
[2025-10-16 17:20:57] INFO: ================================================================================
[2025-10-16 17:20:57] WARNING: ⚠ trading_signals.xlsx 파일이 없습니다.
[2025-10-16 17:20:57] INFO: ℹ 모니터링 대상 종목이 없습니다.
[2025-10-16 17:20:57] INFO: 
⏰ 60초 후 다음 사이클 실행...
[2025-10-16 17:20:57] INFO:    종료하려면 Ctrl+C를 누르세요.
[2025-10-16 17:21:57] INFO: 
================================================================================
[2025-10-16 17:21:57] INFO: [사이클 641] 2025-10-16 17:21:57
[2025-10-16 17:21:57] INFO: ================================================================================
[2025-10-16 17:21:57] WARNING: ⚠ trading_signals.xlsx 파일이 없습니다.
[2025-10-16 17:21:57] INFO: ℹ 모니터링 대상 종목이 없습니다.
[2025-10-16 17:21:57] INFO: 
⏰ 60초 후 다음 사이클 실행...
[2025-10-16 17:21:57] INFO:    종료하려면 Ctrl+C를 누르세요.
[2025-10-16 17:22:57] INFO: 
================================================================================
[2025-10-16 17:22:57] INFO: [사이클 642] 2025-10-16 17:22:57
[2025-10-16 17:22:57] INFO: ================================================================================
[2025-10-16 17:22:57] WARNING: ⚠ trading_signals.xlsx 파일이 없습니다.
[2025-10-16 17:22:57] INFO: ℹ 모니터링 대상 종목이 없습니다.
[2025-10-16 17:22:57] INFO: 
⏰ 60초 후 다음 사이클 실행...
[2025-10-16 17:22:57] INFO:    종료하려면 Ctrl+C를 누르세요.
[2025-10-16 17:23:57] INFO: 
================================================================================
[2025-10-16 17:23:57] INFO: [사이클 643] 2025-10-16 17:23:57
[2025-10-16 17:23:57] INFO: ================================================================================
[2025-10-16 17:23:57] WARNING: ⚠ trading_signals.xlsx 파일이 없습니다.
[2025-10-16 17:23:57] INFO: ℹ 모니터링 대상 종목이 없습니다.
[2025-10-16 17:23:57] INFO: 
⏰ 60초 후 다음 사이클 실행...
[2025-10-16 17:23:57] INFO:    종료하려면 Ctrl+C를 누르세요.
[2025-10-16 17:24:57] INFO: 
================================================================================
[2025-10-16 17:24:57] INFO: [사이클 644] 2025-10-16 17:24:57
[2025-10-16 17:24:57] INFO: ================================================================================
[2025-10-16 17:24:57] WARNING: ⚠ trading_signals.xlsx 파일이 없습니다.
[2025-10-16 17:24:57] INFO: ℹ 모니터링 대상 종목이 없습니다.
[2025-10-16 17:24:57] INFO: 
⏰ 60초 후 다음 사이클 실행...
[2025-10-16 17:24:57] INFO:    종료하려면 Ctrl+C를 누르세요.
[2025-10-16 17:25:57] INFO: 
================================================================================
[2025-10-16 17:25:57] INFO: [사이클 645] 2025-10-16 17:25:57
[2025-10-16 17:25:57] INFO: ================================================================================
[2025-10-16 17:25:57] WARNING: ⚠ trading_signals.xlsx 파일이 없습니다.
[2025-10-16 17:25:57] INFO: ℹ 모니터링 대상 종목이 없습니다.
[2025-10-16 17:25:57] INFO: 
⏰ 60초 후 다음 사이클 실행...
[2025-10-16 17:25:57] INFO:    종료하려면 Ctrl+C를 누르세요.
[2025-10-16 17:26:57] INFO: 
================================================================================
[2025-10-16 17:26:57] INFO: [사이클 646] 2025-10-16 17:26:57
[2025-10-16 17:26:57] INFO: ================================================================================
[2025-10-16 17:26:57] WARNING: ⚠ trading_signals.xlsx 파일이 없습니다.
[2025-10-16 17:26:57] INFO: ℹ 모니터링 대상 종목이 없습니다.
[2025-10-16 17:26:57] INFO: 
⏰ 60초 후 다음 사이클 실행...
[2025-10-16 17:26:57] INFO:    종료하려면 Ctrl+C를 누르세요.
[2025-10-16 17:27:57] INFO: 
================================================================================
[2025-10-16 17:27:57] INFO: [사이클 647] 2025-10-16 17:27:57
[2025-10-16 17:27:57] INFO: ================================================================================
[2025-10-16 17:27:57] WARNING: ⚠ trading_signals.xlsx 파일이 없습니다.
[2025-10-16 17:27:57] INFO: ℹ 모니터링 대상 종목이 없습니다.
[2025-10-16 17:27:57] INFO: 
⏰ 60초 후 다음 사이클 실행...
[2025-10-16 17:27:57] INFO:    종료하려면 Ctrl+C를 누르세요.
[2025-10-16 17:28:57] INFO: 
================================================================================
[2025-10-16 17:28:57] INFO: [사이클 648] 2025-10-16 17:28:57
[2025-10-16 17:28:57] INFO: ================================================================================
[2025-10-16 17:28:57] WARNING: ⚠ trading_signals.xlsx 파일이 없습니다.
[2025-10-16 17:28:57] INFO: ℹ 모니터링 대상 종목이 없습니다.
[2025-10-16 17:28:57] INFO: 
⏰ 60초 후 다음 사이클 실행...
[2025-10-16 17:28:57] INFO:    종료하려면 Ctrl+C를 누르세요.
[2025-10-16 17:29:57] INFO: 
================================================================================
[2025-10-16 17:29:57] INFO: [사이클 649] 2025-10-16 17:29:57
[2025-10-16 17:29:57] INFO: ================================================================================
[2025-10-16 17:29:57] WARNING: ⚠ trading_signals.xlsx 파일이 없습니다.
[2025-10-16 17:29:57] INFO: ℹ 모니터링 대상 종목이 없습니다.
[2025-10-16 17:29:57] INFO: 
⏰ 60초 후 다음 사이클 실행...
[2025-10-16 17:29:57] INFO:    종료하려면 Ctrl+C를 누르세요.
[2025-10-16 17:30:57] INFO: 
================================================================================
[2025-10-16 17:30:57] INFO: [사이클 650] 2025-10-16 17:30:57
[2025-10-16 17:30:57] INFO: ================================================================================
[2025-10-16 17:30:57] WARNING: ⚠ trading_signals.xlsx 파일이 없습니다.
[2025-10-16 17:30:57] INFO: ℹ 모니터링 대상 종목이 없습니다.
[2025-10-16 17:30:57] INFO: 
⏰ 60초 후 다음 사이클 실행...
[2025-10-16 17:30:57] INFO:    종료하려면 Ctrl+C를 누르세요.
[2025-10-16 17:31:57] INFO: 
================================================================================
[2025-10-16 17:31:57] INFO: [사이클 651] 2025-10-16 17:31:57
[2025-10-16 17:31:57] INFO: ================================================================================
[2025-10-16 17:31:57] WARNING: ⚠ trading_signals.xlsx 파일이 없습니다.
[2025-10-16 17:31:57] INFO: ℹ 모니터링 대상 종목이 없습니다.
[2025-10-16 17:31:57] INFO: 
⏰ 60초 후 다음 사이클 실행...
[2025-10-16 17:31:57] INFO:    종료하려면 Ctrl+C를 누르세요.
[2025-10-16 17:32:57] INFO: 
================================================================================
[2025-10-16 17:32:57] INFO: [사이클 652] 2025-10-16 17:32:57
[2025-10-16 17:32:57] INFO: ================================================================================
[2025-10-16 17:32:57] WARNING: ⚠ trading_signals.xlsx 파일이 없습니다.
[2025-10-16 17:32:57] INFO: ℹ 모니터링 대상 종목이 없습니다.
[2025-10-16 17:32:57] INFO: 
⏰ 60초 후 다음 사이클 실행...
[2025-10-16 17:32:57] INFO:    종료하려면 Ctrl+C를 누르세요.
[2025-10-16 17:33:57] INFO: 
================================================================================
[2025-10-16 17:33:57] INFO: [사이클 653] 2025-10-16 17:33:57
[2025-10-16 17:33:57] INFO: ================================================================================
[2025-10-16 17:33:57] WARNING: ⚠ trading_signals.xlsx 파일이 없습니다.
[2025-10-16 17:33:57] INFO: ℹ 모니터링 대상 종목이 없습니다.
[2025-10-16 17:33:57] INFO: 
⏰ 60초 후 다음 사이클 실행...
[2025-10-16 17:33:57] INFO:    종료하려면 Ctrl+C를 누르세요.
[2025-10-16 17:34:57] INFO: 
================================================================================
[2025-10-16 17:34:57] INFO: [사이클 654] 2025-10-16 17:34:57
[2025-10-16 17:34:57] INFO: ================================================================================
[2025-10-16 17:34:57] WARNING: ⚠ trading_signals.xlsx 파일이 없습니다.
[2025-10-16 17:34:57] INFO: ℹ 모니터링 대상 종목이 없습니다.
[2025-10-16 17:34:57] INFO: 
⏰ 60초 후 다음 사이클 실행...
[2025-10-16 17:34:57] INFO:    종료하려면 Ctrl+C를 누르세요.
[2025-10-16 17:35:57] INFO: 
================================================================================
[2025-10-16 17:35:57] INFO: [사이클 655] 2025-10-16 17:35:57
[2025-10-16 17:35:57] INFO: ================================================================================
[2025-10-16 17:35:57] WARNING: ⚠ trading_signals.xlsx 파일이 없습니다.
[2025-10-16 17:35:57] INFO: ℹ 모니터링 대상 종목이 없습니다.
[2025-10-16 17:35:57] INFO: 
⏰ 60초 후 다음 사이클 실행...
[2025-10-16 17:35:57] INFO:    종료하려면 Ctrl+C를 누르세요.
[2025-10-16 17:36:57] INFO: 
================================================================================
[2025-10-16 17:36:57] INFO: [사이클 656] 2025-10-16 17:36:57
[2025-10-16 17:36:57] INFO: ================================================================================
[2025-10-16 17:36:57] WARNING: ⚠ trading_signals.xlsx 파일이 없습니다.
[2025-10-16 17:36:57] INFO: ℹ 모니터링 대상 종목이 없습니다.
[2025-10-16 17:36:57] INFO: 
⏰ 60초 후 다음 사이클 실행...
[2025-10-16 17:36:57] INFO:    종료하려면 Ctrl+C를 누르세요.
[2025-10-16 17:37:57] INFO: 
================================================================================
[2025-10-16 17:37:57] INFO: [사이클 657] 2025-10-16 17:37:57
[2025-10-16 17:37:57] INFO: ================================================================================
[2025-10-16 17:37:57] WARNING: ⚠ trading_signals.xlsx 파일이 없습니다.
[2025-10-16 17:37:57] INFO: ℹ 모니터링 대상 종목이 없습니다.
[2025-10-16 17:37:57] INFO: 
⏰ 60초 후 다음 사이클 실행...
[2025-10-16 17:37:57] INFO:    종료하려면 Ctrl+C를 누르세요.
[2025-10-16 17:38:57] INFO: 
================================================================================
[2025-10-16 17:38:57] INFO: [사이클 658] 2025-10-16 17:38:57
[2025-10-16 17:38:57] INFO: ================================================================================
[2025-10-16 17:38:57] WARNING: ⚠ trading_signals.xlsx 파일이 없습니다.
[2025-10-16 17:38:57] INFO: ℹ 모니터링 대상 종목이 없습니다.
[2025-10-16 17:38:57] INFO: 
⏰ 60초 후 다음 사이클 실행...
[2025-10-16 17:38:57] INFO:    종료하려면 Ctrl+C를 누르세요.
[2025-10-16 17:39:57] INFO: 
================================================================================
[2025-10-16 17:39:57] INFO: [사이클 659] 2025-10-16 17:39:57
[2025-10-16 17:39:57] INFO: ================================================================================
[2025-10-16 17:39:57] WARNING: ⚠ trading_signals.xlsx 파일이 없습니다.
[2025-10-16 17:39:57] INFO: ℹ 모니터링 대상 종목이 없습니다.
[2025-10-16 17:39:57] INFO: 
⏰ 60초 후 다음 사이클 실행...
[2025-10-16 17:39:57] INFO:    종료하려면 Ctrl+C를 누르세요.
[2025-10-16 17:40:57] INFO: 
================================================================================
[2025-10-16 17:40:57] INFO: [사이클 660] 2025-10-16 17:40:57
[2025-10-16 17:40:57] INFO: ================================================================================
[2025-10-16 17:40:57] WARNING: ⚠ trading_signals.xlsx 파일이 없습니다.
[2025-10-16 17:40:57] INFO: ℹ 모니터링 대상 종목이 없습니다.
[2025-10-16 17:40:57] INFO: 
⏰ 60초 후 다음 사이클 실행...
[2025-10-16 17:40:57] INFO:    종료하려면 Ctrl+C를 누르세요.
[2025-10-16 17:41:57] INFO: 
================================================================================
[2025-10-16 17:41:57] INFO: [사이클 661] 2025-10-16 17:41:57
[2025-10-16 17:41:57] INFO: ================================================================================
[2025-10-16 17:41:57] WARNING: ⚠ trading_signals.xlsx 파일이 없습니다.
[2025-10-16 17:41:57] INFO: ℹ 모니터링 대상 종목이 없습니다.
[2025-10-16 17:41:57] INFO: 
⏰ 60초 후 다음 사이클 실행...
[2025-10-16 17:41:57] INFO:    종료하려면 Ctrl+C를 누르세요.
[2025-10-16 17:42:57] INFO: 
================================================================================
[2025-10-16 17:42:57] INFO: [사이클 662] 2025-10-16 17:42:57
[2025-10-16 17:42:57] INFO: ================================================================================
[2025-10-16 17:42:57] WARNING: ⚠ trading_signals.xlsx 파일이 없습니다.
[2025-10-16 17:42:57] INFO: ℹ 모니터링 대상 종목이 없습니다.
[2025-10-16 17:42:57] INFO: 
⏰ 60초 후 다음 사이클 실행...
[2025-10-16 17:42:57] INFO:    종료하려면 Ctrl+C를 누르세요.
[2025-10-16 17:43:57] INFO: 
================================================================================
[2025-10-16 17:43:57] INFO: [사이클 663] 2025-10-16 17:43:57
[2025-10-16 17:43:57] INFO: ================================================================================
[2025-10-16 17:43:57] WARNING: ⚠ trading_signals.xlsx 파일이 없습니다.
[2025-10-16 17:43:57] INFO: ℹ 모니터링 대상 종목이 없습니다.
[2025-10-16 17:43:57] INFO: 
⏰ 60초 후 다음 사이클 실행...
[2025-10-16 17:43:57] INFO:    종료하려면 Ctrl+C를 누르세요.
[2025-10-16 17:44:57] INFO: 
================================================================================
[2025-10-16 17:44:57] INFO: [사이클 664] 2025-10-16 17:44:57
[2025-10-16 17:44:57] INFO: ================================================================================
[2025-10-16 17:44:57] WARNING: ⚠ trading_signals.xlsx 파일이 없습니다.
[2025-10-16 17:44:57] INFO: ℹ 모니터링 대상 종목이 없습니다.
[2025-10-16 17:44:57] INFO: 
⏰ 60초 후 다음 사이클 실행...
[2025-10-16 17:44:57] INFO:    종료하려면 Ctrl+C를 누르세요.
[2025-10-16 17:45:57] INFO: 
================================================================================
[2025-10-16 17:45:57] INFO: [사이클 665] 2025-10-16 17:45:57
[2025-10-16 17:45:57] INFO: ================================================================================
[2025-10-16 17:45:57] WARNING: ⚠ trading_signals.xlsx 파일이 없습니다.
[2025-10-16 17:45:57] INFO: ℹ 모니터링 대상 종목이 없습니다.
[2025-10-16 17:45:57] INFO: 
⏰ 60초 후 다음 사이클 실행...
[2025-10-16 17:45:57] INFO:    종료하려면 Ctrl+C를 누르세요.
[2025-10-16 17:46:57] INFO: 
================================================================================
[2025-10-16 17:46:57] INFO: [사이클 666] 2025-10-16 17:46:57
[2025-10-16 17:46:57] INFO: ================================================================================
[2025-10-16 17:46:57] WARNING: ⚠ trading_signals.xlsx 파일이 없습니다.
[2025-10-16 17:46:57] INFO: ℹ 모니터링 대상 종목이 없습니다.
[2025-10-16 17:46:57] INFO: 
⏰ 60초 후 다음 사이클 실행...
[2025-10-16 17:46:57] INFO:    종료하려면 Ctrl+C를 누르세요.
[2025-10-16 17:47:57] INFO: 
================================================================================
[2025-10-16 17:47:57] INFO: [사이클 667] 2025-10-16 17:47:57
[2025-10-16 17:47:57] INFO: ================================================================================
[2025-10-16 17:47:57] WARNING: ⚠ trading_signals.xlsx 파일이 없습니다.
[2025-10-16 17:47:57] INFO: ℹ 모니터링 대상 종목이 없습니다.
[2025-10-16 17:47:57] INFO: 
⏰ 60초 후 다음 사이클 실행...
[2025-10-16 17:47:57] INFO:    종료하려면 Ctrl+C를 누르세요.
[2025-10-16 17:48:57] INFO: 
================================================================================
[2025-10-16 17:48:57] INFO: [사이클 668] 2025-10-16 17:48:57
[2025-10-16 17:48:57] INFO: ================================================================================
[2025-10-16 17:48:57] WARNING: ⚠ trading_signals.xlsx 파일이 없습니다.
[2025-10-16 17:48:57] INFO: ℹ 모니터링 대상 종목이 없습니다.
[2025-10-16 17:48:57] INFO: 
⏰ 60초 후 다음 사이클 실행...
[2025-10-16 17:48:57] INFO:    종료하려면 Ctrl+C를 누르세요.
[2025-10-16 17:49:57] INFO: 
================================================================================
[2025-10-16 17:49:57] INFO: [사이클 669] 2025-10-16 17:49:57
[2025-10-16 17:49:57] INFO: ================================================================================
[2025-10-16 17:49:57] WARNING: ⚠ trading_signals.xlsx 파일이 없습니다.
[2025-10-16 17:49:57] INFO: ℹ 모니터링 대상 종목이 없습니다.
[2025-10-16 17:49:57] INFO: 
⏰ 60초 후 다음 사이클 실행...
[2025-10-16 17:49:57] INFO:    종료하려면 Ctrl+C를 누르세요.
[2025-10-16 17:50:57] INFO: 
================================================================================
[2025-10-16 17:50:57] INFO: [사이클 670] 2025-10-16 17:50:57
[2025-10-16 17:50:57] INFO: ================================================================================
[2025-10-16 17:50:57] WARNING: ⚠ trading_signals.xlsx 파일이 없습니다.
[2025-10-16 17:50:57] INFO: ℹ 모니터링 대상 종목이 없습니다.
[2025-10-16 17:50:57] INFO: 
⏰ 60초 후 다음 사이클 실행...
[2025-10-16 17:50:57] INFO:    종료하려면 Ctrl+C를 누르세요.
[2025-10-16 17:51:57] INFO: 
================================================================================
[2025-10-16 17:51:57] INFO: [사이클 671] 2025-10-16 17:51:57
[2025-10-16 17:51:57] INFO: ================================================================================
[2025-10-16 17:51:57] WARNING: ⚠ trading_signals.xlsx 파일이 없습니다.
[2025-10-16 17:51:57] INFO: ℹ 모니터링 대상 종목이 없습니다.
[2025-10-16 17:51:57] INFO: 
⏰ 60초 후 다음 사이클 실행...
[2025-10-16 17:51:57] INFO:    종료하려면 Ctrl+C를 누르세요.
[2025-10-16 17:52:57] INFO: 
================================================================================
[2025-10-16 17:52:57] INFO: [사이클 672] 2025-10-16 17:52:57
[2025-10-16 17:52:57] INFO: ================================================================================
[2025-10-16 17:52:57] WARNING: ⚠ trading_signals.xlsx 파일이 없습니다.
[2025-10-16 17:52:57] INFO: ℹ 모니터링 대상 종목이 없습니다.
[2025-10-16 17:52:57] INFO: 
⏰ 60초 후 다음 사이클 실행...
[2025-10-16 17:52:57] INFO:    종료하려면 Ctrl+C를 누르세요.
[2025-10-16 17:53:57] INFO: 
================================================================================
[2025-10-16 17:53:57] INFO: [사이클 673] 2025-10-16 17:53:57
[2025-10-16 17:53:57] INFO: ================================================================================
[2025-10-16 17:53:57] WARNING: ⚠ trading_signals.xlsx 파일이 없습니다.
[2025-10-16 17:53:57] INFO: ℹ 모니터링 대상 종목이 없습니다.
[2025-10-16 17:53:57] INFO: 
⏰ 60초 후 다음 사이클 실행...
[2025-10-16 17:53:57] INFO:    종료하려면 Ctrl+C를 누르세요.
[2025-10-16 17:54:57] INFO: 
================================================================================
[2025-10-16 17:54:57] INFO: [사이클 674] 2025-10-16 17:54:57
[2025-10-16 17:54:57] INFO: ================================================================================
[2025-10-16 17:54:57] WARNING: ⚠ trading_signals.xlsx 파일이 없습니다.
[2025-10-16 17:54:57] INFO: ℹ 모니터링 대상 종목이 없습니다.
[2025-10-16 17:54:57] INFO: 
⏰ 60초 후 다음 사이클 실행...
[2025-10-16 17:54:57] INFO:    종료하려면 Ctrl+C를 누르세요.
[2025-10-16 17:55:57] INFO: 
================================================================================
[2025-10-16 17:55:57] INFO: [사이클 675] 2025-10-16 17:55:57
[2025-10-16 17:55:57] INFO: ================================================================================
[2025-10-16 17:55:57] WARNING: ⚠ trading_signals.xlsx 파일이 없습니다.
[2025-10-16 17:55:57] INFO: ℹ 모니터링 대상 종목이 없습니다.
[2025-10-16 17:55:57] INFO: 
⏰ 60초 후 다음 사이클 실행...
[2025-10-16 17:55:57] INFO:    종료하려면 Ctrl+C를 누르세요.
[2025-10-16 17:56:57] INFO: 
================================================================================
[2025-10-16 17:56:57] INFO: [사이클 676] 2025-10-16 17:56:57
[2025-10-16 17:56:57] INFO: ================================================================================
[2025-10-16 17:56:57] WARNING: ⚠ trading_signals.xlsx 파일이 없습니다.
[2025-10-16 17:56:57] INFO: ℹ 모니터링 대상 종목이 없습니다.
[2025-10-16 17:56:57] INFO: 
⏰ 60초 후 다음 사이클 실행...
[2025-10-16 17:56:57] INFO:    종료하려면 Ctrl+C를 누르세요.
[2025-10-16 17:57:57] INFO: 
================================================================================
[2025-10-16 17:57:57] INFO: [사이클 677] 2025-10-16 17:57:57
[2025-10-16 17:57:57] INFO: ================================================================================
[2025-10-16 17:57:57] WARNING: ⚠ trading_signals.xlsx 파일이 없습니다.
[2025-10-16 17:57:57] INFO: ℹ 모니터링 대상 종목이 없습니다.
[2025-10-16 17:57:57] INFO: 
⏰ 60초 후 다음 사이클 실행...
[2025-10-16 17:57:57] INFO:    종료하려면 Ctrl+C를 누르세요.
[2025-10-16 17:58:57] INFO: 
================================================================================
[2025-10-16 17:58:57] INFO: [사이클 678] 2025-10-16 17:58:57
[2025-10-16 17:58:57] INFO: ================================================================================
[2025-10-16 17:58:57] WARNING: ⚠ trading_signals.xlsx 파일이 없습니다.
[2025-10-16 17:58:57] INFO: ℹ 모니터링 대상 종목이 없습니다.
[2025-10-16 17:58:57] INFO: 
⏰ 60초 후 다음 사이클 실행...
[2025-10-16 17:58:57] INFO:    종료하려면 Ctrl+C를 누르세요.
[2025-10-16 17:59:57] INFO: 
================================================================================
[2025-10-16 17:59:57] INFO: [사이클 679] 2025-10-16 17:59:57
[2025-10-16 17:59:57] INFO: ================================================================================
[2025-10-16 17:59:57] WARNING: ⚠ trading_signals.xlsx 파일이 없습니다.
[2025-10-16 17:59:57] INFO: ℹ 모니터링 대상 종목이 없습니다.
[2025-10-16 17:59:57] INFO: 
⏰ 60초 후 다음 사이클 실행...
[2025-10-16 17:59:57] INFO:    종료하려면 Ctrl+C를 누르세요.
[2025-10-16 18:00:57] INFO: 
================================================================================
[2025-10-16 18:00:57] INFO: [사이클 680] 2025-10-16 18:00:57
[2025-10-16 18:00:57] INFO: ================================================================================
[2025-10-16 18:00:57] WARNING: ⚠ trading_signals.xlsx 파일이 없습니다.
[2025-10-16 18:00:57] INFO: ℹ 모니터링 대상 종목이 없습니다.
[2025-10-16 18:00:57] INFO: 
⏰ 60초 후 다음 사이클 실행...
[2025-10-16 18:00:57] INFO:    종료하려면 Ctrl+C를 누르세요.
[2025-10-16 18:01:57] INFO: 
================================================================================
[2025-10-16 18:01:57] INFO: [사이클 681] 2025-10-16 18:01:57
[2025-10-16 18:01:57] INFO: ================================================================================
[2025-10-16 18:01:57] WARNING: ⚠ trading_signals.xlsx 파일이 없습니다.
[2025-10-16 18:01:57] INFO: ℹ 모니터링 대상 종목이 없습니다.
[2025-10-16 18:01:57] INFO: 
⏰ 60초 후 다음 사이클 실행...
[2025-10-16 18:01:57] INFO:    종료하려면 Ctrl+C를 누르세요.
[2025-10-16 18:02:57] INFO: 
================================================================================
[2025-10-16 18:02:57] INFO: [사이클 682] 2025-10-16 18:02:57
[2025-10-16 18:02:57] INFO: ================================================================================
[2025-10-16 18:02:57] WARNING: ⚠ trading_signals.xlsx 파일이 없습니다.
[2025-10-16 18:02:57] INFO: ℹ 모니터링 대상 종목이 없습니다.
[2025-10-16 18:02:57] INFO: 
⏰ 60초 후 다음 사이클 실행...
[2025-10-16 18:02:57] INFO:    종료하려면 Ctrl+C를 누르세요.
[2025-10-16 18:03:57] INFO: 
================================================================================
[2025-10-16 18:03:57] INFO: [사이클 683] 2025-10-16 18:03:57
[2025-10-16 18:03:57] INFO: ================================================================================
[2025-10-16 18:03:57] WARNING: ⚠ trading_signals.xlsx 파일이 없습니다.
[2025-10-16 18:03:57] INFO: ℹ 모니터링 대상 종목이 없습니다.
[2025-10-16 18:03:57] INFO: 
⏰ 60초 후 다음 사이클 실행...
[2025-10-16 18:03:57] INFO:    종료하려면 Ctrl+C를 누르세요.
[2025-10-16 18:04:57] INFO: 
================================================================================
[2025-10-16 18:04:57] INFO: [사이클 684] 2025-10-16 18:04:57
[2025-10-16 18:04:57] INFO: ================================================================================
[2025-10-16 18:04:57] WARNING: ⚠ trading_signals.xlsx 파일이 없습니다.
[2025-10-16 18:04:57] INFO: ℹ 모니터링 대상 종목이 없습니다.
[2025-10-16 18:04:57] INFO: 
⏰ 60초 후 다음 사이클 실행...
[2025-10-16 18:04:57] INFO:    종료하려면 Ctrl+C를 누르세요.
[2025-10-16 18:05:57] INFO: 
================================================================================
[2025-10-16 18:05:57] INFO: [사이클 685] 2025-10-16 18:05:57
[2025-10-16 18:05:57] INFO: ================================================================================
[2025-10-16 18:05:57] WARNING: ⚠ trading_signals.xlsx 파일이 없습니다.
[2025-10-16 18:05:57] INFO: ℹ 모니터링 대상 종목이 없습니다.
[2025-10-16 18:05:57] INFO: 
⏰ 60초 후 다음 사이클 실행...
[2025-10-16 18:05:57] INFO:    종료하려면 Ctrl+C를 누르세요.
[2025-10-16 18:06:57] INFO: 
================================================================================
[2025-10-16 18:06:57] INFO: [사이클 686] 2025-10-16 18:06:57
[2025-10-16 18:06:57] INFO: ================================================================================
[2025-10-16 18:06:57] WARNING: ⚠ trading_signals.xlsx 파일이 없습니다.
[2025-10-16 18:06:57] INFO: ℹ 모니터링 대상 종목이 없습니다.
[2025-10-16 18:06:57] INFO: 
⏰ 60초 후 다음 사이클 실행...
[2025-10-16 18:06:57] INFO:    종료하려면 Ctrl+C를 누르세요.
[2025-10-16 18:07:57] INFO: 
================================================================================
[2025-10-16 18:07:57] INFO: [사이클 687] 2025-10-16 18:07:57
[2025-10-16 18:07:57] INFO: ================================================================================
[2025-10-16 18:07:57] WARNING: ⚠ trading_signals.xlsx 파일이 없습니다.
[2025-10-16 18:07:57] INFO: ℹ 모니터링 대상 종목이 없습니다.
[2025-10-16 18:07:57] INFO: 
⏰ 60초 후 다음 사이클 실행...
[2025-10-16 18:07:57] INFO:    종료하려면 Ctrl+C를 누르세요.
[2025-10-16 18:08:57] INFO: 
================================================================================
[2025-10-16 18:08:57] INFO: [사이클 688] 2025-10-16 18:08:57
[2025-10-16 18:08:57] INFO: ================================================================================
[2025-10-16 18:08:57] WARNING: ⚠ trading_signals.xlsx 파일이 없습니다.
[2025-10-16 18:08:57] INFO: ℹ 모니터링 대상 종목이 없습니다.
[2025-10-16 18:08:57] INFO: 
⏰ 60초 후 다음 사이클 실행...
[2025-10-16 18:08:57] INFO:    종료하려면 Ctrl+C를 누르세요.
[2025-10-16 18:09:57] INFO: 
================================================================================
[2025-10-16 18:09:57] INFO: [사이클 689] 2025-10-16 18:09:57
[2025-10-16 18:09:57] INFO: ================================================================================
[2025-10-16 18:09:57] WARNING: ⚠ trading_signals.xlsx 파일이 없습니다.
[2025-10-16 18:09:57] INFO: ℹ 모니터링 대상 종목이 없습니다.
[2025-10-16 18:09:57] INFO: 
⏰ 60초 후 다음 사이클 실행...
[2025-10-16 18:09:57] INFO:    종료하려면 Ctrl+C를 누르세요.
[2025-10-16 18:10:57] INFO: 
================================================================================
[2025-10-16 18:10:57] INFO: [사이클 690] 2025-10-16 18:10:57
[2025-10-16 18:10:57] INFO: ================================================================================
[2025-10-16 18:10:57] WARNING: ⚠ trading_signals.xlsx 파일이 없습니다.
[2025-10-16 18:10:57] INFO: ℹ 모니터링 대상 종목이 없습니다.
[2025-10-16 18:10:57] INFO: 
⏰ 60초 후 다음 사이클 실행...
[2025-10-16 18:10:57] INFO:    종료하려면 Ctrl+C를 누르세요.
[2025-10-16 18:11:57] INFO: 
================================================================================
[2025-10-16 18:11:57] INFO: [사이클 691] 2025-10-16 18:11:57
[2025-10-16 18:11:57] INFO: ================================================================================
[2025-10-16 18:11:57] WARNING: ⚠ trading_signals.xlsx 파일이 없습니다.
[2025-10-16 18:11:57] INFO: ℹ 모니터링 대상 종목이 없습니다.
[2025-10-16 18:11:57] INFO: 
⏰ 60초 후 다음 사이클 실행...
[2025-10-16 18:11:57] INFO:    종료하려면 Ctrl+C를 누르세요.
[2025-10-16 18:12:57] INFO: 
================================================================================
[2025-10-16 18:12:57] INFO: [사이클 692] 2025-10-16 18:12:57
[2025-10-16 18:12:57] INFO: ================================================================================
[2025-10-16 18:12:57] WARNING: ⚠ trading_signals.xlsx 파일이 없습니다.
[2025-10-16 18:12:57] INFO: ℹ 모니터링 대상 종목이 없습니다.
[2025-10-16 18:12:57] INFO: 
⏰ 60초 후 다음 사이클 실행...
[2025-10-16 18:12:57] INFO:    종료하려면 Ctrl+C를 누르세요.
[2025-10-16 18:13:57] INFO: 
================================================================================
[2025-10-16 18:13:57] INFO: [사이클 693] 2025-10-16 18:13:57
[2025-10-16 18:13:57] INFO: ================================================================================
[2025-10-16 18:13:57] WARNING: ⚠ trading_signals.xlsx 파일이 없습니다.
[2025-10-16 18:13:57] INFO: ℹ 모니터링 대상 종목이 없습니다.
[2025-10-16 18:13:57] INFO: 
⏰ 60초 후 다음 사이클 실행...
[2025-10-16 18:13:57] INFO:    종료하려면 Ctrl+C를 누르세요.
[2025-10-16 18:14:57] INFO: 
================================================================================
[2025-10-16 18:14:57] INFO: [사이클 694] 2025-10-16 18:14:57
[2025-10-16 18:14:57] INFO: ================================================================================
[2025-10-16 18:14:57] WARNING: ⚠ trading_signals.xlsx 파일이 없습니다.
[2025-10-16 18:14:57] INFO: ℹ 모니터링 대상 종목이 없습니다.
[2025-10-16 18:14:57] INFO: 
⏰ 60초 후 다음 사이클 실행...
[2025-10-16 18:14:57] INFO:    종료하려면 Ctrl+C를 누르세요.
[2025-10-16 18:15:57] INFO: 
================================================================================
[2025-10-16 18:15:57] INFO: [사이클 695] 2025-10-16 18:15:57
[2025-10-16 18:15:57] INFO: ================================================================================
[2025-10-16 18:15:57] WARNING: ⚠ trading_signals.xlsx 파일이 없습니다.
[2025-10-16 18:15:57] INFO: ℹ 모니터링 대상 종목이 없습니다.
[2025-10-16 18:15:57] INFO: 
⏰ 60초 후 다음 사이클 실행...
[2025-10-16 18:15:57] INFO:    종료하려면 Ctrl+C를 누르세요.
[2025-10-16 18:16:57] INFO: 
================================================================================
[2025-10-16 18:16:57] INFO: [사이클 696] 2025-10-16 18:16:57
[2025-10-16 18:16:57] INFO: ================================================================================
[2025-10-16 18:16:57] WARNING: ⚠ trading_signals.xlsx 파일이 없습니다.
[2025-10-16 18:16:57] INFO: ℹ 모니터링 대상 종목이 없습니다.
[2025-10-16 18:16:57] INFO: 
⏰ 60초 후 다음 사이클 실행...
[2025-10-16 18:16:57] INFO:    종료하려면 Ctrl+C를 누르세요.
[2025-10-16 18:17:57] INFO: 
================================================================================
[2025-10-16 18:17:57] INFO: [사이클 697] 2025-10-16 18:17:57
[2025-10-16 18:17:57] INFO: ================================================================================
[2025-10-16 18:17:57] WARNING: ⚠ trading_signals.xlsx 파일이 없습니다.
[2025-10-16 18:17:57] INFO: ℹ 모니터링 대상 종목이 없습니다.
[2025-10-16 18:17:57] INFO: 
⏰ 60초 후 다음 사이클 실행...
[2025-10-16 18:17:57] INFO:    종료하려면 Ctrl+C를 누르세요.
[2025-10-16 18:18:57] INFO: 
================================================================================
[2025-10-16 18:18:57] INFO: [사이클 698] 2025-10-16 18:18:57
[2025-10-16 18:18:57] INFO: ================================================================================
[2025-10-16 18:18:57] WARNING: ⚠ trading_signals.xlsx 파일이 없습니다.
[2025-10-16 18:18:57] INFO: ℹ 모니터링 대상 종목이 없습니다.
[2025-10-16 18:18:57] INFO: 
⏰ 60초 후 다음 사이클 실행...
[2025-10-16 18:18:57] INFO:    종료하려면 Ctrl+C를 누르세요.
[2025-10-16 18:19:57] INFO: 
================================================================================
[2025-10-16 18:19:57] INFO: [사이클 699] 2025-10-16 18:19:57
[2025-10-16 18:19:57] INFO: ================================================================================
[2025-10-16 18:19:57] WARNING: ⚠ trading_signals.xlsx 파일이 없습니다.
[2025-10-16 18:19:57] INFO: ℹ 모니터링 대상 종목이 없습니다.
[2025-10-16 18:19:57] INFO: 
⏰ 60초 후 다음 사이클 실행...
[2025-10-16 18:19:57] INFO:    종료하려면 Ctrl+C를 누르세요.
[2025-10-16 18:20:57] INFO: 
================================================================================
[2025-10-16 18:20:57] INFO: [사이클 700] 2025-10-16 18:20:57
[2025-10-16 18:20:57] INFO: ================================================================================
[2025-10-16 18:20:57] WARNING: ⚠ trading_signals.xlsx 파일이 없습니다.
[2025-10-16 18:20:57] INFO: ℹ 모니터링 대상 종목이 없습니다.
[2025-10-16 18:20:57] INFO: 
⏰ 60초 후 다음 사이클 실행...
[2025-10-16 18:20:57] INFO:    종료하려면 Ctrl+C를 누르세요.
[2025-10-16 18:21:57] INFO: 
================================================================================
[2025-10-16 18:21:57] INFO: [사이클 701] 2025-10-16 18:21:57
[2025-10-16 18:21:57] INFO: ================================================================================
[2025-10-16 18:21:57] WARNING: ⚠ trading_signals.xlsx 파일이 없습니다.
[2025-10-16 18:21:57] INFO: ℹ 모니터링 대상 종목이 없습니다.
[2025-10-16 18:21:57] INFO: 
⏰ 60초 후 다음 사이클 실행...
[2025-10-16 18:21:57] INFO:    종료하려면 Ctrl+C를 누르세요.
[2025-10-16 18:22:57] INFO: 
================================================================================
[2025-10-16 18:22:57] INFO: [사이클 702] 2025-10-16 18:22:57
[2025-10-16 18:22:57] INFO: ================================================================================
[2025-10-16 18:22:57] WARNING: ⚠ trading_signals.xlsx 파일이 없습니다.
[2025-10-16 18:22:57] INFO: ℹ 모니터링 대상 종목이 없습니다.
[2025-10-16 18:22:57] INFO: 
⏰ 60초 후 다음 사이클 실행...
[2025-10-16 18:22:57] INFO:    종료하려면 Ctrl+C를 누르세요.
[2025-10-16 18:23:57] INFO: 
================================================================================
[2025-10-16 18:23:57] INFO: [사이클 703] 2025-10-16 18:23:57
[2025-10-16 18:23:57] INFO: ================================================================================
[2025-10-16 18:23:57] WARNING: ⚠ trading_signals.xlsx 파일이 없습니다.
[2025-10-16 18:23:57] INFO: ℹ 모니터링 대상 종목이 없습니다.
[2025-10-16 18:23:57] INFO: 
⏰ 60초 후 다음 사이클 실행...
[2025-10-16 18:23:57] INFO:    종료하려면 Ctrl+C를 누르세요.
[2025-10-16 18:24:57] INFO: 
================================================================================
[2025-10-16 18:24:57] INFO: [사이클 704] 2025-10-16 18:24:57
[2025-10-16 18:24:57] INFO: ================================================================================
[2025-10-16 18:24:57] WARNING: ⚠ trading_signals.xlsx 파일이 없습니다.
[2025-10-16 18:24:57] INFO: ℹ 모니터링 대상 종목이 없습니다.
[2025-10-16 18:24:57] INFO: 
⏰ 60초 후 다음 사이클 실행...
[2025-10-16 18:24:57] INFO:    종료하려면 Ctrl+C를 누르세요.
[2025-10-16 18:25:57] INFO: 
================================================================================
[2025-10-16 18:25:57] INFO: [사이클 705] 2025-10-16 18:25:57
[2025-10-16 18:25:57] INFO: ================================================================================
[2025-10-16 18:25:57] WARNING: ⚠ trading_signals.xlsx 파일이 없습니다.
[2025-10-16 18:25:57] INFO: ℹ 모니터링 대상 종목이 없습니다.
[2025-10-16 18:25:57] INFO: 
⏰ 60초 후 다음 사이클 실행...
[2025-10-16 18:25:57] INFO:    종료하려면 Ctrl+C를 누르세요.
[2025-10-16 18:26:57] INFO: 
================================================================================
[2025-10-16 18:26:57] INFO: [사이클 706] 2025-10-16 18:26:57
[2025-10-16 18:26:57] INFO: ================================================================================
[2025-10-16 18:26:57] WARNING: ⚠ trading_signals.xlsx 파일이 없습니다.
[2025-10-16 18:26:57] INFO: ℹ 모니터링 대상 종목이 없습니다.
[2025-10-16 18:26:57] INFO: 
⏰ 60초 후 다음 사이클 실행...
[2025-10-16 18:26:57] INFO:    종료하려면 Ctrl+C를 누르세요.
[2025-10-16 18:27:57] INFO: 
================================================================================
[2025-10-16 18:27:57] INFO: [사이클 707] 2025-10-16 18:27:57
[2025-10-16 18:27:57] INFO: ================================================================================
[2025-10-16 18:27:57] WARNING: ⚠ trading_signals.xlsx 파일이 없습니다.
[2025-10-16 18:27:57] INFO: ℹ 모니터링 대상 종목이 없습니다.
[2025-10-16 18:27:57] INFO: 
⏰ 60초 후 다음 사이클 실행...
[2025-10-16 18:27:57] INFO:    종료하려면 Ctrl+C를 누르세요.
[2025-10-16 18:28:57] INFO: 
================================================================================
[2025-10-16 18:28:57] INFO: [사이클 708] 2025-10-16 18:28:57
[2025-10-16 18:28:57] INFO: ================================================================================
[2025-10-16 18:28:57] WARNING: ⚠ trading_signals.xlsx 파일이 없습니다.
[2025-10-16 18:28:57] INFO: ℹ 모니터링 대상 종목이 없습니다.
[2025-10-16 18:28:57] INFO: 
⏰ 60초 후 다음 사이클 실행...
[2025-10-16 18:28:57] INFO:    종료하려면 Ctrl+C를 누르세요.
[2025-10-16 18:29:57] INFO: 
================================================================================
[2025-10-16 18:29:57] INFO: [사이클 709] 2025-10-16 18:29:57
[2025-10-16 18:29:57] INFO: ================================================================================
[2025-10-16 18:29:57] WARNING: ⚠ trading_signals.xlsx 파일이 없습니다.
[2025-10-16 18:29:57] INFO: ℹ 모니터링 대상 종목이 없습니다.
[2025-10-16 18:29:57] INFO: 
⏰ 60초 후 다음 사이클 실행...
[2025-10-16 18:29:57] INFO:    종료하려면 Ctrl+C를 누르세요.
[2025-10-16 18:30:57] INFO: 
================================================================================
[2025-10-16 18:30:57] INFO: [사이클 710] 2025-10-16 18:30:57
[2025-10-16 18:30:57] INFO: ================================================================================
[2025-10-16 18:30:57] WARNING: ⚠ trading_signals.xlsx 파일이 없습니다.
[2025-10-16 18:30:57] INFO: ℹ 모니터링 대상 종목이 없습니다.
[2025-10-16 18:30:57] INFO: 
⏰ 60초 후 다음 사이클 실행...
[2025-10-16 18:30:57] INFO:    종료하려면 Ctrl+C를 누르세요.
[2025-10-16 18:31:57] INFO: 
================================================================================
[2025-10-16 18:31:57] INFO: [사이클 711] 2025-10-16 18:31:57
[2025-10-16 18:31:57] INFO: ================================================================================
[2025-10-16 18:31:57] WARNING: ⚠ trading_signals.xlsx 파일이 없습니다.
[2025-10-16 18:31:57] INFO: ℹ 모니터링 대상 종목이 없습니다.
[2025-10-16 18:31:57] INFO: 
⏰ 60초 후 다음 사이클 실행...
[2025-10-16 18:31:57] INFO:    종료하려면 Ctrl+C를 누르세요.
[2025-10-16 18:32:57] INFO: 
================================================================================
[2025-10-16 18:32:57] INFO: [사이클 712] 2025-10-16 18:32:57
[2025-10-16 18:32:57] INFO: ================================================================================
[2025-10-16 18:32:57] WARNING: ⚠ trading_signals.xlsx 파일이 없습니다.
[2025-10-16 18:32:57] INFO: ℹ 모니터링 대상 종목이 없습니다.
[2025-10-16 18:32:57] INFO: 
⏰ 60초 후 다음 사이클 실행...
[2025-10-16 18:32:57] INFO:    종료하려면 Ctrl+C를 누르세요.
[2025-10-16 18:33:57] INFO: 
================================================================================
[2025-10-16 18:33:57] INFO: [사이클 713] 2025-10-16 18:33:57
[2025-10-16 18:33:57] INFO: ================================================================================
[2025-10-16 18:33:57] WARNING: ⚠ trading_signals.xlsx 파일이 없습니다.
[2025-10-16 18:33:57] INFO: ℹ 모니터링 대상 종목이 없습니다.
[2025-10-16 18:33:57] INFO: 
⏰ 60초 후 다음 사이클 실행...
[2025-10-16 18:33:57] INFO:    종료하려면 Ctrl+C를 누르세요.
[2025-10-16 18:34:57] INFO: 
================================================================================
[2025-10-16 18:34:57] INFO: [사이클 714] 2025-10-16 18:34:57
[2025-10-16 18:34:57] INFO: ================================================================================
[2025-10-16 18:34:57] WARNING: ⚠ trading_signals.xlsx 파일이 없습니다.
[2025-10-16 18:34:57] INFO: ℹ 모니터링 대상 종목이 없습니다.
[2025-10-16 18:34:57] INFO: 
⏰ 60초 후 다음 사이클 실행...
[2025-10-16 18:34:57] INFO:    종료하려면 Ctrl+C를 누르세요.
[2025-10-16 18:35:57] INFO: 
================================================================================
[2025-10-16 18:35:57] INFO: [사이클 715] 2025-10-16 18:35:57
[2025-10-16 18:35:57] INFO: ================================================================================
[2025-10-16 18:35:57] WARNING: ⚠ trading_signals.xlsx 파일이 없습니다.
[2025-10-16 18:35:57] INFO: ℹ 모니터링 대상 종목이 없습니다.
[2025-10-16 18:35:57] INFO: 
⏰ 60초 후 다음 사이클 실행...
[2025-10-16 18:35:57] INFO:    종료하려면 Ctrl+C를 누르세요.
[2025-10-16 18:36:57] INFO: 
================================================================================
[2025-10-16 18:36:57] INFO: [사이클 716] 2025-10-16 18:36:57
[2025-10-16 18:36:57] INFO: ================================================================================
[2025-10-16 18:36:57] WARNING: ⚠ trading_signals.xlsx 파일이 없습니다.
[2025-10-16 18:36:57] INFO: ℹ 모니터링 대상 종목이 없습니다.
[2025-10-16 18:36:57] INFO: 
⏰ 60초 후 다음 사이클 실행...
[2025-10-16 18:36:57] INFO:    종료하려면 Ctrl+C를 누르세요.
[2025-10-16 18:37:57] INFO: 
================================================================================
[2025-10-16 18:37:57] INFO: [사이클 717] 2025-10-16 18:37:57
[2025-10-16 18:37:57] INFO: ================================================================================
[2025-10-16 18:37:57] WARNING: ⚠ trading_signals.xlsx 파일이 없습니다.
[2025-10-16 18:37:57] INFO: ℹ 모니터링 대상 종목이 없습니다.
[2025-10-16 18:37:57] INFO: 
⏰ 60초 후 다음 사이클 실행...
[2025-10-16 18:37:57] INFO:    종료하려면 Ctrl+C를 누르세요.
[2025-10-16 18:38:57] INFO: 
================================================================================
[2025-10-16 18:38:57] INFO: [사이클 718] 2025-10-16 18:38:57
[2025-10-16 18:38:57] INFO: ================================================================================
[2025-10-16 18:38:57] WARNING: ⚠ trading_signals.xlsx 파일이 없습니다.
[2025-10-16 18:38:57] INFO: ℹ 모니터링 대상 종목이 없습니다.
[2025-10-16 18:38:57] INFO: 
⏰ 60초 후 다음 사이클 실행...
[2025-10-16 18:38:57] INFO:    종료하려면 Ctrl+C를 누르세요.
