[2025-10-17 14:35:23] INFO: ================================================================================
[2025-10-17 14:35:23] INFO: 🔍 실시간 주식 모니터링 시작 (개선된 버전)
[2025-10-17 14:35:23] INFO: ⏰ 기본 모니터링 간격: 60초 (1분)
[2025-10-17 14:35:23] INFO: 📊 동적 간격: 1% 이내(1분), 3% 이내(3분), 10% 이내(10분)
[2025-10-17 14:35:23] INFO: 🎯 저가 기준 터치 감지 활성화
[2025-10-17 14:35:23] INFO: 🕐 모니터링 시간: 08:00-20:00
[2025-10-17 14:35:23] INFO: ================================================================================
[2025-10-17 14:35:23] INFO: 
================================================================================
[2025-10-17 14:35:23] INFO: [사이클 1] 2025-10-17 14:35:23
[2025-10-17 14:35:23] INFO: ================================================================================
[2025-10-17 14:35:23] INFO: ✓ 접근 토큰 발급 성공
[2025-10-17 14:35:24] INFO: [OK] Summary 탭에서 69개 종목 로드
[2025-10-17 14:35:24] INFO: 
[1] 삼성전자 (005930) 모니터링 중...
[2025-10-17 14:35:24] INFO:   [현재가] 현재가: 97,900원
[2025-10-17 14:35:24] INFO:   [저가] 저가: 30,118,400원
[2025-10-17 14:35:24] INFO:   [고가] 고가: 2,947,266원
[2025-10-17 14:35:24] INFO:   [20일선] 20일선: 87,580원
[2025-10-17 14:35:24] INFO:   [1차매수선] 1차 매수선: 70,164원 (이격도: 39.5%)
[2025-10-17 14:35:24] INFO:   [2차매수선] 2차 매수선: 63,248원 (이격도: 54.8%)
[2025-10-17 14:35:24] INFO:   [3차매수선] 3차 매수선: 57,023원 (이격도: 71.7%)
[2025-10-17 14:35:24] INFO:   [간격] 다음 모니터링 간격: 1800초 (30분)
[2025-10-17 14:35:24] INFO: 
[2] SK하이닉스 (000660) 모니터링 중...
[2025-10-17 14:35:25] INFO:   [현재가] 현재가: 465,500원
[2025-10-17 14:35:25] INFO:   [저가] 저가: 5,971,764원
[2025-10-17 14:35:25] INFO:   [고가] 고가: 2,759,412원
[2025-10-17 14:35:25] INFO:   [20일선] 20일선: 383,125원
[2025-10-17 14:35:25] INFO:   [1차매수선] 1차 매수선: 307,000원 (이격도: 51.6%)
[2025-10-17 14:35:25] INFO:   [2차매수선] 2차 매수선: 276,800원 (이격도: 68.2%)
[2025-10-17 14:35:25] INFO:   [3차매수선] 3차 매수선: 249,620원 (이격도: 86.5%)
[2025-10-17 14:35:25] INFO:   [간격] 다음 모니터링 간격: 1800초 (30분)
[2025-10-17 14:35:25] INFO: 
[3] 두산에너빌리티 (034020) 모니터링 중...
[2025-10-17 14:35:25] INFO:   [현재가] 현재가: 80,900원
[2025-10-17 14:35:25] INFO:   [저가] 저가: 12,167,724원
[2025-10-17 14:35:25] INFO:   [고가] 고가: 996,360원
[2025-10-17 14:35:25] INFO:   [20일선] 20일선: 68,795원
[2025-10-17 14:35:25] INFO:   [1차매수선] 1차 매수선: 55,136원 (이격도: 46.7%)
[2025-10-17 14:35:25] INFO:   [2차매수선] 2차 매수선: 49,672원 (이격도: 62.9%)
[2025-10-17 14:35:25] INFO:   [3차매수선] 3차 매수선: 44,755원 (이격도: 80.8%)
[2025-10-17 14:35:25] INFO:   [간격] 다음 모니터링 간격: 1800초 (30분)
[2025-10-17 14:35:25] INFO: 
[4] NAVER (035420) 모니터링 중...
[2025-10-17 14:35:26] INFO:   [현재가] 현재가: 254,500원
[2025-10-17 14:35:26] INFO:   [저가] 저가: 1,982,100원
[2025-10-17 14:35:26] INFO:   [고가] 고가: 508,988원
[2025-10-17 14:35:26] INFO:   [20일선] 20일선: 250,450원
[2025-10-17 14:35:26] INFO:   [1차매수선] 1차 매수선: 200,860원 (이격도: 26.7%)
[2025-10-17 14:35:26] INFO:   [2차매수선] 2차 매수선: 181,274원 (이격도: 40.4%)
[2025-10-17 14:35:26] INFO:   [3차매수선] 3차 매수선: 163,647원 (이격도: 55.5%)
[2025-10-17 14:35:26] INFO:   [간격] 다음 모니터링 간격: 1800초 (30분)
[2025-10-17 14:35:26] INFO: 
[5] 한미반도체 (042700) 모니터링 중...
[2025-10-17 14:35:27] INFO:   [현재가] 현재가: 143,200원
[2025-10-17 14:35:27] INFO:   [저가] 저가: 3,144,780원
[2025-10-17 14:35:27] INFO:   [고가] 고가: 454,058원
[2025-10-17 14:35:27] INFO:   [20일선] 20일선: 108,765원
[2025-10-17 14:35:27] INFO:   [1차매수선] 1차 매수선: 87,112원 (이격도: 64.4%)
[2025-10-17 14:35:27] INFO:   [2차매수선] 2차 매수선: 78,501원 (이격도: 82.4%)
[2025-10-17 14:35:27] INFO:   [3차매수선] 3차 매수선: 70,751원 (이격도: 102.4%)
[2025-10-17 14:35:27] INFO:   [간격] 다음 모니터링 간격: 1800초 (30분)
[2025-10-17 14:35:27] INFO: 
[6] 에코프로비엠 (247540) 모니터링 중...
[2025-10-17 14:35:28] INFO:   [현재가] 현재가: 162,700원
[2025-10-17 14:35:28] INFO:   [저가] 저가: 8,757,842원
[2025-10-17 14:35:28] INFO:   [고가] 고가: 1,376,000원
[2025-10-17 14:35:28] INFO:   [20일선] 20일선: 123,890원
[2025-10-17 14:35:28] INFO:   [1차매수선] 1차 매수선: 99,212원 (이격도: 64.0%)
[2025-10-17 14:35:28] INFO:   [2차매수선] 2차 매수선: 89,391원 (이격도: 82.0%)
[2025-10-17 14:35:28] INFO:   [3차매수선] 3차 매수선: 80,552원 (이격도: 102.0%)
[2025-10-17 14:35:28] INFO:   [간격] 다음 모니터링 간격: 1800초 (30분)
[2025-10-17 14:35:28] INFO: 
[7] 삼성SDI (006400) 모니터링 중...
[2025-10-17 14:35:28] INFO:   [현재가] 현재가: 255,500원
[2025-10-17 14:35:28] INFO:   [저가] 저가: 3,589,520원
[2025-10-17 14:35:28] INFO:   [고가] 고가: 891,309원
[2025-10-17 14:35:29] INFO:   [20일선] 20일선: 214,175원
[2025-10-17 14:35:29] INFO:   [1차매수선] 1차 매수선: 171,840원 (이격도: 48.7%)
[2025-10-17 14:35:29] INFO:   [2차매수선] 2차 매수선: 155,156원 (이격도: 64.7%)
[2025-10-17 14:35:29] INFO:   [3차매수선] 3차 매수선: 140,140원 (이격도: 82.3%)
[2025-10-17 14:35:29] INFO:   [간격] 다음 모니터링 간격: 1800초 (30분)
[2025-10-17 14:35:29] INFO: 
[8] 한라캐스트 (125490) 모니터링 중...
[2025-10-17 14:35:29] INFO:   [현재가] 현재가: 11,160원
[2025-10-17 14:35:29] INFO:   [저가] 저가: 14,631,595원
[2025-10-17 14:35:29] INFO:   [고가] 고가: 170,515원
[2025-10-17 14:35:29] INFO:   [20일선] 20일선: 8,740원
[2025-10-17 14:35:29] INFO:   [1차매수선] 1차 매수선: 7,002원 (이격도: 59.4%)
[2025-10-17 14:35:29] INFO:   [2차매수선] 2차 매수선: 6,311원 (이격도: 76.8%)
[2025-10-17 14:35:29] INFO:   [3차매수선] 3차 매수선: 5,690원 (이격도: 96.1%)
[2025-10-17 14:35:29] INFO:   [간격] 다음 모니터링 간격: 1800초 (30분)
[2025-10-17 14:35:29] INFO: 
[9] 에코프로 (086520) 모니터링 중...
[2025-10-17 14:35:30] INFO:   [현재가] 현재가: 73,100원
[2025-10-17 14:35:30] INFO:   [저가] 저가: 22,968,268원
[2025-10-17 14:35:30] INFO:   [고가] 고가: 1,568,633원
[2025-10-17 14:35:30] INFO:   [20일선] 20일선: 51,785원
[2025-10-17 14:35:30] INFO:   [1차매수선] 1차 매수선: 41,478원 (이격도: 76.2%)
[2025-10-17 14:35:30] INFO:   [2차매수선] 2차 매수선: 37,380원 (이격도: 95.6%)
[2025-10-17 14:35:30] INFO:   [3차매수선] 3차 매수선: 33,692원 (이격도: 117.0%)
[2025-10-17 14:35:30] INFO:   [간격] 다음 모니터링 간격: 1800초 (30분)
[2025-10-17 14:35:30] INFO: 
[10] 에코프로머티 (450080) 모니터링 중...
[2025-10-17 14:35:31] INFO:   [현재가] 현재가: 66,400원
[2025-10-17 14:35:31] INFO:   [저가] 저가: 9,435,720원
[2025-10-17 14:35:31] INFO:   [고가] 고가: 619,983원
[2025-10-17 14:35:31] INFO:   [20일선] 20일선: 51,978원
[2025-10-17 14:35:31] INFO:   [1차매수선] 1차 매수선: 41,632원 (이격도: 59.5%)
[2025-10-17 14:35:31] INFO:   [2차매수선] 2차 매수선: 37,519원 (이격도: 77.0%)
[2025-10-17 14:35:31] INFO:   [3차매수선] 3차 매수선: 33,817원 (이격도: 96.4%)
[2025-10-17 14:35:31] INFO:   [간격] 다음 모니터링 간격: 1800초 (30분)
[2025-10-17 14:35:31] INFO: 
[11] LG에너지솔루션 (373220) 모니터링 중...
[2025-10-17 14:35:31] INFO:   [현재가] 현재가: 433,000원
[2025-10-17 14:35:31] INFO:   [저가] 저가: 1,273,541원
[2025-10-17 14:35:31] INFO:   [고가] 고가: 547,299원
[2025-10-17 14:35:31] INFO:   [20일선] 20일선: 369,550원
[2025-10-17 14:35:31] INFO:   [1차매수선] 1차 매수선: 296,140원 (이격도: 46.2%)
[2025-10-17 14:35:31] INFO:   [2차매수선] 2차 매수선: 267,026원 (이격도: 62.2%)
[2025-10-17 14:35:31] INFO:   [3차매수선] 3차 매수선: 240,823원 (이격도: 79.8%)
[2025-10-17 14:35:31] INFO:   [간격] 다음 모니터링 간격: 1800초 (30분)
[2025-10-17 14:35:31] INFO: 
[12] 클로봇 (466100) 모니터링 중...
[2025-10-17 14:35:32] INFO:   [현재가] 현재가: 41,550원
[2025-10-17 14:35:32] INFO:   [저가] 저가: 4,471,726원
[2025-10-17 14:35:32] INFO:   [고가] 고가: 193,129원
[2025-10-17 14:35:32] INFO:   [20일선] 20일선: 32,995원
[2025-10-17 14:35:32] INFO:   [1차매수선] 1차 매수선: 26,446원 (이격도: 57.1%)
[2025-10-17 14:35:32] INFO:   [2차매수선] 2차 매수선: 23,851원 (이격도: 74.2%)
[2025-10-17 14:35:32] INFO:   [3차매수선] 3차 매수선: 21,516원 (이격도: 93.1%)
[2025-10-17 14:35:32] INFO:   [간격] 다음 모니터링 간격: 1800초 (30분)
[2025-10-17 14:35:32] INFO: 
[13] 로보티즈 (108490) 모니터링 중...
[2025-10-17 14:35:33] INFO:   [현재가] 현재가: 192,600원
[2025-10-17 14:35:33] INFO:   [저가] 저가: 842,397원
[2025-10-17 14:35:33] INFO:   [고가] 고가: 166,142원
[2025-10-17 14:35:33] INFO:   [20일선] 20일선: 158,060원
[2025-10-17 14:35:33] INFO:   [1차매수선] 1차 매수선: 126,948원 (이격도: 51.7%)
[2025-10-17 14:35:33] INFO:   [2차매수선] 2차 매수선: 114,753원 (이격도: 67.8%)
[2025-10-17 14:35:33] INFO:   [3차매수선] 3차 매수선: 103,778원 (이격도: 85.6%)
[2025-10-17 14:35:33] INFO:   [간격] 다음 모니터링 간격: 1800초 (30분)
[2025-10-17 14:35:33] INFO: 
[14] 삼성전자우 (005935) 모니터링 중...
[2025-10-17 14:35:34] INFO:   [현재가] 현재가: 75,000원
[2025-10-17 14:35:34] INFO:   [저가] 저가: 2,899,507원
[2025-10-17 14:35:34] INFO:   [고가] 고가: 217,821원
[2025-10-17 14:35:34] INFO:   [20일선] 20일선: 68,940원
[2025-10-17 14:35:34] INFO:   [1차매수선] 1차 매수선: 55,252원 (이격도: 35.7%)
[2025-10-17 14:35:34] INFO:   [2차매수선] 2차 매수선: 49,777원 (이격도: 50.7%)
[2025-10-17 14:35:34] INFO:   [3차매수선] 3차 매수선: 44,849원 (이격도: 67.2%)
[2025-10-17 14:35:34] INFO:   [간격] 다음 모니터링 간격: 1800초 (30분)
[2025-10-17 14:35:34] INFO: 
[15] 일동제약 (249420) 모니터링 중...
[2025-10-17 14:35:34] INFO:   [현재가] 현재가: 21,600원
[2025-10-17 14:35:34] INFO:   [저가] 저가: 1,369,171원
[2025-10-17 14:35:34] INFO:   [고가] 고가: 30,245원
[2025-10-17 14:35:35] INFO:   [20일선] 20일선: 26,530원
[2025-10-17 14:35:35] INFO:   [1차매수선] 1차 매수선: 21,274원 (이격도: 1.5%)
[2025-10-17 14:35:35] INFO:   [2차매수선] 2차 매수선: 19,197원 (이격도: 12.5%)
[2025-10-17 14:35:35] INFO:   [3차매수선] 3차 매수선: 17,327원 (이격도: 24.7%)
[2025-10-17 14:35:35] INFO:   [간격] 다음 모니터링 간격: 180초 (3분)
[2025-10-17 14:35:35] INFO: 
[16] 우리기술투자 (041190) 모니터링 중...
[2025-10-17 14:35:35] INFO:   [현재가] 현재가: 9,190원
[2025-10-17 14:35:35] INFO:   [저가] 저가: 5,695,176원
[2025-10-17 14:35:35] INFO:   [고가] 고가: 53,162원
[2025-10-17 14:35:35] INFO:   [20일선] 20일선: 10,656원
[2025-10-17 14:35:35] INFO:   [1차매수선] 1차 매수선: 8,534원 (이격도: 7.7%)
[2025-10-17 14:35:35] INFO:   [2차매수선] 2차 매수선: 7,691원 (이격도: 19.5%)
[2025-10-17 14:35:35] INFO:   [3차매수선] 3차 매수선: 6,932원 (이격도: 32.6%)
[2025-10-17 14:35:35] INFO:   [간격] 다음 모니터링 간격: 600초 (10분)
[2025-10-17 14:35:35] INFO: 
[17] NHN KCP (060250) 모니터링 중...
[2025-10-17 14:35:36] INFO:   [현재가] 현재가: 16,460원
[2025-10-17 14:35:36] INFO:   [저가] 저가: 1,306,700원
[2025-10-17 14:35:36] INFO:   [고가] 고가: 21,987원
[2025-10-17 14:35:36] INFO:   [20일선] 20일선: 16,808원
[2025-10-17 14:35:36] INFO:   [1차매수선] 1차 매수선: 13,496원 (이격도: 22.0%)
[2025-10-17 14:35:36] INFO:   [2차매수선] 2차 매수선: 12,197원 (이격도: 35.0%)
[2025-10-17 14:35:36] INFO:   [3차매수선] 3차 매수선: 11,027원 (이격도: 49.3%)
[2025-10-17 14:35:36] INFO:   [간격] 다음 모니터링 간격: 1800초 (30분)
[2025-10-17 14:35:36] INFO: 
[18] 카카오 (035720) 모니터링 중...
[2025-10-17 14:35:37] INFO:   [현재가] 현재가: 58,100원
[2025-10-17 14:35:37] INFO:   [저가] 저가: 3,031,138원
[2025-10-17 14:35:37] INFO:   [고가] 고가: 177,332원
[2025-10-17 14:35:37] INFO:   [20일선] 20일선: 61,355원
[2025-10-17 14:35:37] INFO:   [1차매수선] 1차 매수선: 49,134원 (이격도: 18.2%)
[2025-10-17 14:35:37] INFO:   [2차매수선] 2차 매수선: 44,271원 (이격도: 31.2%)
[2025-10-17 14:35:37] INFO:   [3차매수선] 3차 매수선: 39,894원 (이격도: 45.6%)
[2025-10-17 14:35:37] INFO:   [간격] 다음 모니터링 간격: 1800초 (30분)
[2025-10-17 14:35:37] INFO: 
[19] 레인보우로보틱스 (277810) 모니터링 중...
[2025-10-17 14:35:38] INFO:   [현재가] 현재가: 333,000원
[2025-10-17 14:35:38] INFO:   [저가] 저가: 374,551원
[2025-10-17 14:35:38] INFO:   [고가] 고가: 126,251원
[2025-10-17 14:35:38] INFO:   [20일선] 20일선: 316,750원
[2025-10-17 14:35:38] INFO:   [1차매수선] 1차 매수선: 253,900원 (이격도: 31.2%)
[2025-10-17 14:35:38] INFO:   [2차매수선] 2차 매수선: 229,010원 (이격도: 45.4%)
[2025-10-17 14:35:38] INFO:   [3차매수선] 3차 매수선: 206,609원 (이격도: 61.2%)
[2025-10-17 14:35:38] INFO:   [간격] 다음 모니터링 간격: 1800초 (30분)
[2025-10-17 14:35:38] INFO: 
[20] 알테오젠 (196170) 모니터링 중...
[2025-10-17 14:35:39] INFO:   [현재가] 현재가: 435,500원
[2025-10-17 14:35:39] INFO:   [저가] 저가: 635,992원
[2025-10-17 14:35:39] INFO:   [고가] 고가: 278,747원
[2025-10-17 14:35:39] INFO:   [20일선] 20일선: 461,000원
[2025-10-17 14:35:39] INFO:   [1차매수선] 1차 매수선: 369,300원 (이격도: 17.9%)
[2025-10-17 14:35:39] INFO:   [2차매수선] 2차 매수선: 332,870원 (이격도: 30.8%)
[2025-10-17 14:35:39] INFO:   [3차매수선] 3차 매수선: 300,083원 (이격도: 45.1%)
[2025-10-17 14:35:39] INFO:   [간격] 다음 모니터링 간격: 1800초 (30분)
[2025-10-17 14:35:39] INFO: 
[21] 셀트리온 (068270) 모니터링 중...
[2025-10-17 14:35:40] INFO:   [현재가] 현재가: 175,300원
[2025-10-17 14:35:40] INFO:   [저가] 저가: 562,089원
[2025-10-17 14:35:40] INFO:   [고가] 고가: 98,325원
[2025-10-17 14:35:40] INFO:   [20일선] 20일선: 173,850원
[2025-10-17 14:35:40] INFO:   [1차매수선] 1차 매수선: 139,580원 (이격도: 25.6%)
[2025-10-17 14:35:40] INFO:   [2차매수선] 2차 매수선: 126,122원 (이격도: 39.0%)
[2025-10-17 14:35:40] INFO:   [3차매수선] 3차 매수선: 114,010원 (이격도: 53.8%)
[2025-10-17 14:35:40] INFO:   [간격] 다음 모니터링 간격: 1800초 (30분)
[2025-10-17 14:35:40] INFO: 
[22] 디앤디파마텍 (347850) 모니터링 중...
[2025-10-17 14:35:41] INFO:   [현재가] 현재가: 162,100원
[2025-10-17 14:35:41] INFO:   [저가] 저가: 390,638원
[2025-10-17 14:35:41] INFO:   [고가] 고가: 65,083원
[2025-10-17 14:35:41] INFO:   [20일선] 20일선: 184,595원
[2025-10-17 14:35:41] INFO:   [1차매수선] 1차 매수선: 148,176원 (이격도: 9.4%)
[2025-10-17 14:35:41] INFO:   [2차매수선] 2차 매수선: 133,858원 (이격도: 21.1%)
[2025-10-17 14:35:41] INFO:   [3차매수선] 3차 매수선: 120,973원 (이격도: 34.0%)
[2025-10-17 14:35:41] INFO:   [간격] 다음 모니터링 간격: 600초 (10분)
[2025-10-17 14:35:41] INFO: 
[23] 삼천당제약 (000250) 모니터링 중...
[2025-10-17 14:35:42] INFO:   [현재가] 현재가: 199,200원
[2025-10-17 14:35:42] INFO:   [저가] 저가: 258,015원
[2025-10-17 14:35:42] INFO:   [고가] 고가: 51,639원
[2025-10-17 14:35:42] INFO:   [20일선] 20일선: 217,540원
[2025-10-17 14:35:42] INFO:   [1차매수선] 1차 매수선: 174,532원 (이격도: 14.1%)
[2025-10-17 14:35:42] INFO:   [2차매수선] 2차 매수선: 157,579원 (이격도: 26.4%)
[2025-10-17 14:35:42] INFO:   [3차매수선] 3차 매수선: 142,321원 (이격도: 40.0%)
[2025-10-17 14:35:42] INFO:   [간격] 다음 모니터링 간격: 1800초 (30분)
[2025-10-17 14:35:42] INFO: 
[24] 다날 (064260) 모니터링 중...
[2025-10-17 14:35:42] INFO:   [현재가] 현재가: 8,995원
[2025-10-17 14:35:42] INFO:   [저가] 저가: 3,213,399원
[2025-10-17 14:35:42] INFO:   [고가] 고가: 29,441원
[2025-10-17 14:35:43] INFO:   [20일선] 20일선: 9,772원
[2025-10-17 14:35:43] INFO:   [1차매수선] 1차 매수선: 7,828원 (이격도: 14.9%)
[2025-10-17 14:35:43] INFO:   [2차매수선] 2차 매수선: 7,055원 (이격도: 27.5%)
[2025-10-17 14:35:43] INFO:   [3차매수선] 3차 매수선: 6,359원 (이격도: 41.4%)
[2025-10-17 14:35:43] INFO:   [간격] 다음 모니터링 간격: 1800초 (30분)
[2025-10-17 14:35:43] INFO: 
[25] 현대로템 (064350) 모니터링 중...
[2025-10-17 14:35:43] INFO:   [현재가] 현재가: 202,000원
[2025-10-17 14:35:43] INFO:   [저가] 저가: 745,125원
[2025-10-17 14:35:43] INFO:   [고가] 고가: 151,823원
[2025-10-17 14:35:44] INFO:   [20일선] 20일선: 215,925원
[2025-10-17 14:35:44] INFO:   [1차매수선] 1차 매수선: 173,240원 (이격도: 16.6%)
[2025-10-17 14:35:44] INFO:   [2차매수선] 2차 매수선: 156,416원 (이격도: 29.1%)
[2025-10-17 14:35:44] INFO:   [3차매수선] 3차 매수선: 141,274원 (이격도: 43.0%)
[2025-10-17 14:35:44] INFO:   [간격] 다음 모니터링 간격: 1800초 (30분)
[2025-10-17 14:35:44] INFO: 
[26] 로보스타 (090360) 모니터링 중...
[2025-10-17 14:35:44] INFO:   [현재가] 현재가: 64,400원
[2025-10-17 14:35:44] INFO:   [저가] 저가: 1,389,378원
[2025-10-17 14:35:44] INFO:   [고가] 고가: 93,566원
[2025-10-17 14:35:45] INFO:   [20일선] 20일선: 50,325원
[2025-10-17 14:35:45] INFO:   [1차매수선] 1차 매수선: 40,310원 (이격도: 59.8%)
[2025-10-17 14:35:45] INFO:   [2차매수선] 2차 매수선: 36,329원 (이격도: 77.3%)
[2025-10-17 14:35:45] INFO:   [3차매수선] 3차 매수선: 32,746원 (이격도: 96.7%)
[2025-10-17 14:35:45] INFO:   [간격] 다음 모니터링 간격: 1800초 (30분)
[2025-10-17 14:35:45] INFO: 
[27] 한국항공우주 (047810) 모니터링 중...
[2025-10-17 14:35:45] INFO:   [현재가] 현재가: 96,300원
[2025-10-17 14:35:45] INFO:   [저가] 저가: 903,660원
[2025-10-17 14:35:45] INFO:   [고가] 고가: 87,228원
[2025-10-17 14:35:46] INFO:   [20일선] 20일선: 104,890원
[2025-10-17 14:35:46] INFO:   [1차매수선] 1차 매수선: 84,012원 (이격도: 14.6%)
[2025-10-17 14:35:46] INFO:   [2차매수선] 2차 매수선: 75,711원 (이격도: 27.2%)
[2025-10-17 14:35:46] INFO:   [3차매수선] 3차 매수선: 68,240원 (이격도: 41.1%)
[2025-10-17 14:35:46] INFO:   [간격] 다음 모니터링 간격: 1800초 (30분)
[2025-10-17 14:35:46] INFO: 
[28] 한화오션 (042660) 모니터링 중...
[2025-10-17 14:35:46] INFO:   [현재가] 현재가: 108,000원
[2025-10-17 14:35:46] INFO:   [저가] 저가: 6,134,553원
[2025-10-17 14:35:46] INFO:   [고가] 고가: 681,308원
[2025-10-17 14:35:47] INFO:   [20일선] 20일선: 109,250원
[2025-10-17 14:35:47] INFO:   [1차매수선] 1차 매수선: 87,500원 (이격도: 23.4%)
[2025-10-17 14:35:47] INFO:   [2차매수선] 2차 매수선: 78,850원 (이격도: 37.0%)
[2025-10-17 14:35:47] INFO:   [3차매수선] 3차 매수선: 71,065원 (이격도: 52.0%)
[2025-10-17 14:35:47] INFO:   [간격] 다음 모니터링 간격: 1800초 (30분)
[2025-10-17 14:35:47] INFO: 
[29] 지투지바이오 (456160) 모니터링 중...
[2025-10-17 14:35:47] INFO:   [현재가] 현재가: 167,800원
[2025-10-17 14:35:47] INFO:   [저가] 저가: 359,366원
[2025-10-17 14:35:47] INFO:   [고가] 고가: 62,095원
[2025-10-17 14:35:47] INFO:   [20일선] 20일선: 203,725원
[2025-10-17 14:35:47] INFO:   [1차매수선] 1차 매수선: 163,480원 (이격도: 2.6%)
[2025-10-17 14:35:47] INFO:   [2차매수선] 2차 매수선: 147,632원 (이격도: 13.7%)
[2025-10-17 14:35:47] INFO:   [3차매수선] 3차 매수선: 133,369원 (이격도: 25.8%)
[2025-10-17 14:35:47] INFO:   [간격] 다음 모니터링 간격: 180초 (3분)
[2025-10-17 14:35:47] INFO: 
[30] 농심 (004370) 모니터링 중...
[2025-10-17 14:35:48] INFO:   [현재가] 현재가: 429,500원
[2025-10-17 14:35:48] INFO:   [저가] 저가: 51,387원
[2025-10-17 14:35:48] INFO:   [고가] 고가: 22,001원
[2025-10-17 14:35:49] INFO:   [20일선] 20일선: 448,575원
[2025-10-17 14:35:49] INFO:   [1차매수선] 1차 매수선: 359,360원 (이격도: 19.5%)
[2025-10-17 14:35:49] INFO:   [2차매수선] 2차 매수선: 323,924원 (이격도: 32.6%)
[2025-10-17 14:35:49] INFO:   [3차매수선] 3차 매수선: 292,032원 (이격도: 47.1%)
[2025-10-17 14:35:49] INFO:   [간격] 다음 모니터링 간격: 1800초 (30분)
[2025-10-17 14:35:50] INFO: ✓ 텔레그램 전송 성공: me
[2025-10-17 14:35:51] INFO: ✓ 텔레그램 전송 성공: yoonjoo
[2025-10-17 14:35:52] INFO: ✓ 텔레그램 전송 성공: minjeong
[2025-10-17 14:35:53] INFO: ✓ 텔레그램 전송 성공: jumeoni
[2025-10-17 14:35:53] INFO: 🎯🎯 농심 (004370): 1차 매수 체결! 알람 전송
[2025-10-17 14:35:53] INFO: 
[31] SK오션플랜트 (100090) 모니터링 중...
[2025-10-17 14:35:53] INFO:   [현재가] 현재가: 21,150원
[2025-10-17 14:35:53] INFO:   [저가] 저가: 1,852,692원
[2025-10-17 14:35:53] INFO:   [고가] 고가: 39,618원
[2025-10-17 14:35:54] INFO:   [20일선] 20일선: 24,448원
[2025-10-17 14:35:54] INFO:   [1차매수선] 1차 매수선: 19,608원 (이격도: 7.9%)
[2025-10-17 14:35:54] INFO:   [2차매수선] 2차 매수선: 17,697원 (이격도: 19.5%)
[2025-10-17 14:35:54] INFO:   [3차매수선] 3차 매수선: 15,977원 (이격도: 32.4%)
[2025-10-17 14:35:54] INFO:   [간격] 다음 모니터링 간격: 600초 (10분)
[2025-10-17 14:35:54] INFO: 
[32] HJ중공업 (097230) 모니터링 중...
[2025-10-17 14:35:54] INFO:   [현재가] 현재가: 25,275원
[2025-10-17 14:35:54] INFO:   [저가] 저가: 5,121,321원
[2025-10-17 14:35:54] INFO:   [고가] 고가: 134,628원
[2025-10-17 14:35:55] INFO:   [20일선] 20일선: 27,330원
[2025-10-17 14:35:55] INFO:   [1차매수선] 1차 매수선: 21,914원 (이격도: 15.3%)
[2025-10-17 14:35:55] INFO:   [2차매수선] 2차 매수선: 19,773원 (이격도: 27.8%)
[2025-10-17 14:35:55] INFO:   [3차매수선] 3차 매수선: 17,845원 (이격도: 41.6%)
[2025-10-17 14:35:55] INFO:   [간격] 다음 모니터링 간격: 1800초 (30분)
[2025-10-17 14:35:55] INFO: 
[33] 세진중공업 (075580) 모니터링 중...
[2025-10-17 14:35:55] INFO:   [현재가] 현재가: 20,200원
[2025-10-17 14:35:55] INFO:   [저가] 저가: 1,485,360원
[2025-10-17 14:35:55] INFO:   [고가] 고가: 31,175원
[2025-10-17 14:35:56] INFO:   [20일선] 20일선: 21,382원
[2025-10-17 14:35:56] INFO:   [1차매수선] 1차 매수선: 17,156원 (이격도: 17.7%)
[2025-10-17 14:35:56] INFO:   [2차매수선] 2차 매수선: 15,490원 (이격도: 30.4%)
[2025-10-17 14:35:56] INFO:   [3차매수선] 3차 매수선: 13,991원 (이격도: 44.4%)
[2025-10-17 14:35:56] INFO:   [간격] 다음 모니터링 간격: 1800초 (30분)
[2025-10-17 14:35:56] INFO: 
[34] 엘앤씨바이오 (290650) 모니터링 중...
[2025-10-17 14:35:56] INFO:   [현재가] 현재가: 49,250원
[2025-10-17 14:35:56] INFO:   [저가] 저가: 2,399,133원
[2025-10-17 14:35:56] INFO:   [고가] 고가: 128,093원
[2025-10-17 14:35:57] INFO:   [20일선] 20일선: 54,100원
[2025-10-17 14:35:57] INFO:   [1차매수선] 1차 매수선: 43,330원 (이격도: 13.7%)
[2025-10-17 14:35:57] INFO:   [2차매수선] 2차 매수선: 39,047원 (이격도: 26.1%)
[2025-10-17 14:35:57] INFO:   [3차매수선] 3차 매수선: 35,192원 (이격도: 39.9%)
[2025-10-17 14:35:57] INFO:   [간격] 다음 모니터링 간격: 1800초 (30분)
[2025-10-17 14:35:57] INFO: 
[35] 한화엔진 (082740) 모니터링 중...
[2025-10-17 14:35:57] INFO:   [현재가] 현재가: 46,700원
[2025-10-17 14:35:57] INFO:   [저가] 저가: 1,140,226원
[2025-10-17 14:35:57] INFO:   [고가] 고가: 54,289원
[2025-10-17 14:35:57] INFO:   [20일선] 20일선: 45,115원
[2025-10-17 14:35:57] INFO:   [1차매수선] 1차 매수선: 36,142원 (이격도: 29.2%)
[2025-10-17 14:35:57] INFO:   [2차매수선] 2차 매수선: 32,578원 (이격도: 43.3%)
[2025-10-17 14:35:57] INFO:   [3차매수선] 3차 매수선: 29,370원 (이격도: 59.0%)
[2025-10-17 14:35:57] INFO:   [간격] 다음 모니터링 간격: 1800초 (30분)
[2025-10-17 14:35:57] INFO: 
[36] 현대힘스 (460930) 모니터링 중...
[2025-10-17 14:35:58] INFO:   [현재가] 현재가: 22,550원
[2025-10-17 14:35:58] INFO:   [저가] 저가: 692,300원
[2025-10-17 14:35:58] INFO:   [고가] 고가: 15,883원
[2025-10-17 14:35:58] INFO:   [20일선] 20일선: 25,366원
[2025-10-17 14:35:58] INFO:   [1차매수선] 1차 매수선: 20,343원 (이격도: 10.8%)
[2025-10-17 14:35:58] INFO:   [2차매수선] 2차 매수선: 18,359원 (이격도: 22.8%)
[2025-10-17 14:35:58] INFO:   [3차매수선] 3차 매수선: 16,573원 (이격도: 36.1%)
[2025-10-17 14:35:58] INFO:   [간격] 다음 모니터링 간격: 1800초 (30분)
[2025-10-17 14:35:58] INFO: 
[37] HD한국조선해양 (009540) 모니터링 중...
[2025-10-17 14:35:59] INFO:   [현재가] 현재가: 422,000원
[2025-10-17 14:35:59] INFO:   [저가] 저가: 161,861원
[2025-10-17 14:35:59] INFO:   [고가] 고가: 68,838원
[2025-10-17 14:35:59] INFO:   [20일선] 20일선: 411,850원
[2025-10-17 14:35:59] INFO:   [1차매수선] 1차 매수선: 329,980원 (이격도: 27.9%)
[2025-10-17 14:35:59] INFO:   [2차매수선] 2차 매수선: 297,482원 (이격도: 41.9%)
[2025-10-17 14:35:59] INFO:   [3차매수선] 3차 매수선: 268,234원 (이격도: 57.3%)
[2025-10-17 14:35:59] INFO:   [간격] 다음 모니터링 간격: 1800초 (30분)
[2025-10-17 14:36:00] INFO: ✓ 텔레그램 전송 성공: me
[2025-10-17 14:36:01] INFO: ✓ 텔레그램 전송 성공: yoonjoo
[2025-10-17 14:36:02] INFO: ✓ 텔레그램 전송 성공: minjeong
[2025-10-17 14:36:03] INFO: ✓ 텔레그램 전송 성공: jumeoni
[2025-10-17 14:36:03] INFO: 🎯🎯 HD한국조선해양 (009540): 1차 매수 체결! 알람 전송
[2025-10-17 14:36:03] INFO: 
[38] HD현대미포 (010620) 모니터링 중...
[2025-10-17 14:36:04] INFO:   [현재가] 현재가: 201,500원
[2025-10-17 14:36:04] INFO:   [저가] 저가: 204,141원
[2025-10-17 14:36:04] INFO:   [고가] 고가: 41,285원
[2025-10-17 14:36:04] INFO:   [20일선] 20일선: 199,490원
[2025-10-17 14:36:04] INFO:   [1차매수선] 1차 매수선: 160,092원 (이격도: 25.9%)
[2025-10-17 14:36:04] INFO:   [2차매수선] 2차 매수선: 144,583원 (이격도: 39.4%)
[2025-10-17 14:36:04] INFO:   [3차매수선] 3차 매수선: 130,625원 (이격도: 54.3%)
[2025-10-17 14:36:04] INFO:   [간격] 다음 모니터링 간격: 1800초 (30분)
[2025-10-17 14:36:04] INFO: 
[39] 삼성중공업 (010140) 모니터링 중...
[2025-10-17 14:36:05] INFO:   [현재가] 현재가: 22,600원
[2025-10-17 14:36:05] INFO:   [저가] 저가: 8,211,910원
[2025-10-17 14:36:05] INFO:   [고가] 고가: 184,244원
[2025-10-17 14:36:05] INFO:   [20일선] 20일선: 21,750원
[2025-10-17 14:36:05] INFO:   [1차매수선] 1차 매수선: 17,450원 (이격도: 29.5%)
[2025-10-17 14:36:05] INFO:   [2차매수선] 2차 매수선: 15,755원 (이격도: 43.4%)
[2025-10-17 14:36:05] INFO:   [3차매수선] 3차 매수선: 14,230원 (이격도: 58.8%)
[2025-10-17 14:36:05] INFO:   [간격] 다음 모니터링 간격: 1800초 (30분)
[2025-10-17 14:36:05] INFO: 
[40] 효성중공업 (298040) 모니터링 중...
[2025-10-17 14:36:06] INFO:   [현재가] 현재가: 1,587,000원
[2025-10-17 14:36:06] INFO:   [저가] 저가: 39,964원
[2025-10-17 14:36:06] INFO:   [고가] 고가: 63,475원
[2025-10-17 14:36:06] INFO:   [20일선] 20일선: 1,436,750원
[2025-10-17 14:36:06] INFO:   [1차매수선] 1차 매수선: 1,150,400원 (이격도: 38.0%)
[2025-10-17 14:36:06] INFO:   [2차매수선] 2차 매수선: 1,036,360원 (이격도: 53.1%)
[2025-10-17 14:36:06] INFO:   [3차매수선] 3차 매수선: 933,724원 (이격도: 70.0%)
[2025-10-17 14:36:06] INFO:   [간격] 다음 모니터링 간격: 1800초 (30분)
[2025-10-17 14:36:08] INFO: ✓ 텔레그램 전송 성공: me
[2025-10-17 14:36:09] INFO: ✓ 텔레그램 전송 성공: yoonjoo
[2025-10-17 14:36:10] INFO: ✓ 텔레그램 전송 성공: minjeong
[2025-10-17 14:36:11] INFO: ✓ 텔레그램 전송 성공: jumeoni
[2025-10-17 14:36:11] INFO: 🎯🎯 효성중공업 (298040): 1차 매수 체결! 알람 전송
[2025-10-17 14:36:11] INFO: 
[41] LIG넥스원 (079550) 모니터링 중...
[2025-10-17 14:36:11] INFO:   [현재가] 현재가: 432,500원
[2025-10-17 14:36:11] INFO:   [저가] 저가: 177,360원
[2025-10-17 14:36:11] INFO:   [고가] 고가: 77,141원
[2025-10-17 14:36:11] INFO:   [20일선] 20일선: 487,125원
[2025-10-17 14:36:11] INFO:   [1차매수선] 1차 매수선: 390,200원 (이격도: 10.8%)
[2025-10-17 14:36:11] INFO:   [2차매수선] 2차 매수선: 351,680원 (이격도: 23.0%)
[2025-10-17 14:36:11] INFO:   [3차매수선] 3차 매수선: 317,012원 (이격도: 36.4%)
[2025-10-17 14:36:11] INFO:   [간격] 다음 모니터링 간격: 1800초 (30분)
[2025-10-17 14:36:13] INFO: ✓ 텔레그램 전송 성공: me
[2025-10-17 14:36:14] INFO: ✓ 텔레그램 전송 성공: yoonjoo
[2025-10-17 14:36:15] INFO: ✓ 텔레그램 전송 성공: minjeong
[2025-10-17 14:36:16] INFO: ✓ 텔레그램 전송 성공: jumeoni
[2025-10-17 14:36:16] INFO: 🎯🎯 LIG넥스원 (079550): 1차 매수 체결! 알람 전송
[2025-10-17 14:36:16] INFO: 
[42] 에스엔시스 (0008Z0) 모니터링 중...
[2025-10-17 14:36:16] INFO:   [현재가] 현재가: 40,250원
[2025-10-17 14:36:16] INFO:   [저가] 저가: 123,177원
[2025-10-17 14:36:16] INFO:   [고가] 고가: 5,036원
[2025-10-17 14:36:16] INFO:   [20일선] 20일선: 41,470원
[2025-10-17 14:36:16] INFO:   [1차매수선] 1차 매수선: 33,226원 (이격도: 21.1%)
[2025-10-17 14:36:16] INFO:   [2차매수선] 2차 매수선: 29,953원 (이격도: 34.4%)
[2025-10-17 14:36:16] INFO:   [3차매수선] 3차 매수선: 27,008원 (이격도: 49.0%)
[2025-10-17 14:36:16] INFO:   [간격] 다음 모니터링 간격: 1800초 (30분)
[2025-10-17 14:36:16] INFO: 
[43] 삼양컴텍 (484590) 모니터링 중...
[2025-10-17 14:36:17] INFO:   [현재가] 현재가: 15,990원
[2025-10-17 14:36:17] INFO:   [저가] 저가: 408,641원
[2025-10-17 14:36:17] INFO:   [고가] 고가: 6,590원
[2025-10-17 14:36:17] INFO:   [20일선] 20일선: 18,234원
[2025-10-17 14:36:17] INFO:   [1차매수선] 1차 매수선: 14,638원 (이격도: 9.2%)
[2025-10-17 14:36:17] INFO:   [2차매수선] 2차 매수선: 13,224원 (이격도: 20.9%)
[2025-10-17 14:36:17] INFO:   [3차매수선] 3차 매수선: 11,951원 (이격도: 33.8%)
[2025-10-17 14:36:17] INFO:   [간격] 다음 모니터링 간격: 600초 (10분)
[2025-10-17 14:36:17] INFO: 
[44] 에이비엘바이오 (298380) 모니터링 중...
[2025-10-17 14:36:18] INFO:   [현재가] 현재가: 85,900원
[2025-10-17 14:36:18] INFO:   [저가] 저가: 954,196원
[2025-10-17 14:36:18] INFO:   [고가] 고가: 82,940원
[2025-10-17 14:36:18] INFO:   [20일선] 20일선: 95,500원
[2025-10-17 14:36:18] INFO:   [1차매수선] 1차 매수선: 76,500원 (이격도: 12.3%)
[2025-10-17 14:36:18] INFO:   [2차매수선] 2차 매수선: 68,950원 (이격도: 24.6%)
[2025-10-17 14:36:18] INFO:   [3차매수선] 3차 매수선: 62,155원 (이격도: 38.2%)
[2025-10-17 14:36:18] INFO:   [간격] 다음 모니터링 간격: 1800초 (30분)
[2025-10-17 14:36:18] INFO: 
[45] LG디스플레이 (034220) 모니터링 중...
[2025-10-17 14:36:19] INFO:   [현재가] 현재가: 14,400원
[2025-10-17 14:36:19] INFO:   [저가] 저가: 2,321,123원
[2025-10-17 14:36:19] INFO:   [고가] 고가: 33,232원
[2025-10-17 14:36:19] INFO:   [20일선] 20일선: 14,076원
[2025-10-17 14:36:19] INFO:   [1차매수선] 1차 매수선: 11,311원 (이격도: 27.3%)
[2025-10-17 14:36:19] INFO:   [2차매수선] 2차 매수선: 10,230원 (이격도: 40.8%)
[2025-10-17 14:36:19] INFO:   [3차매수선] 3차 매수선: 9,217원 (이격도: 56.2%)
[2025-10-17 14:36:19] INFO:   [간격] 다음 모니터링 간격: 1800초 (30분)
[2025-10-17 14:36:19] INFO: 
[46] 한국전력 (015760) 모니터링 중...
[2025-10-17 14:36:19] INFO:   [현재가] 현재가: 42,950원
[2025-10-17 14:36:19] INFO:   [저가] 저가: 12,039,152원
[2025-10-17 14:36:19] INFO:   [고가] 고가: 509,957원
[2025-10-17 14:36:19] INFO:   [20일선] 20일선: 37,305원
[2025-10-17 14:36:19] INFO:   [1차매수선] 1차 매수선: 29,894원 (이격도: 43.7%)
[2025-10-17 14:36:19] INFO:   [2차매수선] 2차 매수선: 26,955원 (이격도: 59.3%)
[2025-10-17 14:36:19] INFO:   [3차매수선] 3차 매수선: 24,309원 (이격도: 76.7%)
[2025-10-17 14:36:19] INFO:   [간격] 다음 모니터링 간격: 1800초 (30분)
[2025-10-17 14:36:19] INFO: 
[47] 대한조선 (439260) 모니터링 중...
[2025-10-17 14:36:20] INFO:   [현재가] 현재가: 75,600원
[2025-10-17 14:36:20] INFO:   [저가] 저가: 197,135원
[2025-10-17 14:36:20] INFO:   [고가] 고가: 15,060원
[2025-10-17 14:36:20] INFO:   [20일선] 20일선: 79,250원
[2025-10-17 14:36:20] INFO:   [1차매수선] 1차 매수선: 63,500원 (이격도: 19.1%)
[2025-10-17 14:36:20] INFO:   [2차매수선] 2차 매수선: 57,250원 (이격도: 32.1%)
[2025-10-17 14:36:20] INFO:   [3차매수선] 3차 매수선: 51,625원 (이격도: 46.4%)
[2025-10-17 14:36:20] INFO:   [간격] 다음 모니터링 간격: 1800초 (30분)
[2025-10-17 14:36:20] INFO: 
[48] 에이피알 (278470) 모니터링 중...
[2025-10-17 14:36:21] INFO:   [현재가] 현재가: 240,500원
[2025-10-17 14:36:21] INFO:   [저가] 저가: 447,999원
[2025-10-17 14:36:21] INFO:   [고가] 고가: 107,685원
[2025-10-17 14:36:21] INFO:   [20일선] 20일선: 236,325원
[2025-10-17 14:36:21] INFO:   [1차매수선] 1차 매수선: 189,560원 (이격도: 26.9%)
[2025-10-17 14:36:21] INFO:   [2차매수선] 2차 매수선: 171,104원 (이격도: 40.6%)
[2025-10-17 14:36:21] INFO:   [3차매수선] 3차 매수선: 154,494원 (이격도: 55.7%)
[2025-10-17 14:36:21] INFO:   [간격] 다음 모니터링 간격: 1800초 (30분)
[2025-10-17 14:36:21] INFO: 
[49] SK바이오팜 (326030) 모니터링 중...
[2025-10-17 14:36:22] INFO:   [현재가] 현재가: 101,300원
[2025-10-17 14:36:22] INFO:   [저가] 저가: 202,872원
[2025-10-17 14:36:22] INFO:   [고가] 고가: 20,640원
[2025-10-17 14:36:22] INFO:   [20일선] 20일선: 104,975원
[2025-10-17 14:36:22] INFO:   [1차매수선] 1차 매수선: 84,080원 (이격도: 20.5%)
[2025-10-17 14:36:22] INFO:   [2차매수선] 2차 매수선: 75,772원 (이격도: 33.7%)
[2025-10-17 14:36:22] INFO:   [3차매수선] 3차 매수선: 68,295원 (이격도: 48.3%)
[2025-10-17 14:36:22] INFO:   [간격] 다음 모니터링 간격: 1800초 (30분)
[2025-10-17 14:36:22] INFO: 
[50] 한화에어로스페이스 (012450) 모니터링 중...
[2025-10-17 14:36:22] INFO:   [현재가] 현재가: 916,000원
[2025-10-17 14:36:22] INFO:   [저가] 저가: 230,860원
[2025-10-17 14:36:22] INFO:   [고가] 고가: 212,602원
[2025-10-17 14:36:22] INFO:   [20일선] 20일선: 1,017,150원
[2025-10-17 14:36:22] INFO:   [1차매수선] 1차 매수선: 814,720원 (이격도: 12.4%)
[2025-10-17 14:36:22] INFO:   [2차매수선] 2차 매수선: 734,248원 (이격도: 24.8%)
[2025-10-17 14:36:22] INFO:   [3차매수선] 3차 매수선: 661,823원 (이격도: 38.4%)
[2025-10-17 14:36:22] INFO:   [간격] 다음 모니터링 간격: 1800초 (30분)
[2025-10-17 14:36:23] INFO: ✓ 텔레그램 전송 성공: me
[2025-10-17 14:36:24] INFO: ✓ 텔레그램 전송 성공: yoonjoo
[2025-10-17 14:36:26] INFO: ✓ 텔레그램 전송 성공: minjeong
[2025-10-17 14:36:27] INFO: ✓ 텔레그램 전송 성공: jumeoni
[2025-10-17 14:36:27] INFO: 🎯🎯 한화에어로스페이스 (012450): 1차 매수 체결! 알람 전송
[2025-10-17 14:36:27] INFO: 
[51] 현대차 (005380) 모니터링 중...
[2025-10-17 14:36:27] INFO:   [현재가] 현재가: 242,500원
[2025-10-17 14:36:27] INFO:   [저가] 저가: 1,513,157원
[2025-10-17 14:36:27] INFO:   [고가] 고가: 366,801원
[2025-10-17 14:36:27] INFO:   [20일선] 20일선: 221,200원
[2025-10-17 14:36:27] INFO:   [1차매수선] 1차 매수선: 177,460원 (이격도: 36.7%)
[2025-10-17 14:36:27] INFO:   [2차매수선] 2차 매수선: 160,214원 (이격도: 51.4%)
[2025-10-17 14:36:27] INFO:   [3차매수선] 3차 매수선: 144,693원 (이격도: 67.6%)
[2025-10-17 14:36:27] INFO:   [간격] 다음 모니터링 간격: 1800초 (30분)
[2025-10-17 14:36:27] INFO: 
[52] 한화시스템 (272210) 모니터링 중...
[2025-10-17 14:36:28] INFO:   [현재가] 현재가: 51,450원
[2025-10-17 14:36:28] INFO:   [저가] 저가: 1,520,252원
[2025-10-17 14:36:28] INFO:   [고가] 고가: 78,885원
[2025-10-17 14:36:28] INFO:   [20일선] 20일선: 57,145원
[2025-10-17 14:36:28] INFO:   [1차매수선] 1차 매수선: 45,766원 (이격도: 12.4%)
[2025-10-17 14:36:28] INFO:   [2차매수선] 2차 매수선: 41,239원 (이격도: 24.8%)
[2025-10-17 14:36:28] INFO:   [3차매수선] 3차 매수선: 37,165원 (이격도: 38.4%)
[2025-10-17 14:36:28] INFO:   [간격] 다음 모니터링 간격: 1800초 (30분)
[2025-10-17 14:36:28] INFO: 
[53] 한화솔루션 (009830) 모니터링 중...
[2025-10-17 14:36:29] INFO:   [현재가] 현재가: 29,750원
[2025-10-17 14:36:29] INFO:   [저가] 저가: 1,601,525원
[2025-10-17 14:36:29] INFO:   [고가] 고가: 47,567원
[2025-10-17 14:36:29] INFO:   [20일선] 20일선: 29,180원
[2025-10-17 14:36:29] INFO:   [1차매수선] 1차 매수선: 23,394원 (이격도: 27.2%)
[2025-10-17 14:36:29] INFO:   [2차매수선] 2차 매수선: 21,105원 (이격도: 41.0%)
[2025-10-17 14:36:29] INFO:   [3차매수선] 3차 매수선: 19,044원 (이격도: 56.2%)
[2025-10-17 14:36:29] INFO:   [간격] 다음 모니터링 간격: 1800초 (30분)
[2025-10-17 14:36:29] INFO: 
[54] 삼성전기 (009150) 모니터링 중...
[2025-10-17 14:36:29] INFO:   [현재가] 현재가: 208,000원
[2025-10-17 14:36:29] INFO:   [저가] 저가: 687,421원
[2025-10-17 14:36:29] INFO:   [고가] 고가: 141,069원
[2025-10-17 14:36:29] INFO:   [20일선] 20일선: 199,565원
[2025-10-17 14:36:29] INFO:   [1차매수선] 1차 매수선: 160,152원 (이격도: 29.9%)
[2025-10-17 14:36:29] INFO:   [2차매수선] 2차 매수선: 144,637원 (이격도: 43.8%)
[2025-10-17 14:36:29] INFO:   [3차매수선] 3차 매수선: 130,673원 (이격도: 59.2%)
[2025-10-17 14:36:29] INFO:   [간격] 다음 모니터링 간격: 1800초 (30분)
[2025-10-17 14:36:29] INFO: 
[55] 한화비전 (489790) 모니터링 중...
[2025-10-17 14:36:30] INFO:   [현재가] 현재가: 51,500원
[2025-10-17 14:36:30] INFO:   [저가] 저가: 580,258원
[2025-10-17 14:36:30] INFO:   [고가] 고가: 29,939원
[2025-10-17 14:36:30] INFO:   [20일선] 20일선: 55,485원
[2025-10-17 14:36:30] INFO:   [1차매수선] 1차 매수선: 44,438원 (이격도: 15.9%)
[2025-10-17 14:36:30] INFO:   [2차매수선] 2차 매수선: 40,044원 (이격도: 28.6%)
[2025-10-17 14:36:30] INFO:   [3차매수선] 3차 매수선: 36,090원 (이격도: 42.7%)
[2025-10-17 14:36:30] INFO:   [간격] 다음 모니터링 간격: 1800초 (30분)
[2025-10-17 14:36:30] INFO: 
[56] HD현대인프라코어 (042670) 모니터링 중...
[2025-10-17 14:36:31] INFO:   [현재가] 현재가: 14,790원
[2025-10-17 14:36:31] INFO:   [저가] 저가: 3,456,180원
[2025-10-17 14:36:31] INFO:   [고가] 고가: 52,936원
[2025-10-17 14:36:31] INFO:   [20일선] 20일선: 15,346원
[2025-10-17 14:36:31] INFO:   [1차매수선] 1차 매수선: 12,327원 (이격도: 20.0%)
[2025-10-17 14:36:31] INFO:   [2차매수선] 2차 매수선: 11,144원 (이격도: 32.7%)
[2025-10-17 14:36:31] INFO:   [3차매수선] 3차 매수선: 10,080원 (이격도: 46.7%)
[2025-10-17 14:36:31] INFO:   [간격] 다음 모니터링 간격: 1800초 (30분)
[2025-10-17 14:36:31] INFO: 
[57] 도우인시스 (484120) 모니터링 중...
[2025-10-17 14:36:32] INFO:   [현재가] 현재가: 30,500원
[2025-10-17 14:36:32] INFO:   [저가] 저가: 151,474원
[2025-10-17 14:36:32] INFO:   [고가] 고가: 4,589원
[2025-10-17 14:36:32] INFO:   [20일선] 20일선: 30,328원
[2025-10-17 14:36:32] INFO:   [1차매수선] 1차 매수선: 24,312원 (이격도: 25.5%)
[2025-10-17 14:36:32] INFO:   [2차매수선] 2차 매수선: 21,931원 (이격도: 39.1%)
[2025-10-17 14:36:32] INFO:   [3차매수선] 3차 매수선: 19,788원 (이격도: 54.1%)
[2025-10-17 14:36:32] INFO:   [간격] 다음 모니터링 간격: 1800초 (30분)
[2025-10-17 14:36:32] INFO: 
[58] KBI동양철관 (008970) 모니터링 중...
[2025-10-17 14:36:32] INFO:   [현재가] 현재가: 2,615원
[2025-10-17 14:36:32] INFO:   [저가] 저가: 4,410,752원
[2025-10-17 14:36:32] INFO:   [고가] 고가: 11,815원
[2025-10-17 14:36:32] INFO:   [20일선] 20일선: 2,609원
[2025-10-17 14:36:32] INFO:   [1차매수선] 1차 매수선: 2,092원 (이격도: 25.0%)
[2025-10-17 14:36:32] INFO:   [2차매수선] 2차 매수선: 1,888원 (이격도: 38.5%)
[2025-10-17 14:36:32] INFO:   [3차매수선] 3차 매수선: 1,704원 (이격도: 53.4%)
[2025-10-17 14:36:32] INFO:   [간격] 다음 모니터링 간격: 1800초 (30분)
[2025-10-17 14:36:32] INFO: 
[59] YG PLUS (037270) 모니터링 중...
[2025-10-17 14:36:33] INFO:   [현재가] 현재가: 6,570원
[2025-10-17 14:36:33] INFO:   [저가] 저가: 720,041원
[2025-10-17 14:36:33] INFO:   [고가] 고가: 4,741원
[2025-10-17 14:36:33] INFO:   [20일선] 20일선: 7,696원
[2025-10-17 14:36:33] INFO:   [1차매수선] 1차 매수선: 6,167원 (이격도: 6.5%)
[2025-10-17 14:36:33] INFO:   [2차매수선] 2차 매수선: 5,560원 (이격도: 18.2%)
[2025-10-17 14:36:33] INFO:   [3차매수선] 3차 매수선: 5,014원 (이격도: 31.0%)
[2025-10-17 14:36:33] INFO:   [간격] 다음 모니터링 간격: 600초 (10분)
[2025-10-17 14:36:33] INFO: 
[60] 포스코퓨처엠 (003670) 모니터링 중...
[2025-10-17 14:36:34] INFO:   [현재가] 현재가: 194,600원
[2025-10-17 14:36:34] INFO:   [저가] 저가: 2,214,439원
[2025-10-17 14:36:34] INFO:   [고가] 고가: 432,285원
[2025-10-17 14:36:34] INFO:   [20일선] 20일선: 153,255원
[2025-10-17 14:36:34] INFO:   [1차매수선] 1차 매수선: 123,104원 (이격도: 58.1%)
[2025-10-17 14:36:34] INFO:   [2차매수선] 2차 매수선: 111,294원 (이격도: 74.9%)
[2025-10-17 14:36:34] INFO:   [3차매수선] 3차 매수선: 100,664원 (이격도: 93.3%)
[2025-10-17 14:36:34] INFO:   [간격] 다음 모니터링 간격: 1800초 (30분)
[2025-10-17 14:36:34] INFO: 
[61] 리가켐바이오 (141080) 모니터링 중...
[2025-10-17 14:36:35] INFO:   [현재가] 현재가: 131,700원
[2025-10-17 14:36:35] INFO:   [저가] 저가: 785,209원
[2025-10-17 14:36:35] INFO:   [고가] 고가: 105,041원
[2025-10-17 14:36:35] INFO:   [20일선] 20일선: 146,655원
[2025-10-17 14:36:35] INFO:   [1차매수선] 1차 매수선: 117,824원 (이격도: 11.8%)
[2025-10-17 14:36:35] INFO:   [2차매수선] 2차 매수선: 106,542원 (이격도: 23.6%)
[2025-10-17 14:36:35] INFO:   [3차매수선] 3차 매수선: 95,987원 (이격도: 37.2%)
[2025-10-17 14:36:35] INFO:   [간격] 다음 모니터링 간격: 1800초 (30분)
[2025-10-17 14:36:35] INFO: 
[62] 쿠콘 (294570) 모니터링 중...
[2025-10-17 14:36:35] INFO:   [현재가] 현재가: 37,650원
[2025-10-17 14:36:35] INFO:   [저가] 저가: 155,149원
[2025-10-17 14:36:35] INFO:   [고가] 고가: 5,829원
[2025-10-17 14:36:36] INFO:   [20일선] 20일선: 38,375원
[2025-10-17 14:36:36] INFO:   [1차매수선] 1차 매수선: 30,750원 (이격도: 22.4%)
[2025-10-17 14:36:36] INFO:   [2차매수선] 2차 매수선: 27,725원 (이격도: 35.8%)
[2025-10-17 14:36:36] INFO:   [3차매수선] 3차 매수선: 25,002원 (이격도: 50.6%)
[2025-10-17 14:36:36] INFO:   [간격] 다음 모니터링 간격: 1800초 (30분)
[2025-10-17 14:36:36] INFO: 
[63] 파인엠텍 (441270) 모니터링 중...
[2025-10-17 14:36:36] INFO:   [현재가] 현재가: 9,640원
[2025-10-17 14:36:36] INFO:   [저가] 저가: 477,673원
[2025-10-17 14:36:36] INFO:   [고가] 고가: 4,679원
[2025-10-17 14:36:36] INFO:   [20일선] 20일선: 10,976원
[2025-10-17 14:36:36] INFO:   [1차매수선] 1차 매수선: 8,791원 (이격도: 9.7%)
[2025-10-17 14:36:36] INFO:   [2차매수선] 2차 매수선: 7,922원 (이격도: 21.7%)
[2025-10-17 14:36:36] INFO:   [3차매수선] 3차 매수선: 7,140원 (이격도: 35.0%)
[2025-10-17 14:36:36] INFO:   [간격] 다음 모니터링 간격: 600초 (10분)
[2025-10-17 14:36:36] INFO: 
[64] SK스퀘어 (402340) 모니터링 중...
[2025-10-17 14:36:37] INFO:   [현재가] 현재가: 260,500원
[2025-10-17 14:36:37] INFO:   [저가] 저가: 530,965원
[2025-10-17 14:36:37] INFO:   [고가] 고가: 137,880원
[2025-10-17 14:36:37] INFO:   [20일선] 20일선: 224,095원
[2025-10-17 14:36:37] INFO:   [1차매수선] 1차 매수선: 179,776원 (이격도: 44.9%)
[2025-10-17 14:36:37] INFO:   [2차매수선] 2차 매수선: 162,298원 (이격도: 60.5%)
[2025-10-17 14:36:37] INFO:   [3차매수선] 3차 매수선: 146,569원 (이격도: 77.7%)
[2025-10-17 14:36:37] INFO:   [간격] 다음 모니터링 간격: 1800초 (30분)
[2025-10-17 14:36:37] INFO: 
[65] POSCO홀딩스 (005490) 모니터링 중...
[2025-10-17 14:36:38] INFO:   [현재가] 현재가: 293,500원
[2025-10-17 14:36:38] INFO:   [저가] 저가: 1,062,360원
[2025-10-17 14:36:38] INFO:   [고가] 고가: 312,209원
[2025-10-17 14:36:38] INFO:   [20일선] 20일선: 279,650원
[2025-10-17 14:36:38] INFO:   [1차매수선] 1차 매수선: 224,220원 (이격도: 30.9%)
[2025-10-17 14:36:38] INFO:   [2차매수선] 2차 매수선: 202,298원 (이격도: 45.1%)
[2025-10-17 14:36:38] INFO:   [3차매수선] 3차 매수선: 182,568원 (이격도: 60.8%)
[2025-10-17 14:36:38] INFO:   [간격] 다음 모니터링 간격: 1800초 (30분)
[2025-10-17 14:36:38] INFO: 
[66] HD현대건설기계 (267270) 모니터링 중...
[2025-10-17 14:36:39] INFO:   [현재가] 현재가: 93,500원
[2025-10-17 14:36:39] INFO:   [저가] 저가: 123,458원
[2025-10-17 14:36:39] INFO:   [고가] 고가: 11,750원
[2025-10-17 14:36:39] INFO:   [20일선] 20일선: 95,305원
[2025-10-17 14:36:39] INFO:   [1차매수선] 1차 매수선: 76,344원 (이격도: 22.5%)
[2025-10-17 14:36:39] INFO:   [2차매수선] 2차 매수선: 68,810원 (이격도: 35.9%)
[2025-10-17 14:36:39] INFO:   [3차매수선] 3차 매수선: 62,029원 (이격도: 50.7%)
[2025-10-17 14:36:39] INFO:   [간격] 다음 모니터링 간격: 1800초 (30분)
[2025-10-17 14:36:39] INFO: 
[67] 한화 (000880) 모니터링 중...
[2025-10-17 14:36:40] INFO:   [현재가] 현재가: 83,000원
[2025-10-17 14:36:40] INFO:   [저가] 저가: 338,396원
[2025-10-17 14:36:40] INFO:   [고가] 고가: 28,244원
[2025-10-17 14:36:41] INFO:   [20일선] 20일선: 86,190원
[2025-10-17 14:36:41] INFO:   [1차매수선] 1차 매수선: 69,052원 (이격도: 20.2%)
[2025-10-17 14:36:41] INFO:   [2차매수선] 2차 매수선: 62,247원 (이격도: 33.3%)
[2025-10-17 14:36:41] INFO:   [3차매수선] 3차 매수선: 56,122원 (이격도: 47.9%)
[2025-10-17 14:36:41] INFO:   [간격] 다음 모니터링 간격: 1800초 (30분)
[2025-10-17 14:36:41] INFO: 
[68] SK (034730) 모니터링 중...
[2025-10-17 14:36:41] INFO:   [현재가] 현재가: 219,500원
[2025-10-17 14:36:41] INFO:   [저가] 저가: 493,847원
[2025-10-17 14:36:41] INFO:   [고가] 고가: 109,362원
[2025-10-17 14:36:41] INFO:   [20일선] 20일선: 219,800원
[2025-10-17 14:36:41] INFO:   [1차매수선] 1차 매수선: 176,340원 (이격도: 24.5%)
[2025-10-17 14:36:41] INFO:   [2차매수선] 2차 매수선: 159,206원 (이격도: 37.9%)
[2025-10-17 14:36:41] INFO:   [3차매수선] 3차 매수선: 143,785원 (이격도: 52.7%)
[2025-10-17 14:36:41] INFO:   [간격] 다음 모니터링 간격: 1800초 (30분)
[2025-10-17 14:36:41] INFO: 
[69] SK이노베이션 (096770) 모니터링 중...
[2025-10-17 14:36:42] INFO:   [현재가] 현재가: 116,100원
[2025-10-17 14:36:42] INFO:   [저가] 저가: 889,772원
[2025-10-17 14:36:42] INFO:   [고가] 고가: 103,885원
[2025-10-17 14:36:42] INFO:   [20일선] 20일선: 105,640원
[2025-10-17 14:36:42] INFO:   [1차매수선] 1차 매수선: 84,612원 (이격도: 37.2%)
[2025-10-17 14:36:42] INFO:   [2차매수선] 2차 매수선: 76,251원 (이격도: 52.3%)
[2025-10-17 14:36:42] INFO:   [3차매수선] 3차 매수선: 68,726원 (이격도: 68.9%)
[2025-10-17 14:36:42] INFO:   [간격] 다음 모니터링 간격: 1800초 (30분)
[2025-10-17 14:36:42] INFO: 
================================================================================
[2025-10-17 14:36:42] INFO: [OK] 동적 모니터링 사이클 완료
[2025-10-17 14:36:42] INFO:   전체 종목: 69개
[2025-10-17 14:36:42] INFO:   체크한 종목: 69개
[2025-10-17 14:36:42] INFO:   전송 알람: 5개
[2025-10-17 14:36:42] INFO: ================================================================================
[2025-10-17 14:36:42] INFO: 
[간격] 60초 후 다음 사이클 실행...
[2025-10-17 14:36:42] INFO:    종료하려면 Ctrl+C를 누르세요.
[2025-10-17 14:37:42] INFO: 
================================================================================
[2025-10-17 14:37:42] INFO: [사이클 2] 2025-10-17 14:37:42
[2025-10-17 14:37:42] INFO: ================================================================================
[2025-10-17 14:37:42] INFO: [OK] Summary 탭에서 69개 종목 로드
[2025-10-17 14:37:42] INFO: 
================================================================================
[2025-10-17 14:37:42] INFO: [OK] 동적 모니터링 사이클 완료
[2025-10-17 14:37:42] INFO:   전체 종목: 69개
[2025-10-17 14:37:42] INFO:   체크한 종목: 0개
[2025-10-17 14:37:42] INFO:   전송 알람: 0개
[2025-10-17 14:37:42] INFO: ================================================================================
[2025-10-17 14:37:42] INFO: 
[간격] 60초 후 다음 사이클 실행...
[2025-10-17 14:37:42] INFO:    종료하려면 Ctrl+C를 누르세요.
[2025-10-17 14:38:42] INFO: 
================================================================================
[2025-10-17 14:38:42] INFO: [사이클 3] 2025-10-17 14:38:42
[2025-10-17 14:38:42] INFO: ================================================================================
[2025-10-17 14:38:42] INFO: [OK] Summary 탭에서 69개 종목 로드
[2025-10-17 14:38:42] INFO: 
[1] 일동제약 (249420) 모니터링 중...
[2025-10-17 14:38:43] INFO:   [현재가] 현재가: 21,550원
[2025-10-17 14:38:43] INFO:   [저가] 저가: 1,375,073원
[2025-10-17 14:38:43] INFO:   [고가] 고가: 30,373원
[2025-10-17 14:38:43] INFO:   [20일선] 20일선: 26,525원
[2025-10-17 14:38:43] INFO:   [1차매수선] 1차 매수선: 21,270원 (이격도: 1.3%)
[2025-10-17 14:38:43] INFO:   [2차매수선] 2차 매수선: 19,193원 (이격도: 12.3%)
[2025-10-17 14:38:43] INFO:   [3차매수선] 3차 매수선: 17,324원 (이격도: 24.4%)
[2025-10-17 14:38:43] INFO:   [간격] 다음 모니터링 간격: 180초 (3분)
[2025-10-17 14:38:43] INFO: 
[2] 지투지바이오 (456160) 모니터링 중...
[2025-10-17 14:38:43] INFO:   [현재가] 현재가: 168,200원
[2025-10-17 14:38:43] INFO:   [저가] 저가: 360,863원
[2025-10-17 14:38:43] INFO:   [고가] 고가: 62,347원
[2025-10-17 14:38:44] INFO:   [20일선] 20일선: 203,765원
[2025-10-17 14:38:44] INFO:   [1차매수선] 1차 매수선: 163,512원 (이격도: 2.9%)
[2025-10-17 14:38:44] INFO:   [2차매수선] 2차 매수선: 147,661원 (이격도: 13.9%)
[2025-10-17 14:38:44] INFO:   [3차매수선] 3차 매수선: 133,395원 (이격도: 26.1%)
[2025-10-17 14:38:44] INFO:   [간격] 다음 모니터링 간격: 600초 (10분)
[2025-10-17 14:38:44] INFO: 
================================================================================
[2025-10-17 14:38:44] INFO: [OK] 동적 모니터링 사이클 완료
[2025-10-17 14:38:44] INFO:   전체 종목: 69개
[2025-10-17 14:38:44] INFO:   체크한 종목: 2개
[2025-10-17 14:38:44] INFO:   전송 알람: 0개
[2025-10-17 14:38:44] INFO: ================================================================================
[2025-10-17 14:38:44] INFO: 
[간격] 60초 후 다음 사이클 실행...
[2025-10-17 14:38:44] INFO:    종료하려면 Ctrl+C를 누르세요.
[2025-10-17 14:39:44] INFO: 
================================================================================
[2025-10-17 14:39:44] INFO: [사이클 4] 2025-10-17 14:39:44
[2025-10-17 14:39:44] INFO: ================================================================================
[2025-10-17 14:39:44] INFO: [OK] Summary 탭에서 69개 종목 로드
[2025-10-17 14:39:44] INFO: 
================================================================================
[2025-10-17 14:39:44] INFO: [OK] 동적 모니터링 사이클 완료
[2025-10-17 14:39:44] INFO:   전체 종목: 69개
[2025-10-17 14:39:44] INFO:   체크한 종목: 0개
[2025-10-17 14:39:44] INFO:   전송 알람: 0개
[2025-10-17 14:39:44] INFO: ================================================================================
[2025-10-17 14:39:44] INFO: 
[간격] 60초 후 다음 사이클 실행...
[2025-10-17 14:39:44] INFO:    종료하려면 Ctrl+C를 누르세요.
[2025-10-17 14:40:44] INFO: 
================================================================================
[2025-10-17 14:40:44] INFO: [사이클 5] 2025-10-17 14:40:44
[2025-10-17 14:40:44] INFO: ================================================================================
[2025-10-17 14:40:44] INFO: [OK] Summary 탭에서 69개 종목 로드
[2025-10-17 14:40:44] INFO: 
================================================================================
[2025-10-17 14:40:44] INFO: [OK] 동적 모니터링 사이클 완료
[2025-10-17 14:40:44] INFO:   전체 종목: 69개
[2025-10-17 14:40:44] INFO:   체크한 종목: 0개
[2025-10-17 14:40:44] INFO:   전송 알람: 0개
[2025-10-17 14:40:44] INFO: ================================================================================
[2025-10-17 14:40:44] INFO: 
[간격] 60초 후 다음 사이클 실행...
[2025-10-17 14:40:44] INFO:    종료하려면 Ctrl+C를 누르세요.
[2025-10-17 14:41:44] INFO: 
================================================================================
[2025-10-17 14:41:44] INFO: [사이클 6] 2025-10-17 14:41:44
[2025-10-17 14:41:44] INFO: ================================================================================
[2025-10-17 14:41:44] INFO: [OK] Summary 탭에서 69개 종목 로드
[2025-10-17 14:41:44] INFO: 
[1] 일동제약 (249420) 모니터링 중...
[2025-10-17 14:41:44] INFO:   [현재가] 현재가: 21,550원
[2025-10-17 14:41:44] INFO:   [저가] 저가: 1,385,397원
[2025-10-17 14:41:44] INFO:   [고가] 고가: 30,595원
[2025-10-17 14:41:44] INFO:   [20일선] 20일선: 26,525원
[2025-10-17 14:41:44] INFO:   [1차매수선] 1차 매수선: 21,270원 (이격도: 1.3%)
[2025-10-17 14:41:44] INFO:   [2차매수선] 2차 매수선: 19,193원 (이격도: 12.3%)
[2025-10-17 14:41:44] INFO:   [3차매수선] 3차 매수선: 17,324원 (이격도: 24.4%)
[2025-10-17 14:41:44] INFO:   [간격] 다음 모니터링 간격: 180초 (3분)
[2025-10-17 14:41:44] INFO: 
================================================================================
[2025-10-17 14:41:44] INFO: [OK] 동적 모니터링 사이클 완료
[2025-10-17 14:41:44] INFO:   전체 종목: 69개
[2025-10-17 14:41:44] INFO:   체크한 종목: 1개
[2025-10-17 14:41:44] INFO:   전송 알람: 0개
[2025-10-17 14:41:44] INFO: ================================================================================
[2025-10-17 14:41:44] INFO: 
[간격] 60초 후 다음 사이클 실행...
[2025-10-17 14:41:44] INFO:    종료하려면 Ctrl+C를 누르세요.
[2025-10-17 14:42:44] INFO: 
================================================================================
[2025-10-17 14:42:44] INFO: [사이클 7] 2025-10-17 14:42:44
[2025-10-17 14:42:44] INFO: ================================================================================
[2025-10-17 14:42:44] INFO: [OK] Summary 탭에서 69개 종목 로드
[2025-10-17 14:42:44] INFO: 
================================================================================
[2025-10-17 14:42:44] INFO: [OK] 동적 모니터링 사이클 완료
[2025-10-17 14:42:44] INFO:   전체 종목: 69개
[2025-10-17 14:42:44] INFO:   체크한 종목: 0개
[2025-10-17 14:42:44] INFO:   전송 알람: 0개
[2025-10-17 14:42:44] INFO: ================================================================================
[2025-10-17 14:42:44] INFO: 
[간격] 60초 후 다음 사이클 실행...
[2025-10-17 14:42:44] INFO:    종료하려면 Ctrl+C를 누르세요.
[2025-10-17 14:43:44] INFO: 
================================================================================
[2025-10-17 14:43:44] INFO: [사이클 8] 2025-10-17 14:43:44
[2025-10-17 14:43:44] INFO: ================================================================================
[2025-10-17 14:43:44] INFO: [OK] Summary 탭에서 69개 종목 로드
[2025-10-17 14:43:44] INFO: 
================================================================================
[2025-10-17 14:43:44] INFO: [OK] 동적 모니터링 사이클 완료
[2025-10-17 14:43:44] INFO:   전체 종목: 69개
[2025-10-17 14:43:44] INFO:   체크한 종목: 0개
[2025-10-17 14:43:44] INFO:   전송 알람: 0개
[2025-10-17 14:43:44] INFO: ================================================================================
[2025-10-17 14:43:44] INFO: 
[간격] 60초 후 다음 사이클 실행...
[2025-10-17 14:43:44] INFO:    종료하려면 Ctrl+C를 누르세요.
[2025-10-17 14:44:44] INFO: 
================================================================================
[2025-10-17 14:44:44] INFO: [사이클 9] 2025-10-17 14:44:44
[2025-10-17 14:44:44] INFO: ================================================================================
[2025-10-17 14:44:44] INFO: [OK] Summary 탭에서 69개 종목 로드
[2025-10-17 14:44:44] INFO: 
[1] 일동제약 (249420) 모니터링 중...
[2025-10-17 14:44:44] INFO:   [현재가] 현재가: 21,600원
[2025-10-17 14:44:44] INFO:   [저가] 저가: 1,394,437원
[2025-10-17 14:44:44] INFO:   [고가] 고가: 30,790원
[2025-10-17 14:44:44] INFO:   [20일선] 20일선: 26,530원
[2025-10-17 14:44:44] INFO:   [1차매수선] 1차 매수선: 21,274원 (이격도: 1.5%)
[2025-10-17 14:44:44] INFO:   [2차매수선] 2차 매수선: 19,197원 (이격도: 12.5%)
[2025-10-17 14:44:44] INFO:   [3차매수선] 3차 매수선: 17,327원 (이격도: 24.7%)
[2025-10-17 14:44:44] INFO:   [간격] 다음 모니터링 간격: 180초 (3분)
[2025-10-17 14:44:44] INFO: 
================================================================================
[2025-10-17 14:44:44] INFO: [OK] 동적 모니터링 사이클 완료
[2025-10-17 14:44:44] INFO:   전체 종목: 69개
[2025-10-17 14:44:44] INFO:   체크한 종목: 1개
[2025-10-17 14:44:44] INFO:   전송 알람: 0개
[2025-10-17 14:44:44] INFO: ================================================================================
[2025-10-17 14:44:44] INFO: 
[간격] 60초 후 다음 사이클 실행...
[2025-10-17 14:44:44] INFO:    종료하려면 Ctrl+C를 누르세요.
[2025-10-17 14:45:47] INFO: ================================================================================
[2025-10-17 14:45:47] INFO: 🔍 실시간 주식 모니터링 시작 (개선된 버전)
[2025-10-17 14:45:47] INFO: ⏰ 기본 모니터링 간격: 60초 (1분)
[2025-10-17 14:45:47] INFO: 📊 동적 간격: 1% 이내(1분), 3% 이내(3분), 10% 이내(10분)
[2025-10-17 14:45:47] INFO: 🎯 저가 기준 터치 감지 활성화
[2025-10-17 14:45:47] INFO: 🕐 모니터링 시간: 08:00-20:00
[2025-10-17 14:45:47] INFO: ================================================================================
[2025-10-17 14:45:47] INFO: 
================================================================================
[2025-10-17 14:45:47] INFO: [사이클 1] 2025-10-17 14:45:47
[2025-10-17 14:45:47] INFO: ================================================================================
[2025-10-17 14:45:47] INFO: ✓ 접근 토큰 발급 성공
[2025-10-17 14:45:48] INFO: [OK] Summary 탭에서 69개 종목 로드
[2025-10-17 14:45:48] INFO: 
[1] 삼성전자 (005930) 모니터링 중...
[2025-10-17 14:45:48] INFO: 🔍 005930 API 응답 키들: ['cur_prc', 'trde_qty', 'trde_prica', 'dt', 'open_pric', 'high_pric', 'low_pric', 'pred_pre', 'pred_pre_sig', 'trde_tern_rt']
[2025-10-17 14:45:48] INFO: 🔍 005930 각 키의 값들: {'cur_prc': '97800', 'trde_qty': '30565257', 'trde_prica': '2991003', 'dt': '20251017', 'open_pric': '97500', 'high_pric': '99100', 'low_pric': '94900', 'pred_pre': '+100', 'pred_pre_sig': '2', 'trde_tern_rt': '+0.52'}
[2025-10-17 14:45:48] INFO:   [현재가] 현재가: 97,800원
[2025-10-17 14:45:48] INFO:   [저가] 저가: 30,565,257원
[2025-10-17 14:45:48] INFO:   [고가] 고가: 2,991,003원
[2025-10-17 14:45:48] INFO:   [20일선] 20일선: 87,575원
[2025-10-17 14:45:48] INFO:   [1차매수선] 1차 매수선: 70,160원 (이격도: 39.4%)
[2025-10-17 14:45:48] INFO:   [2차매수선] 2차 매수선: 63,244원 (이격도: 54.6%)
[2025-10-17 14:45:48] INFO:   [3차매수선] 3차 매수선: 57,020원 (이격도: 71.5%)
[2025-10-17 14:45:48] INFO:   [간격] 다음 모니터링 간격: 1800초 (30분)
[2025-10-17 14:45:48] INFO: 
[2] SK하이닉스 (000660) 모니터링 중...
[2025-10-17 14:45:48] INFO: 🔍 000660 API 응답 키들: ['cur_prc', 'trde_qty', 'trde_prica', 'dt', 'open_pric', 'high_pric', 'low_pric', 'pred_pre', 'pred_pre_sig', 'trde_tern_rt']
[2025-10-17 14:45:48] INFO: 🔍 000660 각 키의 값들: {'cur_prc': '463500', 'trde_qty': '6091973', 'trde_prica': '2815334', 'dt': '20251017', 'open_pric': '452500', 'high_pric': '475000', 'low_pric': '443500', 'pred_pre': '+11000', 'pred_pre_sig': '2', 'trde_tern_rt': '+0.84'}
[2025-10-17 14:45:48] INFO:   [현재가] 현재가: 463,500원
[2025-10-17 14:45:48] INFO:   [저가] 저가: 6,091,973원
[2025-10-17 14:45:48] INFO:   [고가] 고가: 2,815,334원
[2025-10-17 14:45:49] INFO:   [20일선] 20일선: 382,900원
[2025-10-17 14:45:49] INFO:   [1차매수선] 1차 매수선: 306,820원 (이격도: 51.1%)
[2025-10-17 14:45:49] INFO:   [2차매수선] 2차 매수선: 276,638원 (이격도: 67.5%)
[2025-10-17 14:45:49] INFO:   [3차매수선] 3차 매수선: 249,474원 (이격도: 85.8%)
[2025-10-17 14:45:49] INFO:   [간격] 다음 모니터링 간격: 1800초 (30분)
[2025-10-17 14:45:49] INFO: 
[3] 두산에너빌리티 (034020) 모니터링 중...
[2025-10-17 14:45:49] INFO: 🔍 034020 API 응답 키들: ['cur_prc', 'trde_qty', 'trde_prica', 'dt', 'open_pric', 'high_pric', 'low_pric', 'pred_pre', 'pred_pre_sig', 'trde_tern_rt']
[2025-10-17 14:45:49] INFO: 🔍 034020 각 키의 값들: {'cur_prc': '80600', 'trde_qty': '12597817', 'trde_prica': '1031113', 'dt': '20251017', 'open_pric': '82000', 'high_pric': '83600', 'low_pric': '80600', 'pred_pre': '-3100', 'pred_pre_sig': '5', 'trde_tern_rt': '+1.97'}
[2025-10-17 14:45:49] INFO:   [현재가] 현재가: 80,600원
[2025-10-17 14:45:49] INFO:   [저가] 저가: 12,597,817원
[2025-10-17 14:45:49] INFO:   [고가] 고가: 1,031,113원
[2025-10-17 14:45:49] INFO:   [20일선] 20일선: 68,760원
[2025-10-17 14:45:49] INFO:   [1차매수선] 1차 매수선: 55,108원 (이격도: 46.3%)
[2025-10-17 14:45:49] INFO:   [2차매수선] 2차 매수선: 49,647원 (이격도: 62.3%)
[2025-10-17 14:45:49] INFO:   [3차매수선] 3차 매수선: 44,732원 (이격도: 80.2%)
[2025-10-17 14:45:49] INFO:   [간격] 다음 모니터링 간격: 1800초 (30분)
[2025-10-17 14:45:49] INFO: 
[4] NAVER (035420) 모니터링 중...
[2025-10-17 14:45:50] INFO: 🔍 035420 API 응답 키들: ['cur_prc', 'trde_qty', 'trde_prica', 'dt', 'open_pric', 'high_pric', 'low_pric', 'pred_pre', 'pred_pre_sig', 'trde_tern_rt']
[2025-10-17 14:45:50] INFO: 🔍 035420 각 키의 값들: {'cur_prc': '255000', 'trde_qty': '2015229', 'trde_prica': '517426', 'dt': '20251017', 'open_pric': '260000', 'high_pric': '262500', 'low_pric': '254500', 'pred_pre': '-5500', 'pred_pre_sig': '5', 'trde_tern_rt': '+1.28'}
[2025-10-17 14:45:50] INFO:   [현재가] 현재가: 255,000원
[2025-10-17 14:45:50] INFO:   [저가] 저가: 2,015,229원
[2025-10-17 14:45:50] INFO:   [고가] 고가: 517,426원
[2025-10-17 14:45:50] INFO:   [20일선] 20일선: 250,475원
[2025-10-17 14:45:50] INFO:   [1차매수선] 1차 매수선: 200,880원 (이격도: 26.9%)
[2025-10-17 14:45:50] INFO:   [2차매수선] 2차 매수선: 181,292원 (이격도: 40.7%)
[2025-10-17 14:45:50] INFO:   [3차매수선] 3차 매수선: 163,663원 (이격도: 55.8%)
[2025-10-17 14:45:50] INFO:   [간격] 다음 모니터링 간격: 1800초 (30분)
[2025-10-17 14:45:50] INFO: 
[5] 한미반도체 (042700) 모니터링 중...
[2025-10-17 14:45:51] INFO: 🔍 042700 API 응답 키들: ['cur_prc', 'trde_qty', 'trde_prica', 'dt', 'open_pric', 'high_pric', 'low_pric', 'pred_pre', 'pred_pre_sig', 'trde_tern_rt']
[2025-10-17 14:45:51] INFO: 🔍 042700 각 키의 값들: {'cur_prc': '142100', 'trde_qty': '3229229', 'trde_prica': '466092', 'dt': '20251017', 'open_pric': '146300', 'high_pric': '147900', 'low_pric': '140900', 'pred_pre': '-4400', 'pred_pre_sig': '5', 'trde_tern_rt': '+3.39'}
[2025-10-17 14:45:51] INFO:   [현재가] 현재가: 142,100원
[2025-10-17 14:45:51] INFO:   [저가] 저가: 3,229,229원
[2025-10-17 14:45:51] INFO:   [고가] 고가: 466,092원
[2025-10-17 14:45:51] INFO:   [20일선] 20일선: 108,665원
[2025-10-17 14:45:51] INFO:   [1차매수선] 1차 매수선: 87,032원 (이격도: 63.3%)
[2025-10-17 14:45:51] INFO:   [2차매수선] 2차 매수선: 78,429원 (이격도: 81.2%)
[2025-10-17 14:45:51] INFO:   [3차매수선] 3차 매수선: 70,686원 (이격도: 101.0%)
[2025-10-17 14:45:51] INFO:   [간격] 다음 모니터링 간격: 1800초 (30분)
[2025-10-17 14:45:51] INFO: 
[6] 에코프로비엠 (247540) 모니터링 중...
[2025-10-17 14:45:52] INFO: 🔍 247540 API 응답 키들: ['cur_prc', 'trde_qty', 'trde_prica', 'dt', 'open_pric', 'high_pric', 'low_pric', 'pred_pre', 'pred_pre_sig', 'trde_tern_rt']
[2025-10-17 14:45:52] INFO: 🔍 247540 각 키의 값들: {'cur_prc': '161400', 'trde_qty': '8829100', 'trde_prica': '1387565', 'dt': '20251017', 'open_pric': '143000', 'high_pric': '167400', 'low_pric': '138600', 'pred_pre': '+18400', 'pred_pre_sig': '2', 'trde_tern_rt': '+9.03'}
[2025-10-17 14:45:52] INFO:   [현재가] 현재가: 161,400원
[2025-10-17 14:45:52] INFO:   [저가] 저가: 8,829,100원
[2025-10-17 14:45:52] INFO:   [고가] 고가: 1,387,565원
[2025-10-17 14:45:52] INFO:   [20일선] 20일선: 123,765원
[2025-10-17 14:45:52] INFO:   [1차매수선] 1차 매수선: 99,112원 (이격도: 62.8%)
[2025-10-17 14:45:52] INFO:   [2차매수선] 2차 매수선: 89,301원 (이격도: 80.7%)
[2025-10-17 14:45:52] INFO:   [3차매수선] 3차 매수선: 80,471원 (이격도: 100.6%)
[2025-10-17 14:45:52] INFO:   [간격] 다음 모니터링 간격: 1800초 (30분)
[2025-10-17 14:45:52] INFO: 
[7] 삼성SDI (006400) 모니터링 중...
[2025-10-17 14:45:52] INFO: 🔍 006400 API 응답 키들: ['cur_prc', 'trde_qty', 'trde_prica', 'dt', 'open_pric', 'high_pric', 'low_pric', 'pred_pre', 'pred_pre_sig', 'trde_tern_rt']
[2025-10-17 14:45:52] INFO: 🔍 006400 각 키의 값들: {'cur_prc': '255000', 'trde_qty': '3628020', 'trde_prica': '901130', 'dt': '20251017', 'open_pric': '235000', 'high_pric': '259500', 'low_pric': '228000', 'pred_pre': '+19000', 'pred_pre_sig': '2', 'trde_tern_rt': '+4.50'}
[2025-10-17 14:45:52] INFO:   [현재가] 현재가: 255,000원
[2025-10-17 14:45:52] INFO:   [저가] 저가: 3,628,020원
[2025-10-17 14:45:52] INFO:   [고가] 고가: 901,130원
[2025-10-17 14:45:53] INFO:   [20일선] 20일선: 214,125원
[2025-10-17 14:45:53] INFO:   [1차매수선] 1차 매수선: 171,800원 (이격도: 48.4%)
[2025-10-17 14:45:53] INFO:   [2차매수선] 2차 매수선: 155,120원 (이격도: 64.4%)
[2025-10-17 14:45:53] INFO:   [3차매수선] 3차 매수선: 140,108원 (이격도: 82.0%)
[2025-10-17 14:45:53] INFO:   [간격] 다음 모니터링 간격: 1800초 (30분)
[2025-10-17 14:45:53] INFO: 
[8] 한라캐스트 (125490) 모니터링 중...
[2025-10-17 14:45:53] INFO: 🔍 125490 API 응답 키들: ['cur_prc', 'trde_qty', 'trde_prica', 'dt', 'open_pric', 'high_pric', 'low_pric', 'pred_pre', 'pred_pre_sig', 'trde_tern_rt']
[2025-10-17 14:45:53] INFO: 🔍 125490 각 키의 값들: {'cur_prc': '11120', 'trde_qty': '14757097', 'trde_prica': '171921', 'dt': '20251017', 'open_pric': '11300', 'high_pric': '12250', 'low_pric': '11050', 'pred_pre': '-410', 'pred_pre_sig': '5', 'trde_tern_rt': '+40.43'}
[2025-10-17 14:45:53] INFO:   [현재가] 현재가: 11,120원
[2025-10-17 14:45:53] INFO:   [저가] 저가: 14,757,097원
[2025-10-17 14:45:53] INFO:   [고가] 고가: 171,921원
[2025-10-17 14:45:53] INFO:   [20일선] 20일선: 8,736원
[2025-10-17 14:45:53] INFO:   [1차매수선] 1차 매수선: 6,998원 (이격도: 58.9%)
[2025-10-17 14:45:53] INFO:   [2차매수선] 2차 매수선: 6,309원 (이격도: 76.3%)
[2025-10-17 14:45:53] INFO:   [3차매수선] 3차 매수선: 5,688원 (이격도: 95.5%)
[2025-10-17 14:45:53] INFO:   [간격] 다음 모니터링 간격: 1800초 (30분)
[2025-10-17 14:45:53] INFO: 
[9] 에코프로 (086520) 모니터링 중...
[2025-10-17 14:45:54] INFO: 🔍 086520 API 응답 키들: ['cur_prc', 'trde_qty', 'trde_prica', 'dt', 'open_pric', 'high_pric', 'low_pric', 'pred_pre', 'pred_pre_sig', 'trde_tern_rt']
[2025-10-17 14:45:54] INFO: 🔍 086520 각 키의 값들: {'cur_prc': '72600', 'trde_qty': '23171122', 'trde_prica': '1583450', 'dt': '20251017', 'open_pric': '60600', 'high_pric': '73900', 'low_pric': '58600', 'pred_pre': '+14900', 'pred_pre_sig': '2', 'trde_tern_rt': '+17.07'}
[2025-10-17 14:45:54] INFO:   [현재가] 현재가: 72,600원
[2025-10-17 14:45:54] INFO:   [저가] 저가: 23,171,122원
[2025-10-17 14:45:54] INFO:   [고가] 고가: 1,583,450원
[2025-10-17 14:45:54] INFO:   [20일선] 20일선: 51,735원
[2025-10-17 14:45:54] INFO:   [1차매수선] 1차 매수선: 41,438원 (이격도: 75.2%)
[2025-10-17 14:45:54] INFO:   [2차매수선] 2차 매수선: 37,344원 (이격도: 94.4%)
[2025-10-17 14:45:54] INFO:   [3차매수선] 3차 매수선: 33,660원 (이격도: 115.7%)
[2025-10-17 14:45:54] INFO:   [간격] 다음 모니터링 간격: 1800초 (30분)
[2025-10-17 14:45:54] INFO: 
[10] 에코프로머티 (450080) 모니터링 중...
[2025-10-17 14:45:55] INFO: 🔍 450080 API 응답 키들: ['cur_prc', 'trde_qty', 'trde_prica', 'dt', 'open_pric', 'high_pric', 'low_pric', 'pred_pre', 'pred_pre_sig', 'trde_tern_rt']
[2025-10-17 14:45:55] INFO: 🔍 450080 각 키의 값들: {'cur_prc': '65700', 'trde_qty': '9505616', 'trde_prica': '624604', 'dt': '20251017', 'open_pric': '64300', 'high_pric': '69200', 'low_pric': '60900', 'pred_pre': '+2300', 'pred_pre_sig': '2', 'trde_tern_rt': '+13.59'}
[2025-10-17 14:45:55] INFO:   [현재가] 현재가: 65,700원
[2025-10-17 14:45:55] INFO:   [저가] 저가: 9,505,616원
[2025-10-17 14:45:55] INFO:   [고가] 고가: 624,604원
[2025-10-17 14:45:55] INFO:   [20일선] 20일선: 51,908원
[2025-10-17 14:45:55] INFO:   [1차매수선] 1차 매수선: 41,576원 (이격도: 58.0%)
[2025-10-17 14:45:55] INFO:   [2차매수선] 2차 매수선: 37,468원 (이격도: 75.3%)
[2025-10-17 14:45:55] INFO:   [3차매수선] 3차 매수선: 33,772원 (이격도: 94.5%)
[2025-10-17 14:45:55] INFO:   [간격] 다음 모니터링 간격: 1800초 (30분)
[2025-10-17 14:45:55] INFO: 
[11] LG에너지솔루션 (373220) 모니터링 중...
[2025-10-17 14:45:55] INFO: 🔍 373220 API 응답 키들: ['cur_prc', 'trde_qty', 'trde_prica', 'dt', 'open_pric', 'high_pric', 'low_pric', 'pred_pre', 'pred_pre_sig', 'trde_tern_rt']
[2025-10-17 14:45:55] INFO: 🔍 373220 각 키의 값들: {'cur_prc': '432000', 'trde_qty': '1287008', 'trde_prica': '553122', 'dt': '20251017', 'open_pric': '414500', 'high_pric': '443000', 'low_pric': '406500', 'pred_pre': '+11500', 'pred_pre_sig': '2', 'trde_tern_rt': '+0.55'}
[2025-10-17 14:45:55] INFO:   [현재가] 현재가: 432,000원
[2025-10-17 14:45:55] INFO:   [저가] 저가: 1,287,008원
[2025-10-17 14:45:55] INFO:   [고가] 고가: 553,122원
[2025-10-17 14:45:56] INFO:   [20일선] 20일선: 369,450원
[2025-10-17 14:45:56] INFO:   [1차매수선] 1차 매수선: 296,060원 (이격도: 45.9%)
[2025-10-17 14:45:56] INFO:   [2차매수선] 2차 매수선: 266,954원 (이격도: 61.8%)
[2025-10-17 14:45:56] INFO:   [3차매수선] 3차 매수선: 240,759원 (이격도: 79.4%)
[2025-10-17 14:45:56] INFO:   [간격] 다음 모니터링 간격: 1800초 (30분)
[2025-10-17 14:45:56] INFO: 
[12] 클로봇 (466100) 모니터링 중...
[2025-10-17 14:45:56] INFO: 🔍 466100 API 응답 키들: ['cur_prc', 'trde_qty', 'trde_prica', 'dt', 'open_pric', 'high_pric', 'low_pric', 'pred_pre', 'pred_pre_sig', 'trde_tern_rt']
[2025-10-17 14:45:56] INFO: 🔍 466100 각 키의 값들: {'cur_prc': '41450', 'trde_qty': '4514022', 'trde_prica': '194885', 'dt': '20251017', 'open_pric': '41650', 'high_pric': '45000', 'low_pric': '41450', 'pred_pre': '-1250', 'pred_pre_sig': '5', 'trde_tern_rt': '+18.23'}
[2025-10-17 14:45:56] INFO:   [현재가] 현재가: 41,450원
[2025-10-17 14:45:56] INFO:   [저가] 저가: 4,514,022원
[2025-10-17 14:45:56] INFO:   [고가] 고가: 194,885원
[2025-10-17 14:45:56] INFO:   [20일선] 20일선: 32,985원
[2025-10-17 14:45:56] INFO:   [1차매수선] 1차 매수선: 26,438원 (이격도: 56.8%)
[2025-10-17 14:45:56] INFO:   [2차매수선] 2차 매수선: 23,844원 (이격도: 73.8%)
[2025-10-17 14:45:56] INFO:   [3차매수선] 3차 매수선: 21,510원 (이격도: 92.7%)
[2025-10-17 14:45:56] INFO:   [간격] 다음 모니터링 간격: 1800초 (30분)
[2025-10-17 14:45:56] INFO: 
[13] 로보티즈 (108490) 모니터링 중...
[2025-10-17 14:45:57] INFO: 🔍 108490 API 응답 키들: ['cur_prc', 'trde_qty', 'trde_prica', 'dt', 'open_pric', 'high_pric', 'low_pric', 'pred_pre', 'pred_pre_sig', 'trde_tern_rt']
[2025-10-17 14:45:57] INFO: 🔍 108490 각 키의 값들: {'cur_prc': '191700', 'trde_qty': '863011', 'trde_prica': '170103', 'dt': '20251017', 'open_pric': '195600', 'high_pric': '202500', 'low_pric': '191600', 'pred_pre': '-4700', 'pred_pre_sig': '5', 'trde_tern_rt': '+6.53'}
[2025-10-17 14:45:57] INFO:   [현재가] 현재가: 191,700원
[2025-10-17 14:45:57] INFO:   [저가] 저가: 863,011원
[2025-10-17 14:45:57] INFO:   [고가] 고가: 170,103원
[2025-10-17 14:45:57] INFO:   [20일선] 20일선: 157,970원
[2025-10-17 14:45:57] INFO:   [1차매수선] 1차 매수선: 126,876원 (이격도: 51.1%)
[2025-10-17 14:45:57] INFO:   [2차매수선] 2차 매수선: 114,688원 (이격도: 67.1%)
[2025-10-17 14:45:57] INFO:   [3차매수선] 3차 매수선: 103,720원 (이격도: 84.8%)
[2025-10-17 14:45:57] INFO:   [간격] 다음 모니터링 간격: 1800초 (30분)
[2025-10-17 14:45:57] INFO: 
[14] 삼성전자우 (005935) 모니터링 중...
[2025-10-17 14:45:58] INFO: 🔍 005935 API 응답 키들: ['cur_prc', 'trde_qty', 'trde_prica', 'dt', 'open_pric', 'high_pric', 'low_pric', 'pred_pre', 'pred_pre_sig', 'trde_tern_rt']
[2025-10-17 14:45:58] INFO: 🔍 005935 각 키의 값들: {'cur_prc': '75000', 'trde_qty': '2958907', 'trde_prica': '222277', 'dt': '20251017', 'open_pric': '74800', 'high_pric': '76000', 'low_pric': '74400', 'pred_pre': '+100', 'pred_pre_sig': '2', 'trde_tern_rt': '+0.36'}
[2025-10-17 14:45:58] INFO:   [현재가] 현재가: 75,000원
[2025-10-17 14:45:58] INFO:   [저가] 저가: 2,958,907원
[2025-10-17 14:45:58] INFO:   [고가] 고가: 222,277원
[2025-10-17 14:45:58] INFO:   [20일선] 20일선: 68,940원
[2025-10-17 14:45:58] INFO:   [1차매수선] 1차 매수선: 55,252원 (이격도: 35.7%)
[2025-10-17 14:45:58] INFO:   [2차매수선] 2차 매수선: 49,777원 (이격도: 50.7%)
[2025-10-17 14:45:58] INFO:   [3차매수선] 3차 매수선: 44,849원 (이격도: 67.2%)
[2025-10-17 14:45:58] INFO:   [간격] 다음 모니터링 간격: 1800초 (30분)
[2025-10-17 14:45:58] INFO: 
[15] 일동제약 (249420) 모니터링 중...
[2025-10-17 14:45:58] INFO: 🔍 249420 API 응답 키들: ['cur_prc', 'trde_qty', 'trde_prica', 'dt', 'open_pric', 'high_pric', 'low_pric', 'pred_pre', 'pred_pre_sig', 'trde_tern_rt']
[2025-10-17 14:45:58] INFO: 🔍 249420 각 키의 값들: {'cur_prc': '21600', 'trde_qty': '1397988', 'trde_prica': '30867', 'dt': '20251017', 'open_pric': '22800', 'high_pric': '22850', 'low_pric': '21500', 'pred_pre': '-1050', 'pred_pre_sig': '5', 'trde_tern_rt': '+4.42'}
[2025-10-17 14:45:58] INFO:   [현재가] 현재가: 21,600원
[2025-10-17 14:45:58] INFO:   [저가] 저가: 1,397,988원
[2025-10-17 14:45:58] INFO:   [고가] 고가: 30,867원
[2025-10-17 14:45:59] INFO:   [20일선] 20일선: 26,530원
[2025-10-17 14:45:59] INFO:   [1차매수선] 1차 매수선: 21,274원 (이격도: 1.5%)
[2025-10-17 14:45:59] INFO:   [2차매수선] 2차 매수선: 19,197원 (이격도: 12.5%)
[2025-10-17 14:45:59] INFO:   [3차매수선] 3차 매수선: 17,327원 (이격도: 24.7%)
[2025-10-17 14:45:59] INFO:   [간격] 다음 모니터링 간격: 180초 (3분)
[2025-10-17 14:45:59] INFO: 
[16] 우리기술투자 (041190) 모니터링 중...
[2025-10-17 14:45:59] INFO: 🔍 041190 API 응답 키들: ['cur_prc', 'trde_qty', 'trde_prica', 'dt', 'open_pric', 'high_pric', 'low_pric', 'pred_pre', 'pred_pre_sig', 'trde_tern_rt']
[2025-10-17 14:45:59] INFO: 🔍 041190 각 키의 값들: {'cur_prc': '9180', 'trde_qty': '5786134', 'trde_prica': '53997', 'dt': '20251017', 'open_pric': '9850', 'high_pric': '9870', 'low_pric': '9070', 'pred_pre': '-660', 'pred_pre_sig': '5', 'trde_tern_rt': '+6.89'}
[2025-10-17 14:45:59] INFO:   [현재가] 현재가: 9,180원
[2025-10-17 14:45:59] INFO:   [저가] 저가: 5,786,134원
[2025-10-17 14:45:59] INFO:   [고가] 고가: 53,997원
[2025-10-17 14:45:59] INFO:   [20일선] 20일선: 10,655원
[2025-10-17 14:45:59] INFO:   [1차매수선] 1차 매수선: 8,534원 (이격도: 7.6%)
[2025-10-17 14:45:59] INFO:   [2차매수선] 2차 매수선: 7,691원 (이격도: 19.4%)
[2025-10-17 14:45:59] INFO:   [3차매수선] 3차 매수선: 6,932원 (이격도: 32.4%)
[2025-10-17 14:45:59] INFO:   [간격] 다음 모니터링 간격: 600초 (10분)
[2025-10-17 14:45:59] INFO: 
[17] NHN KCP (060250) 모니터링 중...
[2025-10-17 14:46:00] INFO: 🔍 060250 API 응답 키들: ['cur_prc', 'trde_qty', 'trde_prica', 'dt', 'open_pric', 'high_pric', 'low_pric', 'pred_pre', 'pred_pre_sig', 'trde_tern_rt']
[2025-10-17 14:46:00] INFO: 🔍 060250 각 키의 값들: {'cur_prc': '16440', 'trde_qty': '1335374', 'trde_prica': '22459', 'dt': '20251017', 'open_pric': '17150', 'high_pric': '17290', 'low_pric': '16430', 'pred_pre': '-710', 'pred_pre_sig': '5', 'trde_tern_rt': '+3.33'}
[2025-10-17 14:46:00] INFO:   [현재가] 현재가: 16,440원
[2025-10-17 14:46:00] INFO:   [저가] 저가: 1,335,374원
[2025-10-17 14:46:00] INFO:   [고가] 고가: 22,459원
[2025-10-17 14:46:00] INFO:   [20일선] 20일선: 16,806원
[2025-10-17 14:46:00] INFO:   [1차매수선] 1차 매수선: 13,495원 (이격도: 21.8%)
[2025-10-17 14:46:00] INFO:   [2차매수선] 2차 매수선: 12,195원 (이격도: 34.8%)
[2025-10-17 14:46:00] INFO:   [3차매수선] 3차 매수선: 11,026원 (이격도: 49.1%)
[2025-10-17 14:46:00] INFO:   [간격] 다음 모니터링 간격: 1800초 (30분)
[2025-10-17 14:46:00] INFO: 
[18] 카카오 (035720) 모니터링 중...
[2025-10-17 14:46:01] INFO: 🔍 035720 API 응답 키들: ['cur_prc', 'trde_qty', 'trde_prica', 'dt', 'open_pric', 'high_pric', 'low_pric', 'pred_pre', 'pred_pre_sig', 'trde_tern_rt']
[2025-10-17 14:46:01] INFO: 🔍 035720 각 키의 값들: {'cur_prc': '58000', 'trde_qty': '3090370', 'trde_prica': '180772', 'dt': '20251017', 'open_pric': '58500', 'high_pric': '59500', 'low_pric': '57900', 'pred_pre': '-600', 'pred_pre_sig': '5', 'trde_tern_rt': '+0.70'}
[2025-10-17 14:46:01] INFO:   [현재가] 현재가: 58,000원
[2025-10-17 14:46:01] INFO:   [저가] 저가: 3,090,370원
[2025-10-17 14:46:01] INFO:   [고가] 고가: 180,772원
[2025-10-17 14:46:01] INFO:   [20일선] 20일선: 61,345원
[2025-10-17 14:46:01] INFO:   [1차매수선] 1차 매수선: 49,126원 (이격도: 18.1%)
[2025-10-17 14:46:01] INFO:   [2차매수선] 2차 매수선: 44,263원 (이격도: 31.0%)
[2025-10-17 14:46:01] INFO:   [3차매수선] 3차 매수선: 39,887원 (이격도: 45.4%)
[2025-10-17 14:46:01] INFO:   [간격] 다음 모니터링 간격: 1800초 (30분)
[2025-10-17 14:46:01] INFO: 
[19] 레인보우로보틱스 (277810) 모니터링 중...
[2025-10-17 14:46:01] INFO: 🔍 277810 API 응답 키들: ['cur_prc', 'trde_qty', 'trde_prica', 'dt', 'open_pric', 'high_pric', 'low_pric', 'pred_pre', 'pred_pre_sig', 'trde_tern_rt']
[2025-10-17 14:46:01] INFO: 🔍 277810 각 키의 값들: {'cur_prc': '332500', 'trde_qty': '377842', 'trde_prica': '127345', 'dt': '20251017', 'open_pric': '343000', 'high_pric': '347000', 'low_pric': '331000', 'pred_pre': '-11000', 'pred_pre_sig': '5', 'trde_tern_rt': '+1.95'}
[2025-10-17 14:46:01] INFO:   [현재가] 현재가: 332,500원
[2025-10-17 14:46:01] INFO:   [저가] 저가: 377,842원
[2025-10-17 14:46:01] INFO:   [고가] 고가: 127,345원
[2025-10-17 14:46:02] INFO:   [20일선] 20일선: 316,700원
[2025-10-17 14:46:02] INFO:   [1차매수선] 1차 매수선: 253,860원 (이격도: 31.0%)
[2025-10-17 14:46:02] INFO:   [2차매수선] 2차 매수선: 228,974원 (이격도: 45.2%)
[2025-10-17 14:46:02] INFO:   [3차매수선] 3차 매수선: 206,577원 (이격도: 61.0%)
[2025-10-17 14:46:02] INFO:   [간격] 다음 모니터링 간격: 1800초 (30분)
[2025-10-17 14:46:02] INFO: 
[20] 알테오젠 (196170) 모니터링 중...
[2025-10-17 14:46:02] INFO: 🔍 196170 API 응답 키들: ['cur_prc', 'trde_qty', 'trde_prica', 'dt', 'open_pric', 'high_pric', 'low_pric', 'pred_pre', 'pred_pre_sig', 'trde_tern_rt']
[2025-10-17 14:46:02] INFO: 🔍 196170 각 키의 값들: {'cur_prc': '434000', 'trde_qty': '643206', 'trde_prica': '281882', 'dt': '20251017', 'open_pric': '432000', 'high_pric': '448000', 'low_pric': '426000', 'pred_pre': '+2000', 'pred_pre_sig': '2', 'trde_tern_rt': '+1.20'}
[2025-10-17 14:46:02] INFO:   [현재가] 현재가: 434,000원
[2025-10-17 14:46:02] INFO:   [저가] 저가: 643,206원
[2025-10-17 14:46:02] INFO:   [고가] 고가: 281,882원
[2025-10-17 14:46:03] INFO:   [20일선] 20일선: 460,850원
[2025-10-17 14:46:03] INFO:   [1차매수선] 1차 매수선: 369,180원 (이격도: 17.6%)
[2025-10-17 14:46:03] INFO:   [2차매수선] 2차 매수선: 332,762원 (이격도: 30.4%)
[2025-10-17 14:46:03] INFO:   [3차매수선] 3차 매수선: 299,986원 (이격도: 44.7%)
[2025-10-17 14:46:03] INFO:   [간격] 다음 모니터링 간격: 1800초 (30분)
[2025-10-17 14:46:03] INFO: 
[21] 셀트리온 (068270) 모니터링 중...
[2025-10-17 14:46:03] INFO: 🔍 068270 API 응답 키들: ['cur_prc', 'trde_qty', 'trde_prica', 'dt', 'open_pric', 'high_pric', 'low_pric', 'pred_pre', 'pred_pre_sig', 'trde_tern_rt']
[2025-10-17 14:46:03] INFO: 🔍 068270 각 키의 값들: {'cur_prc': '175200', 'trde_qty': '579087', 'trde_prica': '101300', 'dt': '20251017', 'open_pric': '175900', 'high_pric': '176500', 'low_pric': '173050', 'pred_pre': '-800', 'pred_pre_sig': '5', 'trde_tern_rt': '+0.25'}
[2025-10-17 14:46:03] INFO:   [현재가] 현재가: 175,200원
[2025-10-17 14:46:03] INFO:   [저가] 저가: 579,087원
[2025-10-17 14:46:03] INFO:   [고가] 고가: 101,300원
[2025-10-17 14:46:04] INFO:   [20일선] 20일선: 173,840원
[2025-10-17 14:46:04] INFO:   [1차매수선] 1차 매수선: 139,572원 (이격도: 25.5%)
[2025-10-17 14:46:04] INFO:   [2차매수선] 2차 매수선: 126,115원 (이격도: 38.9%)
[2025-10-17 14:46:04] INFO:   [3차매수선] 3차 매수선: 114,003원 (이격도: 53.7%)
[2025-10-17 14:46:04] INFO:   [간격] 다음 모니터링 간격: 1800초 (30분)
[2025-10-17 14:46:04] INFO: 
[22] 디앤디파마텍 (347850) 모니터링 중...
[2025-10-17 14:46:04] INFO: 🔍 347850 API 응답 키들: ['cur_prc', 'trde_qty', 'trde_prica', 'dt', 'open_pric', 'high_pric', 'low_pric', 'pred_pre', 'pred_pre_sig', 'trde_tern_rt']
[2025-10-17 14:46:04] INFO: 🔍 347850 각 키의 값들: {'cur_prc': '160500', 'trde_qty': '414595', 'trde_prica': '68940', 'dt': '20251017', 'open_pric': '166600', 'high_pric': '172900', 'low_pric': '160000', 'pred_pre': '-7800', 'pred_pre_sig': '5', 'trde_tern_rt': '+3.82'}
[2025-10-17 14:46:04] INFO:   [현재가] 현재가: 160,500원
[2025-10-17 14:46:04] INFO:   [저가] 저가: 414,595원
[2025-10-17 14:46:04] INFO:   [고가] 고가: 68,940원
[2025-10-17 14:46:05] INFO:   [20일선] 20일선: 184,435원
[2025-10-17 14:46:05] INFO:   [1차매수선] 1차 매수선: 148,048원 (이격도: 8.4%)
[2025-10-17 14:46:05] INFO:   [2차매수선] 2차 매수선: 133,743원 (이격도: 20.0%)
[2025-10-17 14:46:05] INFO:   [3차매수선] 3차 매수선: 120,869원 (이격도: 32.8%)
[2025-10-17 14:46:05] INFO:   [간격] 다음 모니터링 간격: 600초 (10분)
[2025-10-17 14:46:05] INFO: 
[23] 삼천당제약 (000250) 모니터링 중...
[2025-10-17 14:46:05] INFO: 🔍 000250 API 응답 키들: ['cur_prc', 'trde_qty', 'trde_prica', 'dt', 'open_pric', 'high_pric', 'low_pric', 'pred_pre', 'pred_pre_sig', 'trde_tern_rt']
[2025-10-17 14:46:05] INFO: 🔍 000250 각 키의 값들: {'cur_prc': '199100', 'trde_qty': '261048', 'trde_prica': '52243', 'dt': '20251017', 'open_pric': '204500', 'high_pric': '204500', 'low_pric': '197000', 'pred_pre': '-6400', 'pred_pre_sig': '5', 'trde_tern_rt': '+1.11'}
[2025-10-17 14:46:05] INFO:   [현재가] 현재가: 199,100원
[2025-10-17 14:46:05] INFO:   [저가] 저가: 261,048원
[2025-10-17 14:46:05] INFO:   [고가] 고가: 52,243원
[2025-10-17 14:46:06] INFO:   [20일선] 20일선: 217,530원
[2025-10-17 14:46:06] INFO:   [1차매수선] 1차 매수선: 174,524원 (이격도: 14.1%)
[2025-10-17 14:46:06] INFO:   [2차매수선] 2차 매수선: 157,572원 (이격도: 26.4%)
[2025-10-17 14:46:06] INFO:   [3차매수선] 3차 매수선: 142,314원 (이격도: 39.9%)
[2025-10-17 14:46:06] INFO:   [간격] 다음 모니터링 간격: 1800초 (30분)
[2025-10-17 14:46:06] INFO: 
[24] 다날 (064260) 모니터링 중...
[2025-10-17 14:46:06] INFO: 🔍 064260 API 응답 키들: ['cur_prc', 'trde_qty', 'trde_prica', 'dt', 'open_pric', 'high_pric', 'low_pric', 'pred_pre', 'pred_pre_sig', 'trde_tern_rt']
[2025-10-17 14:46:06] INFO: 🔍 064260 각 키의 값들: {'cur_prc': '8980', 'trde_qty': '3282859', 'trde_prica': '30066', 'dt': '20251017', 'open_pric': '9250', 'high_pric': '9470', 'low_pric': '8970', 'pred_pre': '-370', 'pred_pre_sig': '5', 'trde_tern_rt': '+4.76'}
[2025-10-17 14:46:06] INFO:   [현재가] 현재가: 8,980원
[2025-10-17 14:46:06] INFO:   [저가] 저가: 3,282,859원
[2025-10-17 14:46:06] INFO:   [고가] 고가: 30,066원
[2025-10-17 14:46:06] INFO:   [20일선] 20일선: 9,770원
[2025-10-17 14:46:06] INFO:   [1차매수선] 1차 매수선: 7,826원 (이격도: 14.7%)
[2025-10-17 14:46:06] INFO:   [2차매수선] 2차 매수선: 7,054원 (이격도: 27.3%)
[2025-10-17 14:46:06] INFO:   [3차매수선] 3차 매수선: 6,358원 (이격도: 41.2%)
[2025-10-17 14:46:06] INFO:   [간격] 다음 모니터링 간격: 1800초 (30분)
[2025-10-17 14:46:06] INFO: 
[25] 현대로템 (064350) 모니터링 중...
[2025-10-17 14:46:07] INFO: 🔍 064350 API 응답 키들: ['cur_prc', 'trde_qty', 'trde_prica', 'dt', 'open_pric', 'high_pric', 'low_pric', 'pred_pre', 'pred_pre_sig', 'trde_tern_rt']
[2025-10-17 14:46:07] INFO: 🔍 064350 각 키의 값들: {'cur_prc': '202500', 'trde_qty': '757077', 'trde_prica': '154238', 'dt': '20251017', 'open_pric': '207000', 'high_pric': '209500', 'low_pric': '202000', 'pred_pre': '-4500', 'pred_pre_sig': '5', 'trde_tern_rt': '+0.69'}
[2025-10-17 14:46:07] INFO:   [현재가] 현재가: 202,500원
[2025-10-17 14:46:07] INFO:   [저가] 저가: 757,077원
[2025-10-17 14:46:07] INFO:   [고가] 고가: 154,238원
[2025-10-17 14:46:07] INFO:   [20일선] 20일선: 215,950원
[2025-10-17 14:46:07] INFO:   [1차매수선] 1차 매수선: 173,260원 (이격도: 16.9%)
[2025-10-17 14:46:07] INFO:   [2차매수선] 2차 매수선: 156,434원 (이격도: 29.4%)
[2025-10-17 14:46:07] INFO:   [3차매수선] 3차 매수선: 141,291원 (이격도: 43.3%)
[2025-10-17 14:46:07] INFO:   [간격] 다음 모니터링 간격: 1800초 (30분)
[2025-10-17 14:46:07] INFO: 
[26] 로보스타 (090360) 모니터링 중...
[2025-10-17 14:46:08] INFO: 🔍 090360 API 응답 키들: ['cur_prc', 'trde_qty', 'trde_prica', 'dt', 'open_pric', 'high_pric', 'low_pric', 'pred_pre', 'pred_pre_sig', 'trde_tern_rt']
[2025-10-17 14:46:08] INFO: 🔍 090360 각 키의 값들: {'cur_prc': '63900', 'trde_qty': '1426489', 'trde_prica': '95949', 'dt': '20251017', 'open_pric': '67400', 'high_pric': '70800', 'low_pric': '63900', 'pred_pre': '-6200', 'pred_pre_sig': '5', 'trde_tern_rt': '+14.63'}
[2025-10-17 14:46:08] INFO:   [현재가] 현재가: 63,900원
[2025-10-17 14:46:08] INFO:   [저가] 저가: 1,426,489원
[2025-10-17 14:46:08] INFO:   [고가] 고가: 95,949원
[2025-10-17 14:46:08] INFO:   [20일선] 20일선: 50,275원
[2025-10-17 14:46:08] INFO:   [1차매수선] 1차 매수선: 40,270원 (이격도: 58.7%)
[2025-10-17 14:46:08] INFO:   [2차매수선] 2차 매수선: 36,293원 (이격도: 76.1%)
[2025-10-17 14:46:08] INFO:   [3차매수선] 3차 매수선: 32,714원 (이격도: 95.3%)
[2025-10-17 14:46:08] INFO:   [간격] 다음 모니터링 간격: 1800초 (30분)
[2025-10-17 14:46:08] INFO: 
[27] 한국항공우주 (047810) 모니터링 중...
[2025-10-17 14:46:09] INFO: 🔍 047810 API 응답 키들: ['cur_prc', 'trde_qty', 'trde_prica', 'dt', 'open_pric', 'high_pric', 'low_pric', 'pred_pre', 'pred_pre_sig', 'trde_tern_rt']
[2025-10-17 14:46:09] INFO: 🔍 047810 각 키의 값들: {'cur_prc': '96100', 'trde_qty': '927714', 'trde_prica': '89543', 'dt': '20251017', 'open_pric': '98700', 'high_pric': '99600', 'low_pric': '95100', 'pred_pre': '-2600', 'pred_pre_sig': '5', 'trde_tern_rt': '+0.95'}
[2025-10-17 14:46:09] INFO:   [현재가] 현재가: 96,100원
[2025-10-17 14:46:09] INFO:   [저가] 저가: 927,714원
[2025-10-17 14:46:09] INFO:   [고가] 고가: 89,543원
[2025-10-17 14:46:10] INFO:   [20일선] 20일선: 104,870원
[2025-10-17 14:46:10] INFO:   [1차매수선] 1차 매수선: 83,996원 (이격도: 14.4%)
[2025-10-17 14:46:10] INFO:   [2차매수선] 2차 매수선: 75,696원 (이격도: 27.0%)
[2025-10-17 14:46:10] INFO:   [3차매수선] 3차 매수선: 68,227원 (이격도: 40.9%)
[2025-10-17 14:46:10] INFO:   [간격] 다음 모니터링 간격: 1800초 (30분)
[2025-10-17 14:46:10] INFO: 
[28] 한화오션 (042660) 모니터링 중...
[2025-10-17 14:46:10] INFO: 🔍 042660 API 응답 키들: ['cur_prc', 'trde_qty', 'trde_prica', 'dt', 'open_pric', 'high_pric', 'low_pric', 'pred_pre', 'pred_pre_sig', 'trde_tern_rt']
[2025-10-17 14:46:10] INFO: 🔍 042660 각 키의 값들: {'cur_prc': '106500', 'trde_qty': '6365192', 'trde_prica': '706009', 'dt': '20251017', 'open_pric': '110100', 'high_pric': '113700', 'low_pric': '105500', 'pred_pre': '-2600', 'pred_pre_sig': '5', 'trde_tern_rt': '+2.08'}
[2025-10-17 14:46:10] INFO:   [현재가] 현재가: 106,500원
[2025-10-17 14:46:10] INFO:   [저가] 저가: 6,365,192원
[2025-10-17 14:46:10] INFO:   [고가] 고가: 706,009원
[2025-10-17 14:46:10] INFO:   [20일선] 20일선: 109,100원
[2025-10-17 14:46:10] INFO:   [1차매수선] 1차 매수선: 87,380원 (이격도: 21.9%)
[2025-10-17 14:46:10] INFO:   [2차매수선] 2차 매수선: 78,742원 (이격도: 35.3%)
[2025-10-17 14:46:10] INFO:   [3차매수선] 3차 매수선: 70,968원 (이격도: 50.1%)
[2025-10-17 14:46:10] INFO:   [간격] 다음 모니터링 간격: 1800초 (30분)
[2025-10-17 14:46:10] INFO: 
[29] 지투지바이오 (456160) 모니터링 중...
[2025-10-17 14:46:11] INFO: 🔍 456160 API 응답 키들: ['cur_prc', 'trde_qty', 'trde_prica', 'dt', 'open_pric', 'high_pric', 'low_pric', 'pred_pre', 'pred_pre_sig', 'trde_tern_rt']
[2025-10-17 14:46:11] INFO: 🔍 456160 각 키의 값들: {'cur_prc': '167300', 'trde_qty': '366210', 'trde_prica': '63243', 'dt': '20251017', 'open_pric': '170000', 'high_pric': '179300', 'low_pric': '167300', 'pred_pre': '-4700', 'pred_pre_sig': '5', 'trde_tern_rt': '+6.76'}
[2025-10-17 14:46:11] INFO:   [현재가] 현재가: 167,300원
[2025-10-17 14:46:11] INFO:   [저가] 저가: 366,210원
[2025-10-17 14:46:11] INFO:   [고가] 고가: 63,243원
[2025-10-17 14:46:11] INFO:   [20일선] 20일선: 203,675원
[2025-10-17 14:46:11] INFO:   [1차매수선] 1차 매수선: 163,440원 (이격도: 2.4%)
[2025-10-17 14:46:11] INFO:   [2차매수선] 2차 매수선: 147,596원 (이격도: 13.3%)
[2025-10-17 14:46:11] INFO:   [3차매수선] 3차 매수선: 133,336원 (이격도: 25.5%)
[2025-10-17 14:46:11] INFO:   [간격] 다음 모니터링 간격: 180초 (3분)
[2025-10-17 14:46:11] INFO: 
[30] 농심 (004370) 모니터링 중...
[2025-10-17 14:46:12] INFO: 🔍 004370 API 응답 키들: ['cur_prc', 'trde_qty', 'trde_prica', 'dt', 'open_pric', 'high_pric', 'low_pric', 'pred_pre', 'pred_pre_sig', 'trde_tern_rt']
[2025-10-17 14:46:12] INFO: 🔍 004370 각 키의 값들: {'cur_prc': '429500', 'trde_qty': '51876', 'trde_prica': '22211', 'dt': '20251017', 'open_pric': '435000', 'high_pric': '435000', 'low_pric': '424000', 'pred_pre': '+2500', 'pred_pre_sig': '2', 'trde_tern_rt': '+0.85'}
[2025-10-17 14:46:12] INFO:   [현재가] 현재가: 429,500원
[2025-10-17 14:46:12] INFO:   [저가] 저가: 51,876원
[2025-10-17 14:46:12] INFO:   [고가] 고가: 22,211원
[2025-10-17 14:46:12] INFO:   [20일선] 20일선: 448,575원
[2025-10-17 14:46:12] INFO:   [1차매수선] 1차 매수선: 359,360원 (이격도: 19.5%)
[2025-10-17 14:46:12] INFO:   [2차매수선] 2차 매수선: 323,924원 (이격도: 32.6%)
[2025-10-17 14:46:12] INFO:   [3차매수선] 3차 매수선: 292,032원 (이격도: 47.1%)
[2025-10-17 14:46:12] INFO:   [간격] 다음 모니터링 간격: 1800초 (30분)
[2025-10-17 14:46:12] INFO: 
[31] SK오션플랜트 (100090) 모니터링 중...
[2025-10-17 14:46:13] INFO: 🔍 100090 API 응답 키들: ['cur_prc', 'trde_qty', 'trde_prica', 'dt', 'open_pric', 'high_pric', 'low_pric', 'pred_pre', 'pred_pre_sig', 'trde_tern_rt']
[2025-10-17 14:46:13] INFO: 🔍 100090 각 키의 값들: {'cur_prc': '21100', 'trde_qty': '1884433', 'trde_prica': '40290', 'dt': '20251017', 'open_pric': '22050', 'high_pric': '22500', 'low_pric': '20900', 'pred_pre': '-700', 'pred_pre_sig': '5', 'trde_tern_rt': '+3.02'}
[2025-10-17 14:46:13] INFO:   [현재가] 현재가: 21,100원
[2025-10-17 14:46:13] INFO:   [저가] 저가: 1,884,433원
[2025-10-17 14:46:13] INFO:   [고가] 고가: 40,290원
[2025-10-17 14:46:14] INFO:   [20일선] 20일선: 24,442원
[2025-10-17 14:46:14] INFO:   [1차매수선] 1차 매수선: 19,604원 (이격도: 7.6%)
[2025-10-17 14:46:14] INFO:   [2차매수선] 2차 매수선: 17,694원 (이격도: 19.3%)
[2025-10-17 14:46:14] INFO:   [3차매수선] 3차 매수선: 15,974원 (이격도: 32.1%)
[2025-10-17 14:46:14] INFO:   [간격] 다음 모니터링 간격: 600초 (10분)
[2025-10-17 14:46:14] INFO: 
[32] HJ중공업 (097230) 모니터링 중...
[2025-10-17 14:46:14] INFO: 🔍 097230 API 응답 키들: ['cur_prc', 'trde_qty', 'trde_prica', 'dt', 'open_pric', 'high_pric', 'low_pric', 'pred_pre', 'pred_pre_sig', 'trde_tern_rt']
[2025-10-17 14:46:14] INFO: 🔍 097230 각 키의 값들: {'cur_prc': '25300', 'trde_qty': '5146743', 'trde_prica': '135271', 'dt': '20251017', 'open_pric': '27100', 'high_pric': '27750', 'low_pric': '25100', 'pred_pre': '-850', 'pred_pre_sig': '5', 'trde_tern_rt': '+6.18'}
[2025-10-17 14:46:14] INFO:   [현재가] 현재가: 25,300원
[2025-10-17 14:46:14] INFO:   [저가] 저가: 5,146,743원
[2025-10-17 14:46:14] INFO:   [고가] 고가: 135,271원
[2025-10-17 14:46:14] INFO:   [20일선] 20일선: 27,332원
[2025-10-17 14:46:14] INFO:   [1차매수선] 1차 매수선: 21,916원 (이격도: 15.4%)
[2025-10-17 14:46:14] INFO:   [2차매수선] 2차 매수선: 19,774원 (이격도: 27.9%)
[2025-10-17 14:46:14] INFO:   [3차매수선] 3차 매수선: 17,847원 (이격도: 41.8%)
[2025-10-17 14:46:14] INFO:   [간격] 다음 모니터링 간격: 1800초 (30분)
[2025-10-17 14:46:14] INFO: 
[33] 세진중공업 (075580) 모니터링 중...
[2025-10-17 14:46:15] INFO: 🔍 075580 API 응답 키들: ['cur_prc', 'trde_qty', 'trde_prica', 'dt', 'open_pric', 'high_pric', 'low_pric', 'pred_pre', 'pred_pre_sig', 'trde_tern_rt']
[2025-10-17 14:46:15] INFO: 🔍 075580 각 키의 값들: {'cur_prc': '20200', 'trde_qty': '1497841', 'trde_prica': '31427', 'dt': '20251017', 'open_pric': '21700', 'high_pric': '22200', 'low_pric': '20050', 'pred_pre': '-950', 'pred_pre_sig': '5', 'trde_tern_rt': '+2.63'}
[2025-10-17 14:46:15] INFO:   [현재가] 현재가: 20,200원
[2025-10-17 14:46:15] INFO:   [저가] 저가: 1,497,841원
[2025-10-17 14:46:15] INFO:   [고가] 고가: 31,427원
[2025-10-17 14:46:16] INFO:   [20일선] 20일선: 21,384원
[2025-10-17 14:46:16] INFO:   [1차매수선] 1차 매수선: 17,158원 (이격도: 17.7%)
[2025-10-17 14:46:16] INFO:   [2차매수선] 2차 매수선: 15,492원 (이격도: 30.4%)
[2025-10-17 14:46:16] INFO:   [3차매수선] 3차 매수선: 13,993원 (이격도: 44.4%)
[2025-10-17 14:46:16] INFO:   [간격] 다음 모니터링 간격: 1800초 (30분)
[2025-10-17 14:46:16] INFO: 
[34] 엘앤씨바이오 (290650) 모니터링 중...
[2025-10-17 14:46:16] INFO: 🔍 290650 API 응답 키들: ['cur_prc', 'trde_qty', 'trde_prica', 'dt', 'open_pric', 'high_pric', 'low_pric', 'pred_pre', 'pred_pre_sig', 'trde_tern_rt']
[2025-10-17 14:46:16] INFO: 🔍 290650 각 키의 값들: {'cur_prc': '49150', 'trde_qty': '2414069', 'trde_prica': '128830', 'dt': '20251017', 'open_pric': '53200', 'high_pric': '57700', 'low_pric': '48900', 'pred_pre': '-3550', 'pred_pre_sig': '5', 'trde_tern_rt': '+9.81'}
[2025-10-17 14:46:16] INFO:   [현재가] 현재가: 49,150원
[2025-10-17 14:46:16] INFO:   [저가] 저가: 2,414,069원
[2025-10-17 14:46:16] INFO:   [고가] 고가: 128,830원
[2025-10-17 14:46:17] INFO:   [20일선] 20일선: 54,090원
[2025-10-17 14:46:17] INFO:   [1차매수선] 1차 매수선: 43,322원 (이격도: 13.5%)
[2025-10-17 14:46:17] INFO:   [2차매수선] 2차 매수선: 39,040원 (이격도: 25.9%)
[2025-10-17 14:46:17] INFO:   [3차매수선] 3차 매수선: 35,186원 (이격도: 39.7%)
[2025-10-17 14:46:17] INFO:   [간격] 다음 모니터링 간격: 1800초 (30분)
[2025-10-17 14:46:17] INFO: 
[35] 한화엔진 (082740) 모니터링 중...
[2025-10-17 14:46:17] INFO: 🔍 082740 API 응답 키들: ['cur_prc', 'trde_qty', 'trde_prica', 'dt', 'open_pric', 'high_pric', 'low_pric', 'pred_pre', 'pred_pre_sig', 'trde_tern_rt']
[2025-10-17 14:46:17] INFO: 🔍 082740 각 키의 값들: {'cur_prc': '46450', 'trde_qty': '1203127', 'trde_prica': '57214', 'dt': '20251017', 'open_pric': '49000', 'high_pric': '49250', 'low_pric': '46350', 'pred_pre': '-1300', 'pred_pre_sig': '5', 'trde_tern_rt': '+1.44'}
[2025-10-17 14:46:17] INFO:   [현재가] 현재가: 46,450원
[2025-10-17 14:46:17] INFO:   [저가] 저가: 1,203,127원
[2025-10-17 14:46:17] INFO:   [고가] 고가: 57,214원
[2025-10-17 14:46:18] INFO:   [20일선] 20일선: 45,090원
[2025-10-17 14:46:18] INFO:   [1차매수선] 1차 매수선: 36,122원 (이격도: 28.6%)
[2025-10-17 14:46:18] INFO:   [2차매수선] 2차 매수선: 32,560원 (이격도: 42.7%)
[2025-10-17 14:46:18] INFO:   [3차매수선] 3차 매수선: 29,354원 (이격도: 58.2%)
[2025-10-17 14:46:18] INFO:   [간격] 다음 모니터링 간격: 1800초 (30분)
[2025-10-17 14:46:18] INFO: 
[36] 현대힘스 (460930) 모니터링 중...
[2025-10-17 14:46:18] INFO: 🔍 460930 API 응답 키들: ['cur_prc', 'trde_qty', 'trde_prica', 'dt', 'open_pric', 'high_pric', 'low_pric', 'pred_pre', 'pred_pre_sig', 'trde_tern_rt']
[2025-10-17 14:46:18] INFO: 🔍 460930 각 키의 값들: {'cur_prc': '22575', 'trde_qty': '703506', 'trde_prica': '16136', 'dt': '20251017', 'open_pric': '23700', 'high_pric': '23900', 'low_pric': '22500', 'pred_pre': '-775', 'pred_pre_sig': '5', 'trde_tern_rt': '+1.98'}
[2025-10-17 14:46:18] INFO:   [현재가] 현재가: 22,575원
[2025-10-17 14:46:18] INFO:   [저가] 저가: 703,506원
[2025-10-17 14:46:18] INFO:   [고가] 고가: 16,136원
[2025-10-17 14:46:18] INFO:   [20일선] 20일선: 25,368원
[2025-10-17 14:46:18] INFO:   [1차매수선] 1차 매수선: 20,344원 (이격도: 11.0%)
[2025-10-17 14:46:18] INFO:   [2차매수선] 2차 매수선: 18,360원 (이격도: 23.0%)
[2025-10-17 14:46:18] INFO:   [3차매수선] 3차 매수선: 16,574원 (이격도: 36.2%)
[2025-10-17 14:46:18] INFO:   [간격] 다음 모니터링 간격: 1800초 (30분)
[2025-10-17 14:46:18] INFO: 
[37] HD한국조선해양 (009540) 모니터링 중...
[2025-10-17 14:46:19] INFO: 🔍 009540 API 응답 키들: ['cur_prc', 'trde_qty', 'trde_prica', 'dt', 'open_pric', 'high_pric', 'low_pric', 'pred_pre', 'pred_pre_sig', 'trde_tern_rt']
[2025-10-17 14:46:19] INFO: 🔍 009540 각 키의 값들: {'cur_prc': '421000', 'trde_qty': '167768', 'trde_prica': '71326', 'dt': '20251017', 'open_pric': '425000', 'high_pric': '434500', 'low_pric': '420500', 'pred_pre': '-1500', 'pred_pre_sig': '5', 'trde_tern_rt': '+0.24'}
[2025-10-17 14:46:19] INFO:   [현재가] 현재가: 421,000원
[2025-10-17 14:46:19] INFO:   [저가] 저가: 167,768원
[2025-10-17 14:46:19] INFO:   [고가] 고가: 71,326원
[2025-10-17 14:46:19] INFO:   [20일선] 20일선: 411,750원
[2025-10-17 14:46:19] INFO:   [1차매수선] 1차 매수선: 329,900원 (이격도: 27.6%)
[2025-10-17 14:46:19] INFO:   [2차매수선] 2차 매수선: 297,410원 (이격도: 41.6%)
[2025-10-17 14:46:19] INFO:   [3차매수선] 3차 매수선: 268,169원 (이격도: 57.0%)
[2025-10-17 14:46:19] INFO:   [간격] 다음 모니터링 간격: 1800초 (30분)
[2025-10-17 14:46:19] INFO: 
[38] HD현대미포 (010620) 모니터링 중...
[2025-10-17 14:46:20] INFO: 🔍 010620 API 응답 키들: ['cur_prc', 'trde_qty', 'trde_prica', 'dt', 'open_pric', 'high_pric', 'low_pric', 'pred_pre', 'pred_pre_sig', 'trde_tern_rt']
[2025-10-17 14:46:20] INFO: 🔍 010620 각 키의 값들: {'cur_prc': '201000', 'trde_qty': '206981', 'trde_prica': '41856', 'dt': '20251017', 'open_pric': '201000', 'high_pric': '206000', 'low_pric': '200000', 'pred_pre': '-500', 'pred_pre_sig': '5', 'trde_tern_rt': '+0.52'}
[2025-10-17 14:46:20] INFO:   [현재가] 현재가: 201,000원
[2025-10-17 14:46:20] INFO:   [저가] 저가: 206,981원
[2025-10-17 14:46:20] INFO:   [고가] 고가: 41,856원
[2025-10-17 14:46:20] INFO:   [20일선] 20일선: 199,440원
[2025-10-17 14:46:20] INFO:   [1차매수선] 1차 매수선: 160,052원 (이격도: 25.6%)
[2025-10-17 14:46:20] INFO:   [2차매수선] 2차 매수선: 144,547원 (이격도: 39.1%)
[2025-10-17 14:46:20] INFO:   [3차매수선] 3차 매수선: 130,592원 (이격도: 53.9%)
[2025-10-17 14:46:20] INFO:   [간격] 다음 모니터링 간격: 1800초 (30분)
[2025-10-17 14:46:20] INFO: 
[39] 삼성중공업 (010140) 모니터링 중...
[2025-10-17 14:46:21] INFO: 🔍 010140 API 응답 키들: ['cur_prc', 'trde_qty', 'trde_prica', 'dt', 'open_pric', 'high_pric', 'low_pric', 'pred_pre', 'pred_pre_sig', 'trde_tern_rt']
[2025-10-17 14:46:21] INFO: 🔍 010140 각 키의 값들: {'cur_prc': '22500', 'trde_qty': '8471954', 'trde_prica': '190113', 'dt': '20251017', 'open_pric': '22000', 'high_pric': '22700', 'low_pric': '21950', 'pred_pre': '+200', 'pred_pre_sig': '2', 'trde_tern_rt': '+0.96'}
[2025-10-17 14:46:21] INFO:   [현재가] 현재가: 22,500원
[2025-10-17 14:46:21] INFO:   [저가] 저가: 8,471,954원
[2025-10-17 14:46:21] INFO:   [고가] 고가: 190,113원
[2025-10-17 14:46:22] INFO:   [20일선] 20일선: 21,740원
[2025-10-17 14:46:22] INFO:   [1차매수선] 1차 매수선: 17,442원 (이격도: 29.0%)
[2025-10-17 14:46:22] INFO:   [2차매수선] 2차 매수선: 15,748원 (이격도: 42.9%)
[2025-10-17 14:46:22] INFO:   [3차매수선] 3차 매수선: 14,223원 (이격도: 58.2%)
[2025-10-17 14:46:22] INFO:   [간격] 다음 모니터링 간격: 1800초 (30분)
[2025-10-17 14:46:22] INFO: 
[40] 효성중공업 (298040) 모니터링 중...
[2025-10-17 14:46:22] INFO: 🔍 298040 API 응답 키들: ['cur_prc', 'trde_qty', 'trde_prica', 'dt', 'open_pric', 'high_pric', 'low_pric', 'pred_pre', 'pred_pre_sig', 'trde_tern_rt']
[2025-10-17 14:46:22] INFO: 🔍 298040 각 키의 값들: {'cur_prc': '1582000', 'trde_qty': '41336', 'trde_prica': '65648', 'dt': '20251017', 'open_pric': '1612000', 'high_pric': '1625000', 'low_pric': '1570000', 'pred_pre': '-32000', 'pred_pre_sig': '5', 'trde_tern_rt': '+0.44'}
[2025-10-17 14:46:22] INFO:   [현재가] 현재가: 1,582,000원
[2025-10-17 14:46:22] INFO:   [저가] 저가: 41,336원
[2025-10-17 14:46:22] INFO:   [고가] 고가: 65,648원
[2025-10-17 14:46:22] INFO:   [20일선] 20일선: 1,436,200원
[2025-10-17 14:46:22] INFO:   [1차매수선] 1차 매수선: 1,149,960원 (이격도: 37.6%)
[2025-10-17 14:46:22] INFO:   [2차매수선] 2차 매수선: 1,035,964원 (이격도: 52.7%)
[2025-10-17 14:46:22] INFO:   [3차매수선] 3차 매수선: 933,368원 (이격도: 69.5%)
[2025-10-17 14:46:22] INFO:   [간격] 다음 모니터링 간격: 1800초 (30분)
[2025-10-17 14:46:22] INFO: 
[41] LIG넥스원 (079550) 모니터링 중...
[2025-10-17 14:46:23] INFO: 🔍 079550 API 응답 키들: ['cur_prc', 'trde_qty', 'trde_prica', 'dt', 'open_pric', 'high_pric', 'low_pric', 'pred_pre', 'pred_pre_sig', 'trde_tern_rt']
[2025-10-17 14:46:23] INFO: 🔍 079550 각 키의 값들: {'cur_prc': '433000', 'trde_qty': '181002', 'trde_prica': '78717', 'dt': '20251017', 'open_pric': '452000', 'high_pric': '452000', 'low_pric': '430500', 'pred_pre': '-12000', 'pred_pre_sig': '5', 'trde_tern_rt': '+0.82'}
[2025-10-17 14:46:23] INFO:   [현재가] 현재가: 433,000원
[2025-10-17 14:46:23] INFO:   [저가] 저가: 181,002원
[2025-10-17 14:46:23] INFO:   [고가] 고가: 78,717원
[2025-10-17 14:46:24] INFO:   [20일선] 20일선: 487,175원
[2025-10-17 14:46:24] INFO:   [1차매수선] 1차 매수선: 390,240원 (이격도: 11.0%)
[2025-10-17 14:46:24] INFO:   [2차매수선] 2차 매수선: 351,716원 (이격도: 23.1%)
[2025-10-17 14:46:24] INFO:   [3차매수선] 3차 매수선: 317,044원 (이격도: 36.6%)
[2025-10-17 14:46:24] INFO:   [간격] 다음 모니터링 간격: 1800초 (30분)
[2025-10-17 14:46:24] INFO: 
[42] 에스엔시스 (0008Z0) 모니터링 중...
[2025-10-17 14:46:24] INFO: 🔍 0008Z0 API 응답 키들: ['cur_prc', 'trde_qty', 'trde_prica', 'dt', 'open_pric', 'high_pric', 'low_pric', 'pred_pre', 'pred_pre_sig', 'trde_tern_rt']
[2025-10-17 14:46:24] INFO: 🔍 0008Z0 각 키의 값들: {'cur_prc': '40250', 'trde_qty': '124354', 'trde_prica': '5084', 'dt': '20251017', 'open_pric': '41550', 'high_pric': '42350', 'low_pric': '40150', 'pred_pre': '-900', 'pred_pre_sig': '5', 'trde_tern_rt': '+1.32'}
[2025-10-17 14:46:24] INFO:   [현재가] 현재가: 40,250원
[2025-10-17 14:46:24] INFO:   [저가] 저가: 124,354원
[2025-10-17 14:46:24] INFO:   [고가] 고가: 5,084원
[2025-10-17 14:46:24] INFO:   [20일선] 20일선: 41,470원
[2025-10-17 14:46:24] INFO:   [1차매수선] 1차 매수선: 33,226원 (이격도: 21.1%)
[2025-10-17 14:46:24] INFO:   [2차매수선] 2차 매수선: 29,953원 (이격도: 34.4%)
[2025-10-17 14:46:24] INFO:   [3차매수선] 3차 매수선: 27,008원 (이격도: 49.0%)
[2025-10-17 14:46:24] INFO:   [간격] 다음 모니터링 간격: 1800초 (30분)
[2025-10-17 14:46:24] INFO: 
[43] 삼양컴텍 (484590) 모니터링 중...
[2025-10-17 14:46:25] INFO: 🔍 484590 API 응답 키들: ['cur_prc', 'trde_qty', 'trde_prica', 'dt', 'open_pric', 'high_pric', 'low_pric', 'pred_pre', 'pred_pre_sig', 'trde_tern_rt']
[2025-10-17 14:46:25] INFO: 🔍 484590 각 키의 값들: {'cur_prc': '15980', 'trde_qty': '414085', 'trde_prica': '6677', 'dt': '20251017', 'open_pric': '16540', 'high_pric': '16540', 'low_pric': '15950', 'pred_pre': '-560', 'pred_pre_sig': '5', 'trde_tern_rt': '+1.00'}
[2025-10-17 14:46:25] INFO:   [현재가] 현재가: 15,980원
[2025-10-17 14:46:25] INFO:   [저가] 저가: 414,085원
[2025-10-17 14:46:25] INFO:   [고가] 고가: 6,677원
[2025-10-17 14:46:25] INFO:   [20일선] 20일선: 18,234원
[2025-10-17 14:46:25] INFO:   [1차매수선] 1차 매수선: 14,637원 (이격도: 9.2%)
[2025-10-17 14:46:25] INFO:   [2차매수선] 2차 매수선: 13,223원 (이격도: 20.8%)
[2025-10-17 14:46:25] INFO:   [3차매수선] 3차 매수선: 11,951원 (이격도: 33.7%)
[2025-10-17 14:46:25] INFO:   [간격] 다음 모니터링 간격: 600초 (10분)
[2025-10-17 14:46:25] INFO: 
[44] 에이비엘바이오 (298380) 모니터링 중...
[2025-10-17 14:46:26] INFO: 🔍 298380 API 응답 키들: ['cur_prc', 'trde_qty', 'trde_prica', 'dt', 'open_pric', 'high_pric', 'low_pric', 'pred_pre', 'pred_pre_sig', 'trde_tern_rt']
[2025-10-17 14:46:26] INFO: 🔍 298380 각 키의 값들: {'cur_prc': '85700', 'trde_qty': '979756', 'trde_prica': '85131', 'dt': '20251017', 'open_pric': '86100', 'high_pric': '89400', 'low_pric': '84600', 'pred_pre': '-600', 'pred_pre_sig': '5', 'trde_tern_rt': '+1.78'}
[2025-10-17 14:46:26] INFO:   [현재가] 현재가: 85,700원
[2025-10-17 14:46:26] INFO:   [저가] 저가: 979,756원
[2025-10-17 14:46:26] INFO:   [고가] 고가: 85,131원
[2025-10-17 14:46:26] INFO:   [20일선] 20일선: 95,480원
[2025-10-17 14:46:26] INFO:   [1차매수선] 1차 매수선: 76,484원 (이격도: 12.0%)
[2025-10-17 14:46:26] INFO:   [2차매수선] 2차 매수선: 68,936원 (이격도: 24.3%)
[2025-10-17 14:46:26] INFO:   [3차매수선] 3차 매수선: 62,142원 (이격도: 37.9%)
[2025-10-17 14:46:26] INFO:   [간격] 다음 모니터링 간격: 1800초 (30분)
[2025-10-17 14:46:26] INFO: 
[45] LG디스플레이 (034220) 모니터링 중...
[2025-10-17 14:46:26] INFO: 🔍 034220 API 응답 키들: ['cur_prc', 'trde_qty', 'trde_prica', 'dt', 'open_pric', 'high_pric', 'low_pric', 'pred_pre', 'pred_pre_sig', 'trde_tern_rt']
[2025-10-17 14:46:26] INFO: 🔍 034220 각 키의 값들: {'cur_prc': '14360', 'trde_qty': '2377297', 'trde_prica': '34040', 'dt': '20251017', 'open_pric': '14390', 'high_pric': '14470', 'low_pric': '14120', 'pred_pre': '-20', 'pred_pre_sig': '5', 'trde_tern_rt': '+0.48'}
[2025-10-17 14:46:26] INFO:   [현재가] 현재가: 14,360원
[2025-10-17 14:46:26] INFO:   [저가] 저가: 2,377,297원
[2025-10-17 14:46:26] INFO:   [고가] 고가: 34,040원
[2025-10-17 14:46:26] INFO:   [20일선] 20일선: 14,072원
[2025-10-17 14:46:26] INFO:   [1차매수선] 1차 매수선: 11,308원 (이격도: 27.0%)
[2025-10-17 14:46:26] INFO:   [2차매수선] 2차 매수선: 10,227원 (이격도: 40.4%)
[2025-10-17 14:46:26] INFO:   [3차매수선] 3차 매수선: 9,214원 (이격도: 55.8%)
[2025-10-17 14:46:26] INFO:   [간격] 다음 모니터링 간격: 1800초 (30분)
[2025-10-17 14:46:26] INFO: 
[46] 한국전력 (015760) 모니터링 중...
[2025-10-17 14:46:27] INFO: 🔍 015760 API 응답 키들: ['cur_prc', 'trde_qty', 'trde_prica', 'dt', 'open_pric', 'high_pric', 'low_pric', 'pred_pre', 'pred_pre_sig', 'trde_tern_rt']
[2025-10-17 14:46:27] INFO: 🔍 015760 각 키의 값들: {'cur_prc': '42900', 'trde_qty': '12132252', 'trde_prica': '513955', 'dt': '20251017', 'open_pric': '40000', 'high_pric': '43300', 'low_pric': '39450', 'pred_pre': '+2700', 'pred_pre_sig': '2', 'trde_tern_rt': '+1.89'}
[2025-10-17 14:46:27] INFO:   [현재가] 현재가: 42,900원
[2025-10-17 14:46:27] INFO:   [저가] 저가: 12,132,252원
[2025-10-17 14:46:27] INFO:   [고가] 고가: 513,955원
[2025-10-17 14:46:27] INFO:   [20일선] 20일선: 37,302원
[2025-10-17 14:46:27] INFO:   [1차매수선] 1차 매수선: 29,892원 (이격도: 43.5%)
[2025-10-17 14:46:27] INFO:   [2차매수선] 2차 매수선: 26,953원 (이격도: 59.2%)
[2025-10-17 14:46:27] INFO:   [3차매수선] 3차 매수선: 24,308원 (이격도: 76.5%)
[2025-10-17 14:46:27] INFO:   [간격] 다음 모니터링 간격: 1800초 (30분)
[2025-10-17 14:46:27] INFO: 
[47] 대한조선 (439260) 모니터링 중...
[2025-10-17 14:46:28] INFO: 🔍 439260 API 응답 키들: ['cur_prc', 'trde_qty', 'trde_prica', 'dt', 'open_pric', 'high_pric', 'low_pric', 'pred_pre', 'pred_pre_sig', 'trde_tern_rt']
[2025-10-17 14:46:28] INFO: 🔍 439260 각 키의 값들: {'cur_prc': '75600', 'trde_qty': '199759', 'trde_prica': '15258', 'dt': '20251017', 'open_pric': '77200', 'high_pric': '78250', 'low_pric': '75500', 'pred_pre': '-900', 'pred_pre_sig': '5', 'trde_tern_rt': '+0.52'}
[2025-10-17 14:46:28] INFO:   [현재가] 현재가: 75,600원
[2025-10-17 14:46:28] INFO:   [저가] 저가: 199,759원
[2025-10-17 14:46:28] INFO:   [고가] 고가: 15,258원
[2025-10-17 14:46:28] INFO:   [20일선] 20일선: 79,250원
[2025-10-17 14:46:28] INFO:   [1차매수선] 1차 매수선: 63,500원 (이격도: 19.1%)
[2025-10-17 14:46:28] INFO:   [2차매수선] 2차 매수선: 57,250원 (이격도: 32.1%)
[2025-10-17 14:46:28] INFO:   [3차매수선] 3차 매수선: 51,625원 (이격도: 46.4%)
[2025-10-17 14:46:28] INFO:   [간격] 다음 모니터링 간격: 1800초 (30분)
[2025-10-17 14:46:28] INFO: 
[48] 에이피알 (278470) 모니터링 중...
[2025-10-17 14:46:29] INFO: 🔍 278470 API 응답 키들: ['cur_prc', 'trde_qty', 'trde_prica', 'dt', 'open_pric', 'high_pric', 'low_pric', 'pred_pre', 'pred_pre_sig', 'trde_tern_rt']
[2025-10-17 14:46:29] INFO: 🔍 278470 각 키의 값들: {'cur_prc': '240500', 'trde_qty': '457496', 'trde_prica': '109967', 'dt': '20251017', 'open_pric': '242500', 'high_pric': '245500', 'low_pric': '234500', 'pred_pre': '-2000', 'pred_pre_sig': '5', 'trde_tern_rt': '+1.22'}
[2025-10-17 14:46:29] INFO:   [현재가] 현재가: 240,500원
[2025-10-17 14:46:29] INFO:   [저가] 저가: 457,496원
[2025-10-17 14:46:29] INFO:   [고가] 고가: 109,967원
[2025-10-17 14:46:29] INFO:   [20일선] 20일선: 236,325원
[2025-10-17 14:46:29] INFO:   [1차매수선] 1차 매수선: 189,560원 (이격도: 26.9%)
[2025-10-17 14:46:29] INFO:   [2차매수선] 2차 매수선: 171,104원 (이격도: 40.6%)
[2025-10-17 14:46:29] INFO:   [3차매수선] 3차 매수선: 154,494원 (이격도: 55.7%)
[2025-10-17 14:46:29] INFO:   [간격] 다음 모니터링 간격: 1800초 (30분)
[2025-10-17 14:46:29] INFO: 
[49] SK바이오팜 (326030) 모니터링 중...
[2025-10-17 14:46:29] INFO: 🔍 326030 API 응답 키들: ['cur_prc', 'trde_qty', 'trde_prica', 'dt', 'open_pric', 'high_pric', 'low_pric', 'pred_pre', 'pred_pre_sig', 'trde_tern_rt']
[2025-10-17 14:46:29] INFO: 🔍 326030 각 키의 값들: {'cur_prc': '101200', 'trde_qty': '210340', 'trde_prica': '21396', 'dt': '20251017', 'open_pric': '103500', 'high_pric': '103500', 'low_pric': '100700', 'pred_pre': '-1600', 'pred_pre_sig': '5', 'trde_tern_rt': '+0.27'}
[2025-10-17 14:46:29] INFO:   [현재가] 현재가: 101,200원
[2025-10-17 14:46:29] INFO:   [저가] 저가: 210,340원
[2025-10-17 14:46:29] INFO:   [고가] 고가: 21,396원
[2025-10-17 14:46:30] INFO:   [20일선] 20일선: 104,965원
[2025-10-17 14:46:30] INFO:   [1차매수선] 1차 매수선: 84,072원 (이격도: 20.4%)
[2025-10-17 14:46:30] INFO:   [2차매수선] 2차 매수선: 75,765원 (이격도: 33.6%)
[2025-10-17 14:46:30] INFO:   [3차매수선] 3차 매수선: 68,288원 (이격도: 48.2%)
[2025-10-17 14:46:30] INFO:   [간격] 다음 모니터링 간격: 1800초 (30분)
[2025-10-17 14:46:30] INFO: 
[50] 한화에어로스페이스 (012450) 모니터링 중...
[2025-10-17 14:46:30] INFO: 🔍 012450 API 응답 키들: ['cur_prc', 'trde_qty', 'trde_prica', 'dt', 'open_pric', 'high_pric', 'low_pric', 'pred_pre', 'pred_pre_sig', 'trde_tern_rt']
[2025-10-17 14:46:30] INFO: 🔍 012450 각 키의 값들: {'cur_prc': '914000', 'trde_qty': '234961', 'trde_prica': '216352', 'dt': '20251017', 'open_pric': '943000', 'high_pric': '947000', 'low_pric': '912000', 'pred_pre': '-22000', 'pred_pre_sig': '5', 'trde_tern_rt': '+0.46'}
[2025-10-17 14:46:30] INFO:   [현재가] 현재가: 914,000원
[2025-10-17 14:46:30] INFO:   [저가] 저가: 234,961원
[2025-10-17 14:46:30] INFO:   [고가] 고가: 216,352원
[2025-10-17 14:46:31] INFO:   [20일선] 20일선: 1,017,000원
[2025-10-17 14:46:31] INFO:   [1차매수선] 1차 매수선: 814,600원 (이격도: 12.2%)
[2025-10-17 14:46:31] INFO:   [2차매수선] 2차 매수선: 734,140원 (이격도: 24.5%)
[2025-10-17 14:46:31] INFO:   [3차매수선] 3차 매수선: 661,726원 (이격도: 38.1%)
[2025-10-17 14:46:31] INFO:   [간격] 다음 모니터링 간격: 1800초 (30분)
[2025-10-17 14:46:31] INFO: 
[51] 현대차 (005380) 모니터링 중...
[2025-10-17 14:46:31] INFO: 🔍 005380 API 응답 키들: ['cur_prc', 'trde_qty', 'trde_prica', 'dt', 'open_pric', 'high_pric', 'low_pric', 'pred_pre', 'pred_pre_sig', 'trde_tern_rt']
[2025-10-17 14:46:31] INFO: 🔍 005380 각 키의 값들: {'cur_prc': '243250', 'trde_qty': '1565646', 'trde_prica': '379548', 'dt': '20251017', 'open_pric': '244000', 'high_pric': '246000', 'low_pric': '239000', 'pred_pre': '+1250', 'pred_pre_sig': '2', 'trde_tern_rt': '+0.76'}
[2025-10-17 14:46:31] INFO:   [현재가] 현재가: 243,250원
[2025-10-17 14:46:31] INFO:   [저가] 저가: 1,565,646원
[2025-10-17 14:46:31] INFO:   [고가] 고가: 379,548원
[2025-10-17 14:46:32] INFO:   [20일선] 20일선: 221,275원
[2025-10-17 14:46:32] INFO:   [1차매수선] 1차 매수선: 177,520원 (이격도: 37.0%)
[2025-10-17 14:46:32] INFO:   [2차매수선] 2차 매수선: 160,268원 (이격도: 51.8%)
[2025-10-17 14:46:32] INFO:   [3차매수선] 3차 매수선: 144,741원 (이격도: 68.1%)
[2025-10-17 14:46:32] INFO:   [간격] 다음 모니터링 간격: 1800초 (30분)
[2025-10-17 14:46:32] INFO: 
[52] 한화시스템 (272210) 모니터링 중...
[2025-10-17 14:46:32] INFO: 🔍 272210 API 응답 키들: ['cur_prc', 'trde_qty', 'trde_prica', 'dt', 'open_pric', 'high_pric', 'low_pric', 'pred_pre', 'pred_pre_sig', 'trde_tern_rt']
[2025-10-17 14:46:32] INFO: 🔍 272210 각 키의 값들: {'cur_prc': '51200', 'trde_qty': '1582948', 'trde_prica': '82102', 'dt': '20251017', 'open_pric': '53100', 'high_pric': '53600', 'low_pric': '51100', 'pred_pre': '-1500', 'pred_pre_sig': '5', 'trde_tern_rt': '+0.84'}
[2025-10-17 14:46:32] INFO:   [현재가] 현재가: 51,200원
[2025-10-17 14:46:32] INFO:   [저가] 저가: 1,582,948원
[2025-10-17 14:46:32] INFO:   [고가] 고가: 82,102원
[2025-10-17 14:46:33] INFO:   [20일선] 20일선: 57,120원
[2025-10-17 14:46:33] INFO:   [1차매수선] 1차 매수선: 45,746원 (이격도: 11.9%)
[2025-10-17 14:46:33] INFO:   [2차매수선] 2차 매수선: 41,221원 (이격도: 24.2%)
[2025-10-17 14:46:33] INFO:   [3차매수선] 3차 매수선: 37,149원 (이격도: 37.8%)
[2025-10-17 14:46:33] INFO:   [간격] 다음 모니터링 간격: 1800초 (30분)
[2025-10-17 14:46:33] INFO: 
[53] 한화솔루션 (009830) 모니터링 중...
[2025-10-17 14:46:33] INFO: 🔍 009830 API 응답 키들: ['cur_prc', 'trde_qty', 'trde_prica', 'dt', 'open_pric', 'high_pric', 'low_pric', 'pred_pre', 'pred_pre_sig', 'trde_tern_rt']
[2025-10-17 14:46:33] INFO: 🔍 009830 각 키의 값들: {'cur_prc': '29700', 'trde_qty': '1647389', 'trde_prica': '48929', 'dt': '20251017', 'open_pric': '29550', 'high_pric': '30200', 'low_pric': '29100', 'pred_pre': '-100', 'pred_pre_sig': '5', 'trde_tern_rt': '+0.96'}
[2025-10-17 14:46:33] INFO:   [현재가] 현재가: 29,700원
[2025-10-17 14:46:33] INFO:   [저가] 저가: 1,647,389원
[2025-10-17 14:46:33] INFO:   [고가] 고가: 48,929원
[2025-10-17 14:46:34] INFO:   [20일선] 20일선: 29,175원
[2025-10-17 14:46:34] INFO:   [1차매수선] 1차 매수선: 23,390원 (이격도: 27.0%)
[2025-10-17 14:46:34] INFO:   [2차매수선] 2차 매수선: 21,101원 (이격도: 40.8%)
[2025-10-17 14:46:34] INFO:   [3차매수선] 3차 매수선: 19,041원 (이격도: 56.0%)
[2025-10-17 14:46:34] INFO:   [간격] 다음 모니터링 간격: 1800초 (30분)
[2025-10-17 14:46:34] INFO: 
[54] 삼성전기 (009150) 모니터링 중...
[2025-10-17 14:46:34] INFO: 🔍 009150 API 응답 키들: ['cur_prc', 'trde_qty', 'trde_prica', 'dt', 'open_pric', 'high_pric', 'low_pric', 'pred_pre', 'pred_pre_sig', 'trde_tern_rt']
[2025-10-17 14:46:34] INFO: 🔍 009150 각 키의 값들: {'cur_prc': '207500', 'trde_qty': '709546', 'trde_prica': '145660', 'dt': '20251017', 'open_pric': '201500', 'high_pric': '208000', 'low_pric': '197500', 'pred_pre': '+6000', 'pred_pre_sig': '2', 'trde_tern_rt': '+0.95'}
[2025-10-17 14:46:34] INFO:   [현재가] 현재가: 207,500원
[2025-10-17 14:46:34] INFO:   [저가] 저가: 709,546원
[2025-10-17 14:46:34] INFO:   [고가] 고가: 145,660원
[2025-10-17 14:46:35] INFO:   [20일선] 20일선: 199,515원
[2025-10-17 14:46:35] INFO:   [1차매수선] 1차 매수선: 160,112원 (이격도: 29.6%)
[2025-10-17 14:46:35] INFO:   [2차매수선] 2차 매수선: 144,601원 (이격도: 43.5%)
[2025-10-17 14:46:35] INFO:   [3차매수선] 3차 매수선: 130,641원 (이격도: 58.8%)
[2025-10-17 14:46:35] INFO:   [간격] 다음 모니터링 간격: 1800초 (30분)
[2025-10-17 14:46:35] INFO: 
[55] 한화비전 (489790) 모니터링 중...
[2025-10-17 14:46:35] INFO: 🔍 489790 API 응답 키들: ['cur_prc', 'trde_qty', 'trde_prica', 'dt', 'open_pric', 'high_pric', 'low_pric', 'pred_pre', 'pred_pre_sig', 'trde_tern_rt']
[2025-10-17 14:46:35] INFO: 🔍 489790 각 키의 값들: {'cur_prc': '51300', 'trde_qty': '592815', 'trde_prica': '30585', 'dt': '20251017', 'open_pric': '52500', 'high_pric': '52500', 'low_pric': '51000', 'pred_pre': '-1100', 'pred_pre_sig': '5', 'trde_tern_rt': '+1.17'}
[2025-10-17 14:46:35] INFO:   [현재가] 현재가: 51,300원
[2025-10-17 14:46:35] INFO:   [저가] 저가: 592,815원
[2025-10-17 14:46:35] INFO:   [고가] 고가: 30,585원
[2025-10-17 14:46:35] INFO:   [20일선] 20일선: 55,465원
[2025-10-17 14:46:35] INFO:   [1차매수선] 1차 매수선: 44,422원 (이격도: 15.5%)
[2025-10-17 14:46:35] INFO:   [2차매수선] 2차 매수선: 40,030원 (이격도: 28.2%)
[2025-10-17 14:46:35] INFO:   [3차매수선] 3차 매수선: 36,077원 (이격도: 42.2%)
[2025-10-17 14:46:35] INFO:   [간격] 다음 모니터링 간격: 1800초 (30분)
[2025-10-17 14:46:35] INFO: 
[56] HD현대인프라코어 (042670) 모니터링 중...
[2025-10-17 14:46:36] INFO: 🔍 042670 API 응답 키들: ['cur_prc', 'trde_qty', 'trde_prica', 'dt', 'open_pric', 'high_pric', 'low_pric', 'pred_pre', 'pred_pre_sig', 'trde_tern_rt']
[2025-10-17 14:46:36] INFO: 🔍 042670 각 키의 값들: {'cur_prc': '14760', 'trde_qty': '3502359', 'trde_prica': '53618', 'dt': '20251017', 'open_pric': '15350', 'high_pric': '15970', 'low_pric': '14640', 'pred_pre': '-170', 'pred_pre_sig': '5', 'trde_tern_rt': '+1.85'}
[2025-10-17 14:46:36] INFO:   [현재가] 현재가: 14,760원
[2025-10-17 14:46:36] INFO:   [저가] 저가: 3,502,359원
[2025-10-17 14:46:36] INFO:   [고가] 고가: 53,618원
[2025-10-17 14:46:36] INFO:   [20일선] 20일선: 15,343원
[2025-10-17 14:46:36] INFO:   [1차매수선] 1차 매수선: 12,324원 (이격도: 19.8%)
[2025-10-17 14:46:36] INFO:   [2차매수선] 2차 매수선: 11,142원 (이격도: 32.5%)
[2025-10-17 14:46:36] INFO:   [3차매수선] 3차 매수선: 10,078원 (이격도: 46.5%)
[2025-10-17 14:46:36] INFO:   [간격] 다음 모니터링 간격: 1800초 (30분)
[2025-10-17 14:46:36] INFO: 
[57] 도우인시스 (484120) 모니터링 중...
[2025-10-17 14:46:37] INFO: 🔍 484120 API 응답 키들: ['cur_prc', 'trde_qty', 'trde_prica', 'dt', 'open_pric', 'high_pric', 'low_pric', 'pred_pre', 'pred_pre_sig', 'trde_tern_rt']
[2025-10-17 14:46:37] INFO: 🔍 484120 각 키의 값들: {'cur_prc': '30300', 'trde_qty': '154759', 'trde_prica': '4689', 'dt': '20251017', 'open_pric': '29000', 'high_pric': '31000', 'low_pric': '28800', 'pred_pre': '+1500', 'pred_pre_sig': '2', 'trde_tern_rt': '+1.44'}
[2025-10-17 14:46:37] INFO:   [현재가] 현재가: 30,300원
[2025-10-17 14:46:37] INFO:   [저가] 저가: 154,759원
[2025-10-17 14:46:37] INFO:   [고가] 고가: 4,689원
[2025-10-17 14:46:37] INFO:   [20일선] 20일선: 30,308원
[2025-10-17 14:46:37] INFO:   [1차매수선] 1차 매수선: 24,296원 (이격도: 24.7%)
[2025-10-17 14:46:37] INFO:   [2차매수선] 2차 매수선: 21,916원 (이격도: 38.3%)
[2025-10-17 14:46:37] INFO:   [3차매수선] 3차 매수선: 19,775원 (이격도: 53.2%)
[2025-10-17 14:46:37] INFO:   [간격] 다음 모니터링 간격: 1800초 (30분)
[2025-10-17 14:46:37] INFO: 
[58] KBI동양철관 (008970) 모니터링 중...
[2025-10-17 14:46:37] INFO: 🔍 008970 API 응답 키들: ['cur_prc', 'trde_qty', 'trde_prica', 'dt', 'open_pric', 'high_pric', 'low_pric', 'pred_pre', 'pred_pre_sig', 'trde_tern_rt']
[2025-10-17 14:46:37] INFO: 🔍 008970 각 키의 값들: {'cur_prc': '2610', 'trde_qty': '4453211', 'trde_prica': '11926', 'dt': '20251017', 'open_pric': '2600', 'high_pric': '2855', 'low_pric': '2540', 'pred_pre': '-5', 'pred_pre_sig': '5', 'trde_tern_rt': '+5.57'}
[2025-10-17 14:46:37] INFO:   [현재가] 현재가: 2,610원
[2025-10-17 14:46:37] INFO:   [저가] 저가: 4,453,211원
[2025-10-17 14:46:37] INFO:   [고가] 고가: 11,926원
[2025-10-17 14:46:38] INFO:   [20일선] 20일선: 2,609원
[2025-10-17 14:46:38] INFO:   [1차매수선] 1차 매수선: 2,092원 (이격도: 24.8%)
[2025-10-17 14:46:38] INFO:   [2차매수선] 2차 매수선: 1,888원 (이격도: 38.3%)
[2025-10-17 14:46:38] INFO:   [3차매수선] 3차 매수선: 1,704원 (이격도: 53.2%)
[2025-10-17 14:46:38] INFO:   [간격] 다음 모니터링 간격: 1800초 (30분)
[2025-10-17 14:46:38] INFO: 
[59] YG PLUS (037270) 모니터링 중...
[2025-10-17 14:46:38] INFO: 🔍 037270 API 응답 키들: ['cur_prc', 'trde_qty', 'trde_prica', 'dt', 'open_pric', 'high_pric', 'low_pric', 'pred_pre', 'pred_pre_sig', 'trde_tern_rt']
[2025-10-17 14:46:38] INFO: 🔍 037270 각 키의 값들: {'cur_prc': '6560', 'trde_qty': '747212', 'trde_prica': '4919', 'dt': '20251017', 'open_pric': '6700', 'high_pric': '6710', 'low_pric': '6510', 'pred_pre': '-140', 'pred_pre_sig': '5', 'trde_tern_rt': '+1.17'}
[2025-10-17 14:46:38] INFO:   [현재가] 현재가: 6,560원
[2025-10-17 14:46:38] INFO:   [저가] 저가: 747,212원
[2025-10-17 14:46:38] INFO:   [고가] 고가: 4,919원
[2025-10-17 14:46:38] INFO:   [20일선] 20일선: 7,695원
[2025-10-17 14:46:38] INFO:   [1차매수선] 1차 매수선: 6,166원 (이격도: 6.4%)
[2025-10-17 14:46:38] INFO:   [2차매수선] 2차 매수선: 5,559원 (이격도: 18.0%)
[2025-10-17 14:46:38] INFO:   [3차매수선] 3차 매수선: 5,013원 (이격도: 30.8%)
[2025-10-17 14:46:38] INFO:   [간격] 다음 모니터링 간격: 600초 (10분)
[2025-10-17 14:46:38] INFO: 
[60] 포스코퓨처엠 (003670) 모니터링 중...
[2025-10-17 14:46:39] INFO: 🔍 003670 API 응답 키들: ['cur_prc', 'trde_qty', 'trde_prica', 'dt', 'open_pric', 'high_pric', 'low_pric', 'pred_pre', 'pred_pre_sig', 'trde_tern_rt']
[2025-10-17 14:46:39] INFO: 🔍 003670 각 키의 값들: {'cur_prc': '193000', 'trde_qty': '2247044', 'trde_prica': '438600', 'dt': '20251017', 'open_pric': '190000', 'high_pric': '201000', 'low_pric': '185000', 'pred_pre': '+1500', 'pred_pre_sig': '2', 'trde_tern_rt': '+2.53'}
[2025-10-17 14:46:39] INFO:   [현재가] 현재가: 193,000원
[2025-10-17 14:46:39] INFO:   [저가] 저가: 2,247,044원
[2025-10-17 14:46:39] INFO:   [고가] 고가: 438,600원
[2025-10-17 14:46:39] INFO:   [20일선] 20일선: 153,095원
[2025-10-17 14:46:39] INFO:   [1차매수선] 1차 매수선: 122,976원 (이격도: 56.9%)
[2025-10-17 14:46:39] INFO:   [2차매수선] 2차 매수선: 111,178원 (이격도: 73.6%)
[2025-10-17 14:46:39] INFO:   [3차매수선] 3차 매수선: 100,561원 (이격도: 91.9%)
[2025-10-17 14:46:39] INFO:   [간격] 다음 모니터링 간격: 1800초 (30분)
[2025-10-17 14:46:39] INFO: 
[61] 리가켐바이오 (141080) 모니터링 중...
[2025-10-17 14:46:40] INFO: 🔍 141080 API 응답 키들: ['cur_prc', 'trde_qty', 'trde_prica', 'dt', 'open_pric', 'high_pric', 'low_pric', 'pred_pre', 'pred_pre_sig', 'trde_tern_rt']
[2025-10-17 14:46:40] INFO: 🔍 141080 각 키의 값들: {'cur_prc': '131500', 'trde_qty': '804080', 'trde_prica': '107524', 'dt': '20251017', 'open_pric': '132900', 'high_pric': '137200', 'low_pric': '131200', 'pred_pre': '-1100', 'pred_pre_sig': '5', 'trde_tern_rt': '+2.20'}
[2025-10-17 14:46:40] INFO:   [현재가] 현재가: 131,500원
[2025-10-17 14:46:40] INFO:   [저가] 저가: 804,080원
[2025-10-17 14:46:40] INFO:   [고가] 고가: 107,524원
[2025-10-17 14:46:40] INFO:   [20일선] 20일선: 146,635원
[2025-10-17 14:46:40] INFO:   [1차매수선] 1차 매수선: 117,808원 (이격도: 11.6%)
[2025-10-17 14:46:40] INFO:   [2차매수선] 2차 매수선: 106,527원 (이격도: 23.4%)
[2025-10-17 14:46:40] INFO:   [3차매수선] 3차 매수선: 95,974원 (이격도: 37.0%)
[2025-10-17 14:46:40] INFO:   [간격] 다음 모니터링 간격: 1800초 (30분)
[2025-10-17 14:46:40] INFO: 
[62] 쿠콘 (294570) 모니터링 중...
[2025-10-17 14:46:40] INFO: 🔍 294570 API 응답 키들: ['cur_prc', 'trde_qty', 'trde_prica', 'dt', 'open_pric', 'high_pric', 'low_pric', 'pred_pre', 'pred_pre_sig', 'trde_tern_rt']
[2025-10-17 14:46:40] INFO: 🔍 294570 각 키의 값들: {'cur_prc': '37600', 'trde_qty': '157305', 'trde_prica': '5910', 'dt': '20251017', 'open_pric': '38300', 'high_pric': '38550', 'low_pric': '37200', 'pred_pre': '-950', 'pred_pre_sig': '5', 'trde_tern_rt': '+1.56'}
[2025-10-17 14:46:40] INFO:   [현재가] 현재가: 37,600원
[2025-10-17 14:46:40] INFO:   [저가] 저가: 157,305원
[2025-10-17 14:46:40] INFO:   [고가] 고가: 5,910원
[2025-10-17 14:46:41] INFO:   [20일선] 20일선: 38,368원
[2025-10-17 14:46:41] INFO:   [1차매수선] 1차 매수선: 30,744원 (이격도: 22.3%)
[2025-10-17 14:46:41] INFO:   [2차매수선] 2차 매수선: 27,720원 (이격도: 35.6%)
[2025-10-17 14:46:41] INFO:   [3차매수선] 3차 매수선: 24,998원 (이격도: 50.4%)
[2025-10-17 14:46:41] INFO:   [간격] 다음 모니터링 간격: 1800초 (30분)
[2025-10-17 14:46:41] INFO: 
[63] 파인엠텍 (441270) 모니터링 중...
[2025-10-17 14:46:41] INFO: 🔍 441270 API 응답 키들: ['cur_prc', 'trde_qty', 'trde_prica', 'dt', 'open_pric', 'high_pric', 'low_pric', 'pred_pre', 'pred_pre_sig', 'trde_tern_rt']
[2025-10-17 14:46:41] INFO: 🔍 441270 각 키의 값들: {'cur_prc': '9600', 'trde_qty': '514395', 'trde_prica': '5032', 'dt': '20251017', 'open_pric': '9900', 'high_pric': '10080', 'low_pric': '9580', 'pred_pre': '-300', 'pred_pre_sig': '5', 'trde_tern_rt': '+1.37'}
[2025-10-17 14:46:41] INFO:   [현재가] 현재가: 9,600원
[2025-10-17 14:46:41] INFO:   [저가] 저가: 514,395원
[2025-10-17 14:46:41] INFO:   [고가] 고가: 5,032원
[2025-10-17 14:46:41] INFO:   [20일선] 20일선: 10,972원
[2025-10-17 14:46:41] INFO:   [1차매수선] 1차 매수선: 8,788원 (이격도: 9.2%)
[2025-10-17 14:46:41] INFO:   [2차매수선] 2차 매수선: 7,919원 (이격도: 21.2%)
[2025-10-17 14:46:41] INFO:   [3차매수선] 3차 매수선: 7,137원 (이격도: 34.5%)
[2025-10-17 14:46:41] INFO:   [간격] 다음 모니터링 간격: 600초 (10분)
[2025-10-17 14:46:41] INFO: 
[64] SK스퀘어 (402340) 모니터링 중...
[2025-10-17 14:46:42] INFO: 🔍 402340 API 응답 키들: ['cur_prc', 'trde_qty', 'trde_prica', 'dt', 'open_pric', 'high_pric', 'low_pric', 'pred_pre', 'pred_pre_sig', 'trde_tern_rt']
[2025-10-17 14:46:42] INFO: 🔍 402340 각 키의 값들: {'cur_prc': '258000', 'trde_qty': '551716', 'trde_prica': '143271', 'dt': '20251017', 'open_pric': '260000', 'high_pric': '267000', 'low_pric': '250500', 'pred_pre': '+500', 'pred_pre_sig': '2', 'trde_tern_rt': '+0.42'}
[2025-10-17 14:46:42] INFO:   [현재가] 현재가: 258,000원
[2025-10-17 14:46:42] INFO:   [저가] 저가: 551,716원
[2025-10-17 14:46:42] INFO:   [고가] 고가: 143,271원
[2025-10-17 14:46:42] INFO:   [20일선] 20일선: 223,845원
[2025-10-17 14:46:42] INFO:   [1차매수선] 1차 매수선: 179,576원 (이격도: 43.7%)
[2025-10-17 14:46:42] INFO:   [2차매수선] 2차 매수선: 162,118원 (이격도: 59.1%)
[2025-10-17 14:46:42] INFO:   [3차매수선] 3차 매수선: 146,407원 (이격도: 76.2%)
[2025-10-17 14:46:42] INFO:   [간격] 다음 모니터링 간격: 1800초 (30분)
[2025-10-17 14:46:42] INFO: 
[65] POSCO홀딩스 (005490) 모니터링 중...
[2025-10-17 14:46:43] INFO: 🔍 005490 API 응답 키들: ['cur_prc', 'trde_qty', 'trde_prica', 'dt', 'open_pric', 'high_pric', 'low_pric', 'pred_pre', 'pred_pre_sig', 'trde_tern_rt']
[2025-10-17 14:46:43] INFO: 🔍 005490 각 키의 값들: {'cur_prc': '293000', 'trde_qty': '1073180', 'trde_prica': '315385', 'dt': '20251017', 'open_pric': '287500', 'high_pric': '300000', 'low_pric': '281500', 'pred_pre': '+6500', 'pred_pre_sig': '2', 'trde_tern_rt': '+1.33'}
[2025-10-17 14:46:43] INFO:   [현재가] 현재가: 293,000원
[2025-10-17 14:46:43] INFO:   [저가] 저가: 1,073,180원
[2025-10-17 14:46:43] INFO:   [고가] 고가: 315,385원
[2025-10-17 14:46:43] INFO:   [20일선] 20일선: 279,575원
[2025-10-17 14:46:43] INFO:   [1차매수선] 1차 매수선: 224,160원 (이격도: 30.7%)
[2025-10-17 14:46:43] INFO:   [2차매수선] 2차 매수선: 202,244원 (이격도: 44.9%)
[2025-10-17 14:46:43] INFO:   [3차매수선] 3차 매수선: 182,520원 (이격도: 60.5%)
[2025-10-17 14:46:43] INFO:   [간격] 다음 모니터링 간격: 1800초 (30분)
[2025-10-17 14:46:43] INFO: 
[66] HD현대건설기계 (267270) 모니터링 중...
[2025-10-17 14:46:44] INFO: 🔍 267270 API 응답 키들: ['cur_prc', 'trde_qty', 'trde_prica', 'dt', 'open_pric', 'high_pric', 'low_pric', 'pred_pre', 'pred_pre_sig', 'trde_tern_rt']
[2025-10-17 14:46:44] INFO: 🔍 267270 각 키의 값들: {'cur_prc': '93300', 'trde_qty': '124993', 'trde_prica': '11894', 'dt': '20251017', 'open_pric': '97900', 'high_pric': '98900', 'low_pric': '93300', 'pred_pre': '-900', 'pred_pre_sig': '5', 'trde_tern_rt': '+0.72'}
[2025-10-17 14:46:44] INFO:   [현재가] 현재가: 93,300원
[2025-10-17 14:46:44] INFO:   [저가] 저가: 124,993원
[2025-10-17 14:46:44] INFO:   [고가] 고가: 11,894원
[2025-10-17 14:46:44] INFO:   [20일선] 20일선: 95,285원
[2025-10-17 14:46:44] INFO:   [1차매수선] 1차 매수선: 76,328원 (이격도: 22.2%)
[2025-10-17 14:46:44] INFO:   [2차매수선] 2차 매수선: 68,795원 (이격도: 35.6%)
[2025-10-17 14:46:44] INFO:   [3차매수선] 3차 매수선: 62,016원 (이격도: 50.4%)
[2025-10-17 14:46:44] INFO:   [간격] 다음 모니터링 간격: 1800초 (30분)
[2025-10-17 14:46:44] INFO: 
[67] 한화 (000880) 모니터링 중...
[2025-10-17 14:46:45] INFO: 🔍 000880 API 응답 키들: ['cur_prc', 'trde_qty', 'trde_prica', 'dt', 'open_pric', 'high_pric', 'low_pric', 'pred_pre', 'pred_pre_sig', 'trde_tern_rt']
[2025-10-17 14:46:45] INFO: 🔍 000880 각 키의 값들: {'cur_prc': '82700', 'trde_qty': '343782', 'trde_prica': '28690', 'dt': '20251017', 'open_pric': '83400', 'high_pric': '85400', 'low_pric': '81700', 'pred_pre': '-700', 'pred_pre_sig': '5', 'trde_tern_rt': '+0.46'}
[2025-10-17 14:46:45] INFO:   [현재가] 현재가: 82,700원
[2025-10-17 14:46:45] INFO:   [저가] 저가: 343,782원
[2025-10-17 14:46:45] INFO:   [고가] 고가: 28,690원
[2025-10-17 14:46:45] INFO:   [20일선] 20일선: 86,160원
[2025-10-17 14:46:45] INFO:   [1차매수선] 1차 매수선: 69,028원 (이격도: 19.8%)
[2025-10-17 14:46:45] INFO:   [2차매수선] 2차 매수선: 62,225원 (이격도: 32.9%)
[2025-10-17 14:46:45] INFO:   [3차매수선] 3차 매수선: 56,103원 (이격도: 47.4%)
[2025-10-17 14:46:45] INFO:   [간격] 다음 모니터링 간격: 1800초 (30분)
[2025-10-17 14:46:45] INFO: 
[68] SK (034730) 모니터링 중...
[2025-10-17 14:46:46] INFO: 🔍 034730 API 응답 키들: ['cur_prc', 'trde_qty', 'trde_prica', 'dt', 'open_pric', 'high_pric', 'low_pric', 'pred_pre', 'pred_pre_sig', 'trde_tern_rt']
[2025-10-17 14:46:46] INFO: 🔍 034730 각 키의 값들: {'cur_prc': '220500', 'trde_qty': '508275', 'trde_prica': '112531', 'dt': '20251017', 'open_pric': '220000', 'high_pric': '227000', 'low_pric': '216000', 'pred_pre': '+2000', 'pred_pre_sig': '2', 'trde_tern_rt': '+0.70'}
[2025-10-17 14:46:46] INFO:   [현재가] 현재가: 220,500원
[2025-10-17 14:46:46] INFO:   [저가] 저가: 508,275원
[2025-10-17 14:46:46] INFO:   [고가] 고가: 112,531원
[2025-10-17 14:46:46] INFO:   [20일선] 20일선: 219,900원
[2025-10-17 14:46:46] INFO:   [1차매수선] 1차 매수선: 176,420원 (이격도: 25.0%)
[2025-10-17 14:46:46] INFO:   [2차매수선] 2차 매수선: 159,278원 (이격도: 38.4%)
[2025-10-17 14:46:46] INFO:   [3차매수선] 3차 매수선: 143,850원 (이격도: 53.3%)
[2025-10-17 14:46:46] INFO:   [간격] 다음 모니터링 간격: 1800초 (30분)
[2025-10-17 14:46:46] INFO: 
[69] SK이노베이션 (096770) 모니터링 중...
[2025-10-17 14:46:47] INFO: 🔍 096770 API 응답 키들: ['cur_prc', 'trde_qty', 'trde_prica', 'dt', 'open_pric', 'high_pric', 'low_pric', 'pred_pre', 'pred_pre_sig', 'trde_tern_rt']
[2025-10-17 14:46:47] INFO: 🔍 096770 각 키의 값들: {'cur_prc': '115800', 'trde_qty': '900851', 'trde_prica': '105171', 'dt': '20251017', 'open_pric': '115900', 'high_pric': '119000', 'low_pric': '111900', 'pred_pre': '-200', 'pred_pre_sig': '5', 'trde_tern_rt': '+0.53'}
[2025-10-17 14:46:47] INFO:   [현재가] 현재가: 115,800원
[2025-10-17 14:46:47] INFO:   [저가] 저가: 900,851원
[2025-10-17 14:46:47] INFO:   [고가] 고가: 105,171원
[2025-10-17 14:46:47] INFO:   [20일선] 20일선: 105,615원
[2025-10-17 14:46:47] INFO:   [1차매수선] 1차 매수선: 84,592원 (이격도: 36.9%)
[2025-10-17 14:46:47] INFO:   [2차매수선] 2차 매수선: 76,233원 (이격도: 51.9%)
[2025-10-17 14:46:47] INFO:   [3차매수선] 3차 매수선: 68,710원 (이격도: 68.5%)
[2025-10-17 14:46:47] INFO:   [간격] 다음 모니터링 간격: 1800초 (30분)
[2025-10-17 14:46:47] INFO: 
================================================================================
[2025-10-17 14:46:47] INFO: [OK] 동적 모니터링 사이클 완료
[2025-10-17 14:46:47] INFO:   전체 종목: 69개
[2025-10-17 14:46:47] INFO:   체크한 종목: 69개
[2025-10-17 14:46:47] INFO:   전송 알람: 0개
[2025-10-17 14:46:47] INFO: ================================================================================
[2025-10-17 14:46:47] INFO: 
[간격] 60초 후 다음 사이클 실행...
[2025-10-17 14:46:47] INFO:    종료하려면 Ctrl+C를 누르세요.
[2025-10-17 14:47:39] INFO: ================================================================================
[2025-10-17 14:47:39] INFO: 🔍 실시간 주식 모니터링 시작 (개선된 버전)
[2025-10-17 14:47:39] INFO: ⏰ 기본 모니터링 간격: 60초 (1분)
[2025-10-17 14:47:39] INFO: 📊 동적 간격: 1% 이내(1분), 3% 이내(3분), 10% 이내(10분)
[2025-10-17 14:47:39] INFO: 🎯 저가 기준 터치 감지 활성화
[2025-10-17 14:47:39] INFO: 🕐 모니터링 시간: 08:00-20:00
[2025-10-17 14:47:39] INFO: ================================================================================
[2025-10-17 14:47:39] INFO: 
================================================================================
[2025-10-17 14:47:39] INFO: [사이클 1] 2025-10-17 14:47:39
[2025-10-17 14:47:39] INFO: ================================================================================
[2025-10-17 14:47:40] INFO: ✓ 접근 토큰 발급 성공
[2025-10-17 14:47:40] INFO: [OK] Summary 탭에서 69개 종목 로드
[2025-10-17 14:47:40] INFO: 
[1] 삼성전자 (005930) 모니터링 중...
[2025-10-17 14:47:40] INFO:   [현재가] 현재가: 97,900원
[2025-10-17 14:47:40] INFO:   [저가] 저가: 94,900원
[2025-10-17 14:47:40] INFO:   [고가] 고가: 99,100원
[2025-10-17 14:47:41] INFO:   [20일선] 20일선: 87,585원
[2025-10-17 14:47:41] INFO:   [1차매수선] 1차 매수선: 70,168원 (이격도: 39.5%)
[2025-10-17 14:47:41] INFO:   [2차매수선] 2차 매수선: 63,251원 (이격도: 54.8%)
[2025-10-17 14:47:41] INFO:   [3차매수선] 3차 매수선: 57,026원 (이격도: 71.7%)
[2025-10-17 14:47:41] INFO:   [간격] 다음 모니터링 간격: 1800초 (30분)
[2025-10-17 14:47:41] INFO: 
[2] SK하이닉스 (000660) 모니터링 중...
[2025-10-17 14:47:41] INFO:   [현재가] 현재가: 464,000원
[2025-10-17 14:47:41] INFO:   [저가] 저가: 443,500원
[2025-10-17 14:47:41] INFO:   [고가] 고가: 475,000원
[2025-10-17 14:47:42] INFO:   [20일선] 20일선: 382,975원
[2025-10-17 14:47:42] INFO:   [1차매수선] 1차 매수선: 306,880원 (이격도: 51.2%)
[2025-10-17 14:47:42] INFO:   [2차매수선] 2차 매수선: 276,692원 (이격도: 67.7%)
[2025-10-17 14:47:42] INFO:   [3차매수선] 3차 매수선: 249,523원 (이격도: 86.0%)
[2025-10-17 14:47:42] INFO:   [간격] 다음 모니터링 간격: 1800초 (30분)
[2025-10-17 14:47:42] INFO: 
[3] 두산에너빌리티 (034020) 모니터링 중...
[2025-10-17 14:47:42] INFO:   [현재가] 현재가: 80,600원
[2025-10-17 14:47:42] INFO:   [저가] 저가: 80,600원
[2025-10-17 14:47:42] INFO:   [고가] 고가: 83,600원
[2025-10-17 14:47:42] INFO:   [20일선] 20일선: 68,760원
[2025-10-17 14:47:42] INFO:   [1차매수선] 1차 매수선: 55,108원 (이격도: 46.3%)
[2025-10-17 14:47:42] INFO:   [2차매수선] 2차 매수선: 49,647원 (이격도: 62.3%)
[2025-10-17 14:47:42] INFO:   [3차매수선] 3차 매수선: 44,732원 (이격도: 80.2%)
[2025-10-17 14:47:42] INFO:   [간격] 다음 모니터링 간격: 1800초 (30분)
[2025-10-17 14:47:42] INFO: 
[4] NAVER (035420) 모니터링 중...
[2025-10-17 14:47:43] INFO:   [현재가] 현재가: 255,000원
[2025-10-17 14:47:43] INFO:   [저가] 저가: 254,500원
[2025-10-17 14:47:43] INFO:   [고가] 고가: 262,500원
[2025-10-17 14:47:44] INFO:   [20일선] 20일선: 250,500원
[2025-10-17 14:47:44] INFO:   [1차매수선] 1차 매수선: 200,900원 (이격도: 26.9%)
[2025-10-17 14:47:44] INFO:   [2차매수선] 2차 매수선: 181,310원 (이격도: 40.6%)
[2025-10-17 14:47:44] INFO:   [3차매수선] 3차 매수선: 163,679원 (이격도: 55.8%)
[2025-10-17 14:47:44] INFO:   [간격] 다음 모니터링 간격: 1800초 (30분)
[2025-10-17 14:47:44] INFO: 
[5] 한미반도체 (042700) 모니터링 중...
[2025-10-17 14:47:44] INFO:   [현재가] 현재가: 142,300원
[2025-10-17 14:47:44] INFO:   [저가] 저가: 140,900원
[2025-10-17 14:47:44] INFO:   [고가] 고가: 147,900원
[2025-10-17 14:47:44] INFO:   [20일선] 20일선: 108,680원
[2025-10-17 14:47:44] INFO:   [1차매수선] 1차 매수선: 87,044원 (이격도: 63.5%)
[2025-10-17 14:47:44] INFO:   [2차매수선] 2차 매수선: 78,440원 (이격도: 81.4%)
[2025-10-17 14:47:44] INFO:   [3차매수선] 3차 매수선: 70,696원 (이격도: 101.3%)
[2025-10-17 14:47:44] INFO:   [간격] 다음 모니터링 간격: 1800초 (30분)
[2025-10-17 14:47:44] INFO: 
[6] 에코프로비엠 (247540) 모니터링 중...
[2025-10-17 14:47:45] INFO:   [현재가] 현재가: 161,300원
[2025-10-17 14:47:45] INFO:   [저가] 저가: 138,600원
[2025-10-17 14:47:45] INFO:   [고가] 고가: 167,400원
[2025-10-17 14:47:46] INFO:   [20일선] 20일선: 123,760원
[2025-10-17 14:47:46] INFO:   [1차매수선] 1차 매수선: 99,108원 (이격도: 62.8%)
[2025-10-17 14:47:46] INFO:   [2차매수선] 2차 매수선: 89,297원 (이격도: 80.6%)
[2025-10-17 14:47:46] INFO:   [3차매수선] 3차 매수선: 80,467원 (이격도: 100.5%)
[2025-10-17 14:47:46] INFO:   [간격] 다음 모니터링 간격: 1800초 (30분)
[2025-10-17 14:47:46] INFO: 
[7] 삼성SDI (006400) 모니터링 중...
[2025-10-17 14:47:46] INFO:   [현재가] 현재가: 254,250원
[2025-10-17 14:47:46] INFO:   [저가] 저가: 228,000원
[2025-10-17 14:47:46] INFO:   [고가] 고가: 259,500원
[2025-10-17 14:47:47] INFO:   [20일선] 20일선: 214,050원
[2025-10-17 14:47:47] INFO:   [1차매수선] 1차 매수선: 171,740원 (이격도: 48.0%)
[2025-10-17 14:47:47] INFO:   [2차매수선] 2차 매수선: 155,066원 (이격도: 64.0%)
[2025-10-17 14:47:47] INFO:   [3차매수선] 3차 매수선: 140,059원 (이격도: 81.5%)
[2025-10-17 14:47:47] INFO:   [간격] 다음 모니터링 간격: 1800초 (30분)
[2025-10-17 14:47:47] INFO: 
[8] 한라캐스트 (125490) 모니터링 중...
[2025-10-17 14:47:47] INFO:   [현재가] 현재가: 11,130원
[2025-10-17 14:47:47] INFO:   [저가] 저가: 11,050원
[2025-10-17 14:47:47] INFO:   [고가] 고가: 12,250원
[2025-10-17 14:47:47] INFO:   [20일선] 20일선: 8,736원
[2025-10-17 14:47:47] INFO:   [1차매수선] 1차 매수선: 6,999원 (이격도: 59.0%)
[2025-10-17 14:47:47] INFO:   [2차매수선] 2차 매수선: 6,309원 (이격도: 76.4%)
[2025-10-17 14:47:47] INFO:   [3차매수선] 3차 매수선: 5,688원 (이격도: 95.7%)
[2025-10-17 14:47:47] INFO:   [간격] 다음 모니터링 간격: 1800초 (30분)
[2025-10-17 14:47:47] INFO: 
[9] 에코프로 (086520) 모니터링 중...
[2025-10-17 14:47:48] INFO:   [현재가] 현재가: 72,700원
[2025-10-17 14:47:48] INFO:   [저가] 저가: 58,600원
[2025-10-17 14:47:48] INFO:   [고가] 고가: 73,900원
[2025-10-17 14:47:48] INFO:   [20일선] 20일선: 51,745원
[2025-10-17 14:47:48] INFO:   [1차매수선] 1차 매수선: 41,446원 (이격도: 75.4%)
[2025-10-17 14:47:48] INFO:   [2차매수선] 2차 매수선: 37,351원 (이격도: 94.6%)
[2025-10-17 14:47:48] INFO:   [3차매수선] 3차 매수선: 33,666원 (이격도: 115.9%)
[2025-10-17 14:47:48] INFO:   [간격] 다음 모니터링 간격: 1800초 (30분)
[2025-10-17 14:47:48] INFO: 
[10] 에코프로머티 (450080) 모니터링 중...
[2025-10-17 14:47:49] INFO:   [현재가] 현재가: 65,700원
[2025-10-17 14:47:49] INFO:   [저가] 저가: 60,900원
[2025-10-17 14:47:49] INFO:   [고가] 고가: 69,200원
[2025-10-17 14:47:50] INFO:   [20일선] 20일선: 51,908원
[2025-10-17 14:47:50] INFO:   [1차매수선] 1차 매수선: 41,576원 (이격도: 58.0%)
[2025-10-17 14:47:50] INFO:   [2차매수선] 2차 매수선: 37,468원 (이격도: 75.3%)
[2025-10-17 14:47:50] INFO:   [3차매수선] 3차 매수선: 33,772원 (이격도: 94.5%)
[2025-10-17 14:47:50] INFO:   [간격] 다음 모니터링 간격: 1800초 (30분)
[2025-10-17 14:47:50] INFO: 
[11] LG에너지솔루션 (373220) 모니터링 중...
[2025-10-17 14:47:50] INFO:   [현재가] 현재가: 431,000원
[2025-10-17 14:47:50] INFO:   [저가] 저가: 406,500원
[2025-10-17 14:47:50] INFO:   [고가] 고가: 443,000원
[2025-10-17 14:47:51] INFO:   [20일선] 20일선: 369,375원
[2025-10-17 14:47:51] INFO:   [1차매수선] 1차 매수선: 296,000원 (이격도: 45.6%)
[2025-10-17 14:47:51] INFO:   [2차매수선] 2차 매수선: 266,900원 (이격도: 61.5%)
[2025-10-17 14:47:51] INFO:   [3차매수선] 3차 매수선: 240,710원 (이격도: 79.1%)
[2025-10-17 14:47:51] INFO:   [간격] 다음 모니터링 간격: 1800초 (30분)
[2025-10-17 14:47:51] INFO: 
[12] 클로봇 (466100) 모니터링 중...
[2025-10-17 14:47:51] INFO:   [현재가] 현재가: 41,500원
[2025-10-17 14:47:51] INFO:   [저가] 저가: 41,450원
[2025-10-17 14:47:51] INFO:   [고가] 고가: 45,000원
[2025-10-17 14:47:51] INFO:   [20일선] 20일선: 32,990원
[2025-10-17 14:47:51] INFO:   [1차매수선] 1차 매수선: 26,442원 (이격도: 56.9%)
[2025-10-17 14:47:51] INFO:   [2차매수선] 2차 매수선: 23,848원 (이격도: 74.0%)
[2025-10-17 14:47:51] INFO:   [3차매수선] 3차 매수선: 21,513원 (이격도: 92.9%)
[2025-10-17 14:47:51] INFO:   [간격] 다음 모니터링 간격: 1800초 (30분)
[2025-10-17 14:47:51] INFO: 
[13] 로보티즈 (108490) 모니터링 중...
[2025-10-17 14:47:52] INFO:   [현재가] 현재가: 191,500원
[2025-10-17 14:47:52] INFO:   [저가] 저가: 191,500원
[2025-10-17 14:47:52] INFO:   [고가] 고가: 202,500원
[2025-10-17 14:47:52] INFO:   [20일선] 20일선: 157,950원
[2025-10-17 14:47:52] INFO:   [1차매수선] 1차 매수선: 126,860원 (이격도: 51.0%)
[2025-10-17 14:47:52] INFO:   [2차매수선] 2차 매수선: 114,674원 (이격도: 67.0%)
[2025-10-17 14:47:52] INFO:   [3차매수선] 3차 매수선: 103,707원 (이격도: 84.7%)
[2025-10-17 14:47:52] INFO:   [간격] 다음 모니터링 간격: 1800초 (30분)
[2025-10-17 14:47:52] INFO: 
[14] 삼성전자우 (005935) 모니터링 중...
[2025-10-17 14:47:53] INFO:   [현재가] 현재가: 75,000원
[2025-10-17 14:47:53] INFO:   [저가] 저가: 74,400원
[2025-10-17 14:47:53] INFO:   [고가] 고가: 76,000원
[2025-10-17 14:47:53] INFO:   [20일선] 20일선: 68,940원
[2025-10-17 14:47:53] INFO:   [1차매수선] 1차 매수선: 55,252원 (이격도: 35.7%)
[2025-10-17 14:47:53] INFO:   [2차매수선] 2차 매수선: 49,777원 (이격도: 50.7%)
[2025-10-17 14:47:53] INFO:   [3차매수선] 3차 매수선: 44,849원 (이격도: 67.2%)
[2025-10-17 14:47:53] INFO:   [간격] 다음 모니터링 간격: 1800초 (30분)
[2025-10-17 14:47:53] INFO: 
[15] 일동제약 (249420) 모니터링 중...
[2025-10-17 14:47:53] INFO:   [현재가] 현재가: 21,550원
[2025-10-17 14:47:53] INFO:   [저가] 저가: 21,500원
[2025-10-17 14:47:53] INFO:   [고가] 고가: 22,850원
[2025-10-17 14:47:54] INFO:   [20일선] 20일선: 26,525원
[2025-10-17 14:47:54] INFO:   [1차매수선] 1차 매수선: 21,270원 (이격도: 1.3%)
[2025-10-17 14:47:54] INFO:   [2차매수선] 2차 매수선: 19,193원 (이격도: 12.3%)
[2025-10-17 14:47:54] INFO:   [3차매수선] 3차 매수선: 17,324원 (이격도: 24.4%)
[2025-10-17 14:47:54] INFO:   [간격] 다음 모니터링 간격: 180초 (3분)
[2025-10-17 14:47:55] INFO: ✓ 텔레그램 전송 성공: me
[2025-10-17 14:47:56] INFO: ✓ 텔레그램 전송 성공: yoonjoo
[2025-10-17 14:47:57] INFO: ✓ 텔레그램 전송 성공: minjeong
[2025-10-17 14:47:58] INFO: ✓ 텔레그램 전송 성공: jumeoni
[2025-10-17 14:47:58] INFO: 🟡 일동제약 (249420): 1차 매수선 저가 기준 5% 인접 알람 전송
[2025-10-17 14:47:58] INFO: 
[16] 우리기술투자 (041190) 모니터링 중...
[2025-10-17 14:47:59] INFO:   [현재가] 현재가: 9,170원
[2025-10-17 14:47:59] INFO:   [저가] 저가: 9,070원
[2025-10-17 14:47:59] INFO:   [고가] 고가: 9,870원
[2025-10-17 14:47:59] INFO:   [20일선] 20일선: 10,654원
[2025-10-17 14:47:59] INFO:   [1차매수선] 1차 매수선: 8,533원 (이격도: 7.5%)
[2025-10-17 14:47:59] INFO:   [2차매수선] 2차 매수선: 7,690원 (이격도: 19.2%)
[2025-10-17 14:47:59] INFO:   [3차매수선] 3차 매수선: 6,931원 (이격도: 32.3%)
[2025-10-17 14:47:59] INFO:   [간격] 다음 모니터링 간격: 600초 (10분)
[2025-10-17 14:47:59] INFO: 
[17] NHN KCP (060250) 모니터링 중...
[2025-10-17 14:47:59] INFO:   [현재가] 현재가: 16,420원
[2025-10-17 14:47:59] INFO:   [저가] 저가: 16,410원
[2025-10-17 14:47:59] INFO:   [고가] 고가: 17,290원
[2025-10-17 14:48:00] INFO:   [20일선] 20일선: 16,804원
[2025-10-17 14:48:00] INFO:   [1차매수선] 1차 매수선: 13,493원 (이격도: 21.7%)
[2025-10-17 14:48:00] INFO:   [2차매수선] 2차 매수선: 12,194원 (이격도: 34.7%)
[2025-10-17 14:48:00] INFO:   [3차매수선] 3차 매수선: 11,024원 (이격도: 48.9%)
[2025-10-17 14:48:00] INFO:   [간격] 다음 모니터링 간격: 1800초 (30분)
[2025-10-17 14:48:00] INFO: 
[18] 카카오 (035720) 모니터링 중...
[2025-10-17 14:48:00] INFO:   [현재가] 현재가: 58,100원
[2025-10-17 14:48:00] INFO:   [저가] 저가: 57,900원
[2025-10-17 14:48:00] INFO:   [고가] 고가: 59,500원
[2025-10-17 14:48:01] INFO:   [20일선] 20일선: 61,355원
[2025-10-17 14:48:01] INFO:   [1차매수선] 1차 매수선: 49,134원 (이격도: 18.2%)
[2025-10-17 14:48:01] INFO:   [2차매수선] 2차 매수선: 44,271원 (이격도: 31.2%)
[2025-10-17 14:48:01] INFO:   [3차매수선] 3차 매수선: 39,894원 (이격도: 45.6%)
[2025-10-17 14:48:01] INFO:   [간격] 다음 모니터링 간격: 1800초 (30분)
[2025-10-17 14:48:01] INFO: 
[19] 레인보우로보틱스 (277810) 모니터링 중...
[2025-10-17 14:48:01] INFO:   [현재가] 현재가: 331,500원
[2025-10-17 14:48:01] INFO:   [저가] 저가: 331,000원
[2025-10-17 14:48:01] INFO:   [고가] 고가: 347,000원
[2025-10-17 14:48:02] INFO:   [20일선] 20일선: 316,600원
[2025-10-17 14:48:02] INFO:   [1차매수선] 1차 매수선: 253,780원 (이격도: 30.6%)
[2025-10-17 14:48:02] INFO:   [2차매수선] 2차 매수선: 228,902원 (이격도: 44.8%)
[2025-10-17 14:48:02] INFO:   [3차매수선] 3차 매수선: 206,512원 (이격도: 60.5%)
[2025-10-17 14:48:02] INFO:   [간격] 다음 모니터링 간격: 1800초 (30분)
[2025-10-17 14:48:02] INFO: 
[20] 알테오젠 (196170) 모니터링 중...
[2025-10-17 14:48:02] INFO:   [현재가] 현재가: 433,500원
[2025-10-17 14:48:02] INFO:   [저가] 저가: 426,000원
[2025-10-17 14:48:02] INFO:   [고가] 고가: 448,000원
[2025-10-17 14:48:02] INFO:   [20일선] 20일선: 460,800원
[2025-10-17 14:48:02] INFO:   [1차매수선] 1차 매수선: 369,140원 (이격도: 17.4%)
[2025-10-17 14:48:02] INFO:   [2차매수선] 2차 매수선: 332,726원 (이격도: 30.3%)
[2025-10-17 14:48:02] INFO:   [3차매수선] 3차 매수선: 299,953원 (이격도: 44.5%)
[2025-10-17 14:48:02] INFO:   [간격] 다음 모니터링 간격: 1800초 (30분)
[2025-10-17 14:48:02] INFO: 
[21] 셀트리온 (068270) 모니터링 중...
[2025-10-17 14:48:03] INFO:   [현재가] 현재가: 174,900원
[2025-10-17 14:48:03] INFO:   [저가] 저가: 173,050원
[2025-10-17 14:48:03] INFO:   [고가] 고가: 176,500원
[2025-10-17 14:48:04] INFO:   [20일선] 20일선: 173,810원
[2025-10-17 14:48:04] INFO:   [1차매수선] 1차 매수선: 139,548원 (이격도: 25.3%)
[2025-10-17 14:48:04] INFO:   [2차매수선] 2차 매수선: 126,093원 (이격도: 38.7%)
[2025-10-17 14:48:04] INFO:   [3차매수선] 3차 매수선: 113,984원 (이격도: 53.4%)
[2025-10-17 14:48:04] INFO:   [간격] 다음 모니터링 간격: 1800초 (30분)
[2025-10-17 14:48:04] INFO: 
[22] 디앤디파마텍 (347850) 모니터링 중...
[2025-10-17 14:48:04] INFO:   [현재가] 현재가: 160,500원
[2025-10-17 14:48:04] INFO:   [저가] 저가: 159,800원
[2025-10-17 14:48:04] INFO:   [고가] 고가: 172,900원
[2025-10-17 14:48:04] INFO:   [20일선] 20일선: 184,435원
[2025-10-17 14:48:04] INFO:   [1차매수선] 1차 매수선: 148,048원 (이격도: 8.4%)
[2025-10-17 14:48:04] INFO:   [2차매수선] 2차 매수선: 133,743원 (이격도: 20.0%)
[2025-10-17 14:48:04] INFO:   [3차매수선] 3차 매수선: 120,869원 (이격도: 32.8%)
[2025-10-17 14:48:04] INFO:   [간격] 다음 모니터링 간격: 600초 (10분)
[2025-10-17 14:48:04] INFO: 
[23] 삼천당제약 (000250) 모니터링 중...
[2025-10-17 14:48:05] INFO:   [현재가] 현재가: 199,300원
[2025-10-17 14:48:05] INFO:   [저가] 저가: 197,000원
[2025-10-17 14:48:05] INFO:   [고가] 고가: 204,500원
[2025-10-17 14:48:06] INFO:   [20일선] 20일선: 217,550원
[2025-10-17 14:48:06] INFO:   [1차매수선] 1차 매수선: 174,540원 (이격도: 14.2%)
[2025-10-17 14:48:06] INFO:   [2차매수선] 2차 매수선: 157,586원 (이격도: 26.5%)
[2025-10-17 14:48:06] INFO:   [3차매수선] 3차 매수선: 142,327원 (이격도: 40.0%)
[2025-10-17 14:48:06] INFO:   [간격] 다음 모니터링 간격: 1800초 (30분)
[2025-10-17 14:48:06] INFO: 
[24] 다날 (064260) 모니터링 중...
[2025-10-17 14:48:06] INFO:   [현재가] 현재가: 8,980원
[2025-10-17 14:48:06] INFO:   [저가] 저가: 8,970원
[2025-10-17 14:48:06] INFO:   [고가] 고가: 9,470원
[2025-10-17 14:48:06] INFO:   [20일선] 20일선: 9,770원
[2025-10-17 14:48:06] INFO:   [1차매수선] 1차 매수선: 7,826원 (이격도: 14.7%)
[2025-10-17 14:48:06] INFO:   [2차매수선] 2차 매수선: 7,054원 (이격도: 27.3%)
[2025-10-17 14:48:06] INFO:   [3차매수선] 3차 매수선: 6,358원 (이격도: 41.2%)
[2025-10-17 14:48:06] INFO:   [간격] 다음 모니터링 간격: 1800초 (30분)
[2025-10-17 14:48:06] INFO: 
[25] 현대로템 (064350) 모니터링 중...
[2025-10-17 14:48:07] INFO:   [현재가] 현재가: 202,000원
[2025-10-17 14:48:07] INFO:   [저가] 저가: 202,000원
[2025-10-17 14:48:07] INFO:   [고가] 고가: 209,500원
[2025-10-17 14:48:08] INFO:   [20일선] 20일선: 215,925원
[2025-10-17 14:48:08] INFO:   [1차매수선] 1차 매수선: 173,240원 (이격도: 16.6%)
[2025-10-17 14:48:08] INFO:   [2차매수선] 2차 매수선: 156,416원 (이격도: 29.1%)
[2025-10-17 14:48:08] INFO:   [3차매수선] 3차 매수선: 141,274원 (이격도: 43.0%)
[2025-10-17 14:48:08] INFO:   [간격] 다음 모니터링 간격: 1800초 (30분)
[2025-10-17 14:48:08] INFO: 
[26] 로보스타 (090360) 모니터링 중...
[2025-10-17 14:48:08] INFO:   [현재가] 현재가: 63,900원
[2025-10-17 14:48:08] INFO:   [저가] 저가: 63,800원
[2025-10-17 14:48:08] INFO:   [고가] 고가: 70,800원
[2025-10-17 14:48:08] INFO:   [20일선] 20일선: 50,275원
[2025-10-17 14:48:08] INFO:   [1차매수선] 1차 매수선: 40,270원 (이격도: 58.7%)
[2025-10-17 14:48:08] INFO:   [2차매수선] 2차 매수선: 36,293원 (이격도: 76.1%)
[2025-10-17 14:48:08] INFO:   [3차매수선] 3차 매수선: 32,714원 (이격도: 95.3%)
[2025-10-17 14:48:08] INFO:   [간격] 다음 모니터링 간격: 1800초 (30분)
[2025-10-17 14:48:08] INFO: 
[27] 한국항공우주 (047810) 모니터링 중...
[2025-10-17 14:48:09] INFO:   [현재가] 현재가: 96,100원
[2025-10-17 14:48:09] INFO:   [저가] 저가: 95,100원
[2025-10-17 14:48:09] INFO:   [고가] 고가: 99,600원
[2025-10-17 14:48:09] INFO:   [20일선] 20일선: 104,870원
[2025-10-17 14:48:09] INFO:   [1차매수선] 1차 매수선: 83,996원 (이격도: 14.4%)
[2025-10-17 14:48:09] INFO:   [2차매수선] 2차 매수선: 75,696원 (이격도: 27.0%)
[2025-10-17 14:48:09] INFO:   [3차매수선] 3차 매수선: 68,227원 (이격도: 40.9%)
[2025-10-17 14:48:09] INFO:   [간격] 다음 모니터링 간격: 1800초 (30분)
[2025-10-17 14:48:09] INFO: 
[28] 한화오션 (042660) 모니터링 중...
[2025-10-17 14:48:10] INFO:   [현재가] 현재가: 106,500원
[2025-10-17 14:48:10] INFO:   [저가] 저가: 105,500원
[2025-10-17 14:48:10] INFO:   [고가] 고가: 113,700원
[2025-10-17 14:48:10] INFO:   [20일선] 20일선: 109,105원
[2025-10-17 14:48:10] INFO:   [1차매수선] 1차 매수선: 87,384원 (이격도: 21.9%)
[2025-10-17 14:48:10] INFO:   [2차매수선] 2차 매수선: 78,746원 (이격도: 35.2%)
[2025-10-17 14:48:10] INFO:   [3차매수선] 3차 매수선: 70,971원 (이격도: 50.1%)
[2025-10-17 14:48:10] INFO:   [간격] 다음 모니터링 간격: 1800초 (30분)
[2025-10-17 14:48:10] INFO: 
[29] 지투지바이오 (456160) 모니터링 중...
[2025-10-17 14:48:11] INFO:   [현재가] 현재가: 166,700원
[2025-10-17 14:48:11] INFO:   [저가] 저가: 166,700원
[2025-10-17 14:48:11] INFO:   [고가] 고가: 179,300원
[2025-10-17 14:48:11] INFO:   [20일선] 20일선: 203,615원
[2025-10-17 14:48:11] INFO:   [1차매수선] 1차 매수선: 163,392원 (이격도: 2.0%)
[2025-10-17 14:48:11] INFO:   [2차매수선] 2차 매수선: 147,553원 (이격도: 13.0%)
[2025-10-17 14:48:11] INFO:   [3차매수선] 3차 매수선: 133,298원 (이격도: 25.1%)
[2025-10-17 14:48:11] INFO:   [간격] 다음 모니터링 간격: 180초 (3분)
[2025-10-17 14:48:12] INFO: ✓ 텔레그램 전송 성공: me
[2025-10-17 14:48:13] INFO: ✓ 텔레그램 전송 성공: yoonjoo
[2025-10-17 14:48:14] INFO: ✓ 텔레그램 전송 성공: minjeong
[2025-10-17 14:48:15] INFO: ✓ 텔레그램 전송 성공: jumeoni
[2025-10-17 14:48:15] INFO: 🟡 지투지바이오 (456160): 1차 매수선 저가 기준 5% 인접 알람 전송
[2025-10-17 14:48:15] INFO: 
[30] 농심 (004370) 모니터링 중...
[2025-10-17 14:48:16] INFO:   [현재가] 현재가: 429,750원
[2025-10-17 14:48:16] INFO:   [저가] 저가: 424,000원
[2025-10-17 14:48:16] INFO:   [고가] 고가: 435,000원
[2025-10-17 14:48:16] INFO:   [20일선] 20일선: 448,600원
[2025-10-17 14:48:16] INFO:   [1차매수선] 1차 매수선: 359,380원 (이격도: 19.6%)
[2025-10-17 14:48:16] INFO:   [2차매수선] 2차 매수선: 323,942원 (이격도: 32.7%)
[2025-10-17 14:48:16] INFO:   [3차매수선] 3차 매수선: 292,048원 (이격도: 47.2%)
[2025-10-17 14:48:16] INFO:   [간격] 다음 모니터링 간격: 1800초 (30분)
[2025-10-17 14:48:16] INFO: 
[31] SK오션플랜트 (100090) 모니터링 중...
[2025-10-17 14:48:16] INFO:   [현재가] 현재가: 21,150원
[2025-10-17 14:48:16] INFO:   [저가] 저가: 20,900원
[2025-10-17 14:48:16] INFO:   [고가] 고가: 22,500원
[2025-10-17 14:48:17] INFO:   [20일선] 20일선: 24,448원
[2025-10-17 14:48:17] INFO:   [1차매수선] 1차 매수선: 19,608원 (이격도: 7.9%)
[2025-10-17 14:48:17] INFO:   [2차매수선] 2차 매수선: 17,697원 (이격도: 19.5%)
[2025-10-17 14:48:17] INFO:   [3차매수선] 3차 매수선: 15,977원 (이격도: 32.4%)
[2025-10-17 14:48:17] INFO:   [간격] 다음 모니터링 간격: 600초 (10분)
[2025-10-17 14:48:17] INFO: 
[32] HJ중공업 (097230) 모니터링 중...
[2025-10-17 14:48:17] INFO:   [현재가] 현재가: 25,400원
[2025-10-17 14:48:17] INFO:   [저가] 저가: 25,100원
[2025-10-17 14:48:17] INFO:   [고가] 고가: 27,750원
[2025-10-17 14:48:18] INFO:   [20일선] 20일선: 27,342원
[2025-10-17 14:48:18] INFO:   [1차매수선] 1차 매수선: 21,924원 (이격도: 15.9%)
[2025-10-17 14:48:18] INFO:   [2차매수선] 2차 매수선: 19,782원 (이격도: 28.4%)
[2025-10-17 14:48:18] INFO:   [3차매수선] 3차 매수선: 17,853원 (이격도: 42.3%)
[2025-10-17 14:48:18] INFO:   [간격] 다음 모니터링 간격: 1800초 (30분)
[2025-10-17 14:48:18] INFO: 
[33] 세진중공업 (075580) 모니터링 중...
[2025-10-17 14:48:18] INFO:   [현재가] 현재가: 20,150원
[2025-10-17 14:48:18] INFO:   [저가] 저가: 20,050원
[2025-10-17 14:48:18] INFO:   [고가] 고가: 22,200원
[2025-10-17 14:48:19] INFO:   [20일선] 20일선: 21,380원
[2025-10-17 14:48:19] INFO:   [1차매수선] 1차 매수선: 17,154원 (이격도: 17.5%)
[2025-10-17 14:48:19] INFO:   [2차매수선] 2차 매수선: 15,488원 (이격도: 30.1%)
[2025-10-17 14:48:19] INFO:   [3차매수선] 3차 매수선: 13,989원 (이격도: 44.0%)
[2025-10-17 14:48:19] INFO:   [간격] 다음 모니터링 간격: 1800초 (30분)
[2025-10-17 14:48:19] INFO: 
[34] 엘앤씨바이오 (290650) 모니터링 중...
[2025-10-17 14:48:19] INFO:   [현재가] 현재가: 48,950원
[2025-10-17 14:48:19] INFO:   [저가] 저가: 48,900원
[2025-10-17 14:48:19] INFO:   [고가] 고가: 57,700원
[2025-10-17 14:48:20] INFO:   [20일선] 20일선: 54,068원
[2025-10-17 14:48:20] INFO:   [1차매수선] 1차 매수선: 43,304원 (이격도: 13.0%)
[2025-10-17 14:48:20] INFO:   [2차매수선] 2차 매수선: 39,024원 (이격도: 25.4%)
[2025-10-17 14:48:20] INFO:   [3차매수선] 3차 매수선: 35,171원 (이격도: 39.2%)
[2025-10-17 14:48:20] INFO:   [간격] 다음 모니터링 간격: 1800초 (30분)
[2025-10-17 14:48:20] INFO: 
[35] 한화엔진 (082740) 모니터링 중...
[2025-10-17 14:48:20] INFO:   [현재가] 현재가: 46,500원
[2025-10-17 14:48:20] INFO:   [저가] 저가: 46,350원
[2025-10-17 14:48:20] INFO:   [고가] 고가: 49,250원
[2025-10-17 14:48:20] INFO:   [20일선] 20일선: 45,095원
[2025-10-17 14:48:20] INFO:   [1차매수선] 1차 매수선: 36,126원 (이격도: 28.7%)
[2025-10-17 14:48:20] INFO:   [2차매수선] 2차 매수선: 32,563원 (이격도: 42.8%)
[2025-10-17 14:48:20] INFO:   [3차매수선] 3차 매수선: 29,357원 (이격도: 58.4%)
[2025-10-17 14:48:20] INFO:   [간격] 다음 모니터링 간격: 1800초 (30분)
[2025-10-17 14:48:20] INFO: 
[36] 현대힘스 (460930) 모니터링 중...
[2025-10-17 14:48:21] INFO:   [현재가] 현재가: 22,600원
[2025-10-17 14:48:21] INFO:   [저가] 저가: 22,500원
[2025-10-17 14:48:21] INFO:   [고가] 고가: 23,900원
[2025-10-17 14:48:21] INFO:   [20일선] 20일선: 25,370원
[2025-10-17 14:48:21] INFO:   [1차매수선] 1차 매수선: 20,346원 (이격도: 11.1%)
[2025-10-17 14:48:21] INFO:   [2차매수선] 2차 매수선: 18,361원 (이격도: 23.1%)
[2025-10-17 14:48:21] INFO:   [3차매수선] 3차 매수선: 16,575원 (이격도: 36.3%)
[2025-10-17 14:48:21] INFO:   [간격] 다음 모니터링 간격: 1800초 (30분)
[2025-10-17 14:48:21] INFO: 
[37] HD한국조선해양 (009540) 모니터링 중...
[2025-10-17 14:48:22] INFO:   [현재가] 현재가: 420,500원
[2025-10-17 14:48:22] INFO:   [저가] 저가: 420,500원
[2025-10-17 14:48:22] INFO:   [고가] 고가: 434,500원
[2025-10-17 14:48:22] INFO:   [20일선] 20일선: 411,700원
[2025-10-17 14:48:22] INFO:   [1차매수선] 1차 매수선: 329,860원 (이격도: 27.5%)
[2025-10-17 14:48:22] INFO:   [2차매수선] 2차 매수선: 297,374원 (이격도: 41.4%)
[2025-10-17 14:48:22] INFO:   [3차매수선] 3차 매수선: 268,137원 (이격도: 56.8%)
[2025-10-17 14:48:22] INFO:   [간격] 다음 모니터링 간격: 1800초 (30분)
[2025-10-17 14:48:22] INFO: 
[38] HD현대미포 (010620) 모니터링 중...
[2025-10-17 14:48:23] INFO:   [현재가] 현재가: 200,500원
[2025-10-17 14:48:23] INFO:   [저가] 저가: 200,000원
[2025-10-17 14:48:23] INFO:   [고가] 고가: 206,000원
[2025-10-17 14:48:23] INFO:   [20일선] 20일선: 199,390원
[2025-10-17 14:48:23] INFO:   [1차매수선] 1차 매수선: 160,012원 (이격도: 25.3%)
[2025-10-17 14:48:23] INFO:   [2차매수선] 2차 매수선: 144,511원 (이격도: 38.7%)
[2025-10-17 14:48:23] INFO:   [3차매수선] 3차 매수선: 130,560원 (이격도: 53.6%)
[2025-10-17 14:48:23] INFO:   [간격] 다음 모니터링 간격: 1800초 (30분)
[2025-10-17 14:48:23] INFO: 
[39] 삼성중공업 (010140) 모니터링 중...
[2025-10-17 14:48:24] INFO:   [현재가] 현재가: 22,500원
[2025-10-17 14:48:24] INFO:   [저가] 저가: 21,950원
[2025-10-17 14:48:24] INFO:   [고가] 고가: 22,700원
[2025-10-17 14:48:24] INFO:   [20일선] 20일선: 21,740원
[2025-10-17 14:48:24] INFO:   [1차매수선] 1차 매수선: 17,442원 (이격도: 29.0%)
[2025-10-17 14:48:24] INFO:   [2차매수선] 2차 매수선: 15,748원 (이격도: 42.9%)
[2025-10-17 14:48:24] INFO:   [3차매수선] 3차 매수선: 14,223원 (이격도: 58.2%)
[2025-10-17 14:48:24] INFO:   [간격] 다음 모니터링 간격: 1800초 (30분)
[2025-10-17 14:48:24] INFO: 
[40] 효성중공업 (298040) 모니터링 중...
[2025-10-17 14:48:25] INFO:   [현재가] 현재가: 1,578,000원
[2025-10-17 14:48:25] INFO:   [저가] 저가: 1,570,000원
[2025-10-17 14:48:25] INFO:   [고가] 고가: 1,625,000원
[2025-10-17 14:48:25] INFO:   [20일선] 20일선: 1,435,850원
[2025-10-17 14:48:25] INFO:   [1차매수선] 1차 매수선: 1,149,680원 (이격도: 37.3%)
[2025-10-17 14:48:25] INFO:   [2차매수선] 2차 매수선: 1,035,712원 (이격도: 52.4%)
[2025-10-17 14:48:25] INFO:   [3차매수선] 3차 매수선: 933,141원 (이격도: 69.1%)
[2025-10-17 14:48:25] INFO:   [간격] 다음 모니터링 간격: 1800초 (30분)
[2025-10-17 14:48:25] INFO: 
[41] LIG넥스원 (079550) 모니터링 중...
[2025-10-17 14:48:26] INFO:   [현재가] 현재가: 432,000원
[2025-10-17 14:48:26] INFO:   [저가] 저가: 430,500원
[2025-10-17 14:48:26] INFO:   [고가] 고가: 452,000원
[2025-10-17 14:48:26] INFO:   [20일선] 20일선: 487,075원
[2025-10-17 14:48:26] INFO:   [1차매수선] 1차 매수선: 390,160원 (이격도: 10.7%)
[2025-10-17 14:48:26] INFO:   [2차매수선] 2차 매수선: 351,644원 (이격도: 22.9%)
[2025-10-17 14:48:26] INFO:   [3차매수선] 3차 매수선: 316,980원 (이격도: 36.3%)
[2025-10-17 14:48:26] INFO:   [간격] 다음 모니터링 간격: 1800초 (30분)
[2025-10-17 14:48:26] INFO: 
[42] 에스엔시스 (0008Z0) 모니터링 중...
[2025-10-17 14:48:27] INFO:   [현재가] 현재가: 40,300원
[2025-10-17 14:48:27] INFO:   [저가] 저가: 40,150원
[2025-10-17 14:48:27] INFO:   [고가] 고가: 42,350원
[2025-10-17 14:48:27] INFO:   [20일선] 20일선: 41,475원
[2025-10-17 14:48:27] INFO:   [1차매수선] 1차 매수선: 33,230원 (이격도: 21.3%)
[2025-10-17 14:48:27] INFO:   [2차매수선] 2차 매수선: 29,957원 (이격도: 34.5%)
[2025-10-17 14:48:27] INFO:   [3차매수선] 3차 매수선: 27,011원 (이격도: 49.2%)
[2025-10-17 14:48:27] INFO:   [간격] 다음 모니터링 간격: 1800초 (30분)
[2025-10-17 14:48:27] INFO: 
[43] 삼양컴텍 (484590) 모니터링 중...
[2025-10-17 14:48:28] INFO:   [현재가] 현재가: 15,990원
[2025-10-17 14:48:28] INFO:   [저가] 저가: 15,950원
[2025-10-17 14:48:28] INFO:   [고가] 고가: 16,540원
[2025-10-17 14:48:28] INFO:   [20일선] 20일선: 18,234원
[2025-10-17 14:48:28] INFO:   [1차매수선] 1차 매수선: 14,638원 (이격도: 9.2%)
[2025-10-17 14:48:28] INFO:   [2차매수선] 2차 매수선: 13,224원 (이격도: 20.9%)
[2025-10-17 14:48:28] INFO:   [3차매수선] 3차 매수선: 11,951원 (이격도: 33.8%)
[2025-10-17 14:48:28] INFO:   [간격] 다음 모니터링 간격: 600초 (10분)
[2025-10-17 14:48:28] INFO: 
[44] 에이비엘바이오 (298380) 모니터링 중...
[2025-10-17 14:48:29] INFO:   [현재가] 현재가: 85,900원
[2025-10-17 14:48:29] INFO:   [저가] 저가: 84,600원
[2025-10-17 14:48:29] INFO:   [고가] 고가: 89,400원
[2025-10-17 14:48:29] INFO:   [20일선] 20일선: 95,500원
[2025-10-17 14:48:29] INFO:   [1차매수선] 1차 매수선: 76,500원 (이격도: 12.3%)
[2025-10-17 14:48:29] INFO:   [2차매수선] 2차 매수선: 68,950원 (이격도: 24.6%)
[2025-10-17 14:48:29] INFO:   [3차매수선] 3차 매수선: 62,155원 (이격도: 38.2%)
[2025-10-17 14:48:29] INFO:   [간격] 다음 모니터링 간격: 1800초 (30분)
[2025-10-17 14:48:29] INFO: 
[45] LG디스플레이 (034220) 모니터링 중...
[2025-10-17 14:48:29] INFO:   [현재가] 현재가: 14,350원
[2025-10-17 14:48:29] INFO:   [저가] 저가: 14,120원
[2025-10-17 14:48:29] INFO:   [고가] 고가: 14,470원
[2025-10-17 14:48:30] INFO:   [20일선] 20일선: 14,071원
[2025-10-17 14:48:30] INFO:   [1차매수선] 1차 매수선: 11,307원 (이격도: 26.9%)
[2025-10-17 14:48:30] INFO:   [2차매수선] 2차 매수선: 10,226원 (이격도: 40.3%)
[2025-10-17 14:48:30] INFO:   [3차매수선] 3차 매수선: 9,214원 (이격도: 55.7%)
[2025-10-17 14:48:30] INFO:   [간격] 다음 모니터링 간격: 1800초 (30분)
[2025-10-17 14:48:30] INFO: 
[46] 한국전력 (015760) 모니터링 중...
[2025-10-17 14:48:30] INFO:   [현재가] 현재가: 42,700원
[2025-10-17 14:48:30] INFO:   [저가] 저가: 39,450원
[2025-10-17 14:48:30] INFO:   [고가] 고가: 43,300원
[2025-10-17 14:48:31] INFO:   [20일선] 20일선: 37,282원
[2025-10-17 14:48:31] INFO:   [1차매수선] 1차 매수선: 29,876원 (이격도: 42.9%)
[2025-10-17 14:48:31] INFO:   [2차매수선] 2차 매수선: 26,938원 (이격도: 58.5%)
[2025-10-17 14:48:31] INFO:   [3차매수선] 3차 매수선: 24,295원 (이격도: 75.8%)
[2025-10-17 14:48:31] INFO:   [간격] 다음 모니터링 간격: 1800초 (30분)
[2025-10-17 14:48:31] INFO: 
[47] 대한조선 (439260) 모니터링 중...
[2025-10-17 14:48:31] INFO:   [현재가] 현재가: 75,500원
[2025-10-17 14:48:31] INFO:   [저가] 저가: 75,400원
[2025-10-17 14:48:31] INFO:   [고가] 고가: 78,250원
[2025-10-17 14:48:31] INFO:   [20일선] 20일선: 79,240원
[2025-10-17 14:48:31] INFO:   [1차매수선] 1차 매수선: 63,492원 (이격도: 18.9%)
[2025-10-17 14:48:31] INFO:   [2차매수선] 2차 매수선: 57,243원 (이격도: 31.9%)
[2025-10-17 14:48:31] INFO:   [3차매수선] 3차 매수선: 51,619원 (이격도: 46.3%)
[2025-10-17 14:48:31] INFO:   [간격] 다음 모니터링 간격: 1800초 (30분)
[2025-10-17 14:48:31] INFO: 
[48] 에이피알 (278470) 모니터링 중...
[2025-10-17 14:48:32] INFO:   [현재가] 현재가: 240,000원
[2025-10-17 14:48:32] INFO:   [저가] 저가: 234,500원
[2025-10-17 14:48:32] INFO:   [고가] 고가: 245,500원
[2025-10-17 14:48:32] INFO:   [20일선] 20일선: 236,275원
[2025-10-17 14:48:32] INFO:   [1차매수선] 1차 매수선: 189,520원 (이격도: 26.6%)
[2025-10-17 14:48:32] INFO:   [2차매수선] 2차 매수선: 171,068원 (이격도: 40.3%)
[2025-10-17 14:48:32] INFO:   [3차매수선] 3차 매수선: 154,461원 (이격도: 55.4%)
[2025-10-17 14:48:32] INFO:   [간격] 다음 모니터링 간격: 1800초 (30분)
[2025-10-17 14:48:32] INFO: 
[49] SK바이오팜 (326030) 모니터링 중...
[2025-10-17 14:48:33] INFO:   [현재가] 현재가: 101,300원
[2025-10-17 14:48:33] INFO:   [저가] 저가: 100,700원
[2025-10-17 14:48:33] INFO:   [고가] 고가: 103,500원
[2025-10-17 14:48:33] INFO:   [20일선] 20일선: 104,975원
[2025-10-17 14:48:33] INFO:   [1차매수선] 1차 매수선: 84,080원 (이격도: 20.5%)
[2025-10-17 14:48:33] INFO:   [2차매수선] 2차 매수선: 75,772원 (이격도: 33.7%)
[2025-10-17 14:48:33] INFO:   [3차매수선] 3차 매수선: 68,295원 (이격도: 48.3%)
[2025-10-17 14:48:33] INFO:   [간격] 다음 모니터링 간격: 1800초 (30분)
[2025-10-17 14:48:33] INFO: 
[50] 한화에어로스페이스 (012450) 모니터링 중...
[2025-10-17 14:48:35] INFO:   [현재가] 현재가: 914,000원
[2025-10-17 14:48:35] INFO:   [저가] 저가: 912,000원
[2025-10-17 14:48:35] INFO:   [고가] 고가: 947,000원
[2025-10-17 14:48:35] INFO:   [20일선] 20일선: 1,017,000원
[2025-10-17 14:48:35] INFO:   [1차매수선] 1차 매수선: 814,600원 (이격도: 12.2%)
[2025-10-17 14:48:35] INFO:   [2차매수선] 2차 매수선: 734,140원 (이격도: 24.5%)
[2025-10-17 14:48:35] INFO:   [3차매수선] 3차 매수선: 661,726원 (이격도: 38.1%)
[2025-10-17 14:48:35] INFO:   [간격] 다음 모니터링 간격: 1800초 (30분)
[2025-10-17 14:48:35] INFO: 
[51] 현대차 (005380) 모니터링 중...
[2025-10-17 14:48:36] INFO:   [현재가] 현재가: 243,000원
[2025-10-17 14:48:36] INFO:   [저가] 저가: 239,000원
[2025-10-17 14:48:36] INFO:   [고가] 고가: 246,000원
[2025-10-17 14:48:36] INFO:   [20일선] 20일선: 221,250원
[2025-10-17 14:48:36] INFO:   [1차매수선] 1차 매수선: 177,500원 (이격도: 36.9%)
[2025-10-17 14:48:36] INFO:   [2차매수선] 2차 매수선: 160,250원 (이격도: 51.6%)
[2025-10-17 14:48:36] INFO:   [3차매수선] 3차 매수선: 144,725원 (이격도: 67.9%)
[2025-10-17 14:48:36] INFO:   [간격] 다음 모니터링 간격: 1800초 (30분)
[2025-10-17 14:48:36] INFO: 
[52] 한화시스템 (272210) 모니터링 중...
[2025-10-17 14:48:37] INFO:   [현재가] 현재가: 51,200원
[2025-10-17 14:48:37] INFO:   [저가] 저가: 51,100원
[2025-10-17 14:48:37] INFO:   [고가] 고가: 53,600원
[2025-10-17 14:48:37] INFO:   [20일선] 20일선: 57,120원
[2025-10-17 14:48:37] INFO:   [1차매수선] 1차 매수선: 45,746원 (이격도: 11.9%)
[2025-10-17 14:48:37] INFO:   [2차매수선] 2차 매수선: 41,221원 (이격도: 24.2%)
[2025-10-17 14:48:37] INFO:   [3차매수선] 3차 매수선: 37,149원 (이격도: 37.8%)
[2025-10-17 14:48:37] INFO:   [간격] 다음 모니터링 간격: 1800초 (30분)
[2025-10-17 14:48:37] INFO: 
[53] 한화솔루션 (009830) 모니터링 중...
[2025-10-17 14:48:38] INFO:   [현재가] 현재가: 29,650원
[2025-10-17 14:48:38] INFO:   [저가] 저가: 29,100원
[2025-10-17 14:48:38] INFO:   [고가] 고가: 30,200원
[2025-10-17 14:48:38] INFO:   [20일선] 20일선: 29,170원
[2025-10-17 14:48:38] INFO:   [1차매수선] 1차 매수선: 23,386원 (이격도: 26.8%)
[2025-10-17 14:48:38] INFO:   [2차매수선] 2차 매수선: 21,097원 (이격도: 40.5%)
[2025-10-17 14:48:38] INFO:   [3차매수선] 3차 매수선: 19,038원 (이격도: 55.7%)
[2025-10-17 14:48:38] INFO:   [간격] 다음 모니터링 간격: 1800초 (30분)
[2025-10-17 14:48:38] INFO: 
[54] 삼성전기 (009150) 모니터링 중...
[2025-10-17 14:48:39] INFO:   [현재가] 현재가: 207,000원
[2025-10-17 14:48:39] INFO:   [저가] 저가: 197,500원
[2025-10-17 14:48:39] INFO:   [고가] 고가: 208,000원
[2025-10-17 14:48:39] INFO:   [20일선] 20일선: 199,465원
[2025-10-17 14:48:39] INFO:   [1차매수선] 1차 매수선: 160,072원 (이격도: 29.3%)
[2025-10-17 14:48:39] INFO:   [2차매수선] 2차 매수선: 144,565원 (이격도: 43.2%)
[2025-10-17 14:48:39] INFO:   [3차매수선] 3차 매수선: 130,608원 (이격도: 58.5%)
[2025-10-17 14:48:39] INFO:   [간격] 다음 모니터링 간격: 1800초 (30분)
[2025-10-17 14:48:39] INFO: 
[55] 한화비전 (489790) 모니터링 중...
[2025-10-17 14:48:39] INFO:   [현재가] 현재가: 51,400원
[2025-10-17 14:48:39] INFO:   [저가] 저가: 51,000원
[2025-10-17 14:48:39] INFO:   [고가] 고가: 52,500원
[2025-10-17 14:48:40] INFO:   [20일선] 20일선: 55,475원
[2025-10-17 14:48:40] INFO:   [1차매수선] 1차 매수선: 44,430원 (이격도: 15.7%)
[2025-10-17 14:48:40] INFO:   [2차매수선] 2차 매수선: 40,037원 (이격도: 28.4%)
[2025-10-17 14:48:40] INFO:   [3차매수선] 3차 매수선: 36,083원 (이격도: 42.4%)
[2025-10-17 14:48:40] INFO:   [간격] 다음 모니터링 간격: 1800초 (30분)
[2025-10-17 14:48:40] INFO: 
[56] HD현대인프라코어 (042670) 모니터링 중...
[2025-10-17 14:48:40] INFO:   [현재가] 현재가: 14,750원
[2025-10-17 14:48:40] INFO:   [저가] 저가: 14,640원
[2025-10-17 14:48:40] INFO:   [고가] 고가: 15,970원
[2025-10-17 14:48:41] INFO:   [20일선] 20일선: 15,342원
[2025-10-17 14:48:41] INFO:   [1차매수선] 1차 매수선: 12,324원 (이격도: 19.7%)
[2025-10-17 14:48:41] INFO:   [2차매수선] 2차 매수선: 11,141원 (이격도: 32.4%)
[2025-10-17 14:48:41] INFO:   [3차매수선] 3차 매수선: 10,077원 (이격도: 46.4%)
[2025-10-17 14:48:41] INFO:   [간격] 다음 모니터링 간격: 1800초 (30분)
[2025-10-17 14:48:41] INFO: 
[57] 도우인시스 (484120) 모니터링 중...
[2025-10-17 14:48:41] INFO:   [현재가] 현재가: 30,250원
[2025-10-17 14:48:41] INFO:   [저가] 저가: 28,800원
[2025-10-17 14:48:41] INFO:   [고가] 고가: 31,000원
[2025-10-17 14:48:42] INFO:   [20일선] 20일선: 30,298원
[2025-10-17 14:48:42] INFO:   [1차매수선] 1차 매수선: 24,288원 (이격도: 24.5%)
[2025-10-17 14:48:42] INFO:   [2차매수선] 2차 매수선: 21,909원 (이격도: 38.1%)
[2025-10-17 14:48:42] INFO:   [3차매수선] 3차 매수선: 19,768원 (이격도: 53.0%)
[2025-10-17 14:48:42] INFO:   [간격] 다음 모니터링 간격: 1800초 (30분)
[2025-10-17 14:48:42] INFO: 
[58] KBI동양철관 (008970) 모니터링 중...
[2025-10-17 14:48:43] INFO:   [현재가] 현재가: 2,605원
[2025-10-17 14:48:43] INFO:   [저가] 저가: 2,540원
[2025-10-17 14:48:43] INFO:   [고가] 고가: 2,855원
[2025-10-17 14:48:43] INFO:   [20일선] 20일선: 2,608원
[2025-10-17 14:48:43] INFO:   [1차매수선] 1차 매수선: 2,092원 (이격도: 24.5%)
[2025-10-17 14:48:43] INFO:   [2차매수선] 2차 매수선: 1,887원 (이격도: 38.0%)
[2025-10-17 14:48:43] INFO:   [3차매수선] 3차 매수선: 1,704원 (이격도: 52.9%)
[2025-10-17 14:48:43] INFO:   [간격] 다음 모니터링 간격: 1800초 (30분)
[2025-10-17 14:48:43] INFO: 
[59] YG PLUS (037270) 모니터링 중...
[2025-10-17 14:48:44] INFO:   [현재가] 현재가: 6,540원
[2025-10-17 14:48:44] INFO:   [저가] 저가: 6,510원
[2025-10-17 14:48:44] INFO:   [고가] 고가: 6,710원
[2025-10-17 14:48:44] INFO:   [20일선] 20일선: 7,693원
[2025-10-17 14:48:44] INFO:   [1차매수선] 1차 매수선: 6,164원 (이격도: 6.1%)
[2025-10-17 14:48:44] INFO:   [2차매수선] 2차 매수선: 5,558원 (이격도: 17.7%)
[2025-10-17 14:48:44] INFO:   [3차매수선] 3차 매수선: 5,012원 (이격도: 30.5%)
[2025-10-17 14:48:44] INFO:   [간격] 다음 모니터링 간격: 600초 (10분)
[2025-10-17 14:48:44] INFO: 
[60] 포스코퓨처엠 (003670) 모니터링 중...
[2025-10-17 14:48:45] INFO:   [현재가] 현재가: 192,700원
[2025-10-17 14:48:45] INFO:   [저가] 저가: 185,000원
[2025-10-17 14:48:45] INFO:   [고가] 고가: 201,000원
[2025-10-17 14:48:45] INFO:   [20일선] 20일선: 153,065원
[2025-10-17 14:48:45] INFO:   [1차매수선] 1차 매수선: 122,952원 (이격도: 56.7%)
[2025-10-17 14:48:45] INFO:   [2차매수선] 2차 매수선: 111,157원 (이격도: 73.4%)
[2025-10-17 14:48:45] INFO:   [3차매수선] 3차 매수선: 100,541원 (이격도: 91.7%)
[2025-10-17 14:48:45] INFO:   [간격] 다음 모니터링 간격: 1800초 (30분)
[2025-10-17 14:48:45] INFO: 
[61] 리가켐바이오 (141080) 모니터링 중...
[2025-10-17 14:48:46] INFO:   [현재가] 현재가: 131,300원
[2025-10-17 14:48:46] INFO:   [저가] 저가: 131,200원
[2025-10-17 14:48:46] INFO:   [고가] 고가: 137,200원
[2025-10-17 14:48:46] INFO:   [20일선] 20일선: 146,615원
[2025-10-17 14:48:46] INFO:   [1차매수선] 1차 매수선: 117,792원 (이격도: 11.5%)
[2025-10-17 14:48:46] INFO:   [2차매수선] 2차 매수선: 106,513원 (이격도: 23.3%)
[2025-10-17 14:48:46] INFO:   [3차매수선] 3차 매수선: 95,962원 (이격도: 36.8%)
[2025-10-17 14:48:46] INFO:   [간격] 다음 모니터링 간격: 1800초 (30분)
[2025-10-17 14:48:46] INFO: 
[62] 쿠콘 (294570) 모니터링 중...
[2025-10-17 14:48:46] INFO:   [현재가] 현재가: 37,600원
[2025-10-17 14:48:46] INFO:   [저가] 저가: 37,200원
[2025-10-17 14:48:46] INFO:   [고가] 고가: 38,550원
[2025-10-17 14:48:47] INFO:   [20일선] 20일선: 38,370원
[2025-10-17 14:48:47] INFO:   [1차매수선] 1차 매수선: 30,746원 (이격도: 22.3%)
[2025-10-17 14:48:47] INFO:   [2차매수선] 2차 매수선: 27,721원 (이격도: 35.6%)
[2025-10-17 14:48:47] INFO:   [3차매수선] 3차 매수선: 24,999원 (이격도: 50.4%)
[2025-10-17 14:48:47] INFO:   [간격] 다음 모니터링 간격: 1800초 (30분)
[2025-10-17 14:48:47] INFO: 
[63] 파인엠텍 (441270) 모니터링 중...
[2025-10-17 14:48:47] INFO:   [현재가] 현재가: 9,590원
[2025-10-17 14:48:47] INFO:   [저가] 저가: 9,580원
[2025-10-17 14:48:47] INFO:   [고가] 고가: 10,080원
[2025-10-17 14:48:47] INFO:   [20일선] 20일선: 10,972원
[2025-10-17 14:48:47] INFO:   [1차매수선] 1차 매수선: 8,787원 (이격도: 9.1%)
[2025-10-17 14:48:47] INFO:   [2차매수선] 2차 매수선: 7,918원 (이격도: 21.1%)
[2025-10-17 14:48:47] INFO:   [3차매수선] 3차 매수선: 7,137원 (이격도: 34.4%)
[2025-10-17 14:48:47] INFO:   [간격] 다음 모니터링 간격: 600초 (10분)
[2025-10-17 14:48:47] INFO: 
[64] SK스퀘어 (402340) 모니터링 중...
[2025-10-17 14:48:48] INFO:   [현재가] 현재가: 259,000원
[2025-10-17 14:48:48] INFO:   [저가] 저가: 250,500원
[2025-10-17 14:48:48] INFO:   [고가] 고가: 267,000원
[2025-10-17 14:48:49] INFO:   [20일선] 20일선: 223,945원
[2025-10-17 14:48:49] INFO:   [1차매수선] 1차 매수선: 179,656원 (이격도: 44.2%)
[2025-10-17 14:48:49] INFO:   [2차매수선] 2차 매수선: 162,190원 (이격도: 59.7%)
[2025-10-17 14:48:49] INFO:   [3차매수선] 3차 매수선: 146,471원 (이격도: 76.8%)
[2025-10-17 14:48:49] INFO:   [간격] 다음 모니터링 간격: 1800초 (30분)
[2025-10-17 14:48:49] INFO: 
[65] POSCO홀딩스 (005490) 모니터링 중...
[2025-10-17 14:48:49] INFO:   [현재가] 현재가: 293,000원
[2025-10-17 14:48:49] INFO:   [저가] 저가: 281,500원
[2025-10-17 14:48:49] INFO:   [고가] 고가: 300,000원
[2025-10-17 14:48:49] INFO:   [20일선] 20일선: 279,600원
[2025-10-17 14:48:49] INFO:   [1차매수선] 1차 매수선: 224,180원 (이격도: 30.7%)
[2025-10-17 14:48:49] INFO:   [2차매수선] 2차 매수선: 202,262원 (이격도: 44.9%)
[2025-10-17 14:48:49] INFO:   [3차매수선] 3차 매수선: 182,536원 (이격도: 60.5%)
[2025-10-17 14:48:49] INFO:   [간격] 다음 모니터링 간격: 1800초 (30분)
[2025-10-17 14:48:49] INFO: 
[66] HD현대건설기계 (267270) 모니터링 중...
[2025-10-17 14:48:50] INFO:   [현재가] 현재가: 93,300원
[2025-10-17 14:48:50] INFO:   [저가] 저가: 93,300원
[2025-10-17 14:48:50] INFO:   [고가] 고가: 98,900원
[2025-10-17 14:48:50] INFO:   [20일선] 20일선: 95,285원
[2025-10-17 14:48:50] INFO:   [1차매수선] 1차 매수선: 76,328원 (이격도: 22.2%)
[2025-10-17 14:48:50] INFO:   [2차매수선] 2차 매수선: 68,795원 (이격도: 35.6%)
[2025-10-17 14:48:50] INFO:   [3차매수선] 3차 매수선: 62,016원 (이격도: 50.4%)
[2025-10-17 14:48:50] INFO:   [간격] 다음 모니터링 간격: 1800초 (30분)
[2025-10-17 14:48:50] INFO: 
[67] 한화 (000880) 모니터링 중...
[2025-10-17 14:48:51] INFO:   [현재가] 현재가: 82,800원
[2025-10-17 14:48:51] INFO:   [저가] 저가: 81,700원
[2025-10-17 14:48:51] INFO:   [고가] 고가: 85,400원
[2025-10-17 14:48:51] INFO:   [20일선] 20일선: 86,170원
[2025-10-17 14:48:51] INFO:   [1차매수선] 1차 매수선: 69,036원 (이격도: 19.9%)
[2025-10-17 14:48:51] INFO:   [2차매수선] 2차 매수선: 62,232원 (이격도: 33.0%)
[2025-10-17 14:48:51] INFO:   [3차매수선] 3차 매수선: 56,109원 (이격도: 47.6%)
[2025-10-17 14:48:51] INFO:   [간격] 다음 모니터링 간격: 1800초 (30분)
[2025-10-17 14:48:51] INFO: 
[68] SK (034730) 모니터링 중...
[2025-10-17 14:48:52] INFO:   [현재가] 현재가: 220,500원
[2025-10-17 14:48:52] INFO:   [저가] 저가: 216,000원
[2025-10-17 14:48:52] INFO:   [고가] 고가: 227,000원
[2025-10-17 14:48:52] INFO:   [20일선] 20일선: 219,900원
[2025-10-17 14:48:52] INFO:   [1차매수선] 1차 매수선: 176,420원 (이격도: 25.0%)
[2025-10-17 14:48:52] INFO:   [2차매수선] 2차 매수선: 159,278원 (이격도: 38.4%)
[2025-10-17 14:48:52] INFO:   [3차매수선] 3차 매수선: 143,850원 (이격도: 53.3%)
[2025-10-17 14:48:52] INFO:   [간격] 다음 모니터링 간격: 1800초 (30분)
[2025-10-17 14:48:52] INFO: 
[69] SK이노베이션 (096770) 모니터링 중...
[2025-10-17 14:48:52] INFO:   [현재가] 현재가: 115,800원
[2025-10-17 14:48:52] INFO:   [저가] 저가: 111,900원
[2025-10-17 14:48:52] INFO:   [고가] 고가: 119,000원
[2025-10-17 14:48:53] INFO:   [20일선] 20일선: 105,610원
[2025-10-17 14:48:53] INFO:   [1차매수선] 1차 매수선: 84,588원 (이격도: 36.9%)
[2025-10-17 14:48:53] INFO:   [2차매수선] 2차 매수선: 76,229원 (이격도: 51.9%)
[2025-10-17 14:48:53] INFO:   [3차매수선] 3차 매수선: 68,706원 (이격도: 68.5%)
[2025-10-17 14:48:53] INFO:   [간격] 다음 모니터링 간격: 1800초 (30분)
[2025-10-17 14:48:53] INFO: 
================================================================================
[2025-10-17 14:48:53] INFO: [OK] 동적 모니터링 사이클 완료
[2025-10-17 14:48:53] INFO:   전체 종목: 69개
[2025-10-17 14:48:53] INFO:   체크한 종목: 69개
[2025-10-17 14:48:53] INFO:   전송 알람: 2개
[2025-10-17 14:48:53] INFO: ================================================================================
[2025-10-17 14:48:53] INFO: 
[간격] 60초 후 다음 사이클 실행...
[2025-10-17 14:48:53] INFO:    종료하려면 Ctrl+C를 누르세요.
[2025-10-17 14:49:53] INFO: 
================================================================================
[2025-10-17 14:49:53] INFO: [사이클 2] 2025-10-17 14:49:53
[2025-10-17 14:49:53] INFO: ================================================================================
[2025-10-17 14:49:53] INFO: [OK] Summary 탭에서 69개 종목 로드
[2025-10-17 14:49:53] INFO: 
================================================================================
[2025-10-17 14:49:53] INFO: [OK] 동적 모니터링 사이클 완료
[2025-10-17 14:49:53] INFO:   전체 종목: 69개
[2025-10-17 14:49:53] INFO:   체크한 종목: 0개
[2025-10-17 14:49:53] INFO:   전송 알람: 0개
[2025-10-17 14:49:53] INFO: ================================================================================
[2025-10-17 14:49:53] INFO: 
[간격] 60초 후 다음 사이클 실행...
[2025-10-17 14:49:53] INFO:    종료하려면 Ctrl+C를 누르세요.
[2025-10-17 14:50:53] INFO: 
================================================================================
[2025-10-17 14:50:53] INFO: [사이클 3] 2025-10-17 14:50:53
[2025-10-17 14:50:53] INFO: ================================================================================
[2025-10-17 14:50:53] INFO: [OK] Summary 탭에서 69개 종목 로드
[2025-10-17 14:50:53] INFO: 
[1] 일동제약 (249420) 모니터링 중...
[2025-10-17 14:50:53] INFO:   [현재가] 현재가: 21,700원
[2025-10-17 14:50:53] INFO:   [저가] 저가: 21,500원
[2025-10-17 14:50:53] INFO:   [고가] 고가: 22,850원
[2025-10-17 14:50:53] INFO:   [20일선] 20일선: 26,540원
[2025-10-17 14:50:53] INFO:   [1차매수선] 1차 매수선: 21,282원 (이격도: 2.0%)
[2025-10-17 14:50:53] INFO:   [2차매수선] 2차 매수선: 19,204원 (이격도: 13.0%)
[2025-10-17 14:50:53] INFO:   [3차매수선] 3차 매수선: 17,333원 (이격도: 25.2%)
[2025-10-17 14:50:53] INFO:   [간격] 다음 모니터링 간격: 180초 (3분)
[2025-10-17 14:50:53] INFO: 
[2] 지투지바이오 (456160) 모니터링 중...
[2025-10-17 14:50:54] INFO:   [현재가] 현재가: 166,700원
[2025-10-17 14:50:54] INFO:   [저가] 저가: 166,200원
[2025-10-17 14:50:54] INFO:   [고가] 고가: 179,300원
[2025-10-17 14:50:54] INFO:   [20일선] 20일선: 203,615원
[2025-10-17 14:50:54] INFO:   [1차매수선] 1차 매수선: 163,392원 (이격도: 2.0%)
[2025-10-17 14:50:54] INFO:   [2차매수선] 2차 매수선: 147,553원 (이격도: 13.0%)
[2025-10-17 14:50:54] INFO:   [3차매수선] 3차 매수선: 133,298원 (이격도: 25.1%)
[2025-10-17 14:50:54] INFO:   [간격] 다음 모니터링 간격: 180초 (3분)
[2025-10-17 14:50:54] INFO: 
================================================================================
[2025-10-17 14:50:54] INFO: [OK] 동적 모니터링 사이클 완료
[2025-10-17 14:50:54] INFO:   전체 종목: 69개
[2025-10-17 14:50:54] INFO:   체크한 종목: 2개
[2025-10-17 14:50:54] INFO:   전송 알람: 0개
[2025-10-17 14:50:54] INFO: ================================================================================
[2025-10-17 14:50:54] INFO: 
[간격] 60초 후 다음 사이클 실행...
[2025-10-17 14:50:54] INFO:    종료하려면 Ctrl+C를 누르세요.
[2025-10-17 14:51:59] INFO: ================================================================================
[2025-10-17 14:51:59] INFO: 🔍 실시간 주식 모니터링 시작 (개선된 버전)
[2025-10-17 14:51:59] INFO: ⏰ 기본 모니터링 간격: 60초 (1분)
[2025-10-17 14:51:59] INFO: 📊 동적 간격: 1% 이내(1분), 3% 이내(3분), 10% 이내(10분)
[2025-10-17 14:51:59] INFO: 🎯 저가 기준 터치 감지 활성화
[2025-10-17 14:51:59] INFO: 🕐 모니터링 시간: 08:00-20:00
[2025-10-17 14:51:59] INFO: ================================================================================
[2025-10-17 14:51:59] INFO: 
================================================================================
[2025-10-17 14:51:59] INFO: [사이클 1] 2025-10-17 14:51:59
[2025-10-17 14:51:59] INFO: ================================================================================
[2025-10-17 14:51:59] INFO: ✓ 접근 토큰 발급 성공
[2025-10-17 14:52:00] INFO: [OK] Summary 탭에서 69개 종목 로드
[2025-10-17 14:52:00] INFO: 
[1] 삼성전자 (005930) 모니터링 중...
[2025-10-17 14:52:00] INFO:   [현재가] 현재가: 97,800원
[2025-10-17 14:52:00] INFO:   [저가] 저가: 94,900원
[2025-10-17 14:52:00] INFO:   [고가] 고가: 99,100원
[2025-10-17 14:52:01] INFO:   [20일선] 20일선: 87,580원
[2025-10-17 14:52:01] INFO:   [1차매수선] 1차 매수선: 70,164원 (이격도: 39.4%)
[2025-10-17 14:52:01] INFO:   [2차매수선] 2차 매수선: 63,248원 (이격도: 54.6%)
[2025-10-17 14:52:01] INFO:   [3차매수선] 3차 매수선: 57,023원 (이격도: 71.5%)
[2025-10-17 14:52:01] INFO:   [간격] 다음 모니터링 간격: 1800초 (30분)
[2025-10-17 14:52:01] INFO: 
[2] SK하이닉스 (000660) 모니터링 중...
[2025-10-17 14:52:01] INFO:   [현재가] 현재가: 464,500원
[2025-10-17 14:52:01] INFO:   [저가] 저가: 443,500원
[2025-10-17 14:52:01] INFO:   [고가] 고가: 475,000원
[2025-10-17 14:52:02] INFO:   [20일선] 20일선: 383,025원
[2025-10-17 14:52:02] INFO:   [1차매수선] 1차 매수선: 306,920원 (이격도: 51.3%)
[2025-10-17 14:52:02] INFO:   [2차매수선] 2차 매수선: 276,728원 (이격도: 67.9%)
[2025-10-17 14:52:02] INFO:   [3차매수선] 3차 매수선: 249,555원 (이격도: 86.1%)
[2025-10-17 14:52:02] INFO:   [간격] 다음 모니터링 간격: 1800초 (30분)
[2025-10-17 14:52:02] INFO: 
[3] 두산에너빌리티 (034020) 모니터링 중...
[2025-10-17 14:52:02] INFO:   [현재가] 현재가: 80,200원
[2025-10-17 14:52:02] INFO:   [저가] 저가: 80,100원
[2025-10-17 14:52:02] INFO:   [고가] 고가: 83,600원
[2025-10-17 14:52:03] INFO:   [20일선] 20일선: 68,715원
[2025-10-17 14:52:03] INFO:   [1차매수선] 1차 매수선: 55,072원 (이격도: 45.6%)
[2025-10-17 14:52:03] INFO:   [2차매수선] 2차 매수선: 49,615원 (이격도: 61.6%)
[2025-10-17 14:52:03] INFO:   [3차매수선] 3차 매수선: 44,703원 (이격도: 79.4%)
[2025-10-17 14:52:03] INFO:   [간격] 다음 모니터링 간격: 1800초 (30분)
[2025-10-17 14:52:03] INFO: 
[4] NAVER (035420) 모니터링 중...
[2025-10-17 14:52:03] INFO:   [현재가] 현재가: 254,500원
[2025-10-17 14:52:03] INFO:   [저가] 저가: 254,500원
[2025-10-17 14:52:03] INFO:   [고가] 고가: 262,500원
[2025-10-17 14:52:04] INFO:   [20일선] 20일선: 250,450원
[2025-10-17 14:52:04] INFO:   [1차매수선] 1차 매수선: 200,860원 (이격도: 26.7%)
[2025-10-17 14:52:04] INFO:   [2차매수선] 2차 매수선: 181,274원 (이격도: 40.4%)
[2025-10-17 14:52:04] INFO:   [3차매수선] 3차 매수선: 163,647원 (이격도: 55.5%)
[2025-10-17 14:52:04] INFO:   [간격] 다음 모니터링 간격: 1800초 (30분)
[2025-10-17 14:52:04] INFO: 
[5] 한미반도체 (042700) 모니터링 중...
[2025-10-17 14:52:04] INFO:   [현재가] 현재가: 142,000원
[2025-10-17 14:52:04] INFO:   [저가] 저가: 140,900원
[2025-10-17 14:52:04] INFO:   [고가] 고가: 147,900원
[2025-10-17 14:52:04] INFO:   [20일선] 20일선: 108,650원
[2025-10-17 14:52:04] INFO:   [1차매수선] 1차 매수선: 87,020원 (이격도: 63.2%)
[2025-10-17 14:52:04] INFO:   [2차매수선] 2차 매수선: 78,418원 (이격도: 81.1%)
[2025-10-17 14:52:04] INFO:   [3차매수선] 3차 매수선: 70,676원 (이격도: 100.9%)
[2025-10-17 14:52:04] INFO:   [간격] 다음 모니터링 간격: 1800초 (30분)
[2025-10-17 14:52:04] INFO: 
[6] 에코프로비엠 (247540) 모니터링 중...
[2025-10-17 14:52:05] INFO:   [현재가] 현재가: 159,500원
[2025-10-17 14:52:05] INFO:   [저가] 저가: 138,600원
[2025-10-17 14:52:05] INFO:   [고가] 고가: 167,400원
[2025-10-17 14:52:05] INFO:   [20일선] 20일선: 123,575원
[2025-10-17 14:52:05] INFO:   [1차매수선] 1차 매수선: 98,960원 (이격도: 61.2%)
[2025-10-17 14:52:05] INFO:   [2차매수선] 2차 매수선: 89,164원 (이격도: 78.9%)
[2025-10-17 14:52:05] INFO:   [3차매수선] 3차 매수선: 80,348원 (이격도: 98.5%)
[2025-10-17 14:52:05] INFO:   [간격] 다음 모니터링 간격: 1800초 (30분)
[2025-10-17 14:52:05] INFO: 
[7] 삼성SDI (006400) 모니터링 중...
[2025-10-17 14:52:06] INFO:   [현재가] 현재가: 253,000원
[2025-10-17 14:52:06] INFO:   [저가] 저가: 228,000원
[2025-10-17 14:52:06] INFO:   [고가] 고가: 259,500원
[2025-10-17 14:52:06] INFO:   [20일선] 20일선: 213,950원
[2025-10-17 14:52:06] INFO:   [1차매수선] 1차 매수선: 171,660원 (이격도: 47.4%)
[2025-10-17 14:52:06] INFO:   [2차매수선] 2차 매수선: 154,994원 (이격도: 63.2%)
[2025-10-17 14:52:06] INFO:   [3차매수선] 3차 매수선: 139,995원 (이격도: 80.7%)
[2025-10-17 14:52:06] INFO:   [간격] 다음 모니터링 간격: 1800초 (30분)
[2025-10-17 14:52:06] INFO: 
[8] 한라캐스트 (125490) 모니터링 중...
[2025-10-17 14:52:06] INFO:   [현재가] 현재가: 11,160원
[2025-10-17 14:52:06] INFO:   [저가] 저가: 11,050원
[2025-10-17 14:52:06] INFO:   [고가] 고가: 12,250원
[2025-10-17 14:52:06] INFO:   [20일선] 20일선: 8,740원
[2025-10-17 14:52:06] INFO:   [1차매수선] 1차 매수선: 7,002원 (이격도: 59.4%)
[2025-10-17 14:52:06] INFO:   [2차매수선] 2차 매수선: 6,311원 (이격도: 76.8%)
[2025-10-17 14:52:06] INFO:   [3차매수선] 3차 매수선: 5,690원 (이격도: 96.1%)
[2025-10-17 14:52:06] INFO:   [간격] 다음 모니터링 간격: 1800초 (30분)
[2025-10-17 14:52:06] INFO: 
[9] 에코프로 (086520) 모니터링 중...
[2025-10-17 14:52:07] INFO:   [현재가] 현재가: 71,900원
[2025-10-17 14:52:07] INFO:   [저가] 저가: 58,600원
[2025-10-17 14:52:07] INFO:   [고가] 고가: 73,900원
[2025-10-17 14:52:07] INFO:   [20일선] 20일선: 51,665원
[2025-10-17 14:52:07] INFO:   [1차매수선] 1차 매수선: 41,382원 (이격도: 73.7%)
[2025-10-17 14:52:07] INFO:   [2차매수선] 2차 매수선: 37,294원 (이격도: 92.8%)
[2025-10-17 14:52:07] INFO:   [3차매수선] 3차 매수선: 33,614원 (이격도: 113.9%)
[2025-10-17 14:52:07] INFO:   [간격] 다음 모니터링 간격: 1800초 (30분)
[2025-10-17 14:52:07] INFO: 
[10] 에코프로머티 (450080) 모니터링 중...
[2025-10-17 14:52:08] INFO:   [현재가] 현재가: 65,200원
[2025-10-17 14:52:08] INFO:   [저가] 저가: 60,900원
[2025-10-17 14:52:08] INFO:   [고가] 고가: 69,200원
[2025-10-17 14:52:08] INFO:   [20일선] 20일선: 51,862원
[2025-10-17 14:52:08] INFO:   [1차매수선] 1차 매수선: 41,540원 (이격도: 57.0%)
[2025-10-17 14:52:08] INFO:   [2차매수선] 2차 매수선: 37,436원 (이격도: 74.2%)
[2025-10-17 14:52:08] INFO:   [3차매수선] 3차 매수선: 33,742원 (이격도: 93.2%)
[2025-10-17 14:52:08] INFO:   [간격] 다음 모니터링 간격: 1800초 (30분)
[2025-10-17 14:52:08] INFO: 
[11] LG에너지솔루션 (373220) 모니터링 중...
[2025-10-17 14:52:09] INFO:   [현재가] 현재가: 430,500원
[2025-10-17 14:52:09] INFO:   [저가] 저가: 406,500원
[2025-10-17 14:52:09] INFO:   [고가] 고가: 443,000원
[2025-10-17 14:52:09] INFO:   [20일선] 20일선: 369,300원
[2025-10-17 14:52:09] INFO:   [1차매수선] 1차 매수선: 295,940원 (이격도: 45.5%)
[2025-10-17 14:52:09] INFO:   [2차매수선] 2차 매수선: 266,846원 (이격도: 61.3%)
[2025-10-17 14:52:09] INFO:   [3차매수선] 3차 매수선: 240,661원 (이격도: 78.9%)
[2025-10-17 14:52:09] INFO:   [간격] 다음 모니터링 간격: 1800초 (30분)
[2025-10-17 14:52:09] INFO: 
[12] 클로봇 (466100) 모니터링 중...
[2025-10-17 14:52:09] INFO:   [현재가] 현재가: 41,550원
[2025-10-17 14:52:09] INFO:   [저가] 저가: 41,450원
[2025-10-17 14:52:09] INFO:   [고가] 고가: 45,000원
[2025-10-17 14:52:09] INFO:   [20일선] 20일선: 32,995원
[2025-10-17 14:52:09] INFO:   [1차매수선] 1차 매수선: 26,446원 (이격도: 57.1%)
[2025-10-17 14:52:09] INFO:   [2차매수선] 2차 매수선: 23,851원 (이격도: 74.2%)
[2025-10-17 14:52:09] INFO:   [3차매수선] 3차 매수선: 21,516원 (이격도: 93.1%)
[2025-10-17 14:52:09] INFO:   [간격] 다음 모니터링 간격: 1800초 (30분)
[2025-10-17 14:52:09] INFO: 
[13] 로보티즈 (108490) 모니터링 중...
[2025-10-17 14:52:10] INFO:   [현재가] 현재가: 191,200원
[2025-10-17 14:52:10] INFO:   [저가] 저가: 191,200원
[2025-10-17 14:52:10] INFO:   [고가] 고가: 202,500원
[2025-10-17 14:52:10] INFO:   [20일선] 20일선: 157,920원
[2025-10-17 14:52:10] INFO:   [1차매수선] 1차 매수선: 126,836원 (이격도: 50.7%)
[2025-10-17 14:52:10] INFO:   [2차매수선] 2차 매수선: 114,652원 (이격도: 66.8%)
[2025-10-17 14:52:10] INFO:   [3차매수선] 3차 매수선: 103,687원 (이격도: 84.4%)
[2025-10-17 14:52:10] INFO:   [간격] 다음 모니터링 간격: 1800초 (30분)
[2025-10-17 14:52:10] INFO: 
[14] 삼성전자우 (005935) 모니터링 중...
[2025-10-17 14:52:11] INFO:   [현재가] 현재가: 74,900원
[2025-10-17 14:52:11] INFO:   [저가] 저가: 74,400원
[2025-10-17 14:52:11] INFO:   [고가] 고가: 76,000원
[2025-10-17 14:52:11] INFO:   [20일선] 20일선: 68,930원
[2025-10-17 14:52:11] INFO:   [1차매수선] 1차 매수선: 55,244원 (이격도: 35.6%)
[2025-10-17 14:52:11] INFO:   [2차매수선] 2차 매수선: 49,770원 (이격도: 50.5%)
[2025-10-17 14:52:11] INFO:   [3차매수선] 3차 매수선: 44,843원 (이격도: 67.0%)
[2025-10-17 14:52:11] INFO:   [간격] 다음 모니터링 간격: 1800초 (30분)
[2025-10-17 14:52:11] INFO: 
[15] 일동제약 (249420) 모니터링 중...
[2025-10-17 14:52:12] INFO:   [현재가] 현재가: 21,750원
[2025-10-17 14:52:12] INFO:   [저가] 저가: 21,500원
[2025-10-17 14:52:12] INFO:   [고가] 고가: 22,850원
[2025-10-17 14:52:12] INFO:   [20일선] 20일선: 26,542원
[2025-10-17 14:52:12] INFO:   [1차매수선] 1차 매수선: 21,284원 (이격도: 2.2%)
[2025-10-17 14:52:12] INFO:   [2차매수선] 2차 매수선: 19,206원 (이격도: 13.2%)
[2025-10-17 14:52:12] INFO:   [3차매수선] 3차 매수선: 17,335원 (이격도: 25.5%)
[2025-10-17 14:52:12] INFO:   [간격] 다음 모니터링 간격: 180초 (3분)
[2025-10-17 14:52:12] INFO: 
[16] 우리기술투자 (041190) 모니터링 중...
[2025-10-17 14:52:13] INFO:   [현재가] 현재가: 9,160원
[2025-10-17 14:52:13] INFO:   [저가] 저가: 9,070원
[2025-10-17 14:52:13] INFO:   [고가] 고가: 9,870원
[2025-10-17 14:52:13] INFO:   [20일선] 20일선: 10,653원
[2025-10-17 14:52:13] INFO:   [1차매수선] 1차 매수선: 8,532원 (이격도: 7.4%)
[2025-10-17 14:52:13] INFO:   [2차매수선] 2차 매수선: 7,689원 (이격도: 19.1%)
[2025-10-17 14:52:13] INFO:   [3차매수선] 3차 매수선: 6,930원 (이격도: 32.2%)
[2025-10-17 14:52:13] INFO:   [간격] 다음 모니터링 간격: 600초 (10분)
[2025-10-17 14:52:13] INFO: 
[17] NHN KCP (060250) 모니터링 중...
[2025-10-17 14:52:13] INFO:   [현재가] 현재가: 16,410원
[2025-10-17 14:52:13] INFO:   [저가] 저가: 16,390원
[2025-10-17 14:52:13] INFO:   [고가] 고가: 17,290원
[2025-10-17 14:52:14] INFO:   [20일선] 20일선: 16,803원
[2025-10-17 14:52:14] INFO:   [1차매수선] 1차 매수선: 13,492원 (이격도: 21.6%)
[2025-10-17 14:52:14] INFO:   [2차매수선] 2차 매수선: 12,193원 (이격도: 34.6%)
[2025-10-17 14:52:14] INFO:   [3차매수선] 3차 매수선: 11,024원 (이격도: 48.9%)
[2025-10-17 14:52:14] INFO:   [간격] 다음 모니터링 간격: 1800초 (30분)
[2025-10-17 14:52:14] INFO: 
[18] 카카오 (035720) 모니터링 중...
[2025-10-17 14:52:14] INFO:   [현재가] 현재가: 58,000원
[2025-10-17 14:52:14] INFO:   [저가] 저가: 57,900원
[2025-10-17 14:52:14] INFO:   [고가] 고가: 59,500원
[2025-10-17 14:52:14] INFO:   [20일선] 20일선: 61,345원
[2025-10-17 14:52:14] INFO:   [1차매수선] 1차 매수선: 49,126원 (이격도: 18.1%)
[2025-10-17 14:52:14] INFO:   [2차매수선] 2차 매수선: 44,263원 (이격도: 31.0%)
[2025-10-17 14:52:14] INFO:   [3차매수선] 3차 매수선: 39,887원 (이격도: 45.4%)
[2025-10-17 14:52:14] INFO:   [간격] 다음 모니터링 간격: 1800초 (30분)
[2025-10-17 14:52:14] INFO: 
[19] 레인보우로보틱스 (277810) 모니터링 중...
[2025-10-17 14:52:15] INFO:   [현재가] 현재가: 332,000원
[2025-10-17 14:52:15] INFO:   [저가] 저가: 331,000원
[2025-10-17 14:52:15] INFO:   [고가] 고가: 347,000원
[2025-10-17 14:52:15] INFO:   [20일선] 20일선: 316,650원
[2025-10-17 14:52:15] INFO:   [1차매수선] 1차 매수선: 253,820원 (이격도: 30.8%)
[2025-10-17 14:52:15] INFO:   [2차매수선] 2차 매수선: 228,938원 (이격도: 45.0%)
[2025-10-17 14:52:15] INFO:   [3차매수선] 3차 매수선: 206,544원 (이격도: 60.7%)
[2025-10-17 14:52:15] INFO:   [간격] 다음 모니터링 간격: 1800초 (30분)
[2025-10-17 14:52:15] INFO: 
[20] 알테오젠 (196170) 모니터링 중...
[2025-10-17 14:52:16] INFO:   [현재가] 현재가: 433,000원
[2025-10-17 14:52:16] INFO:   [저가] 저가: 426,000원
[2025-10-17 14:52:16] INFO:   [고가] 고가: 448,000원
[2025-10-17 14:52:16] INFO:   [20일선] 20일선: 460,750원
[2025-10-17 14:52:16] INFO:   [1차매수선] 1차 매수선: 369,100원 (이격도: 17.3%)
[2025-10-17 14:52:16] INFO:   [2차매수선] 2차 매수선: 332,690원 (이격도: 30.2%)
[2025-10-17 14:52:16] INFO:   [3차매수선] 3차 매수선: 299,921원 (이격도: 44.4%)
[2025-10-17 14:52:16] INFO:   [간격] 다음 모니터링 간격: 1800초 (30분)
[2025-10-17 14:52:16] INFO: 
[21] 셀트리온 (068270) 모니터링 중...
[2025-10-17 14:52:17] INFO:   [현재가] 현재가: 174,900원
[2025-10-17 14:52:17] INFO:   [저가] 저가: 173,050원
[2025-10-17 14:52:17] INFO:   [고가] 고가: 176,500원
[2025-10-17 14:52:17] INFO:   [20일선] 20일선: 173,810원
[2025-10-17 14:52:17] INFO:   [1차매수선] 1차 매수선: 139,548원 (이격도: 25.3%)
[2025-10-17 14:52:17] INFO:   [2차매수선] 2차 매수선: 126,093원 (이격도: 38.7%)
[2025-10-17 14:52:17] INFO:   [3차매수선] 3차 매수선: 113,984원 (이격도: 53.4%)
[2025-10-17 14:52:17] INFO:   [간격] 다음 모니터링 간격: 1800초 (30분)
[2025-10-17 14:52:17] INFO: 
[22] 디앤디파마텍 (347850) 모니터링 중...
[2025-10-17 14:52:18] INFO:   [현재가] 현재가: 161,500원
[2025-10-17 14:52:18] INFO:   [저가] 저가: 159,800원
[2025-10-17 14:52:18] INFO:   [고가] 고가: 172,900원
[2025-10-17 14:52:18] INFO:   [20일선] 20일선: 184,535원
[2025-10-17 14:52:18] INFO:   [1차매수선] 1차 매수선: 148,128원 (이격도: 9.0%)
[2025-10-17 14:52:18] INFO:   [2차매수선] 2차 매수선: 133,815원 (이격도: 20.7%)
[2025-10-17 14:52:18] INFO:   [3차매수선] 3차 매수선: 120,934원 (이격도: 33.5%)
[2025-10-17 14:52:18] INFO:   [간격] 다음 모니터링 간격: 600초 (10분)
[2025-10-17 14:52:18] INFO: 
[23] 삼천당제약 (000250) 모니터링 중...
[2025-10-17 14:52:18] INFO:   [현재가] 현재가: 201,500원
[2025-10-17 14:52:18] INFO:   [저가] 저가: 197,000원
[2025-10-17 14:52:18] INFO:   [고가] 고가: 204,500원
[2025-10-17 14:52:18] INFO:   [20일선] 20일선: 217,770원
[2025-10-17 14:52:18] INFO:   [1차매수선] 1차 매수선: 174,716원 (이격도: 15.3%)
[2025-10-17 14:52:18] INFO:   [2차매수선] 2차 매수선: 157,744원 (이격도: 27.7%)
[2025-10-17 14:52:18] INFO:   [3차매수선] 3차 매수선: 142,470원 (이격도: 41.4%)
[2025-10-17 14:52:18] INFO:   [간격] 다음 모니터링 간격: 1800초 (30분)
[2025-10-17 14:52:18] INFO: 
[24] 다날 (064260) 모니터링 중...
[2025-10-17 14:52:19] INFO:   [현재가] 현재가: 8,960원
[2025-10-17 14:52:19] INFO:   [저가] 저가: 8,960원
[2025-10-17 14:52:19] INFO:   [고가] 고가: 9,470원
[2025-10-17 14:52:19] INFO:   [20일선] 20일선: 9,768원
[2025-10-17 14:52:19] INFO:   [1차매수선] 1차 매수선: 7,825원 (이격도: 14.5%)
[2025-10-17 14:52:19] INFO:   [2차매수선] 2차 매수선: 7,052원 (이격도: 27.1%)
[2025-10-17 14:52:19] INFO:   [3차매수선] 3차 매수선: 6,357원 (이격도: 40.9%)
[2025-10-17 14:52:19] INFO:   [간격] 다음 모니터링 간격: 1800초 (30분)
[2025-10-17 14:52:19] INFO: 
[25] 현대로템 (064350) 모니터링 중...
[2025-10-17 14:52:20] INFO:   [현재가] 현재가: 202,000원
[2025-10-17 14:52:20] INFO:   [저가] 저가: 202,000원
[2025-10-17 14:52:20] INFO:   [고가] 고가: 209,500원
[2025-10-17 14:52:20] INFO:   [20일선] 20일선: 215,925원
[2025-10-17 14:52:20] INFO:   [1차매수선] 1차 매수선: 173,240원 (이격도: 16.6%)
[2025-10-17 14:52:20] INFO:   [2차매수선] 2차 매수선: 156,416원 (이격도: 29.1%)
[2025-10-17 14:52:20] INFO:   [3차매수선] 3차 매수선: 141,274원 (이격도: 43.0%)
[2025-10-17 14:52:20] INFO:   [간격] 다음 모니터링 간격: 1800초 (30분)
[2025-10-17 14:52:20] INFO: 
[26] 로보스타 (090360) 모니터링 중...
[2025-10-17 14:52:21] INFO:   [현재가] 현재가: 64,100원
[2025-10-17 14:52:21] INFO:   [저가] 저가: 63,800원
[2025-10-17 14:52:21] INFO:   [고가] 고가: 70,800원
[2025-10-17 14:52:21] INFO:   [20일선] 20일선: 50,295원
[2025-10-17 14:52:21] INFO:   [1차매수선] 1차 매수선: 40,286원 (이격도: 59.1%)
[2025-10-17 14:52:21] INFO:   [2차매수선] 2차 매수선: 36,307원 (이격도: 76.5%)
[2025-10-17 14:52:21] INFO:   [3차매수선] 3차 매수선: 32,727원 (이격도: 95.9%)
[2025-10-17 14:52:21] INFO:   [간격] 다음 모니터링 간격: 1800초 (30분)
[2025-10-17 14:52:21] INFO: 
[27] 한국항공우주 (047810) 모니터링 중...
[2025-10-17 14:52:21] INFO:   [현재가] 현재가: 96,100원
[2025-10-17 14:52:21] INFO:   [저가] 저가: 95,100원
[2025-10-17 14:52:21] INFO:   [고가] 고가: 99,600원
[2025-10-17 14:52:22] INFO:   [20일선] 20일선: 104,870원
[2025-10-17 14:52:22] INFO:   [1차매수선] 1차 매수선: 83,996원 (이격도: 14.4%)
[2025-10-17 14:52:22] INFO:   [2차매수선] 2차 매수선: 75,696원 (이격도: 27.0%)
[2025-10-17 14:52:22] INFO:   [3차매수선] 3차 매수선: 68,227원 (이격도: 40.9%)
[2025-10-17 14:52:22] INFO:   [간격] 다음 모니터링 간격: 1800초 (30분)
[2025-10-17 14:52:22] INFO: 
[28] 한화오션 (042660) 모니터링 중...
[2025-10-17 14:52:22] INFO:   [현재가] 현재가: 106,700원
[2025-10-17 14:52:22] INFO:   [저가] 저가: 105,500원
[2025-10-17 14:52:22] INFO:   [고가] 고가: 113,700원
[2025-10-17 14:52:23] INFO:   [20일선] 20일선: 109,120원
[2025-10-17 14:52:23] INFO:   [1차매수선] 1차 매수선: 87,396원 (이격도: 22.1%)
[2025-10-17 14:52:23] INFO:   [2차매수선] 2차 매수선: 78,756원 (이격도: 35.5%)
[2025-10-17 14:52:23] INFO:   [3차매수선] 3차 매수선: 70,981원 (이격도: 50.3%)
[2025-10-17 14:52:23] INFO:   [간격] 다음 모니터링 간격: 1800초 (30분)
[2025-10-17 14:52:23] INFO: 
[29] 지투지바이오 (456160) 모니터링 중...
[2025-10-17 14:52:23] INFO:   [현재가] 현재가: 167,200원
[2025-10-17 14:52:23] INFO:   [저가] 저가: 166,200원
[2025-10-17 14:52:23] INFO:   [고가] 고가: 179,300원
[2025-10-17 14:52:23] INFO:   [20일선] 20일선: 203,665원
[2025-10-17 14:52:23] INFO:   [1차매수선] 1차 매수선: 163,432원 (이격도: 2.3%)
[2025-10-17 14:52:23] INFO:   [2차매수선] 2차 매수선: 147,589원 (이격도: 13.3%)
[2025-10-17 14:52:23] INFO:   [3차매수선] 3차 매수선: 133,330원 (이격도: 25.4%)
[2025-10-17 14:52:23] INFO:   [간격] 다음 모니터링 간격: 180초 (3분)
[2025-10-17 14:52:23] INFO: 
[30] 농심 (004370) 모니터링 중...
[2025-10-17 14:52:24] INFO:   [현재가] 현재가: 430,000원
[2025-10-17 14:52:24] INFO:   [저가] 저가: 424,000원
[2025-10-17 14:52:24] INFO:   [고가] 고가: 435,000원
[2025-10-17 14:52:24] INFO:   [20일선] 20일선: 448,612원
[2025-10-17 14:52:24] INFO:   [1차매수선] 1차 매수선: 359,390원 (이격도: 19.6%)
[2025-10-17 14:52:24] INFO:   [2차매수선] 2차 매수선: 323,951원 (이격도: 32.7%)
[2025-10-17 14:52:24] INFO:   [3차매수선] 3차 매수선: 292,056원 (이격도: 47.2%)
[2025-10-17 14:52:24] INFO:   [간격] 다음 모니터링 간격: 1800초 (30분)
[2025-10-17 14:52:24] INFO: 
[31] SK오션플랜트 (100090) 모니터링 중...
[2025-10-17 14:52:25] INFO:   [현재가] 현재가: 21,100원
[2025-10-17 14:52:25] INFO:   [저가] 저가: 20,900원
[2025-10-17 14:52:25] INFO:   [고가] 고가: 22,500원
[2025-10-17 14:52:25] INFO:   [20일선] 20일선: 24,442원
[2025-10-17 14:52:25] INFO:   [1차매수선] 1차 매수선: 19,604원 (이격도: 7.6%)
[2025-10-17 14:52:25] INFO:   [2차매수선] 2차 매수선: 17,694원 (이격도: 19.3%)
[2025-10-17 14:52:25] INFO:   [3차매수선] 3차 매수선: 15,974원 (이격도: 32.1%)
[2025-10-17 14:52:25] INFO:   [간격] 다음 모니터링 간격: 600초 (10분)
[2025-10-17 14:52:25] INFO: 
[32] HJ중공업 (097230) 모니터링 중...
[2025-10-17 14:52:26] INFO:   [현재가] 현재가: 25,450원
[2025-10-17 14:52:26] INFO:   [저가] 저가: 25,100원
[2025-10-17 14:52:26] INFO:   [고가] 고가: 27,750원
[2025-10-17 14:52:26] INFO:   [20일선] 20일선: 27,350원
[2025-10-17 14:52:26] INFO:   [1차매수선] 1차 매수선: 21,930원 (이격도: 16.1%)
[2025-10-17 14:52:26] INFO:   [2차매수선] 2차 매수선: 19,787원 (이격도: 28.6%)
[2025-10-17 14:52:26] INFO:   [3차매수선] 3차 매수선: 17,858원 (이격도: 42.5%)
[2025-10-17 14:52:26] INFO:   [간격] 다음 모니터링 간격: 1800초 (30분)
[2025-10-17 14:52:26] INFO: 
[33] 세진중공업 (075580) 모니터링 중...
[2025-10-17 14:52:27] INFO:   [현재가] 현재가: 20,150원
[2025-10-17 14:52:27] INFO:   [저가] 저가: 20,050원
[2025-10-17 14:52:27] INFO:   [고가] 고가: 22,200원
[2025-10-17 14:52:27] INFO:   [20일선] 20일선: 21,380원
[2025-10-17 14:52:27] INFO:   [1차매수선] 1차 매수선: 17,154원 (이격도: 17.5%)
[2025-10-17 14:52:27] INFO:   [2차매수선] 2차 매수선: 15,488원 (이격도: 30.1%)
[2025-10-17 14:52:27] INFO:   [3차매수선] 3차 매수선: 13,989원 (이격도: 44.0%)
[2025-10-17 14:52:27] INFO:   [간격] 다음 모니터링 간격: 1800초 (30분)
[2025-10-17 14:52:27] INFO: 
[34] 엘앤씨바이오 (290650) 모니터링 중...
[2025-10-17 14:52:28] INFO:   [현재가] 현재가: 49,050원
[2025-10-17 14:52:28] INFO:   [저가] 저가: 48,800원
[2025-10-17 14:52:28] INFO:   [고가] 고가: 57,700원
[2025-10-17 14:52:28] INFO:   [20일선] 20일선: 54,080원
[2025-10-17 14:52:28] INFO:   [1차매수선] 1차 매수선: 43,314원 (이격도: 13.2%)
[2025-10-17 14:52:28] INFO:   [2차매수선] 2차 매수선: 39,033원 (이격도: 25.7%)
[2025-10-17 14:52:28] INFO:   [3차매수선] 3차 매수선: 35,179원 (이격도: 39.4%)
[2025-10-17 14:52:28] INFO:   [간격] 다음 모니터링 간격: 1800초 (30분)
[2025-10-17 14:52:28] INFO: 
[35] 한화엔진 (082740) 모니터링 중...
[2025-10-17 14:52:29] INFO:   [현재가] 현재가: 46,300원
[2025-10-17 14:52:29] INFO:   [저가] 저가: 46,200원
[2025-10-17 14:52:29] INFO:   [고가] 고가: 49,250원
[2025-10-17 14:52:29] INFO:   [20일선] 20일선: 45,075원
[2025-10-17 14:52:29] INFO:   [1차매수선] 1차 매수선: 36,110원 (이격도: 28.2%)
[2025-10-17 14:52:29] INFO:   [2차매수선] 2차 매수선: 32,549원 (이격도: 42.2%)
[2025-10-17 14:52:29] INFO:   [3차매수선] 3차 매수선: 29,344원 (이격도: 57.8%)
[2025-10-17 14:52:29] INFO:   [간격] 다음 모니터링 간격: 1800초 (30분)
[2025-10-17 14:52:29] INFO: 
[36] 현대힘스 (460930) 모니터링 중...
[2025-10-17 14:52:30] INFO:   [현재가] 현재가: 22,500원
[2025-10-17 14:52:30] INFO:   [저가] 저가: 22,500원
[2025-10-17 14:52:30] INFO:   [고가] 고가: 23,900원
[2025-10-17 14:52:30] INFO:   [20일선] 20일선: 25,360원
[2025-10-17 14:52:30] INFO:   [1차매수선] 1차 매수선: 20,338원 (이격도: 10.6%)
[2025-10-17 14:52:30] INFO:   [2차매수선] 2차 매수선: 18,354원 (이격도: 22.6%)
[2025-10-17 14:52:30] INFO:   [3차매수선] 3차 매수선: 16,569원 (이격도: 35.8%)
[2025-10-17 14:52:30] INFO:   [간격] 다음 모니터링 간격: 1800초 (30분)
[2025-10-17 14:52:30] INFO: 
[37] HD한국조선해양 (009540) 모니터링 중...
[2025-10-17 14:52:31] INFO:   [현재가] 현재가: 420,000원
[2025-10-17 14:52:31] INFO:   [저가] 저가: 420,000원
[2025-10-17 14:52:31] INFO:   [고가] 고가: 434,500원
[2025-10-17 14:52:31] INFO:   [20일선] 20일선: 411,650원
[2025-10-17 14:52:31] INFO:   [1차매수선] 1차 매수선: 329,820원 (이격도: 27.3%)
[2025-10-17 14:52:31] INFO:   [2차매수선] 2차 매수선: 297,338원 (이격도: 41.3%)
[2025-10-17 14:52:31] INFO:   [3차매수선] 3차 매수선: 268,104원 (이격도: 56.7%)
[2025-10-17 14:52:31] INFO:   [간격] 다음 모니터링 간격: 1800초 (30분)
[2025-10-17 14:52:31] INFO: 
[38] HD현대미포 (010620) 모니터링 중...
[2025-10-17 14:52:32] INFO:   [현재가] 현재가: 200,500원
[2025-10-17 14:52:32] INFO:   [저가] 저가: 200,000원
[2025-10-17 14:52:32] INFO:   [고가] 고가: 206,000원
[2025-10-17 14:52:32] INFO:   [20일선] 20일선: 199,390원
[2025-10-17 14:52:32] INFO:   [1차매수선] 1차 매수선: 160,012원 (이격도: 25.3%)
[2025-10-17 14:52:32] INFO:   [2차매수선] 2차 매수선: 144,511원 (이격도: 38.7%)
[2025-10-17 14:52:32] INFO:   [3차매수선] 3차 매수선: 130,560원 (이격도: 53.6%)
[2025-10-17 14:52:32] INFO:   [간격] 다음 모니터링 간격: 1800초 (30분)
[2025-10-17 14:52:32] INFO: 
[39] 삼성중공업 (010140) 모니터링 중...
[2025-10-17 14:52:33] INFO:   [현재가] 현재가: 22,450원
[2025-10-17 14:52:33] INFO:   [저가] 저가: 21,950원
[2025-10-17 14:52:33] INFO:   [고가] 고가: 22,700원
[2025-10-17 14:52:33] INFO:   [20일선] 20일선: 21,738원
[2025-10-17 14:52:33] INFO:   [1차매수선] 1차 매수선: 17,440원 (이격도: 28.7%)
[2025-10-17 14:52:33] INFO:   [2차매수선] 2차 매수선: 15,746원 (이격도: 42.6%)
[2025-10-17 14:52:33] INFO:   [3차매수선] 3차 매수선: 14,221원 (이격도: 57.9%)
[2025-10-17 14:52:33] INFO:   [간격] 다음 모니터링 간격: 1800초 (30분)
[2025-10-17 14:52:33] INFO: 
[40] 효성중공업 (298040) 모니터링 중...
[2025-10-17 14:52:34] INFO:   [현재가] 현재가: 1,579,000원
[2025-10-17 14:52:34] INFO:   [저가] 저가: 1,570,000원
[2025-10-17 14:52:34] INFO:   [고가] 고가: 1,625,000원
[2025-10-17 14:52:35] INFO:   [20일선] 20일선: 1,435,900원
[2025-10-17 14:52:35] INFO:   [1차매수선] 1차 매수선: 1,149,720원 (이격도: 37.3%)
[2025-10-17 14:52:35] INFO:   [2차매수선] 2차 매수선: 1,035,748원 (이격도: 52.5%)
[2025-10-17 14:52:35] INFO:   [3차매수선] 3차 매수선: 933,173원 (이격도: 69.2%)
[2025-10-17 14:52:35] INFO:   [간격] 다음 모니터링 간격: 1800초 (30분)
[2025-10-17 14:52:35] INFO: 
[41] LIG넥스원 (079550) 모니터링 중...
[2025-10-17 14:52:35] INFO:   [현재가] 현재가: 432,000원
[2025-10-17 14:52:35] INFO:   [저가] 저가: 430,500원
[2025-10-17 14:52:35] INFO:   [고가] 고가: 452,000원
[2025-10-17 14:52:36] INFO:   [20일선] 20일선: 487,100원
[2025-10-17 14:52:36] INFO:   [1차매수선] 1차 매수선: 390,180원 (이격도: 10.7%)
[2025-10-17 14:52:36] INFO:   [2차매수선] 2차 매수선: 351,662원 (이격도: 22.8%)
[2025-10-17 14:52:36] INFO:   [3차매수선] 3차 매수선: 316,996원 (이격도: 36.3%)
[2025-10-17 14:52:36] INFO:   [간격] 다음 모니터링 간격: 1800초 (30분)
[2025-10-17 14:52:36] INFO: 
[42] 에스엔시스 (0008Z0) 모니터링 중...
[2025-10-17 14:52:36] INFO:   [현재가] 현재가: 40,250원
[2025-10-17 14:52:36] INFO:   [저가] 저가: 40,150원
[2025-10-17 14:52:36] INFO:   [고가] 고가: 42,350원
[2025-10-17 14:52:36] INFO:   [20일선] 20일선: 41,470원
[2025-10-17 14:52:36] INFO:   [1차매수선] 1차 매수선: 33,226원 (이격도: 21.1%)
[2025-10-17 14:52:36] INFO:   [2차매수선] 2차 매수선: 29,953원 (이격도: 34.4%)
[2025-10-17 14:52:36] INFO:   [3차매수선] 3차 매수선: 27,008원 (이격도: 49.0%)
[2025-10-17 14:52:36] INFO:   [간격] 다음 모니터링 간격: 1800초 (30분)
[2025-10-17 14:52:36] INFO: 
[43] 삼양컴텍 (484590) 모니터링 중...
[2025-10-17 14:52:37] INFO:   [현재가] 현재가: 15,980원
[2025-10-17 14:52:37] INFO:   [저가] 저가: 15,950원
[2025-10-17 14:52:37] INFO:   [고가] 고가: 16,540원
[2025-10-17 14:52:37] INFO:   [20일선] 20일선: 18,234원
[2025-10-17 14:52:37] INFO:   [1차매수선] 1차 매수선: 14,637원 (이격도: 9.2%)
[2025-10-17 14:52:37] INFO:   [2차매수선] 2차 매수선: 13,223원 (이격도: 20.8%)
[2025-10-17 14:52:37] INFO:   [3차매수선] 3차 매수선: 11,951원 (이격도: 33.7%)
[2025-10-17 14:52:37] INFO:   [간격] 다음 모니터링 간격: 600초 (10분)
[2025-10-17 14:52:37] INFO: 
[44] 에이비엘바이오 (298380) 모니터링 중...
[2025-10-17 14:52:38] INFO:   [현재가] 현재가: 85,700원
[2025-10-17 14:52:38] INFO:   [저가] 저가: 84,600원
[2025-10-17 14:52:38] INFO:   [고가] 고가: 89,400원
[2025-10-17 14:52:38] INFO:   [20일선] 20일선: 95,480원
[2025-10-17 14:52:38] INFO:   [1차매수선] 1차 매수선: 76,484원 (이격도: 12.0%)
[2025-10-17 14:52:38] INFO:   [2차매수선] 2차 매수선: 68,936원 (이격도: 24.3%)
[2025-10-17 14:52:38] INFO:   [3차매수선] 3차 매수선: 62,142원 (이격도: 37.9%)
[2025-10-17 14:52:38] INFO:   [간격] 다음 모니터링 간격: 1800초 (30분)
[2025-10-17 14:52:38] INFO: 
[45] LG디스플레이 (034220) 모니터링 중...
[2025-10-17 14:52:38] INFO:   [현재가] 현재가: 14,330원
[2025-10-17 14:52:38] INFO:   [저가] 저가: 14,120원
[2025-10-17 14:52:38] INFO:   [고가] 고가: 14,470원
[2025-10-17 14:52:39] INFO:   [20일선] 20일선: 14,069원
[2025-10-17 14:52:39] INFO:   [1차매수선] 1차 매수선: 11,305원 (이격도: 26.8%)
[2025-10-17 14:52:39] INFO:   [2차매수선] 2차 매수선: 10,225원 (이격도: 40.2%)
[2025-10-17 14:52:39] INFO:   [3차매수선] 3차 매수선: 9,212원 (이격도: 55.6%)
[2025-10-17 14:52:39] INFO:   [간격] 다음 모니터링 간격: 1800초 (30분)
[2025-10-17 14:52:39] INFO: 
[46] 한국전력 (015760) 모니터링 중...
[2025-10-17 14:52:39] INFO:   [현재가] 현재가: 42,700원
[2025-10-17 14:52:39] INFO:   [저가] 저가: 39,450원
[2025-10-17 14:52:39] INFO:   [고가] 고가: 43,300원
[2025-10-17 14:52:40] INFO:   [20일선] 20일선: 37,282원
[2025-10-17 14:52:40] INFO:   [1차매수선] 1차 매수선: 29,876원 (이격도: 42.9%)
[2025-10-17 14:52:40] INFO:   [2차매수선] 2차 매수선: 26,938원 (이격도: 58.5%)
[2025-10-17 14:52:40] INFO:   [3차매수선] 3차 매수선: 24,295원 (이격도: 75.8%)
[2025-10-17 14:52:40] INFO:   [간격] 다음 모니터링 간격: 1800초 (30분)
[2025-10-17 14:52:40] INFO: 
[47] 대한조선 (439260) 모니터링 중...
[2025-10-17 14:52:40] INFO:   [현재가] 현재가: 75,500원
[2025-10-17 14:52:40] INFO:   [저가] 저가: 75,400원
[2025-10-17 14:52:40] INFO:   [고가] 고가: 78,250원
[2025-10-17 14:52:40] INFO:   [20일선] 20일선: 79,240원
[2025-10-17 14:52:40] INFO:   [1차매수선] 1차 매수선: 63,492원 (이격도: 18.9%)
[2025-10-17 14:52:40] INFO:   [2차매수선] 2차 매수선: 57,243원 (이격도: 31.9%)
[2025-10-17 14:52:40] INFO:   [3차매수선] 3차 매수선: 51,619원 (이격도: 46.3%)
[2025-10-17 14:52:40] INFO:   [간격] 다음 모니터링 간격: 1800초 (30분)
[2025-10-17 14:52:40] INFO: 
[48] 에이피알 (278470) 모니터링 중...
[2025-10-17 14:52:41] INFO:   [현재가] 현재가: 240,500원
[2025-10-17 14:52:41] INFO:   [저가] 저가: 234,500원
[2025-10-17 14:52:41] INFO:   [고가] 고가: 245,500원
[2025-10-17 14:52:41] INFO:   [20일선] 20일선: 236,300원
[2025-10-17 14:52:41] INFO:   [1차매수선] 1차 매수선: 189,540원 (이격도: 26.9%)
[2025-10-17 14:52:41] INFO:   [2차매수선] 2차 매수선: 171,086원 (이격도: 40.6%)
[2025-10-17 14:52:41] INFO:   [3차매수선] 3차 매수선: 154,477원 (이격도: 55.7%)
[2025-10-17 14:52:41] INFO:   [간격] 다음 모니터링 간격: 1800초 (30분)
[2025-10-17 14:52:41] INFO: 
[49] SK바이오팜 (326030) 모니터링 중...
[2025-10-17 14:52:42] INFO:   [현재가] 현재가: 101,200원
[2025-10-17 14:52:42] INFO:   [저가] 저가: 100,700원
[2025-10-17 14:52:42] INFO:   [고가] 고가: 103,500원
[2025-10-17 14:52:42] INFO:   [20일선] 20일선: 104,965원
[2025-10-17 14:52:42] INFO:   [1차매수선] 1차 매수선: 84,072원 (이격도: 20.4%)
[2025-10-17 14:52:42] INFO:   [2차매수선] 2차 매수선: 75,765원 (이격도: 33.6%)
[2025-10-17 14:52:42] INFO:   [3차매수선] 3차 매수선: 68,288원 (이격도: 48.2%)
[2025-10-17 14:52:42] INFO:   [간격] 다음 모니터링 간격: 1800초 (30분)
[2025-10-17 14:52:42] INFO: 
[50] 한화에어로스페이스 (012450) 모니터링 중...
[2025-10-17 14:52:43] INFO:   [현재가] 현재가: 915,000원
[2025-10-17 14:52:43] INFO:   [저가] 저가: 912,000원
[2025-10-17 14:52:43] INFO:   [고가] 고가: 947,000원
[2025-10-17 14:52:43] INFO:   [20일선] 20일선: 1,017,100원
[2025-10-17 14:52:43] INFO:   [1차매수선] 1차 매수선: 814,680원 (이격도: 12.3%)
[2025-10-17 14:52:43] INFO:   [2차매수선] 2차 매수선: 734,212원 (이격도: 24.6%)
[2025-10-17 14:52:43] INFO:   [3차매수선] 3차 매수선: 661,791원 (이격도: 38.3%)
[2025-10-17 14:52:43] INFO:   [간격] 다음 모니터링 간격: 1800초 (30분)
[2025-10-17 14:52:43] INFO: 
[51] 현대차 (005380) 모니터링 중...
[2025-10-17 14:52:44] INFO:   [현재가] 현재가: 243,000원
[2025-10-17 14:52:44] INFO:   [저가] 저가: 239,000원
[2025-10-17 14:52:44] INFO:   [고가] 고가: 246,000원
[2025-10-17 14:52:44] INFO:   [20일선] 20일선: 221,250원
[2025-10-17 14:52:44] INFO:   [1차매수선] 1차 매수선: 177,500원 (이격도: 36.9%)
[2025-10-17 14:52:44] INFO:   [2차매수선] 2차 매수선: 160,250원 (이격도: 51.6%)
[2025-10-17 14:52:44] INFO:   [3차매수선] 3차 매수선: 144,725원 (이격도: 67.9%)
[2025-10-17 14:52:44] INFO:   [간격] 다음 모니터링 간격: 1800초 (30분)
[2025-10-17 14:52:44] INFO: 
[52] 한화시스템 (272210) 모니터링 중...
[2025-10-17 14:52:45] INFO:   [현재가] 현재가: 51,200원
[2025-10-17 14:52:45] INFO:   [저가] 저가: 51,100원
[2025-10-17 14:52:45] INFO:   [고가] 고가: 53,600원
[2025-10-17 14:52:45] INFO:   [20일선] 20일선: 57,120원
[2025-10-17 14:52:45] INFO:   [1차매수선] 1차 매수선: 45,746원 (이격도: 11.9%)
[2025-10-17 14:52:45] INFO:   [2차매수선] 2차 매수선: 41,221원 (이격도: 24.2%)
[2025-10-17 14:52:45] INFO:   [3차매수선] 3차 매수선: 37,149원 (이격도: 37.8%)
[2025-10-17 14:52:45] INFO:   [간격] 다음 모니터링 간격: 1800초 (30분)
[2025-10-17 14:52:45] INFO: 
[53] 한화솔루션 (009830) 모니터링 중...
[2025-10-17 14:52:45] INFO:   [현재가] 현재가: 29,650원
[2025-10-17 14:52:45] INFO:   [저가] 저가: 29,100원
[2025-10-17 14:52:45] INFO:   [고가] 고가: 30,200원
[2025-10-17 14:52:46] INFO:   [20일선] 20일선: 29,170원
[2025-10-17 14:52:46] INFO:   [1차매수선] 1차 매수선: 23,386원 (이격도: 26.8%)
[2025-10-17 14:52:46] INFO:   [2차매수선] 2차 매수선: 21,097원 (이격도: 40.5%)
[2025-10-17 14:52:46] INFO:   [3차매수선] 3차 매수선: 19,038원 (이격도: 55.7%)
[2025-10-17 14:52:46] INFO:   [간격] 다음 모니터링 간격: 1800초 (30분)
[2025-10-17 14:52:46] INFO: 
[54] 삼성전기 (009150) 모니터링 중...
[2025-10-17 14:52:47] INFO:   [현재가] 현재가: 207,000원
[2025-10-17 14:52:47] INFO:   [저가] 저가: 197,500원
[2025-10-17 14:52:47] INFO:   [고가] 고가: 208,000원
[2025-10-17 14:52:47] INFO:   [20일선] 20일선: 199,465원
[2025-10-17 14:52:47] INFO:   [1차매수선] 1차 매수선: 160,072원 (이격도: 29.3%)
[2025-10-17 14:52:47] INFO:   [2차매수선] 2차 매수선: 144,565원 (이격도: 43.2%)
[2025-10-17 14:52:47] INFO:   [3차매수선] 3차 매수선: 130,608원 (이격도: 58.5%)
[2025-10-17 14:52:47] INFO:   [간격] 다음 모니터링 간격: 1800초 (30분)
[2025-10-17 14:52:47] INFO: 
[55] 한화비전 (489790) 모니터링 중...
[2025-10-17 14:52:47] INFO:   [현재가] 현재가: 51,300원
[2025-10-17 14:52:47] INFO:   [저가] 저가: 51,000원
[2025-10-17 14:52:47] INFO:   [고가] 고가: 52,500원
[2025-10-17 14:52:48] INFO:   [20일선] 20일선: 55,465원
[2025-10-17 14:52:48] INFO:   [1차매수선] 1차 매수선: 44,422원 (이격도: 15.5%)
[2025-10-17 14:52:48] INFO:   [2차매수선] 2차 매수선: 40,030원 (이격도: 28.2%)
[2025-10-17 14:52:48] INFO:   [3차매수선] 3차 매수선: 36,077원 (이격도: 42.2%)
[2025-10-17 14:52:48] INFO:   [간격] 다음 모니터링 간격: 1800초 (30분)
[2025-10-17 14:52:48] INFO: 
[56] HD현대인프라코어 (042670) 모니터링 중...
[2025-10-17 14:52:48] INFO:   [현재가] 현재가: 14,780원
[2025-10-17 14:52:48] INFO:   [저가] 저가: 14,640원
[2025-10-17 14:52:48] INFO:   [고가] 고가: 15,970원
[2025-10-17 14:52:49] INFO:   [20일선] 20일선: 15,345원
[2025-10-17 14:52:49] INFO:   [1차매수선] 1차 매수선: 12,326원 (이격도: 19.9%)
[2025-10-17 14:52:49] INFO:   [2차매수선] 2차 매수선: 11,143원 (이격도: 32.6%)
[2025-10-17 14:52:49] INFO:   [3차매수선] 3차 매수선: 10,079원 (이격도: 46.6%)
[2025-10-17 14:52:49] INFO:   [간격] 다음 모니터링 간격: 1800초 (30분)
[2025-10-17 14:52:49] INFO: 
[57] 도우인시스 (484120) 모니터링 중...
[2025-10-17 14:52:49] INFO:   [현재가] 현재가: 30,250원
[2025-10-17 14:52:49] INFO:   [저가] 저가: 28,800원
[2025-10-17 14:52:49] INFO:   [고가] 고가: 31,000원
[2025-10-17 14:52:49] INFO:   [20일선] 20일선: 30,302원
[2025-10-17 14:52:49] INFO:   [1차매수선] 1차 매수선: 24,292원 (이격도: 24.5%)
[2025-10-17 14:52:49] INFO:   [2차매수선] 2차 매수선: 21,913원 (이격도: 38.0%)
[2025-10-17 14:52:49] INFO:   [3차매수선] 3차 매수선: 19,772원 (이격도: 53.0%)
[2025-10-17 14:52:49] INFO:   [간격] 다음 모니터링 간격: 1800초 (30분)
[2025-10-17 14:52:49] INFO: 
[58] KBI동양철관 (008970) 모니터링 중...
[2025-10-17 14:52:50] INFO:   [현재가] 현재가: 2,605원
[2025-10-17 14:52:50] INFO:   [저가] 저가: 2,540원
[2025-10-17 14:52:50] INFO:   [고가] 고가: 2,855원
[2025-10-17 14:52:50] INFO:   [20일선] 20일선: 2,608원
[2025-10-17 14:52:50] INFO:   [1차매수선] 1차 매수선: 2,092원 (이격도: 24.5%)
[2025-10-17 14:52:50] INFO:   [2차매수선] 2차 매수선: 1,887원 (이격도: 38.0%)
[2025-10-17 14:52:50] INFO:   [3차매수선] 3차 매수선: 1,704원 (이격도: 52.9%)
[2025-10-17 14:52:50] INFO:   [간격] 다음 모니터링 간격: 1800초 (30분)
[2025-10-17 14:52:50] INFO: 
[59] YG PLUS (037270) 모니터링 중...
[2025-10-17 14:52:51] INFO:   [현재가] 현재가: 6,570원
[2025-10-17 14:52:51] INFO:   [저가] 저가: 6,510원
[2025-10-17 14:52:51] INFO:   [고가] 고가: 6,710원
[2025-10-17 14:52:52] INFO:   [20일선] 20일선: 7,696원
[2025-10-17 14:52:52] INFO:   [1차매수선] 1차 매수선: 6,167원 (이격도: 6.5%)
[2025-10-17 14:52:52] INFO:   [2차매수선] 2차 매수선: 5,560원 (이격도: 18.2%)
[2025-10-17 14:52:52] INFO:   [3차매수선] 3차 매수선: 5,014원 (이격도: 31.0%)
[2025-10-17 14:52:52] INFO:   [간격] 다음 모니터링 간격: 600초 (10분)
[2025-10-17 14:52:52] INFO: 
[60] 포스코퓨처엠 (003670) 모니터링 중...
[2025-10-17 14:52:52] INFO:   [현재가] 현재가: 192,100원
[2025-10-17 14:52:52] INFO:   [저가] 저가: 185,000원
[2025-10-17 14:52:52] INFO:   [고가] 고가: 201,000원
[2025-10-17 14:52:53] INFO:   [20일선] 20일선: 153,005원
[2025-10-17 14:52:53] INFO:   [1차매수선] 1차 매수선: 122,904원 (이격도: 56.3%)
[2025-10-17 14:52:53] INFO:   [2차매수선] 2차 매수선: 111,114원 (이격도: 72.9%)
[2025-10-17 14:52:53] INFO:   [3차매수선] 3차 매수선: 100,502원 (이격도: 91.1%)
[2025-10-17 14:52:53] INFO:   [간격] 다음 모니터링 간격: 1800초 (30분)
[2025-10-17 14:52:53] INFO: 
[61] 리가켐바이오 (141080) 모니터링 중...
[2025-10-17 14:52:53] INFO:   [현재가] 현재가: 131,500원
[2025-10-17 14:52:53] INFO:   [저가] 저가: 131,200원
[2025-10-17 14:52:53] INFO:   [고가] 고가: 137,200원
[2025-10-17 14:52:54] INFO:   [20일선] 20일선: 146,635원
[2025-10-17 14:52:54] INFO:   [1차매수선] 1차 매수선: 117,808원 (이격도: 11.6%)
[2025-10-17 14:52:54] INFO:   [2차매수선] 2차 매수선: 106,527원 (이격도: 23.4%)
[2025-10-17 14:52:54] INFO:   [3차매수선] 3차 매수선: 95,974원 (이격도: 37.0%)
[2025-10-17 14:52:54] INFO:   [간격] 다음 모니터링 간격: 1800초 (30분)
[2025-10-17 14:52:54] INFO: 
[62] 쿠콘 (294570) 모니터링 중...
[2025-10-17 14:52:54] INFO:   [현재가] 현재가: 37,550원
[2025-10-17 14:52:54] INFO:   [저가] 저가: 37,200원
[2025-10-17 14:52:54] INFO:   [고가] 고가: 38,550원
[2025-10-17 14:52:55] INFO:   [20일선] 20일선: 38,365원
[2025-10-17 14:52:55] INFO:   [1차매수선] 1차 매수선: 30,742원 (이격도: 22.1%)
[2025-10-17 14:52:55] INFO:   [2차매수선] 2차 매수선: 27,718원 (이격도: 35.5%)
[2025-10-17 14:52:55] INFO:   [3차매수선] 3차 매수선: 24,996원 (이격도: 50.2%)
[2025-10-17 14:52:55] INFO:   [간격] 다음 모니터링 간격: 1800초 (30분)
[2025-10-17 14:52:55] INFO: 
[63] 파인엠텍 (441270) 모니터링 중...
[2025-10-17 14:52:55] INFO:   [현재가] 현재가: 9,590원
[2025-10-17 14:52:55] INFO:   [저가] 저가: 9,570원
[2025-10-17 14:52:55] INFO:   [고가] 고가: 10,080원
[2025-10-17 14:52:56] INFO:   [20일선] 20일선: 10,972원
[2025-10-17 14:52:56] INFO:   [1차매수선] 1차 매수선: 8,787원 (이격도: 9.1%)
[2025-10-17 14:52:56] INFO:   [2차매수선] 2차 매수선: 7,918원 (이격도: 21.1%)
[2025-10-17 14:52:56] INFO:   [3차매수선] 3차 매수선: 7,137원 (이격도: 34.4%)
[2025-10-17 14:52:56] INFO:   [간격] 다음 모니터링 간격: 600초 (10분)
[2025-10-17 14:52:56] INFO: 
[64] SK스퀘어 (402340) 모니터링 중...
[2025-10-17 14:52:56] INFO:   [현재가] 현재가: 259,500원
[2025-10-17 14:52:56] INFO:   [저가] 저가: 250,500원
[2025-10-17 14:52:56] INFO:   [고가] 고가: 267,000원
[2025-10-17 14:52:56] INFO:   [20일선] 20일선: 223,995원
[2025-10-17 14:52:56] INFO:   [1차매수선] 1차 매수선: 179,696원 (이격도: 44.4%)
[2025-10-17 14:52:56] INFO:   [2차매수선] 2차 매수선: 162,226원 (이격도: 60.0%)
[2025-10-17 14:52:56] INFO:   [3차매수선] 3차 매수선: 146,504원 (이격도: 77.1%)
[2025-10-17 14:52:56] INFO:   [간격] 다음 모니터링 간격: 1800초 (30분)
[2025-10-17 14:52:56] INFO: 
[65] POSCO홀딩스 (005490) 모니터링 중...
[2025-10-17 14:52:57] INFO:   [현재가] 현재가: 292,500원
[2025-10-17 14:52:57] INFO:   [저가] 저가: 281,500원
[2025-10-17 14:52:57] INFO:   [고가] 고가: 300,000원
[2025-10-17 14:52:58] INFO:   [20일선] 20일선: 279,525원
[2025-10-17 14:52:58] INFO:   [1차매수선] 1차 매수선: 224,120원 (이격도: 30.5%)
[2025-10-17 14:52:58] INFO:   [2차매수선] 2차 매수선: 202,208원 (이격도: 44.7%)
[2025-10-17 14:52:58] INFO:   [3차매수선] 3차 매수선: 182,487원 (이격도: 60.3%)
[2025-10-17 14:52:58] INFO:   [간격] 다음 모니터링 간격: 1800초 (30분)
[2025-10-17 14:52:58] INFO: 
[66] HD현대건설기계 (267270) 모니터링 중...
[2025-10-17 14:52:58] INFO:   [현재가] 현재가: 93,200원
[2025-10-17 14:52:58] INFO:   [저가] 저가: 93,200원
[2025-10-17 14:52:58] INFO:   [고가] 고가: 98,900원
[2025-10-17 14:52:58] INFO:   [20일선] 20일선: 95,275원
[2025-10-17 14:52:58] INFO:   [1차매수선] 1차 매수선: 76,320원 (이격도: 22.1%)
[2025-10-17 14:52:58] INFO:   [2차매수선] 2차 매수선: 68,788원 (이격도: 35.5%)
[2025-10-17 14:52:58] INFO:   [3차매수선] 3차 매수선: 62,009원 (이격도: 50.3%)
[2025-10-17 14:52:58] INFO:   [간격] 다음 모니터링 간격: 1800초 (30분)
[2025-10-17 14:52:58] INFO: 
[67] 한화 (000880) 모니터링 중...
[2025-10-17 14:52:59] INFO:   [현재가] 현재가: 82,900원
[2025-10-17 14:52:59] INFO:   [저가] 저가: 81,700원
[2025-10-17 14:52:59] INFO:   [고가] 고가: 85,400원
[2025-10-17 14:52:59] INFO:   [20일선] 20일선: 86,180원
[2025-10-17 14:52:59] INFO:   [1차매수선] 1차 매수선: 69,044원 (이격도: 20.1%)
[2025-10-17 14:52:59] INFO:   [2차매수선] 2차 매수선: 62,240원 (이격도: 33.2%)
[2025-10-17 14:52:59] INFO:   [3차매수선] 3차 매수선: 56,116원 (이격도: 47.7%)
[2025-10-17 14:52:59] INFO:   [간격] 다음 모니터링 간격: 1800초 (30분)
[2025-10-17 14:52:59] INFO: 
[68] SK (034730) 모니터링 중...
[2025-10-17 14:53:00] INFO:   [현재가] 현재가: 220,500원
[2025-10-17 14:53:00] INFO:   [저가] 저가: 216,000원
[2025-10-17 14:53:00] INFO:   [고가] 고가: 227,000원
[2025-10-17 14:53:00] INFO:   [20일선] 20일선: 219,925원
[2025-10-17 14:53:00] INFO:   [1차매수선] 1차 매수선: 176,440원 (이격도: 25.0%)
[2025-10-17 14:53:00] INFO:   [2차매수선] 2차 매수선: 159,296원 (이격도: 38.4%)
[2025-10-17 14:53:00] INFO:   [3차매수선] 3차 매수선: 143,866원 (이격도: 53.3%)
[2025-10-17 14:53:00] INFO:   [간격] 다음 모니터링 간격: 1800초 (30분)
[2025-10-17 14:53:00] INFO: 
[69] SK이노베이션 (096770) 모니터링 중...
[2025-10-17 14:53:01] INFO:   [현재가] 현재가: 115,600원
[2025-10-17 14:53:01] INFO:   [저가] 저가: 111,900원
[2025-10-17 14:53:01] INFO:   [고가] 고가: 119,000원
[2025-10-17 14:53:01] INFO:   [20일선] 20일선: 105,585원
[2025-10-17 14:53:01] INFO:   [1차매수선] 1차 매수선: 84,568원 (이격도: 36.7%)
[2025-10-17 14:53:01] INFO:   [2차매수선] 2차 매수선: 76,211원 (이격도: 51.7%)
[2025-10-17 14:53:01] INFO:   [3차매수선] 3차 매수선: 68,690원 (이격도: 68.3%)
[2025-10-17 14:53:01] INFO:   [간격] 다음 모니터링 간격: 1800초 (30분)
[2025-10-17 14:53:01] INFO: 
================================================================================
[2025-10-17 14:53:01] INFO: [OK] 동적 모니터링 사이클 완료
[2025-10-17 14:53:01] INFO:   전체 종목: 69개
[2025-10-17 14:53:01] INFO:   체크한 종목: 69개
[2025-10-17 14:53:01] INFO:   전송 알람: 0개
[2025-10-17 14:53:01] INFO: ================================================================================
[2025-10-17 14:53:01] INFO: 
[간격] 60초 후 다음 사이클 실행...
[2025-10-17 14:53:01] INFO:    종료하려면 Ctrl+C를 누르세요.
[2025-10-17 14:53:33] INFO: ================================================================================
[2025-10-17 14:53:33] INFO: 🔍 실시간 주식 모니터링 시작 (개선된 버전)
[2025-10-17 14:53:33] INFO: ⏰ 기본 모니터링 간격: 60초 (1분)
[2025-10-17 14:53:33] INFO: 📊 동적 간격: 1% 이내(1분), 3% 이내(3분), 10% 이내(10분)
[2025-10-17 14:53:33] INFO: 🎯 저가 기준 터치 감지 활성화
[2025-10-17 14:53:33] INFO: 🕐 모니터링 시간: 08:00-20:00
[2025-10-17 14:53:33] INFO: ================================================================================
[2025-10-17 14:53:33] INFO: 
================================================================================
[2025-10-17 14:53:33] INFO: [사이클 1] 2025-10-17 14:53:33
[2025-10-17 14:53:33] INFO: ================================================================================
[2025-10-17 14:53:33] INFO: ✓ 접근 토큰 발급 성공
[2025-10-17 14:53:33] INFO: [OK] Summary 탭에서 69개 종목 로드
[2025-10-17 14:53:33] INFO: 
[1] 삼성전자 (005930) 모니터링 중...
[2025-10-17 14:53:34] INFO:   [현재가] 현재가: 97,950원
[2025-10-17 14:53:34] INFO:   [저가] 저가: 94,900원
[2025-10-17 14:53:34] INFO:   [고가] 고가: 99,100원
[2025-10-17 14:53:34] INFO:   [20일선] 20일선: 87,590원
[2025-10-17 14:53:34] INFO:   [1차매수선] 1차 매수선: 70,172원 (이격도: 39.6%)
[2025-10-17 14:53:34] INFO:   [2차매수선] 2차 매수선: 63,255원 (이격도: 54.8%)
[2025-10-17 14:53:34] INFO:   [3차매수선] 3차 매수선: 57,029원 (이격도: 71.8%)
[2025-10-17 14:53:34] INFO:   [간격] 다음 모니터링 간격: 1800초 (30분)
[2025-10-17 14:53:34] INFO: 
[2] SK하이닉스 (000660) 모니터링 중...
[2025-10-17 14:53:34] INFO:   [현재가] 현재가: 465,000원
[2025-10-17 14:53:34] INFO:   [저가] 저가: 443,500원
[2025-10-17 14:53:34] INFO:   [고가] 고가: 475,000원
[2025-10-17 14:53:34] INFO:   [20일선] 20일선: 383,050원
[2025-10-17 14:53:34] INFO:   [1차매수선] 1차 매수선: 306,940원 (이격도: 51.5%)
[2025-10-17 14:53:34] INFO:   [2차매수선] 2차 매수선: 276,746원 (이격도: 68.0%)
[2025-10-17 14:53:34] INFO:   [3차매수선] 3차 매수선: 249,571원 (이격도: 86.3%)
[2025-10-17 14:53:34] INFO:   [간격] 다음 모니터링 간격: 1800초 (30분)
[2025-10-17 14:53:34] INFO: 
[3] 두산에너빌리티 (034020) 모니터링 중...
[2025-10-17 14:53:35] INFO:   [현재가] 현재가: 80,500원
[2025-10-17 14:53:35] INFO:   [저가] 저가: 80,100원
[2025-10-17 14:53:35] INFO:   [고가] 고가: 83,600원
[2025-10-17 14:53:36] INFO:   [20일선] 20일선: 68,750원
[2025-10-17 14:53:36] INFO:   [1차매수선] 1차 매수선: 55,100원 (이격도: 46.1%)
[2025-10-17 14:53:36] INFO:   [2차매수선] 2차 매수선: 49,640원 (이격도: 62.2%)
[2025-10-17 14:53:36] INFO:   [3차매수선] 3차 매수선: 44,726원 (이격도: 80.0%)
[2025-10-17 14:53:36] INFO:   [간격] 다음 모니터링 간격: 1800초 (30분)
[2025-10-17 14:53:36] INFO: 
[4] NAVER (035420) 모니터링 중...
[2025-10-17 14:53:36] INFO:   [현재가] 현재가: 255,000원
[2025-10-17 14:53:36] INFO:   [저가] 저가: 254,500원
[2025-10-17 14:53:36] INFO:   [고가] 고가: 262,500원
[2025-10-17 14:53:36] INFO:   [20일선] 20일선: 250,475원
[2025-10-17 14:53:36] INFO:   [1차매수선] 1차 매수선: 200,880원 (이격도: 26.9%)
[2025-10-17 14:53:36] INFO:   [2차매수선] 2차 매수선: 181,292원 (이격도: 40.7%)
[2025-10-17 14:53:36] INFO:   [3차매수선] 3차 매수선: 163,663원 (이격도: 55.8%)
[2025-10-17 14:53:36] INFO:   [간격] 다음 모니터링 간격: 1800초 (30분)
[2025-10-17 14:53:36] INFO: 
[5] 한미반도체 (042700) 모니터링 중...
[2025-10-17 14:53:37] INFO:   [현재가] 현재가: 142,000원
[2025-10-17 14:53:37] INFO:   [저가] 저가: 140,900원
[2025-10-17 14:53:37] INFO:   [고가] 고가: 147,900원
[2025-10-17 14:53:37] INFO:   [20일선] 20일선: 108,650원
[2025-10-17 14:53:37] INFO:   [1차매수선] 1차 매수선: 87,020원 (이격도: 63.2%)
[2025-10-17 14:53:37] INFO:   [2차매수선] 2차 매수선: 78,418원 (이격도: 81.1%)
[2025-10-17 14:53:37] INFO:   [3차매수선] 3차 매수선: 70,676원 (이격도: 100.9%)
[2025-10-17 14:53:37] INFO:   [간격] 다음 모니터링 간격: 1800초 (30분)
[2025-10-17 14:53:37] INFO: 
[6] 에코프로비엠 (247540) 모니터링 중...
[2025-10-17 14:53:38] INFO:   [현재가] 현재가: 160,700원
[2025-10-17 14:53:38] INFO:   [저가] 저가: 138,600원
[2025-10-17 14:53:38] INFO:   [고가] 고가: 167,400원
[2025-10-17 14:53:38] INFO:   [20일선] 20일선: 123,695원
[2025-10-17 14:53:38] INFO:   [1차매수선] 1차 매수선: 99,056원 (이격도: 62.2%)
[2025-10-17 14:53:38] INFO:   [2차매수선] 2차 매수선: 89,250원 (이격도: 80.1%)
[2025-10-17 14:53:38] INFO:   [3차매수선] 3차 매수선: 80,425원 (이격도: 99.8%)
[2025-10-17 14:53:38] INFO:   [간격] 다음 모니터링 간격: 1800초 (30분)
[2025-10-17 14:53:38] INFO: 
[7] 삼성SDI (006400) 모니터링 중...
[2025-10-17 14:53:39] INFO:   [현재가] 현재가: 253,500원
[2025-10-17 14:53:39] INFO:   [저가] 저가: 228,000원
[2025-10-17 14:53:39] INFO:   [고가] 고가: 259,500원
[2025-10-17 14:53:39] INFO:   [20일선] 20일선: 213,975원
[2025-10-17 14:53:39] INFO:   [1차매수선] 1차 매수선: 171,680원 (이격도: 47.7%)
[2025-10-17 14:53:39] INFO:   [2차매수선] 2차 매수선: 155,012원 (이격도: 63.5%)
[2025-10-17 14:53:39] INFO:   [3차매수선] 3차 매수선: 140,011원 (이격도: 81.1%)
[2025-10-17 14:53:39] INFO:   [간격] 다음 모니터링 간격: 1800초 (30분)
[2025-10-17 14:53:39] INFO: 
[8] 한라캐스트 (125490) 모니터링 중...
[2025-10-17 14:53:40] INFO:   [현재가] 현재가: 11,160원
[2025-10-17 14:53:40] INFO:   [저가] 저가: 11,050원
[2025-10-17 14:53:40] INFO:   [고가] 고가: 12,250원
[2025-10-17 14:53:40] INFO:   [20일선] 20일선: 8,740원
[2025-10-17 14:53:40] INFO:   [1차매수선] 1차 매수선: 7,002원 (이격도: 59.4%)
[2025-10-17 14:53:40] INFO:   [2차매수선] 2차 매수선: 6,311원 (이격도: 76.8%)
[2025-10-17 14:53:40] INFO:   [3차매수선] 3차 매수선: 5,690원 (이격도: 96.1%)
[2025-10-17 14:53:40] INFO:   [간격] 다음 모니터링 간격: 1800초 (30분)
[2025-10-17 14:53:40] INFO: 
[9] 에코프로 (086520) 모니터링 중...
[2025-10-17 14:53:41] INFO:   [현재가] 현재가: 72,100원
[2025-10-17 14:53:41] INFO:   [저가] 저가: 58,600원
[2025-10-17 14:53:41] INFO:   [고가] 고가: 73,900원
[2025-10-17 14:53:42] INFO:   [20일선] 20일선: 51,690원
[2025-10-17 14:53:42] INFO:   [1차매수선] 1차 매수선: 41,402원 (이격도: 74.1%)
[2025-10-17 14:53:42] INFO:   [2차매수선] 2차 매수선: 37,312원 (이격도: 93.2%)
[2025-10-17 14:53:42] INFO:   [3차매수선] 3차 매수선: 33,631원 (이격도: 114.4%)
[2025-10-17 14:53:42] INFO:   [간격] 다음 모니터링 간격: 1800초 (30분)
[2025-10-17 14:53:42] INFO: 
[10] 에코프로머티 (450080) 모니터링 중...
[2025-10-17 14:53:42] INFO:   [현재가] 현재가: 65,400원
[2025-10-17 14:53:42] INFO:   [저가] 저가: 60,900원
[2025-10-17 14:53:42] INFO:   [고가] 고가: 69,200원
[2025-10-17 14:53:42] INFO:   [20일선] 20일선: 51,888원
[2025-10-17 14:53:42] INFO:   [1차매수선] 1차 매수선: 41,560원 (이격도: 57.4%)
[2025-10-17 14:53:42] INFO:   [2차매수선] 2차 매수선: 37,454원 (이격도: 74.6%)
[2025-10-17 14:53:42] INFO:   [3차매수선] 3차 매수선: 33,759원 (이격도: 93.7%)
[2025-10-17 14:53:42] INFO:   [간격] 다음 모니터링 간격: 1800초 (30분)
[2025-10-17 14:53:42] INFO: 
[11] LG에너지솔루션 (373220) 모니터링 중...
[2025-10-17 14:53:43] INFO:   [현재가] 현재가: 431,000원
[2025-10-17 14:53:43] INFO:   [저가] 저가: 406,500원
[2025-10-17 14:53:43] INFO:   [고가] 고가: 443,000원
[2025-10-17 14:53:44] INFO:   [20일선] 20일선: 369,375원
[2025-10-17 14:53:44] INFO:   [1차매수선] 1차 매수선: 296,000원 (이격도: 45.6%)
[2025-10-17 14:53:44] INFO:   [2차매수선] 2차 매수선: 266,900원 (이격도: 61.5%)
[2025-10-17 14:53:44] INFO:   [3차매수선] 3차 매수선: 240,710원 (이격도: 79.1%)
[2025-10-17 14:53:44] INFO:   [간격] 다음 모니터링 간격: 1800초 (30분)
[2025-10-17 14:53:44] INFO: 
[12] 클로봇 (466100) 모니터링 중...
[2025-10-17 14:53:44] INFO:   [현재가] 현재가: 41,700원
[2025-10-17 14:53:44] INFO:   [저가] 저가: 41,450원
[2025-10-17 14:53:44] INFO:   [고가] 고가: 45,000원
[2025-10-17 14:53:44] INFO:   [20일선] 20일선: 33,010원
[2025-10-17 14:53:44] INFO:   [1차매수선] 1차 매수선: 26,458원 (이격도: 57.6%)
[2025-10-17 14:53:44] INFO:   [2차매수선] 2차 매수선: 23,862원 (이격도: 74.8%)
[2025-10-17 14:53:44] INFO:   [3차매수선] 3차 매수선: 21,526원 (이격도: 93.7%)
[2025-10-17 14:53:44] INFO:   [간격] 다음 모니터링 간격: 1800초 (30분)
[2025-10-17 14:53:44] INFO: 
[13] 로보티즈 (108490) 모니터링 중...
[2025-10-17 14:53:45] INFO:   [현재가] 현재가: 191,100원
[2025-10-17 14:53:45] INFO:   [저가] 저가: 191,000원
[2025-10-17 14:53:45] INFO:   [고가] 고가: 202,500원
[2025-10-17 14:53:46] INFO:   [20일선] 20일선: 157,910원
[2025-10-17 14:53:46] INFO:   [1차매수선] 1차 매수선: 126,828원 (이격도: 50.7%)
[2025-10-17 14:53:46] INFO:   [2차매수선] 2차 매수선: 114,645원 (이격도: 66.7%)
[2025-10-17 14:53:46] INFO:   [3차매수선] 3차 매수선: 103,681원 (이격도: 84.3%)
[2025-10-17 14:53:46] INFO:   [간격] 다음 모니터링 간격: 1800초 (30분)
[2025-10-17 14:53:46] INFO: 
[14] 삼성전자우 (005935) 모니터링 중...
[2025-10-17 14:53:46] INFO:   [현재가] 현재가: 74,850원
[2025-10-17 14:53:46] INFO:   [저가] 저가: 74,400원
[2025-10-17 14:53:46] INFO:   [고가] 고가: 76,000원
[2025-10-17 14:53:47] INFO:   [20일선] 20일선: 68,925원
[2025-10-17 14:53:47] INFO:   [1차매수선] 1차 매수선: 55,240원 (이격도: 35.5%)
[2025-10-17 14:53:47] INFO:   [2차매수선] 2차 매수선: 49,766원 (이격도: 50.4%)
[2025-10-17 14:53:47] INFO:   [3차매수선] 3차 매수선: 44,839원 (이격도: 66.9%)
[2025-10-17 14:53:47] INFO:   [간격] 다음 모니터링 간격: 1800초 (30분)
[2025-10-17 14:53:47] INFO: 
[15] 일동제약 (249420) 모니터링 중...
[2025-10-17 14:53:47] INFO:   [현재가] 현재가: 21,700원
[2025-10-17 14:53:47] INFO:   [저가] 저가: 21,500원
[2025-10-17 14:53:47] INFO:   [고가] 고가: 22,850원
[2025-10-17 14:53:48] INFO:   [20일선] 20일선: 26,542원
[2025-10-17 14:53:48] INFO:   [1차매수선] 1차 매수선: 21,284원 (이격도: 2.0%)
[2025-10-17 14:53:48] INFO:   [2차매수선] 2차 매수선: 19,206원 (이격도: 13.0%)
[2025-10-17 14:53:48] INFO:   [3차매수선] 3차 매수선: 17,335원 (이격도: 25.2%)
[2025-10-17 14:53:48] INFO:   [간격] 다음 모니터링 간격: 180초 (3분)
[2025-10-17 14:53:48] INFO: 
[16] 우리기술투자 (041190) 모니터링 중...
[2025-10-17 14:53:48] INFO:   [현재가] 현재가: 9,180원
[2025-10-17 14:53:48] INFO:   [저가] 저가: 9,070원
[2025-10-17 14:53:48] INFO:   [고가] 고가: 9,870원
[2025-10-17 14:53:49] INFO:   [20일선] 20일선: 10,655원
[2025-10-17 14:53:49] INFO:   [1차매수선] 1차 매수선: 8,534원 (이격도: 7.6%)
[2025-10-17 14:53:49] INFO:   [2차매수선] 2차 매수선: 7,691원 (이격도: 19.4%)
[2025-10-17 14:53:49] INFO:   [3차매수선] 3차 매수선: 6,932원 (이격도: 32.4%)
[2025-10-17 14:53:49] INFO:   [간격] 다음 모니터링 간격: 600초 (10분)
[2025-10-17 14:53:49] INFO: 
[17] NHN KCP (060250) 모니터링 중...
[2025-10-17 14:53:49] INFO:   [현재가] 현재가: 16,430원
[2025-10-17 14:53:49] INFO:   [저가] 저가: 16,390원
[2025-10-17 14:53:49] INFO:   [고가] 고가: 17,290원
[2025-10-17 14:53:50] INFO:   [20일선] 20일선: 16,805원
[2025-10-17 14:53:50] INFO:   [1차매수선] 1차 매수선: 13,494원 (이격도: 21.8%)
[2025-10-17 14:53:50] INFO:   [2차매수선] 2차 매수선: 12,195원 (이격도: 34.7%)
[2025-10-17 14:53:50] INFO:   [3차매수선] 3차 매수선: 11,025원 (이격도: 49.0%)
[2025-10-17 14:53:50] INFO:   [간격] 다음 모니터링 간격: 1800초 (30분)
[2025-10-17 14:53:50] INFO: 
[18] 카카오 (035720) 모니터링 중...
[2025-10-17 14:53:50] INFO:   [현재가] 현재가: 58,000원
[2025-10-17 14:53:50] INFO:   [저가] 저가: 57,900원
[2025-10-17 14:53:50] INFO:   [고가] 고가: 59,500원
[2025-10-17 14:53:51] INFO:   [20일선] 20일선: 61,345원
[2025-10-17 14:53:51] INFO:   [1차매수선] 1차 매수선: 49,126원 (이격도: 18.1%)
[2025-10-17 14:53:51] INFO:   [2차매수선] 2차 매수선: 44,263원 (이격도: 31.0%)
[2025-10-17 14:53:51] INFO:   [3차매수선] 3차 매수선: 39,887원 (이격도: 45.4%)
[2025-10-17 14:53:51] INFO:   [간격] 다음 모니터링 간격: 1800초 (30분)
[2025-10-17 14:53:51] INFO: 
[19] 레인보우로보틱스 (277810) 모니터링 중...
[2025-10-17 14:53:51] INFO:   [현재가] 현재가: 331,500원
[2025-10-17 14:53:51] INFO:   [저가] 저가: 331,000원
[2025-10-17 14:53:51] INFO:   [고가] 고가: 347,000원
[2025-10-17 14:53:52] INFO:   [20일선] 20일선: 316,625원
[2025-10-17 14:53:52] INFO:   [1차매수선] 1차 매수선: 253,800원 (이격도: 30.6%)
[2025-10-17 14:53:52] INFO:   [2차매수선] 2차 매수선: 228,920원 (이격도: 44.8%)
[2025-10-17 14:53:52] INFO:   [3차매수선] 3차 매수선: 206,528원 (이격도: 60.5%)
[2025-10-17 14:53:52] INFO:   [간격] 다음 모니터링 간격: 1800초 (30분)
[2025-10-17 14:53:52] INFO: 
[20] 알테오젠 (196170) 모니터링 중...
[2025-10-17 14:53:52] INFO:   [현재가] 현재가: 433,500원
[2025-10-17 14:53:52] INFO:   [저가] 저가: 426,000원
[2025-10-17 14:53:52] INFO:   [고가] 고가: 448,000원
[2025-10-17 14:53:53] INFO:   [20일선] 20일선: 460,800원
[2025-10-17 14:53:53] INFO:   [1차매수선] 1차 매수선: 369,140원 (이격도: 17.4%)
[2025-10-17 14:53:53] INFO:   [2차매수선] 2차 매수선: 332,726원 (이격도: 30.3%)
[2025-10-17 14:53:53] INFO:   [3차매수선] 3차 매수선: 299,953원 (이격도: 44.5%)
[2025-10-17 14:53:53] INFO:   [간격] 다음 모니터링 간격: 1800초 (30분)
[2025-10-17 14:53:53] INFO: 
[21] 셀트리온 (068270) 모니터링 중...
[2025-10-17 14:53:53] INFO:   [현재가] 현재가: 174,900원
[2025-10-17 14:53:53] INFO:   [저가] 저가: 173,050원
[2025-10-17 14:53:53] INFO:   [고가] 고가: 176,500원
[2025-10-17 14:53:53] INFO:   [20일선] 20일선: 173,810원
[2025-10-17 14:53:53] INFO:   [1차매수선] 1차 매수선: 139,548원 (이격도: 25.3%)
[2025-10-17 14:53:53] INFO:   [2차매수선] 2차 매수선: 126,093원 (이격도: 38.7%)
[2025-10-17 14:53:53] INFO:   [3차매수선] 3차 매수선: 113,984원 (이격도: 53.4%)
[2025-10-17 14:53:53] INFO:   [간격] 다음 모니터링 간격: 1800초 (30분)
[2025-10-17 14:53:53] INFO: 
[22] 디앤디파마텍 (347850) 모니터링 중...
[2025-10-17 14:53:54] INFO:   [현재가] 현재가: 161,600원
[2025-10-17 14:53:54] INFO:   [저가] 저가: 159,800원
[2025-10-17 14:53:54] INFO:   [고가] 고가: 172,900원
[2025-10-17 14:53:54] INFO:   [20일선] 20일선: 184,545원
[2025-10-17 14:53:54] INFO:   [1차매수선] 1차 매수선: 148,136원 (이격도: 9.1%)
[2025-10-17 14:53:54] INFO:   [2차매수선] 2차 매수선: 133,822원 (이격도: 20.8%)
[2025-10-17 14:53:54] INFO:   [3차매수선] 3차 매수선: 120,940원 (이격도: 33.6%)
[2025-10-17 14:53:54] INFO:   [간격] 다음 모니터링 간격: 600초 (10분)
[2025-10-17 14:53:54] INFO: 
[23] 삼천당제약 (000250) 모니터링 중...
[2025-10-17 14:53:55] INFO:   [현재가] 현재가: 201,500원
[2025-10-17 14:53:55] INFO:   [저가] 저가: 197,000원
[2025-10-17 14:53:55] INFO:   [고가] 고가: 204,500원
[2025-10-17 14:53:56] INFO:   [20일선] 20일선: 217,770원
[2025-10-17 14:53:56] INFO:   [1차매수선] 1차 매수선: 174,716원 (이격도: 15.3%)
[2025-10-17 14:53:56] INFO:   [2차매수선] 2차 매수선: 157,744원 (이격도: 27.7%)
[2025-10-17 14:53:56] INFO:   [3차매수선] 3차 매수선: 142,470원 (이격도: 41.4%)
[2025-10-17 14:53:56] INFO:   [간격] 다음 모니터링 간격: 1800초 (30분)
[2025-10-17 14:53:56] INFO: 
[24] 다날 (064260) 모니터링 중...
[2025-10-17 14:53:56] INFO:   [현재가] 현재가: 8,960원
[2025-10-17 14:53:56] INFO:   [저가] 저가: 8,950원
[2025-10-17 14:53:56] INFO:   [고가] 고가: 9,470원
[2025-10-17 14:53:56] INFO:   [20일선] 20일선: 9,768원
[2025-10-17 14:53:56] INFO:   [1차매수선] 1차 매수선: 7,825원 (이격도: 14.5%)
[2025-10-17 14:53:56] INFO:   [2차매수선] 2차 매수선: 7,052원 (이격도: 27.1%)
[2025-10-17 14:53:56] INFO:   [3차매수선] 3차 매수선: 6,357원 (이격도: 40.9%)
[2025-10-17 14:53:56] INFO:   [간격] 다음 모니터링 간격: 1800초 (30분)
[2025-10-17 14:53:56] INFO: 
[25] 현대로템 (064350) 모니터링 중...
[2025-10-17 14:53:57] INFO:   [현재가] 현재가: 202,000원
[2025-10-17 14:53:57] INFO:   [저가] 저가: 202,000원
[2025-10-17 14:53:57] INFO:   [고가] 고가: 209,500원
[2025-10-17 14:53:57] INFO:   [20일선] 20일선: 215,925원
[2025-10-17 14:53:57] INFO:   [1차매수선] 1차 매수선: 173,240원 (이격도: 16.6%)
[2025-10-17 14:53:57] INFO:   [2차매수선] 2차 매수선: 156,416원 (이격도: 29.1%)
[2025-10-17 14:53:57] INFO:   [3차매수선] 3차 매수선: 141,274원 (이격도: 43.0%)
[2025-10-17 14:53:57] INFO:   [간격] 다음 모니터링 간격: 1800초 (30분)
[2025-10-17 14:53:57] INFO: 
[26] 로보스타 (090360) 모니터링 중...
[2025-10-17 14:53:58] INFO:   [현재가] 현재가: 64,000원
[2025-10-17 14:53:58] INFO:   [저가] 저가: 63,800원
[2025-10-17 14:53:58] INFO:   [고가] 고가: 70,800원
[2025-10-17 14:53:58] INFO:   [20일선] 20일선: 50,285원
[2025-10-17 14:53:58] INFO:   [1차매수선] 1차 매수선: 40,278원 (이격도: 58.9%)
[2025-10-17 14:53:58] INFO:   [2차매수선] 2차 매수선: 36,300원 (이격도: 76.3%)
[2025-10-17 14:53:58] INFO:   [3차매수선] 3차 매수선: 32,720원 (이격도: 95.6%)
[2025-10-17 14:53:58] INFO:   [간격] 다음 모니터링 간격: 1800초 (30분)
[2025-10-17 14:53:58] INFO: 
[27] 한국항공우주 (047810) 모니터링 중...
[2025-10-17 14:53:59] INFO:   [현재가] 현재가: 96,100원
[2025-10-17 14:53:59] INFO:   [저가] 저가: 95,100원
[2025-10-17 14:53:59] INFO:   [고가] 고가: 99,600원
[2025-10-17 14:53:59] INFO:   [20일선] 20일선: 104,870원
[2025-10-17 14:53:59] INFO:   [1차매수선] 1차 매수선: 83,996원 (이격도: 14.4%)
[2025-10-17 14:53:59] INFO:   [2차매수선] 2차 매수선: 75,696원 (이격도: 27.0%)
[2025-10-17 14:53:59] INFO:   [3차매수선] 3차 매수선: 68,227원 (이격도: 40.9%)
[2025-10-17 14:53:59] INFO:   [간격] 다음 모니터링 간격: 1800초 (30분)
[2025-10-17 14:53:59] INFO: 
[28] 한화오션 (042660) 모니터링 중...
[2025-10-17 14:54:00] INFO:   [현재가] 현재가: 107,000원
[2025-10-17 14:54:00] INFO:   [저가] 저가: 105,500원
[2025-10-17 14:54:00] INFO:   [고가] 고가: 113,700원
[2025-10-17 14:54:00] INFO:   [20일선] 20일선: 109,145원
[2025-10-17 14:54:00] INFO:   [1차매수선] 1차 매수선: 87,416원 (이격도: 22.4%)
[2025-10-17 14:54:00] INFO:   [2차매수선] 2차 매수선: 78,774원 (이격도: 35.8%)
[2025-10-17 14:54:00] INFO:   [3차매수선] 3차 매수선: 70,997원 (이격도: 50.7%)
[2025-10-17 14:54:00] INFO:   [간격] 다음 모니터링 간격: 1800초 (30분)
[2025-10-17 14:54:00] INFO: 
[29] 지투지바이오 (456160) 모니터링 중...
[2025-10-17 14:54:01] INFO:   [현재가] 현재가: 167,300원
[2025-10-17 14:54:01] INFO:   [저가] 저가: 166,200원
[2025-10-17 14:54:01] INFO:   [고가] 고가: 179,300원
[2025-10-17 14:54:01] INFO:   [20일선] 20일선: 203,675원
[2025-10-17 14:54:01] INFO:   [1차매수선] 1차 매수선: 163,440원 (이격도: 2.4%)
[2025-10-17 14:54:01] INFO:   [2차매수선] 2차 매수선: 147,596원 (이격도: 13.3%)
[2025-10-17 14:54:01] INFO:   [3차매수선] 3차 매수선: 133,336원 (이격도: 25.5%)
[2025-10-17 14:54:01] INFO:   [간격] 다음 모니터링 간격: 180초 (3분)
[2025-10-17 14:54:01] INFO: 
[30] 농심 (004370) 모니터링 중...
[2025-10-17 14:54:01] INFO:   [현재가] 현재가: 429,500원
[2025-10-17 14:54:01] INFO:   [저가] 저가: 424,000원
[2025-10-17 14:54:01] INFO:   [고가] 고가: 435,000원
[2025-10-17 14:54:01] INFO:   [20일선] 20일선: 448,575원
[2025-10-17 14:54:01] INFO:   [1차매수선] 1차 매수선: 359,360원 (이격도: 19.5%)
[2025-10-17 14:54:01] INFO:   [2차매수선] 2차 매수선: 323,924원 (이격도: 32.6%)
[2025-10-17 14:54:01] INFO:   [3차매수선] 3차 매수선: 292,032원 (이격도: 47.1%)
[2025-10-17 14:54:01] INFO:   [간격] 다음 모니터링 간격: 1800초 (30분)
[2025-10-17 14:54:01] INFO: 
[31] SK오션플랜트 (100090) 모니터링 중...
[2025-10-17 14:54:02] INFO:   [현재가] 현재가: 21,100원
[2025-10-17 14:54:02] INFO:   [저가] 저가: 20,900원
[2025-10-17 14:54:02] INFO:   [고가] 고가: 22,500원
[2025-10-17 14:54:03] INFO:   [20일선] 20일선: 24,442원
[2025-10-17 14:54:03] INFO:   [1차매수선] 1차 매수선: 19,604원 (이격도: 7.6%)
[2025-10-17 14:54:03] INFO:   [2차매수선] 2차 매수선: 17,694원 (이격도: 19.3%)
[2025-10-17 14:54:03] INFO:   [3차매수선] 3차 매수선: 15,974원 (이격도: 32.1%)
[2025-10-17 14:54:03] INFO:   [간격] 다음 모니터링 간격: 600초 (10분)
[2025-10-17 14:54:03] INFO: 
[32] HJ중공업 (097230) 모니터링 중...
[2025-10-17 14:54:03] INFO:   [현재가] 현재가: 25,400원
[2025-10-17 14:54:03] INFO:   [저가] 저가: 25,100원
[2025-10-17 14:54:03] INFO:   [고가] 고가: 27,750원
[2025-10-17 14:54:03] INFO:   [20일선] 20일선: 27,342원
[2025-10-17 14:54:03] INFO:   [1차매수선] 1차 매수선: 21,924원 (이격도: 15.9%)
[2025-10-17 14:54:03] INFO:   [2차매수선] 2차 매수선: 19,782원 (이격도: 28.4%)
[2025-10-17 14:54:03] INFO:   [3차매수선] 3차 매수선: 17,853원 (이격도: 42.3%)
[2025-10-17 14:54:03] INFO:   [간격] 다음 모니터링 간격: 1800초 (30분)
[2025-10-17 14:54:03] INFO: 
[33] 세진중공업 (075580) 모니터링 중...
[2025-10-17 14:54:04] INFO:   [현재가] 현재가: 20,150원
[2025-10-17 14:54:04] INFO:   [저가] 저가: 20,050원
[2025-10-17 14:54:04] INFO:   [고가] 고가: 22,200원
[2025-10-17 14:54:05] INFO:   [20일선] 20일선: 21,380원
[2025-10-17 14:54:05] INFO:   [1차매수선] 1차 매수선: 17,154원 (이격도: 17.5%)
[2025-10-17 14:54:05] INFO:   [2차매수선] 2차 매수선: 15,488원 (이격도: 30.1%)
[2025-10-17 14:54:05] INFO:   [3차매수선] 3차 매수선: 13,989원 (이격도: 44.0%)
[2025-10-17 14:54:05] INFO:   [간격] 다음 모니터링 간격: 1800초 (30분)
[2025-10-17 14:54:05] INFO: 
[34] 엘앤씨바이오 (290650) 모니터링 중...
[2025-10-17 14:54:05] INFO:   [현재가] 현재가: 49,000원
[2025-10-17 14:54:05] INFO:   [저가] 저가: 48,800원
[2025-10-17 14:54:05] INFO:   [고가] 고가: 57,700원
[2025-10-17 14:54:06] INFO:   [20일선] 20일선: 54,075원
[2025-10-17 14:54:06] INFO:   [1차매수선] 1차 매수선: 43,310원 (이격도: 13.1%)
[2025-10-17 14:54:06] INFO:   [2차매수선] 2차 매수선: 39,029원 (이격도: 25.5%)
[2025-10-17 14:54:06] INFO:   [3차매수선] 3차 매수선: 35,176원 (이격도: 39.3%)
[2025-10-17 14:54:06] INFO:   [간격] 다음 모니터링 간격: 1800초 (30분)
[2025-10-17 14:54:06] INFO: 
[35] 한화엔진 (082740) 모니터링 중...
[2025-10-17 14:54:06] INFO:   [현재가] 현재가: 46,350원
[2025-10-17 14:54:06] INFO:   [저가] 저가: 46,200원
[2025-10-17 14:54:06] INFO:   [고가] 고가: 49,250원
[2025-10-17 14:54:07] INFO:   [20일선] 20일선: 45,080원
[2025-10-17 14:54:07] INFO:   [1차매수선] 1차 매수선: 36,114원 (이격도: 28.3%)
[2025-10-17 14:54:07] INFO:   [2차매수선] 2차 매수선: 32,553원 (이격도: 42.4%)
[2025-10-17 14:54:07] INFO:   [3차매수선] 3차 매수선: 29,347원 (이격도: 57.9%)
[2025-10-17 14:54:07] INFO:   [간격] 다음 모니터링 간격: 1800초 (30분)
[2025-10-17 14:54:07] INFO: 
[36] 현대힘스 (460930) 모니터링 중...
[2025-10-17 14:54:07] INFO:   [현재가] 현재가: 22,550원
[2025-10-17 14:54:07] INFO:   [저가] 저가: 22,500원
[2025-10-17 14:54:07] INFO:   [고가] 고가: 23,900원
[2025-10-17 14:54:07] INFO:   [20일선] 20일선: 25,365원
[2025-10-17 14:54:07] INFO:   [1차매수선] 1차 매수선: 20,342원 (이격도: 10.9%)
[2025-10-17 14:54:07] INFO:   [2차매수선] 2차 매수선: 18,358원 (이격도: 22.8%)
[2025-10-17 14:54:07] INFO:   [3차매수선] 3차 매수선: 16,572원 (이격도: 36.1%)
[2025-10-17 14:54:07] INFO:   [간격] 다음 모니터링 간격: 1800초 (30분)
[2025-10-17 14:54:07] INFO: 
[37] HD한국조선해양 (009540) 모니터링 중...
[2025-10-17 14:54:08] INFO:   [현재가] 현재가: 420,500원
[2025-10-17 14:54:08] INFO:   [저가] 저가: 420,000원
[2025-10-17 14:54:08] INFO:   [고가] 고가: 434,500원
[2025-10-17 14:54:08] INFO:   [20일선] 20일선: 411,700원
[2025-10-17 14:54:08] INFO:   [1차매수선] 1차 매수선: 329,860원 (이격도: 27.5%)
[2025-10-17 14:54:08] INFO:   [2차매수선] 2차 매수선: 297,374원 (이격도: 41.4%)
[2025-10-17 14:54:08] INFO:   [3차매수선] 3차 매수선: 268,137원 (이격도: 56.8%)
[2025-10-17 14:54:08] INFO:   [간격] 다음 모니터링 간격: 1800초 (30분)
[2025-10-17 14:54:08] INFO: 
[38] HD현대미포 (010620) 모니터링 중...
[2025-10-17 14:54:09] INFO:   [현재가] 현재가: 201,000원
[2025-10-17 14:54:09] INFO:   [저가] 저가: 200,000원
[2025-10-17 14:54:09] INFO:   [고가] 고가: 206,000원
[2025-10-17 14:54:10] INFO:   [20일선] 20일선: 199,440원
[2025-10-17 14:54:10] INFO:   [1차매수선] 1차 매수선: 160,052원 (이격도: 25.6%)
[2025-10-17 14:54:10] INFO:   [2차매수선] 2차 매수선: 144,547원 (이격도: 39.1%)
[2025-10-17 14:54:10] INFO:   [3차매수선] 3차 매수선: 130,592원 (이격도: 53.9%)
[2025-10-17 14:54:10] INFO:   [간격] 다음 모니터링 간격: 1800초 (30분)
[2025-10-17 14:54:10] INFO: 
[39] 삼성중공업 (010140) 모니터링 중...
[2025-10-17 14:54:11] INFO:   [현재가] 현재가: 22,500원
[2025-10-17 14:54:11] INFO:   [저가] 저가: 21,950원
[2025-10-17 14:54:11] INFO:   [고가] 고가: 22,700원
[2025-10-17 14:54:11] INFO:   [20일선] 20일선: 21,740원
[2025-10-17 14:54:11] INFO:   [1차매수선] 1차 매수선: 17,442원 (이격도: 29.0%)
[2025-10-17 14:54:11] INFO:   [2차매수선] 2차 매수선: 15,748원 (이격도: 42.9%)
[2025-10-17 14:54:11] INFO:   [3차매수선] 3차 매수선: 14,223원 (이격도: 58.2%)
[2025-10-17 14:54:11] INFO:   [간격] 다음 모니터링 간격: 1800초 (30분)
[2025-10-17 14:54:11] INFO: 
[40] 효성중공업 (298040) 모니터링 중...
[2025-10-17 14:54:11] INFO:   [현재가] 현재가: 1,575,000원
[2025-10-17 14:54:11] INFO:   [저가] 저가: 1,570,000원
[2025-10-17 14:54:11] INFO:   [고가] 고가: 1,625,000원
[2025-10-17 14:54:12] INFO:   [20일선] 20일선: 1,435,550원
[2025-10-17 14:54:12] INFO:   [1차매수선] 1차 매수선: 1,149,440원 (이격도: 37.0%)
[2025-10-17 14:54:12] INFO:   [2차매수선] 2차 매수선: 1,035,496원 (이격도: 52.1%)
[2025-10-17 14:54:12] INFO:   [3차매수선] 3차 매수선: 932,946원 (이격도: 68.8%)
[2025-10-17 14:54:12] INFO:   [간격] 다음 모니터링 간격: 1800초 (30분)
[2025-10-17 14:54:12] INFO: 
[41] LIG넥스원 (079550) 모니터링 중...
[2025-10-17 14:54:12] INFO:   [현재가] 현재가: 432,000원
[2025-10-17 14:54:12] INFO:   [저가] 저가: 430,500원
[2025-10-17 14:54:12] INFO:   [고가] 고가: 452,000원
[2025-10-17 14:54:12] INFO:   [20일선] 20일선: 487,075원
[2025-10-17 14:54:12] INFO:   [1차매수선] 1차 매수선: 390,160원 (이격도: 10.7%)
[2025-10-17 14:54:12] INFO:   [2차매수선] 2차 매수선: 351,644원 (이격도: 22.9%)
[2025-10-17 14:54:12] INFO:   [3차매수선] 3차 매수선: 316,980원 (이격도: 36.3%)
[2025-10-17 14:54:12] INFO:   [간격] 다음 모니터링 간격: 1800초 (30분)
[2025-10-17 14:54:12] INFO: 
[42] 에스엔시스 (0008Z0) 모니터링 중...
[2025-10-17 14:54:13] INFO:   [현재가] 현재가: 40,250원
[2025-10-17 14:54:13] INFO:   [저가] 저가: 40,150원
[2025-10-17 14:54:13] INFO:   [고가] 고가: 42,350원
[2025-10-17 14:54:13] INFO:   [20일선] 20일선: 41,470원
[2025-10-17 14:54:13] INFO:   [1차매수선] 1차 매수선: 33,226원 (이격도: 21.1%)
[2025-10-17 14:54:13] INFO:   [2차매수선] 2차 매수선: 29,953원 (이격도: 34.4%)
[2025-10-17 14:54:13] INFO:   [3차매수선] 3차 매수선: 27,008원 (이격도: 49.0%)
[2025-10-17 14:54:13] INFO:   [간격] 다음 모니터링 간격: 1800초 (30분)
[2025-10-17 14:54:13] INFO: 
[43] 삼양컴텍 (484590) 모니터링 중...
[2025-10-17 14:54:14] INFO:   [현재가] 현재가: 15,990원
[2025-10-17 14:54:14] INFO:   [저가] 저가: 15,950원
[2025-10-17 14:54:14] INFO:   [고가] 고가: 16,540원
[2025-10-17 14:54:14] INFO:   [20일선] 20일선: 18,234원
[2025-10-17 14:54:14] INFO:   [1차매수선] 1차 매수선: 14,638원 (이격도: 9.2%)
[2025-10-17 14:54:14] INFO:   [2차매수선] 2차 매수선: 13,224원 (이격도: 20.9%)
[2025-10-17 14:54:14] INFO:   [3차매수선] 3차 매수선: 11,951원 (이격도: 33.8%)
[2025-10-17 14:54:14] INFO:   [간격] 다음 모니터링 간격: 600초 (10분)
[2025-10-17 14:54:14] INFO: 
[44] 에이비엘바이오 (298380) 모니터링 중...
[2025-10-17 14:54:15] INFO:   [현재가] 현재가: 85,600원
[2025-10-17 14:54:15] INFO:   [저가] 저가: 84,600원
[2025-10-17 14:54:15] INFO:   [고가] 고가: 89,400원
[2025-10-17 14:54:16] INFO:   [20일선] 20일선: 95,470원
[2025-10-17 14:54:16] INFO:   [1차매수선] 1차 매수선: 76,476원 (이격도: 11.9%)
[2025-10-17 14:54:16] INFO:   [2차매수선] 2차 매수선: 68,928원 (이격도: 24.2%)
[2025-10-17 14:54:16] INFO:   [3차매수선] 3차 매수선: 62,136원 (이격도: 37.8%)
[2025-10-17 14:54:16] INFO:   [간격] 다음 모니터링 간격: 1800초 (30분)
[2025-10-17 14:54:16] INFO: 
[45] LG디스플레이 (034220) 모니터링 중...
[2025-10-17 14:54:16] INFO:   [현재가] 현재가: 14,340원
[2025-10-17 14:54:16] INFO:   [저가] 저가: 14,120원
[2025-10-17 14:54:16] INFO:   [고가] 고가: 14,470원
[2025-10-17 14:54:16] INFO:   [20일선] 20일선: 14,070원
[2025-10-17 14:54:16] INFO:   [1차매수선] 1차 매수선: 11,306원 (이격도: 26.8%)
[2025-10-17 14:54:16] INFO:   [2차매수선] 2차 매수선: 10,225원 (이격도: 40.2%)
[2025-10-17 14:54:16] INFO:   [3차매수선] 3차 매수선: 9,213원 (이격도: 55.7%)
[2025-10-17 14:54:16] INFO:   [간격] 다음 모니터링 간격: 1800초 (30분)
[2025-10-17 14:54:16] INFO: 
[46] 한국전력 (015760) 모니터링 중...
[2025-10-17 14:54:17] INFO:   [현재가] 현재가: 42,700원
[2025-10-17 14:54:17] INFO:   [저가] 저가: 39,450원
[2025-10-17 14:54:17] INFO:   [고가] 고가: 43,300원
[2025-10-17 14:54:18] INFO:   [20일선] 20일선: 37,280원
[2025-10-17 14:54:18] INFO:   [1차매수선] 1차 매수선: 29,874원 (이격도: 42.9%)
[2025-10-17 14:54:18] INFO:   [2차매수선] 2차 매수선: 26,937원 (이격도: 58.5%)
[2025-10-17 14:54:18] INFO:   [3차매수선] 3차 매수선: 24,293원 (이격도: 75.8%)
[2025-10-17 14:54:18] INFO:   [간격] 다음 모니터링 간격: 1800초 (30분)
[2025-10-17 14:54:18] INFO: 
[47] 대한조선 (439260) 모니터링 중...
[2025-10-17 14:54:18] INFO:   [현재가] 현재가: 75,400원
[2025-10-17 14:54:18] INFO:   [저가] 저가: 75,400원
[2025-10-17 14:54:18] INFO:   [고가] 고가: 78,250원
[2025-10-17 14:54:18] INFO:   [20일선] 20일선: 79,230원
[2025-10-17 14:54:18] INFO:   [1차매수선] 1차 매수선: 63,484원 (이격도: 18.8%)
[2025-10-17 14:54:18] INFO:   [2차매수선] 2차 매수선: 57,236원 (이격도: 31.7%)
[2025-10-17 14:54:18] INFO:   [3차매수선] 3차 매수선: 51,612원 (이격도: 46.1%)
[2025-10-17 14:54:18] INFO:   [간격] 다음 모니터링 간격: 1800초 (30분)
[2025-10-17 14:54:18] INFO: 
[48] 에이피알 (278470) 모니터링 중...
[2025-10-17 14:54:19] INFO:   [현재가] 현재가: 239,000원
[2025-10-17 14:54:19] INFO:   [저가] 저가: 234,500원
[2025-10-17 14:54:19] INFO:   [고가] 고가: 245,500원
[2025-10-17 14:54:19] INFO:   [20일선] 20일선: 236,175원
[2025-10-17 14:54:19] INFO:   [1차매수선] 1차 매수선: 189,440원 (이격도: 26.2%)
[2025-10-17 14:54:19] INFO:   [2차매수선] 2차 매수선: 170,996원 (이격도: 39.8%)
[2025-10-17 14:54:19] INFO:   [3차매수선] 3차 매수선: 154,396원 (이격도: 54.8%)
[2025-10-17 14:54:19] INFO:   [간격] 다음 모니터링 간격: 1800초 (30분)
[2025-10-17 14:54:19] INFO: 
[49] SK바이오팜 (326030) 모니터링 중...
[2025-10-17 14:54:20] INFO:   [현재가] 현재가: 101,100원
[2025-10-17 14:54:20] INFO:   [저가] 저가: 100,700원
[2025-10-17 14:54:20] INFO:   [고가] 고가: 103,500원
[2025-10-17 14:54:21] INFO:   [20일선] 20일선: 104,955원
[2025-10-17 14:54:21] INFO:   [1차매수선] 1차 매수선: 84,064원 (이격도: 20.3%)
[2025-10-17 14:54:21] INFO:   [2차매수선] 2차 매수선: 75,758원 (이격도: 33.5%)
[2025-10-17 14:54:21] INFO:   [3차매수선] 3차 매수선: 68,282원 (이격도: 48.1%)
[2025-10-17 14:54:21] INFO:   [간격] 다음 모니터링 간격: 1800초 (30분)
[2025-10-17 14:54:21] INFO: 
[50] 한화에어로스페이스 (012450) 모니터링 중...
[2025-10-17 14:54:21] INFO:   [현재가] 현재가: 914,000원
[2025-10-17 14:54:21] INFO:   [저가] 저가: 912,000원
[2025-10-17 14:54:21] INFO:   [고가] 고가: 947,000원
[2025-10-17 14:54:21] INFO:   [20일선] 20일선: 1,017,000원
[2025-10-17 14:54:21] INFO:   [1차매수선] 1차 매수선: 814,600원 (이격도: 12.2%)
[2025-10-17 14:54:21] INFO:   [2차매수선] 2차 매수선: 734,140원 (이격도: 24.5%)
[2025-10-17 14:54:21] INFO:   [3차매수선] 3차 매수선: 661,726원 (이격도: 38.1%)
[2025-10-17 14:54:21] INFO:   [간격] 다음 모니터링 간격: 1800초 (30분)
[2025-10-17 14:54:21] INFO: 
[51] 현대차 (005380) 모니터링 중...
[2025-10-17 14:54:22] INFO:   [현재가] 현재가: 243,250원
[2025-10-17 14:54:22] INFO:   [저가] 저가: 239,000원
[2025-10-17 14:54:22] INFO:   [고가] 고가: 246,000원
[2025-10-17 14:54:22] INFO:   [20일선] 20일선: 221,262원
[2025-10-17 14:54:22] INFO:   [1차매수선] 1차 매수선: 177,510원 (이격도: 37.0%)
[2025-10-17 14:54:22] INFO:   [2차매수선] 2차 매수선: 160,259원 (이격도: 51.8%)
[2025-10-17 14:54:22] INFO:   [3차매수선] 3차 매수선: 144,733원 (이격도: 68.1%)
[2025-10-17 14:54:22] INFO:   [간격] 다음 모니터링 간격: 1800초 (30분)
[2025-10-17 14:54:22] INFO: 
[52] 한화시스템 (272210) 모니터링 중...
[2025-10-17 14:54:23] INFO:   [현재가] 현재가: 51,300원
[2025-10-17 14:54:23] INFO:   [저가] 저가: 51,100원
[2025-10-17 14:54:23] INFO:   [고가] 고가: 53,600원
[2025-10-17 14:54:23] INFO:   [20일선] 20일선: 57,125원
[2025-10-17 14:54:23] INFO:   [1차매수선] 1차 매수선: 45,750원 (이격도: 12.1%)
[2025-10-17 14:54:23] INFO:   [2차매수선] 2차 매수선: 41,225원 (이격도: 24.4%)
[2025-10-17 14:54:23] INFO:   [3차매수선] 3차 매수선: 37,152원 (이격도: 38.1%)
[2025-10-17 14:54:23] INFO:   [간격] 다음 모니터링 간격: 1800초 (30분)
[2025-10-17 14:54:23] INFO: 
[53] 한화솔루션 (009830) 모니터링 중...
[2025-10-17 14:54:24] INFO:   [현재가] 현재가: 29,700원
[2025-10-17 14:54:24] INFO:   [저가] 저가: 29,100원
[2025-10-17 14:54:24] INFO:   [고가] 고가: 30,200원
[2025-10-17 14:54:24] INFO:   [20일선] 20일선: 29,175원
[2025-10-17 14:54:24] INFO:   [1차매수선] 1차 매수선: 23,390원 (이격도: 27.0%)
[2025-10-17 14:54:24] INFO:   [2차매수선] 2차 매수선: 21,101원 (이격도: 40.8%)
[2025-10-17 14:54:24] INFO:   [3차매수선] 3차 매수선: 19,041원 (이격도: 56.0%)
[2025-10-17 14:54:24] INFO:   [간격] 다음 모니터링 간격: 1800초 (30분)
[2025-10-17 14:54:24] INFO: 
[54] 삼성전기 (009150) 모니터링 중...
[2025-10-17 14:54:25] INFO:   [현재가] 현재가: 207,500원
[2025-10-17 14:54:25] INFO:   [저가] 저가: 197,500원
[2025-10-17 14:54:25] INFO:   [고가] 고가: 208,000원
[2025-10-17 14:54:26] INFO:   [20일선] 20일선: 199,515원
[2025-10-17 14:54:26] INFO:   [1차매수선] 1차 매수선: 160,112원 (이격도: 29.6%)
[2025-10-17 14:54:26] INFO:   [2차매수선] 2차 매수선: 144,601원 (이격도: 43.5%)
[2025-10-17 14:54:26] INFO:   [3차매수선] 3차 매수선: 130,641원 (이격도: 58.8%)
[2025-10-17 14:54:26] INFO:   [간격] 다음 모니터링 간격: 1800초 (30분)
[2025-10-17 14:54:26] INFO: 
[55] 한화비전 (489790) 모니터링 중...
[2025-10-17 14:54:26] INFO:   [현재가] 현재가: 51,300원
[2025-10-17 14:54:26] INFO:   [저가] 저가: 51,000원
[2025-10-17 14:54:26] INFO:   [고가] 고가: 52,500원
[2025-10-17 14:54:26] INFO:   [20일선] 20일선: 55,465원
[2025-10-17 14:54:26] INFO:   [1차매수선] 1차 매수선: 44,422원 (이격도: 15.5%)
[2025-10-17 14:54:26] INFO:   [2차매수선] 2차 매수선: 40,030원 (이격도: 28.2%)
[2025-10-17 14:54:26] INFO:   [3차매수선] 3차 매수선: 36,077원 (이격도: 42.2%)
[2025-10-17 14:54:26] INFO:   [간격] 다음 모니터링 간격: 1800초 (30분)
[2025-10-17 14:54:26] INFO: 
[56] HD현대인프라코어 (042670) 모니터링 중...
[2025-10-17 14:54:27] INFO:   [현재가] 현재가: 14,780원
[2025-10-17 14:54:27] INFO:   [저가] 저가: 14,640원
[2025-10-17 14:54:27] INFO:   [고가] 고가: 15,970원
[2025-10-17 14:54:27] INFO:   [20일선] 20일선: 15,345원
[2025-10-17 14:54:27] INFO:   [1차매수선] 1차 매수선: 12,326원 (이격도: 19.9%)
[2025-10-17 14:54:27] INFO:   [2차매수선] 2차 매수선: 11,143원 (이격도: 32.6%)
[2025-10-17 14:54:27] INFO:   [3차매수선] 3차 매수선: 10,079원 (이격도: 46.6%)
[2025-10-17 14:54:27] INFO:   [간격] 다음 모니터링 간격: 1800초 (30분)
[2025-10-17 14:54:27] INFO: 
[57] 도우인시스 (484120) 모니터링 중...
[2025-10-17 14:54:28] INFO:   [현재가] 현재가: 30,250원
[2025-10-17 14:54:28] INFO:   [저가] 저가: 28,800원
[2025-10-17 14:54:28] INFO:   [고가] 고가: 31,000원
[2025-10-17 14:54:28] INFO:   [20일선] 20일선: 30,302원
[2025-10-17 14:54:28] INFO:   [1차매수선] 1차 매수선: 24,292원 (이격도: 24.5%)
[2025-10-17 14:54:28] INFO:   [2차매수선] 2차 매수선: 21,913원 (이격도: 38.0%)
[2025-10-17 14:54:28] INFO:   [3차매수선] 3차 매수선: 19,772원 (이격도: 53.0%)
[2025-10-17 14:54:28] INFO:   [간격] 다음 모니터링 간격: 1800초 (30분)
[2025-10-17 14:54:28] INFO: 
[58] KBI동양철관 (008970) 모니터링 중...
[2025-10-17 14:54:29] INFO:   [현재가] 현재가: 2,620원
[2025-10-17 14:54:29] INFO:   [저가] 저가: 2,540원
[2025-10-17 14:54:29] INFO:   [고가] 고가: 2,855원
[2025-10-17 14:54:29] INFO:   [20일선] 20일선: 2,610원
[2025-10-17 14:54:29] INFO:   [1차매수선] 1차 매수선: 2,093원 (이격도: 25.2%)
[2025-10-17 14:54:29] INFO:   [2차매수선] 2차 매수선: 1,889원 (이격도: 38.7%)
[2025-10-17 14:54:29] INFO:   [3차매수선] 3차 매수선: 1,705원 (이격도: 53.7%)
[2025-10-17 14:54:29] INFO:   [간격] 다음 모니터링 간격: 1800초 (30분)
[2025-10-17 14:54:29] INFO: 
[59] YG PLUS (037270) 모니터링 중...
[2025-10-17 14:54:30] INFO:   [현재가] 현재가: 6,560원
[2025-10-17 14:54:30] INFO:   [저가] 저가: 6,510원
[2025-10-17 14:54:30] INFO:   [고가] 고가: 6,710원
[2025-10-17 14:54:31] INFO:   [20일선] 20일선: 7,695원
[2025-10-17 14:54:31] INFO:   [1차매수선] 1차 매수선: 6,166원 (이격도: 6.4%)
[2025-10-17 14:54:31] INFO:   [2차매수선] 2차 매수선: 5,559원 (이격도: 18.0%)
[2025-10-17 14:54:31] INFO:   [3차매수선] 3차 매수선: 5,013원 (이격도: 30.8%)
[2025-10-17 14:54:31] INFO:   [간격] 다음 모니터링 간격: 600초 (10분)
[2025-10-17 14:54:31] INFO: 
[60] 포스코퓨처엠 (003670) 모니터링 중...
[2025-10-17 14:54:31] INFO:   [현재가] 현재가: 192,100원
[2025-10-17 14:54:31] INFO:   [저가] 저가: 185,000원
[2025-10-17 14:54:31] INFO:   [고가] 고가: 201,000원
[2025-10-17 14:54:31] INFO:   [20일선] 20일선: 153,005원
[2025-10-17 14:54:31] INFO:   [1차매수선] 1차 매수선: 122,904원 (이격도: 56.3%)
[2025-10-17 14:54:31] INFO:   [2차매수선] 2차 매수선: 111,114원 (이격도: 72.9%)
[2025-10-17 14:54:31] INFO:   [3차매수선] 3차 매수선: 100,502원 (이격도: 91.1%)
[2025-10-17 14:54:31] INFO:   [간격] 다음 모니터링 간격: 1800초 (30분)
[2025-10-17 14:54:31] INFO: 
[61] 리가켐바이오 (141080) 모니터링 중...
[2025-10-17 14:54:32] INFO:   [현재가] 현재가: 131,400원
[2025-10-17 14:54:32] INFO:   [저가] 저가: 131,200원
[2025-10-17 14:54:32] INFO:   [고가] 고가: 137,200원
[2025-10-17 14:54:33] INFO:   [20일선] 20일선: 146,620원
[2025-10-17 14:54:33] INFO:   [1차매수선] 1차 매수선: 117,796원 (이격도: 11.5%)
[2025-10-17 14:54:33] INFO:   [2차매수선] 2차 매수선: 106,516원 (이격도: 23.4%)
[2025-10-17 14:54:33] INFO:   [3차매수선] 3차 매수선: 95,965원 (이격도: 36.9%)
[2025-10-17 14:54:33] INFO:   [간격] 다음 모니터링 간격: 1800초 (30분)
[2025-10-17 14:54:33] INFO: 
[62] 쿠콘 (294570) 모니터링 중...
[2025-10-17 14:54:33] INFO:   [현재가] 현재가: 37,550원
[2025-10-17 14:54:33] INFO:   [저가] 저가: 37,200원
[2025-10-17 14:54:33] INFO:   [고가] 고가: 38,550원
[2025-10-17 14:54:33] INFO:   [20일선] 20일선: 38,365원
[2025-10-17 14:54:33] INFO:   [1차매수선] 1차 매수선: 30,742원 (이격도: 22.1%)
[2025-10-17 14:54:33] INFO:   [2차매수선] 2차 매수선: 27,718원 (이격도: 35.5%)
[2025-10-17 14:54:33] INFO:   [3차매수선] 3차 매수선: 24,996원 (이격도: 50.2%)
[2025-10-17 14:54:33] INFO:   [간격] 다음 모니터링 간격: 1800초 (30분)
[2025-10-17 14:54:33] INFO: 
[63] 파인엠텍 (441270) 모니터링 중...
[2025-10-17 14:54:34] INFO:   [현재가] 현재가: 9,580원
[2025-10-17 14:54:34] INFO:   [저가] 저가: 9,570원
[2025-10-17 14:54:34] INFO:   [고가] 고가: 10,080원
[2025-10-17 14:54:34] INFO:   [20일선] 20일선: 10,970원
[2025-10-17 14:54:34] INFO:   [1차매수선] 1차 매수선: 8,786원 (이격도: 9.0%)
[2025-10-17 14:54:34] INFO:   [2차매수선] 2차 매수선: 7,918원 (이격도: 21.0%)
[2025-10-17 14:54:34] INFO:   [3차매수선] 3차 매수선: 7,136원 (이격도: 34.2%)
[2025-10-17 14:54:34] INFO:   [간격] 다음 모니터링 간격: 600초 (10분)
[2025-10-17 14:54:34] INFO: 
[64] SK스퀘어 (402340) 모니터링 중...
[2025-10-17 14:54:35] INFO:   [현재가] 현재가: 259,250원
[2025-10-17 14:54:35] INFO:   [저가] 저가: 250,500원
[2025-10-17 14:54:35] INFO:   [고가] 고가: 267,000원
[2025-10-17 14:54:36] INFO:   [20일선] 20일선: 223,970원
[2025-10-17 14:54:36] INFO:   [1차매수선] 1차 매수선: 179,676원 (이격도: 44.3%)
[2025-10-17 14:54:36] INFO:   [2차매수선] 2차 매수선: 162,208원 (이격도: 59.8%)
[2025-10-17 14:54:36] INFO:   [3차매수선] 3차 매수선: 146,488원 (이격도: 77.0%)
[2025-10-17 14:54:36] INFO:   [간격] 다음 모니터링 간격: 1800초 (30분)
[2025-10-17 14:54:36] INFO: 
[65] POSCO홀딩스 (005490) 모니터링 중...
[2025-10-17 14:54:36] INFO:   [현재가] 현재가: 293,500원
[2025-10-17 14:54:36] INFO:   [저가] 저가: 281,500원
[2025-10-17 14:54:36] INFO:   [고가] 고가: 300,000원
[2025-10-17 14:54:36] INFO:   [20일선] 20일선: 279,625원
[2025-10-17 14:54:36] INFO:   [1차매수선] 1차 매수선: 224,200원 (이격도: 30.9%)
[2025-10-17 14:54:36] INFO:   [2차매수선] 2차 매수선: 202,280원 (이격도: 45.1%)
[2025-10-17 14:54:36] INFO:   [3차매수선] 3차 매수선: 182,552원 (이격도: 60.8%)
[2025-10-17 14:54:36] INFO:   [간격] 다음 모니터링 간격: 1800초 (30분)
[2025-10-17 14:54:36] INFO: 
[66] HD현대건설기계 (267270) 모니터링 중...
[2025-10-17 14:54:37] INFO:   [현재가] 현재가: 94,200원
[2025-10-17 14:54:37] INFO:   [저가] 저가: 93,200원
[2025-10-17 14:54:37] INFO:   [고가] 고가: 98,900원
[2025-10-17 14:54:37] INFO:   [20일선] 20일선: 95,375원
[2025-10-17 14:54:37] INFO:   [1차매수선] 1차 매수선: 76,400원 (이격도: 23.3%)
[2025-10-17 14:54:37] INFO:   [2차매수선] 2차 매수선: 68,860원 (이격도: 36.8%)
[2025-10-17 14:54:37] INFO:   [3차매수선] 3차 매수선: 62,074원 (이격도: 51.8%)
[2025-10-17 14:54:37] INFO:   [간격] 다음 모니터링 간격: 1800초 (30분)
[2025-10-17 14:54:37] INFO: 
[67] 한화 (000880) 모니터링 중...
[2025-10-17 14:54:38] INFO:   [현재가] 현재가: 82,900원
[2025-10-17 14:54:38] INFO:   [저가] 저가: 81,700원
[2025-10-17 14:54:38] INFO:   [고가] 고가: 85,400원
[2025-10-17 14:54:38] INFO:   [20일선] 20일선: 86,180원
[2025-10-17 14:54:38] INFO:   [1차매수선] 1차 매수선: 69,044원 (이격도: 20.1%)
[2025-10-17 14:54:38] INFO:   [2차매수선] 2차 매수선: 62,240원 (이격도: 33.2%)
[2025-10-17 14:54:38] INFO:   [3차매수선] 3차 매수선: 56,116원 (이격도: 47.7%)
[2025-10-17 14:54:38] INFO:   [간격] 다음 모니터링 간격: 1800초 (30분)
[2025-10-17 14:54:38] INFO: 
[68] SK (034730) 모니터링 중...
[2025-10-17 14:54:39] INFO:   [현재가] 현재가: 220,500원
[2025-10-17 14:54:39] INFO:   [저가] 저가: 216,000원
[2025-10-17 14:54:39] INFO:   [고가] 고가: 227,000원
[2025-10-17 14:54:39] INFO:   [20일선] 20일선: 219,900원
[2025-10-17 14:54:39] INFO:   [1차매수선] 1차 매수선: 176,420원 (이격도: 25.0%)
[2025-10-17 14:54:39] INFO:   [2차매수선] 2차 매수선: 159,278원 (이격도: 38.4%)
[2025-10-17 14:54:39] INFO:   [3차매수선] 3차 매수선: 143,850원 (이격도: 53.3%)
[2025-10-17 14:54:39] INFO:   [간격] 다음 모니터링 간격: 1800초 (30분)
[2025-10-17 14:54:39] INFO: 
[69] SK이노베이션 (096770) 모니터링 중...
[2025-10-17 14:54:40] INFO:   [현재가] 현재가: 115,800원
[2025-10-17 14:54:40] INFO:   [저가] 저가: 111,900원
[2025-10-17 14:54:40] INFO:   [고가] 고가: 119,000원
[2025-10-17 14:54:40] INFO:   [20일선] 20일선: 105,610원
[2025-10-17 14:54:40] INFO:   [1차매수선] 1차 매수선: 84,588원 (이격도: 36.9%)
[2025-10-17 14:54:40] INFO:   [2차매수선] 2차 매수선: 76,229원 (이격도: 51.9%)
[2025-10-17 14:54:40] INFO:   [3차매수선] 3차 매수선: 68,706원 (이격도: 68.5%)
[2025-10-17 14:54:40] INFO:   [간격] 다음 모니터링 간격: 1800초 (30분)
[2025-10-17 14:54:40] INFO: 
================================================================================
[2025-10-17 14:54:40] INFO: [OK] 동적 모니터링 사이클 완료
[2025-10-17 14:54:40] INFO:   전체 종목: 69개
[2025-10-17 14:54:40] INFO:   체크한 종목: 69개
[2025-10-17 14:54:40] INFO:   전송 알람: 0개
[2025-10-17 14:54:40] INFO: ================================================================================
[2025-10-17 14:54:40] INFO: 
[간격] 60초 후 다음 사이클 실행...
[2025-10-17 14:54:40] INFO:    종료하려면 Ctrl+C를 누르세요.
[2025-10-17 14:55:40] INFO: 
================================================================================
[2025-10-17 14:55:40] INFO: [사이클 2] 2025-10-17 14:55:40
[2025-10-17 14:55:40] INFO: ================================================================================
[2025-10-17 14:55:41] INFO: [OK] Summary 탭에서 69개 종목 로드
[2025-10-17 14:55:41] INFO: 
================================================================================
[2025-10-17 14:55:41] INFO: [OK] 동적 모니터링 사이클 완료
[2025-10-17 14:55:41] INFO:   전체 종목: 69개
[2025-10-17 14:55:41] INFO:   체크한 종목: 0개
[2025-10-17 14:55:41] INFO:   전송 알람: 0개
[2025-10-17 14:55:41] INFO: ================================================================================
[2025-10-17 14:55:41] INFO: 
[간격] 60초 후 다음 사이클 실행...
[2025-10-17 14:55:41] INFO:    종료하려면 Ctrl+C를 누르세요.
[2025-10-17 14:56:41] INFO: 
================================================================================
[2025-10-17 14:56:41] INFO: [사이클 3] 2025-10-17 14:56:41
[2025-10-17 14:56:41] INFO: ================================================================================
[2025-10-17 14:56:41] INFO: [OK] Summary 탭에서 69개 종목 로드
[2025-10-17 14:56:41] INFO: 
[1] 일동제약 (249420) 모니터링 중...
[2025-10-17 14:56:41] INFO:   [현재가] 현재가: 21,900원
[2025-10-17 14:56:41] INFO:   [저가] 저가: 21,500원
[2025-10-17 14:56:41] INFO:   [고가] 고가: 22,850원
[2025-10-17 14:56:41] INFO:   [20일선] 20일선: 26,560원
[2025-10-17 14:56:41] INFO:   [1차매수선] 1차 매수선: 21,298원 (이격도: 2.8%)
[2025-10-17 14:56:41] INFO:   [2차매수선] 2차 매수선: 19,218원 (이격도: 14.0%)
[2025-10-17 14:56:41] INFO:   [3차매수선] 3차 매수선: 17,346원 (이격도: 26.3%)
[2025-10-17 14:56:41] INFO:   [간격] 다음 모니터링 간격: 600초 (10분)
[2025-10-17 14:56:41] INFO: 
[2] 지투지바이오 (456160) 모니터링 중...
[2025-10-17 14:56:41] INFO:   [현재가] 현재가: 167,400원
[2025-10-17 14:56:41] INFO:   [저가] 저가: 166,200원
[2025-10-17 14:56:41] INFO:   [고가] 고가: 179,300원
[2025-10-17 14:56:41] INFO:   [20일선] 20일선: 203,685원
[2025-10-17 14:56:41] INFO:   [1차매수선] 1차 매수선: 163,448원 (이격도: 2.4%)
[2025-10-17 14:56:41] INFO:   [2차매수선] 2차 매수선: 147,603원 (이격도: 13.4%)
[2025-10-17 14:56:41] INFO:   [3차매수선] 3차 매수선: 133,343원 (이격도: 25.5%)
[2025-10-17 14:56:41] INFO:   [간격] 다음 모니터링 간격: 180초 (3분)
[2025-10-17 14:56:41] INFO: 
================================================================================
[2025-10-17 14:56:41] INFO: [OK] 동적 모니터링 사이클 완료
[2025-10-17 14:56:41] INFO:   전체 종목: 69개
[2025-10-17 14:56:41] INFO:   체크한 종목: 2개
[2025-10-17 14:56:41] INFO:   전송 알람: 0개
[2025-10-17 14:56:41] INFO: ================================================================================
[2025-10-17 14:56:41] INFO: 
[간격] 60초 후 다음 사이클 실행...
[2025-10-17 14:56:41] INFO:    종료하려면 Ctrl+C를 누르세요.
[2025-10-17 14:57:41] INFO: 
================================================================================
[2025-10-17 14:57:41] INFO: [사이클 4] 2025-10-17 14:57:41
[2025-10-17 14:57:41] INFO: ================================================================================
[2025-10-17 14:57:41] INFO: [OK] Summary 탭에서 69개 종목 로드
[2025-10-17 14:57:41] INFO: 
================================================================================
[2025-10-17 14:57:41] INFO: [OK] 동적 모니터링 사이클 완료
[2025-10-17 14:57:41] INFO:   전체 종목: 69개
[2025-10-17 14:57:41] INFO:   체크한 종목: 0개
[2025-10-17 14:57:41] INFO:   전송 알람: 0개
[2025-10-17 14:57:41] INFO: ================================================================================
[2025-10-17 14:57:41] INFO: 
[간격] 60초 후 다음 사이클 실행...
[2025-10-17 14:57:41] INFO:    종료하려면 Ctrl+C를 누르세요.
[2025-10-17 14:58:41] INFO: 
================================================================================
[2025-10-17 14:58:41] INFO: [사이클 5] 2025-10-17 14:58:41
[2025-10-17 14:58:41] INFO: ================================================================================
[2025-10-17 14:58:42] INFO: [OK] Summary 탭에서 69개 종목 로드
[2025-10-17 14:58:42] INFO: 
================================================================================
[2025-10-17 14:58:42] INFO: [OK] 동적 모니터링 사이클 완료
[2025-10-17 14:58:42] INFO:   전체 종목: 69개
[2025-10-17 14:58:42] INFO:   체크한 종목: 0개
[2025-10-17 14:58:42] INFO:   전송 알람: 0개
[2025-10-17 14:58:42] INFO: ================================================================================
[2025-10-17 14:58:42] INFO: 
[간격] 60초 후 다음 사이클 실행...
[2025-10-17 14:58:42] INFO:    종료하려면 Ctrl+C를 누르세요.
[2025-10-17 14:59:42] INFO: 
================================================================================
[2025-10-17 14:59:42] INFO: [사이클 6] 2025-10-17 14:59:42
[2025-10-17 14:59:42] INFO: ================================================================================
[2025-10-17 14:59:42] INFO: [OK] Summary 탭에서 69개 종목 로드
[2025-10-17 14:59:42] INFO: 
[1] 지투지바이오 (456160) 모니터링 중...
[2025-10-17 14:59:42] INFO:   [현재가] 현재가: 168,400원
[2025-10-17 14:59:42] INFO:   [저가] 저가: 166,200원
[2025-10-17 14:59:42] INFO:   [고가] 고가: 179,300원
[2025-10-17 14:59:42] INFO:   [20일선] 20일선: 203,785원
[2025-10-17 14:59:42] INFO:   [1차매수선] 1차 매수선: 163,528원 (이격도: 3.0%)
[2025-10-17 14:59:42] INFO:   [2차매수선] 2차 매수선: 147,675원 (이격도: 14.0%)
[2025-10-17 14:59:42] INFO:   [3차매수선] 3차 매수선: 133,408원 (이격도: 26.2%)
[2025-10-17 14:59:42] INFO:   [간격] 다음 모니터링 간격: 600초 (10분)
[2025-10-17 14:59:42] INFO: 
================================================================================
[2025-10-17 14:59:42] INFO: [OK] 동적 모니터링 사이클 완료
[2025-10-17 14:59:42] INFO:   전체 종목: 69개
[2025-10-17 14:59:42] INFO:   체크한 종목: 1개
[2025-10-17 14:59:42] INFO:   전송 알람: 0개
[2025-10-17 14:59:42] INFO: ================================================================================
[2025-10-17 14:59:42] INFO: 
[간격] 60초 후 다음 사이클 실행...
[2025-10-17 14:59:42] INFO:    종료하려면 Ctrl+C를 누르세요.
[2025-10-17 15:00:42] INFO: 
================================================================================
[2025-10-17 15:00:42] INFO: [사이클 7] 2025-10-17 15:00:42
[2025-10-17 15:00:42] INFO: ================================================================================
[2025-10-17 15:00:42] INFO: [OK] Summary 탭에서 69개 종목 로드
[2025-10-17 15:00:42] INFO: 
================================================================================
[2025-10-17 15:00:42] INFO: [OK] 동적 모니터링 사이클 완료
[2025-10-17 15:00:42] INFO:   전체 종목: 69개
[2025-10-17 15:00:42] INFO:   체크한 종목: 0개
[2025-10-17 15:00:42] INFO:   전송 알람: 0개
[2025-10-17 15:00:42] INFO: ================================================================================
[2025-10-17 15:00:42] INFO: 
[간격] 60초 후 다음 사이클 실행...
[2025-10-17 15:00:42] INFO:    종료하려면 Ctrl+C를 누르세요.
[2025-10-17 15:01:42] INFO: 
================================================================================
[2025-10-17 15:01:42] INFO: [사이클 8] 2025-10-17 15:01:42
[2025-10-17 15:01:42] INFO: ================================================================================
[2025-10-17 15:01:42] INFO: [OK] Summary 탭에서 69개 종목 로드
[2025-10-17 15:01:42] INFO: 
================================================================================
[2025-10-17 15:01:42] INFO: [OK] 동적 모니터링 사이클 완료
[2025-10-17 15:01:42] INFO:   전체 종목: 69개
[2025-10-17 15:01:42] INFO:   체크한 종목: 0개
[2025-10-17 15:01:42] INFO:   전송 알람: 0개
[2025-10-17 15:01:42] INFO: ================================================================================
[2025-10-17 15:01:42] INFO: 
[간격] 60초 후 다음 사이클 실행...
[2025-10-17 15:01:42] INFO:    종료하려면 Ctrl+C를 누르세요.
[2025-10-17 15:02:42] INFO: 
================================================================================
[2025-10-17 15:02:42] INFO: [사이클 9] 2025-10-17 15:02:42
[2025-10-17 15:02:42] INFO: ================================================================================
[2025-10-17 15:02:42] INFO: [OK] Summary 탭에서 69개 종목 로드
[2025-10-17 15:02:42] INFO: 
================================================================================
[2025-10-17 15:02:42] INFO: [OK] 동적 모니터링 사이클 완료
[2025-10-17 15:02:42] INFO:   전체 종목: 69개
[2025-10-17 15:02:42] INFO:   체크한 종목: 0개
[2025-10-17 15:02:42] INFO:   전송 알람: 0개
[2025-10-17 15:02:42] INFO: ================================================================================
[2025-10-17 15:02:42] INFO: 
[간격] 60초 후 다음 사이클 실행...
[2025-10-17 15:02:42] INFO:    종료하려면 Ctrl+C를 누르세요.
[2025-10-17 15:03:42] INFO: 
================================================================================
[2025-10-17 15:03:42] INFO: [사이클 10] 2025-10-17 15:03:42
[2025-10-17 15:03:42] INFO: ================================================================================
[2025-10-17 15:03:42] INFO: [OK] Summary 탭에서 69개 종목 로드
[2025-10-17 15:03:42] INFO: 
[1] 우리기술투자 (041190) 모니터링 중...
[2025-10-17 15:03:42] INFO:   [현재가] 현재가: 9,160원
[2025-10-17 15:03:42] INFO:   [저가] 저가: 9,070원
[2025-10-17 15:03:42] INFO:   [고가] 고가: 9,870원
[2025-10-17 15:03:43] INFO:   [20일선] 20일선: 10,653원
[2025-10-17 15:03:43] INFO:   [1차매수선] 1차 매수선: 8,533원 (이격도: 7.4%)
[2025-10-17 15:03:43] INFO:   [2차매수선] 2차 매수선: 7,689원 (이격도: 19.1%)
[2025-10-17 15:03:43] INFO:   [3차매수선] 3차 매수선: 6,930원 (이격도: 32.2%)
[2025-10-17 15:03:43] INFO:   [간격] 다음 모니터링 간격: 600초 (10분)
[2025-10-17 15:03:43] INFO: 
[2] 디앤디파마텍 (347850) 모니터링 중...
[2025-10-17 15:03:43] INFO:   [현재가] 현재가: 161,100원
[2025-10-17 15:03:43] INFO:   [저가] 저가: 159,800원
[2025-10-17 15:03:43] INFO:   [고가] 고가: 172,900원
[2025-10-17 15:03:44] INFO:   [20일선] 20일선: 184,495원
[2025-10-17 15:03:44] INFO:   [1차매수선] 1차 매수선: 148,096원 (이격도: 8.8%)
[2025-10-17 15:03:44] INFO:   [2차매수선] 2차 매수선: 133,786원 (이격도: 20.4%)
[2025-10-17 15:03:44] INFO:   [3차매수선] 3차 매수선: 120,908원 (이격도: 33.2%)
[2025-10-17 15:03:44] INFO:   [간격] 다음 모니터링 간격: 600초 (10분)
[2025-10-17 15:03:44] INFO: 
[3] SK오션플랜트 (100090) 모니터링 중...
[2025-10-17 15:03:45] INFO:   [현재가] 현재가: 21,100원
[2025-10-17 15:03:45] INFO:   [저가] 저가: 20,900원
[2025-10-17 15:03:45] INFO:   [고가] 고가: 22,500원
[2025-10-17 15:03:45] INFO:   [20일선] 20일선: 24,442원
[2025-10-17 15:03:45] INFO:   [1차매수선] 1차 매수선: 19,604원 (이격도: 7.6%)
[2025-10-17 15:03:45] INFO:   [2차매수선] 2차 매수선: 17,694원 (이격도: 19.3%)
[2025-10-17 15:03:45] INFO:   [3차매수선] 3차 매수선: 15,974원 (이격도: 32.1%)
[2025-10-17 15:03:45] INFO:   [간격] 다음 모니터링 간격: 600초 (10분)
[2025-10-17 15:03:45] INFO: 
[4] 삼양컴텍 (484590) 모니터링 중...
[2025-10-17 15:03:45] INFO:   [현재가] 현재가: 15,990원
[2025-10-17 15:03:45] INFO:   [저가] 저가: 15,950원
[2025-10-17 15:03:45] INFO:   [고가] 고가: 16,540원
[2025-10-17 15:03:46] INFO:   [20일선] 20일선: 18,234원
[2025-10-17 15:03:46] INFO:   [1차매수선] 1차 매수선: 14,638원 (이격도: 9.2%)
[2025-10-17 15:03:46] INFO:   [2차매수선] 2차 매수선: 13,224원 (이격도: 20.9%)
[2025-10-17 15:03:46] INFO:   [3차매수선] 3차 매수선: 11,951원 (이격도: 33.8%)
[2025-10-17 15:03:46] INFO:   [간격] 다음 모니터링 간격: 600초 (10분)
[2025-10-17 15:03:46] INFO: 
[5] YG PLUS (037270) 모니터링 중...
[2025-10-17 15:03:46] INFO:   [현재가] 현재가: 6,540원
[2025-10-17 15:03:46] INFO:   [저가] 저가: 6,510원
[2025-10-17 15:03:46] INFO:   [고가] 고가: 6,710원
[2025-10-17 15:03:47] INFO:   [20일선] 20일선: 7,693원
[2025-10-17 15:03:47] INFO:   [1차매수선] 1차 매수선: 6,164원 (이격도: 6.1%)
[2025-10-17 15:03:47] INFO:   [2차매수선] 2차 매수선: 5,558원 (이격도: 17.7%)
[2025-10-17 15:03:47] INFO:   [3차매수선] 3차 매수선: 5,012원 (이격도: 30.5%)
[2025-10-17 15:03:47] INFO:   [간격] 다음 모니터링 간격: 600초 (10분)
[2025-10-17 15:03:47] INFO: 
[6] 파인엠텍 (441270) 모니터링 중...
[2025-10-17 15:03:48] INFO:   [현재가] 현재가: 9,580원
[2025-10-17 15:03:48] INFO:   [저가] 저가: 9,570원
[2025-10-17 15:03:48] INFO:   [고가] 고가: 10,080원
[2025-10-17 15:03:48] INFO:   [20일선] 20일선: 10,970원
[2025-10-17 15:03:48] INFO:   [1차매수선] 1차 매수선: 8,786원 (이격도: 9.0%)
[2025-10-17 15:03:48] INFO:   [2차매수선] 2차 매수선: 7,918원 (이격도: 21.0%)
[2025-10-17 15:03:48] INFO:   [3차매수선] 3차 매수선: 7,136원 (이격도: 34.2%)
[2025-10-17 15:03:48] INFO:   [간격] 다음 모니터링 간격: 600초 (10분)
[2025-10-17 15:03:48] INFO: 
================================================================================
[2025-10-17 15:03:48] INFO: [OK] 동적 모니터링 사이클 완료
[2025-10-17 15:03:48] INFO:   전체 종목: 69개
[2025-10-17 15:03:48] INFO:   체크한 종목: 6개
[2025-10-17 15:03:48] INFO:   전송 알람: 0개
[2025-10-17 15:03:48] INFO: ================================================================================
[2025-10-17 15:03:48] INFO: 
[간격] 60초 후 다음 사이클 실행...
[2025-10-17 15:03:48] INFO:    종료하려면 Ctrl+C를 누르세요.
[2025-10-17 15:04:48] INFO: 
================================================================================
[2025-10-17 15:04:48] INFO: [사이클 11] 2025-10-17 15:04:48
[2025-10-17 15:04:48] INFO: ================================================================================
[2025-10-17 15:04:48] INFO: [OK] Summary 탭에서 69개 종목 로드
[2025-10-17 15:04:48] INFO: 
================================================================================
[2025-10-17 15:04:48] INFO: [OK] 동적 모니터링 사이클 완료
[2025-10-17 15:04:48] INFO:   전체 종목: 69개
[2025-10-17 15:04:48] INFO:   체크한 종목: 0개
[2025-10-17 15:04:48] INFO:   전송 알람: 0개
[2025-10-17 15:04:48] INFO: ================================================================================
[2025-10-17 15:04:48] INFO: 
[간격] 60초 후 다음 사이클 실행...
[2025-10-17 15:04:48] INFO:    종료하려면 Ctrl+C를 누르세요.
[2025-10-17 15:05:48] INFO: 
================================================================================
[2025-10-17 15:05:48] INFO: [사이클 12] 2025-10-17 15:05:48
[2025-10-17 15:05:48] INFO: ================================================================================
[2025-10-17 15:05:48] INFO: [OK] Summary 탭에서 69개 종목 로드
[2025-10-17 15:05:48] INFO: 
================================================================================
[2025-10-17 15:05:48] INFO: [OK] 동적 모니터링 사이클 완료
[2025-10-17 15:05:48] INFO:   전체 종목: 69개
[2025-10-17 15:05:48] INFO:   체크한 종목: 0개
[2025-10-17 15:05:48] INFO:   전송 알람: 0개
[2025-10-17 15:05:48] INFO: ================================================================================
[2025-10-17 15:05:48] INFO: 
[간격] 60초 후 다음 사이클 실행...
[2025-10-17 15:05:48] INFO:    종료하려면 Ctrl+C를 누르세요.
[2025-10-17 15:06:48] INFO: 
================================================================================
[2025-10-17 15:06:48] INFO: [사이클 13] 2025-10-17 15:06:48
[2025-10-17 15:06:48] INFO: ================================================================================
[2025-10-17 15:06:48] INFO: [OK] Summary 탭에서 69개 종목 로드
[2025-10-17 15:06:48] INFO: 
[1] 일동제약 (249420) 모니터링 중...
[2025-10-17 15:06:48] INFO:   [현재가] 현재가: 21,800원
[2025-10-17 15:06:48] INFO:   [저가] 저가: 21,500원
[2025-10-17 15:06:48] INFO:   [고가] 고가: 22,850원
[2025-10-17 15:06:48] INFO:   [20일선] 20일선: 26,550원
[2025-10-17 15:06:48] INFO:   [1차매수선] 1차 매수선: 21,290원 (이격도: 2.4%)
[2025-10-17 15:06:48] INFO:   [2차매수선] 2차 매수선: 19,211원 (이격도: 13.5%)
[2025-10-17 15:06:48] INFO:   [3차매수선] 3차 매수선: 17,340원 (이격도: 25.7%)
[2025-10-17 15:06:48] INFO:   [간격] 다음 모니터링 간격: 180초 (3분)
[2025-10-17 15:06:48] INFO: 
================================================================================
[2025-10-17 15:06:48] INFO: [OK] 동적 모니터링 사이클 완료
[2025-10-17 15:06:48] INFO:   전체 종목: 69개
[2025-10-17 15:06:48] INFO:   체크한 종목: 1개
[2025-10-17 15:06:48] INFO:   전송 알람: 0개
[2025-10-17 15:06:48] INFO: ================================================================================
[2025-10-17 15:06:48] INFO: 
[간격] 60초 후 다음 사이클 실행...
[2025-10-17 15:06:48] INFO:    종료하려면 Ctrl+C를 누르세요.
[2025-10-17 15:07:34] INFO: ================================================================================
[2025-10-17 15:07:34] INFO: 🔍 실시간 주식 모니터링 시작 (개선된 버전)
[2025-10-17 15:07:34] INFO: ⏰ 기본 모니터링 간격: 60초 (1분)
[2025-10-17 15:07:34] INFO: 📊 동적 간격: 1% 이내(1분), 3% 이내(3분), 10% 이내(10분)
[2025-10-17 15:07:34] INFO: 🎯 저가 기준 터치 감지 활성화
[2025-10-17 15:07:34] INFO: 🕐 모니터링 시간: 08:00-20:00
[2025-10-17 15:07:34] INFO: ================================================================================
[2025-10-17 15:07:34] INFO: 
================================================================================
[2025-10-17 15:07:34] INFO: [사이클 1] 2025-10-17 15:07:34
[2025-10-17 15:07:34] INFO: ================================================================================
[2025-10-17 15:07:34] INFO: ✓ 접근 토큰 발급 성공
[2025-10-17 15:07:35] INFO: [OK] Summary 탭에서 69개 종목 로드
[2025-10-17 15:07:35] INFO: 
[1] 삼성전자 (005930) 모니터링 중...
[2025-10-17 15:07:35] INFO:   [현재가] 현재가: 97,900원
[2025-10-17 15:07:35] INFO:   [저가] 저가: 94,900원
[2025-10-17 15:07:35] INFO:   [고가] 고가: 99,100원
[2025-10-17 15:07:35] INFO:   [20일선] 20일선: 87,585원
[2025-10-17 15:07:35] INFO:   [1차매수선] 1차 매수선: 70,168원 (이격도: 39.5%)
[2025-10-17 15:07:35] INFO:   [2차매수선] 2차 매수선: 63,251원 (이격도: 54.8%)
[2025-10-17 15:07:35] INFO:   [3차매수선] 3차 매수선: 57,026원 (이격도: 71.7%)
[2025-10-17 15:07:35] INFO:   [간격] 다음 모니터링 간격: 1800초 (30분)
[2025-10-17 15:07:35] INFO: 
[2] SK하이닉스 (000660) 모니터링 중...
[2025-10-17 15:07:36] INFO:   [현재가] 현재가: 464,500원
[2025-10-17 15:07:36] INFO:   [저가] 저가: 443,500원
[2025-10-17 15:07:36] INFO:   [고가] 고가: 475,000원
[2025-10-17 15:07:36] INFO:   [20일선] 20일선: 383,025원
[2025-10-17 15:07:36] INFO:   [1차매수선] 1차 매수선: 306,920원 (이격도: 51.3%)
[2025-10-17 15:07:36] INFO:   [2차매수선] 2차 매수선: 276,728원 (이격도: 67.9%)
[2025-10-17 15:07:36] INFO:   [3차매수선] 3차 매수선: 249,555원 (이격도: 86.1%)
[2025-10-17 15:07:36] INFO:   [간격] 다음 모니터링 간격: 1800초 (30분)
[2025-10-17 15:07:36] INFO: 
[3] 두산에너빌리티 (034020) 모니터링 중...
[2025-10-17 15:07:37] INFO:   [현재가] 현재가: 80,000원
[2025-10-17 15:07:37] INFO:   [저가] 저가: 79,800원
[2025-10-17 15:07:37] INFO:   [고가] 고가: 83,600원
[2025-10-17 15:07:37] INFO:   [20일선] 20일선: 68,695원
[2025-10-17 15:07:37] INFO:   [1차매수선] 1차 매수선: 55,056원 (이격도: 45.3%)
[2025-10-17 15:07:37] INFO:   [2차매수선] 2차 매수선: 49,600원 (이격도: 61.3%)
[2025-10-17 15:07:37] INFO:   [3차매수선] 3차 매수선: 44,690원 (이격도: 79.0%)
[2025-10-17 15:07:37] INFO:   [간격] 다음 모니터링 간격: 1800초 (30분)
[2025-10-17 15:07:37] INFO: 
[4] NAVER (035420) 모니터링 중...
[2025-10-17 15:07:37] INFO:   [현재가] 현재가: 254,500원
[2025-10-17 15:07:37] INFO:   [저가] 저가: 254,000원
[2025-10-17 15:07:37] INFO:   [고가] 고가: 262,500원
[2025-10-17 15:07:38] INFO:   [20일선] 20일선: 250,450원
[2025-10-17 15:07:38] INFO:   [1차매수선] 1차 매수선: 200,860원 (이격도: 26.7%)
[2025-10-17 15:07:38] INFO:   [2차매수선] 2차 매수선: 181,274원 (이격도: 40.4%)
[2025-10-17 15:07:38] INFO:   [3차매수선] 3차 매수선: 163,647원 (이격도: 55.5%)
[2025-10-17 15:07:38] INFO:   [간격] 다음 모니터링 간격: 1800초 (30분)
[2025-10-17 15:07:38] INFO: 
[5] 한미반도체 (042700) 모니터링 중...
[2025-10-17 15:07:38] INFO:   [현재가] 현재가: 141,900원
[2025-10-17 15:07:38] INFO:   [저가] 저가: 140,900원
[2025-10-17 15:07:38] INFO:   [고가] 고가: 147,900원
[2025-10-17 15:07:39] INFO:   [20일선] 20일선: 108,645원
[2025-10-17 15:07:39] INFO:   [1차매수선] 1차 매수선: 87,016원 (이격도: 63.1%)
[2025-10-17 15:07:39] INFO:   [2차매수선] 2차 매수선: 78,414원 (이격도: 81.0%)
[2025-10-17 15:07:39] INFO:   [3차매수선] 3차 매수선: 70,673원 (이격도: 100.8%)
[2025-10-17 15:07:39] INFO:   [간격] 다음 모니터링 간격: 1800초 (30분)
[2025-10-17 15:07:39] INFO: 
[6] 에코프로비엠 (247540) 모니터링 중...
[2025-10-17 15:07:39] INFO:   [현재가] 현재가: 160,900원
[2025-10-17 15:07:39] INFO:   [저가] 저가: 138,600원
[2025-10-17 15:07:39] INFO:   [고가] 고가: 167,400원
[2025-10-17 15:07:40] INFO:   [20일선] 20일선: 123,715원
[2025-10-17 15:07:40] INFO:   [1차매수선] 1차 매수선: 99,072원 (이격도: 62.4%)
[2025-10-17 15:07:40] INFO:   [2차매수선] 2차 매수선: 89,265원 (이격도: 80.3%)
[2025-10-17 15:07:40] INFO:   [3차매수선] 3차 매수선: 80,438원 (이격도: 100.0%)
[2025-10-17 15:07:40] INFO:   [간격] 다음 모니터링 간격: 1800초 (30분)
[2025-10-17 15:07:40] INFO: 
[7] 삼성SDI (006400) 모니터링 중...
[2025-10-17 15:07:40] INFO:   [현재가] 현재가: 256,500원
[2025-10-17 15:07:40] INFO:   [저가] 저가: 228,000원
[2025-10-17 15:07:40] INFO:   [고가] 고가: 259,500원
[2025-10-17 15:07:40] INFO:   [20일선] 20일선: 214,275원
[2025-10-17 15:07:40] INFO:   [1차매수선] 1차 매수선: 171,920원 (이격도: 49.2%)
[2025-10-17 15:07:40] INFO:   [2차매수선] 2차 매수선: 155,228원 (이격도: 65.2%)
[2025-10-17 15:07:40] INFO:   [3차매수선] 3차 매수선: 140,205원 (이격도: 82.9%)
[2025-10-17 15:07:40] INFO:   [간격] 다음 모니터링 간격: 1800초 (30분)
[2025-10-17 15:07:40] INFO: 
[8] 한라캐스트 (125490) 모니터링 중...
[2025-10-17 15:07:41] INFO:   [현재가] 현재가: 11,220원
[2025-10-17 15:07:41] INFO:   [저가] 저가: 11,050원
[2025-10-17 15:07:41] INFO:   [고가] 고가: 12,250원
[2025-10-17 15:07:41] INFO:   [20일선] 20일선: 8,746원
[2025-10-17 15:07:41] INFO:   [1차매수선] 1차 매수선: 7,006원 (이격도: 60.1%)
[2025-10-17 15:07:41] INFO:   [2차매수선] 2차 매수선: 6,316원 (이격도: 77.7%)
[2025-10-17 15:07:41] INFO:   [3차매수선] 3차 매수선: 5,694원 (이격도: 97.0%)
[2025-10-17 15:07:41] INFO:   [간격] 다음 모니터링 간격: 1800초 (30분)
[2025-10-17 15:07:41] INFO: 
[9] 에코프로 (086520) 모니터링 중...
[2025-10-17 15:07:42] INFO:   [현재가] 현재가: 72,800원
[2025-10-17 15:07:42] INFO:   [저가] 저가: 58,600원
[2025-10-17 15:07:42] INFO:   [고가] 고가: 73,900원
[2025-10-17 15:07:42] INFO:   [20일선] 20일선: 51,755원
[2025-10-17 15:07:42] INFO:   [1차매수선] 1차 매수선: 41,454원 (이격도: 75.6%)
[2025-10-17 15:07:42] INFO:   [2차매수선] 2차 매수선: 37,359원 (이격도: 94.9%)
[2025-10-17 15:07:42] INFO:   [3차매수선] 3차 매수선: 33,673원 (이격도: 116.2%)
[2025-10-17 15:07:42] INFO:   [간격] 다음 모니터링 간격: 1800초 (30분)
[2025-10-17 15:07:42] INFO: 
[10] 에코프로머티 (450080) 모니터링 중...
[2025-10-17 15:07:43] INFO:   [현재가] 현재가: 65,700원
[2025-10-17 15:07:43] INFO:   [저가] 저가: 60,900원
[2025-10-17 15:07:43] INFO:   [고가] 고가: 69,200원
[2025-10-17 15:07:43] INFO:   [20일선] 20일선: 51,908원
[2025-10-17 15:07:43] INFO:   [1차매수선] 1차 매수선: 41,576원 (이격도: 58.0%)
[2025-10-17 15:07:43] INFO:   [2차매수선] 2차 매수선: 37,468원 (이격도: 75.3%)
[2025-10-17 15:07:43] INFO:   [3차매수선] 3차 매수선: 33,772원 (이격도: 94.5%)
[2025-10-17 15:07:43] INFO:   [간격] 다음 모니터링 간격: 1800초 (30분)
[2025-10-17 15:07:43] INFO: 
[11] LG에너지솔루션 (373220) 모니터링 중...
[2025-10-17 15:07:44] INFO:   [현재가] 현재가: 434,000원
[2025-10-17 15:07:44] INFO:   [저가] 저가: 406,500원
[2025-10-17 15:07:44] INFO:   [고가] 고가: 443,000원
[2025-10-17 15:07:45] INFO:   [20일선] 20일선: 369,650원
[2025-10-17 15:07:45] INFO:   [1차매수선] 1차 매수선: 296,220원 (이격도: 46.5%)
[2025-10-17 15:07:45] INFO:   [2차매수선] 2차 매수선: 267,098원 (이격도: 62.5%)
[2025-10-17 15:07:45] INFO:   [3차매수선] 3차 매수선: 240,888원 (이격도: 80.2%)
[2025-10-17 15:07:45] INFO:   [간격] 다음 모니터링 간격: 1800초 (30분)
[2025-10-17 15:07:45] INFO: 
[12] 클로봇 (466100) 모니터링 중...
[2025-10-17 15:07:45] INFO:   [현재가] 현재가: 41,850원
[2025-10-17 15:07:45] INFO:   [저가] 저가: 41,450원
[2025-10-17 15:07:45] INFO:   [고가] 고가: 45,000원
[2025-10-17 15:07:45] INFO:   [20일선] 20일선: 33,025원
[2025-10-17 15:07:45] INFO:   [1차매수선] 1차 매수선: 26,470원 (이격도: 58.1%)
[2025-10-17 15:07:45] INFO:   [2차매수선] 2차 매수선: 23,873원 (이격도: 75.3%)
[2025-10-17 15:07:45] INFO:   [3차매수선] 3차 매수선: 21,536원 (이격도: 94.3%)
[2025-10-17 15:07:45] INFO:   [간격] 다음 모니터링 간격: 1800초 (30분)
[2025-10-17 15:07:45] INFO: 
[13] 로보티즈 (108490) 모니터링 중...
[2025-10-17 15:07:46] INFO:   [현재가] 현재가: 192,100원
[2025-10-17 15:07:46] INFO:   [저가] 저가: 190,900원
[2025-10-17 15:07:46] INFO:   [고가] 고가: 202,500원
[2025-10-17 15:07:46] INFO:   [20일선] 20일선: 158,010원
[2025-10-17 15:07:46] INFO:   [1차매수선] 1차 매수선: 126,908원 (이격도: 51.4%)
[2025-10-17 15:07:46] INFO:   [2차매수선] 2차 매수선: 114,717원 (이격도: 67.5%)
[2025-10-17 15:07:46] INFO:   [3차매수선] 3차 매수선: 103,745원 (이격도: 85.2%)
[2025-10-17 15:07:46] INFO:   [간격] 다음 모니터링 간격: 1800초 (30분)
[2025-10-17 15:07:46] INFO: 
[14] 삼성전자우 (005935) 모니터링 중...
[2025-10-17 15:07:47] INFO:   [현재가] 현재가: 74,700원
[2025-10-17 15:07:47] INFO:   [저가] 저가: 74,400원
[2025-10-17 15:07:47] INFO:   [고가] 고가: 76,000원
[2025-10-17 15:07:47] INFO:   [20일선] 20일선: 68,910원
[2025-10-17 15:07:47] INFO:   [1차매수선] 1차 매수선: 55,228원 (이격도: 35.3%)
[2025-10-17 15:07:47] INFO:   [2차매수선] 2차 매수선: 49,755원 (이격도: 50.1%)
[2025-10-17 15:07:47] INFO:   [3차매수선] 3차 매수선: 44,830원 (이격도: 66.6%)
[2025-10-17 15:07:47] INFO:   [간격] 다음 모니터링 간격: 1800초 (30분)
[2025-10-17 15:07:47] INFO: 
[15] 일동제약 (249420) 모니터링 중...
[2025-10-17 15:07:48] INFO:   [현재가] 현재가: 21,800원
[2025-10-17 15:07:48] INFO:   [저가] 저가: 21,500원
[2025-10-17 15:07:48] INFO:   [고가] 고가: 22,850원
[2025-10-17 15:07:48] INFO:   [20일선] 20일선: 26,550원
[2025-10-17 15:07:48] INFO:   [1차매수선] 1차 매수선: 21,290원 (이격도: 2.4%)
[2025-10-17 15:07:48] INFO:   [2차매수선] 2차 매수선: 19,211원 (이격도: 13.5%)
[2025-10-17 15:07:48] INFO:   [3차매수선] 3차 매수선: 17,340원 (이격도: 25.7%)
[2025-10-17 15:07:48] INFO:   [간격] 다음 모니터링 간격: 180초 (3분)
[2025-10-17 15:07:49] INFO: ✓ 텔레그램 전송 성공: me
[2025-10-17 15:07:50] INFO: ✓ 텔레그램 전송 성공: yoonjoo
[2025-10-17 15:07:51] INFO: ✓ 텔레그램 전송 성공: minjeong
[2025-10-17 15:07:53] INFO: ✓ 텔레그램 전송 성공: jumeoni
[2025-10-17 15:07:53] INFO: 🟡 일동제약 (249420): 1차 매수선 저가 기준 5% 인접 알람 전송
[2025-10-17 15:07:53] INFO: 
[16] 우리기술투자 (041190) 모니터링 중...
[2025-10-17 15:07:53] INFO:   [현재가] 현재가: 9,140원
[2025-10-17 15:07:53] INFO:   [저가] 저가: 9,070원
[2025-10-17 15:07:53] INFO:   [고가] 고가: 9,870원
[2025-10-17 15:07:53] INFO:   [20일선] 20일선: 10,651원
[2025-10-17 15:07:53] INFO:   [1차매수선] 1차 매수선: 8,531원 (이격도: 7.1%)
[2025-10-17 15:07:53] INFO:   [2차매수선] 2차 매수선: 7,688원 (이격도: 18.9%)
[2025-10-17 15:07:53] INFO:   [3차매수선] 3차 매수선: 6,929원 (이격도: 31.9%)
[2025-10-17 15:07:53] INFO:   [간격] 다음 모니터링 간격: 600초 (10분)
[2025-10-17 15:07:53] INFO: 
[17] NHN KCP (060250) 모니터링 중...
[2025-10-17 15:07:54] INFO:   [현재가] 현재가: 16,400원
[2025-10-17 15:07:54] INFO:   [저가] 저가: 16,380원
[2025-10-17 15:07:54] INFO:   [고가] 고가: 17,290원
[2025-10-17 15:07:54] INFO:   [20일선] 20일선: 16,802원
[2025-10-17 15:07:54] INFO:   [1차매수선] 1차 매수선: 13,492원 (이격도: 21.6%)
[2025-10-17 15:07:54] INFO:   [2차매수선] 2차 매수선: 12,192원 (이격도: 34.5%)
[2025-10-17 15:07:54] INFO:   [3차매수선] 3차 매수선: 11,023원 (이격도: 48.8%)
[2025-10-17 15:07:54] INFO:   [간격] 다음 모니터링 간격: 1800초 (30분)
[2025-10-17 15:07:54] INFO: 
[18] 카카오 (035720) 모니터링 중...
[2025-10-17 15:07:55] INFO:   [현재가] 현재가: 58,000원
[2025-10-17 15:07:55] INFO:   [저가] 저가: 57,900원
[2025-10-17 15:07:55] INFO:   [고가] 고가: 59,500원
[2025-10-17 15:07:55] INFO:   [20일선] 20일선: 61,345원
[2025-10-17 15:07:55] INFO:   [1차매수선] 1차 매수선: 49,126원 (이격도: 18.1%)
[2025-10-17 15:07:55] INFO:   [2차매수선] 2차 매수선: 44,263원 (이격도: 31.0%)
[2025-10-17 15:07:55] INFO:   [3차매수선] 3차 매수선: 39,887원 (이격도: 45.4%)
[2025-10-17 15:07:55] INFO:   [간격] 다음 모니터링 간격: 1800초 (30분)
[2025-10-17 15:07:55] INFO: 
[19] 레인보우로보틱스 (277810) 모니터링 중...
[2025-10-17 15:07:55] INFO:   [현재가] 현재가: 331,500원
[2025-10-17 15:07:55] INFO:   [저가] 저가: 331,000원
[2025-10-17 15:07:55] INFO:   [고가] 고가: 347,000원
[2025-10-17 15:07:56] INFO:   [20일선] 20일선: 316,600원
[2025-10-17 15:07:56] INFO:   [1차매수선] 1차 매수선: 253,780원 (이격도: 30.6%)
[2025-10-17 15:07:56] INFO:   [2차매수선] 2차 매수선: 228,902원 (이격도: 44.8%)
[2025-10-17 15:07:56] INFO:   [3차매수선] 3차 매수선: 206,512원 (이격도: 60.5%)
[2025-10-17 15:07:56] INFO:   [간격] 다음 모니터링 간격: 1800초 (30분)
[2025-10-17 15:07:56] INFO: 
[20] 알테오젠 (196170) 모니터링 중...
[2025-10-17 15:07:56] INFO:   [현재가] 현재가: 433,000원
[2025-10-17 15:07:56] INFO:   [저가] 저가: 426,000원
[2025-10-17 15:07:56] INFO:   [고가] 고가: 448,000원
[2025-10-17 15:07:56] INFO:   [20일선] 20일선: 460,725원
[2025-10-17 15:07:56] INFO:   [1차매수선] 1차 매수선: 369,080원 (이격도: 17.3%)
[2025-10-17 15:07:56] INFO:   [2차매수선] 2차 매수선: 332,672원 (이격도: 30.2%)
[2025-10-17 15:07:56] INFO:   [3차매수선] 3차 매수선: 299,905원 (이격도: 44.4%)
[2025-10-17 15:07:56] INFO:   [간격] 다음 모니터링 간격: 1800초 (30분)
[2025-10-17 15:07:56] INFO: 
[21] 셀트리온 (068270) 모니터링 중...
[2025-10-17 15:07:57] INFO:   [현재가] 현재가: 174,800원
[2025-10-17 15:07:57] INFO:   [저가] 저가: 173,050원
[2025-10-17 15:07:57] INFO:   [고가] 고가: 176,500원
[2025-10-17 15:07:57] INFO:   [20일선] 20일선: 173,800원
[2025-10-17 15:07:57] INFO:   [1차매수선] 1차 매수선: 139,540원 (이격도: 25.3%)
[2025-10-17 15:07:57] INFO:   [2차매수선] 2차 매수선: 126,086원 (이격도: 38.6%)
[2025-10-17 15:07:57] INFO:   [3차매수선] 3차 매수선: 113,977원 (이격도: 53.4%)
[2025-10-17 15:07:57] INFO:   [간격] 다음 모니터링 간격: 1800초 (30분)
[2025-10-17 15:07:57] INFO: 
[22] 디앤디파마텍 (347850) 모니터링 중...
[2025-10-17 15:07:58] INFO:   [현재가] 현재가: 161,000원
[2025-10-17 15:07:58] INFO:   [저가] 저가: 159,800원
[2025-10-17 15:07:58] INFO:   [고가] 고가: 172,900원
[2025-10-17 15:07:58] INFO:   [20일선] 20일선: 184,485원
[2025-10-17 15:07:58] INFO:   [1차매수선] 1차 매수선: 148,088원 (이격도: 8.7%)
[2025-10-17 15:07:58] INFO:   [2차매수선] 2차 매수선: 133,779원 (이격도: 20.3%)
[2025-10-17 15:07:58] INFO:   [3차매수선] 3차 매수선: 120,901원 (이격도: 33.2%)
[2025-10-17 15:07:58] INFO:   [간격] 다음 모니터링 간격: 600초 (10분)
[2025-10-17 15:07:58] INFO: 
[23] 삼천당제약 (000250) 모니터링 중...
[2025-10-17 15:07:58] INFO:   [현재가] 현재가: 200,500원
[2025-10-17 15:07:58] INFO:   [저가] 저가: 197,000원
[2025-10-17 15:07:58] INFO:   [고가] 고가: 204,500원
[2025-10-17 15:07:58] INFO:   [20일선] 20일선: 217,670원
[2025-10-17 15:07:58] INFO:   [1차매수선] 1차 매수선: 174,636원 (이격도: 14.8%)
[2025-10-17 15:07:58] INFO:   [2차매수선] 2차 매수선: 157,672원 (이격도: 27.2%)
[2025-10-17 15:07:58] INFO:   [3차매수선] 3차 매수선: 142,405원 (이격도: 40.8%)
[2025-10-17 15:07:58] INFO:   [간격] 다음 모니터링 간격: 1800초 (30분)
[2025-10-17 15:07:58] INFO: 
[24] 다날 (064260) 모니터링 중...
[2025-10-17 15:07:59] INFO:   [현재가] 현재가: 8,950원
[2025-10-17 15:07:59] INFO:   [저가] 저가: 8,940원
[2025-10-17 15:07:59] INFO:   [고가] 고가: 9,470원
[2025-10-17 15:07:59] INFO:   [20일선] 20일선: 9,768원
[2025-10-17 15:07:59] INFO:   [1차매수선] 1차 매수선: 7,824원 (이격도: 14.4%)
[2025-10-17 15:07:59] INFO:   [2차매수선] 2차 매수선: 7,052원 (이격도: 26.9%)
[2025-10-17 15:07:59] INFO:   [3차매수선] 3차 매수선: 6,356원 (이격도: 40.8%)
[2025-10-17 15:07:59] INFO:   [간격] 다음 모니터링 간격: 1800초 (30분)
[2025-10-17 15:07:59] INFO: 
[25] 현대로템 (064350) 모니터링 중...
[2025-10-17 15:08:00] INFO:   [현재가] 현재가: 202,000원
[2025-10-17 15:08:00] INFO:   [저가] 저가: 201,500원
[2025-10-17 15:08:00] INFO:   [고가] 고가: 209,500원
[2025-10-17 15:08:00] INFO:   [20일선] 20일선: 215,925원
[2025-10-17 15:08:00] INFO:   [1차매수선] 1차 매수선: 173,240원 (이격도: 16.6%)
[2025-10-17 15:08:00] INFO:   [2차매수선] 2차 매수선: 156,416원 (이격도: 29.1%)
[2025-10-17 15:08:00] INFO:   [3차매수선] 3차 매수선: 141,274원 (이격도: 43.0%)
[2025-10-17 15:08:00] INFO:   [간격] 다음 모니터링 간격: 1800초 (30분)
[2025-10-17 15:08:00] INFO: 
[26] 로보스타 (090360) 모니터링 중...
[2025-10-17 15:08:01] INFO:   [현재가] 현재가: 63,900원
[2025-10-17 15:08:01] INFO:   [저가] 저가: 63,700원
[2025-10-17 15:08:01] INFO:   [고가] 고가: 70,800원
[2025-10-17 15:08:01] INFO:   [20일선] 20일선: 50,275원
[2025-10-17 15:08:01] INFO:   [1차매수선] 1차 매수선: 40,270원 (이격도: 58.7%)
[2025-10-17 15:08:01] INFO:   [2차매수선] 2차 매수선: 36,293원 (이격도: 76.1%)
[2025-10-17 15:08:01] INFO:   [3차매수선] 3차 매수선: 32,714원 (이격도: 95.3%)
[2025-10-17 15:08:01] INFO:   [간격] 다음 모니터링 간격: 1800초 (30분)
[2025-10-17 15:08:01] INFO: 
[27] 한국항공우주 (047810) 모니터링 중...
[2025-10-17 15:08:01] INFO:   [현재가] 현재가: 95,800원
[2025-10-17 15:08:01] INFO:   [저가] 저가: 95,100원
[2025-10-17 15:08:01] INFO:   [고가] 고가: 99,600원
[2025-10-17 15:08:01] INFO:   [20일선] 20일선: 104,840원
[2025-10-17 15:08:01] INFO:   [1차매수선] 1차 매수선: 83,972원 (이격도: 14.1%)
[2025-10-17 15:08:01] INFO:   [2차매수선] 2차 매수선: 75,675원 (이격도: 26.6%)
[2025-10-17 15:08:01] INFO:   [3차매수선] 3차 매수선: 68,207원 (이격도: 40.5%)
[2025-10-17 15:08:01] INFO:   [간격] 다음 모니터링 간격: 1800초 (30분)
[2025-10-17 15:08:01] INFO: 
[28] 한화오션 (042660) 모니터링 중...
[2025-10-17 15:08:02] INFO:   [현재가] 현재가: 106,900원
[2025-10-17 15:08:02] INFO:   [저가] 저가: 105,500원
[2025-10-17 15:08:02] INFO:   [고가] 고가: 113,700원
[2025-10-17 15:08:02] INFO:   [20일선] 20일선: 109,135원
[2025-10-17 15:08:02] INFO:   [1차매수선] 1차 매수선: 87,408원 (이격도: 22.3%)
[2025-10-17 15:08:02] INFO:   [2차매수선] 2차 매수선: 78,767원 (이격도: 35.7%)
[2025-10-17 15:08:02] INFO:   [3차매수선] 3차 매수선: 70,990원 (이격도: 50.6%)
[2025-10-17 15:08:02] INFO:   [간격] 다음 모니터링 간격: 1800초 (30분)
[2025-10-17 15:08:02] INFO: 
[29] 지투지바이오 (456160) 모니터링 중...
[2025-10-17 15:08:03] INFO:   [현재가] 현재가: 167,000원
[2025-10-17 15:08:03] INFO:   [저가] 저가: 166,200원
[2025-10-17 15:08:03] INFO:   [고가] 고가: 179,300원
[2025-10-17 15:08:03] INFO:   [20일선] 20일선: 203,645원
[2025-10-17 15:08:03] INFO:   [1차매수선] 1차 매수선: 163,416원 (이격도: 2.2%)
[2025-10-17 15:08:03] INFO:   [2차매수선] 2차 매수선: 147,574원 (이격도: 13.2%)
[2025-10-17 15:08:03] INFO:   [3차매수선] 3차 매수선: 133,317원 (이격도: 25.3%)
[2025-10-17 15:08:03] INFO:   [간격] 다음 모니터링 간격: 180초 (3분)
[2025-10-17 15:08:04] INFO: ✓ 텔레그램 전송 성공: me
[2025-10-17 15:08:05] INFO: ✓ 텔레그램 전송 성공: yoonjoo
[2025-10-17 15:08:06] INFO: ✓ 텔레그램 전송 성공: minjeong
[2025-10-17 15:08:07] INFO: ✓ 텔레그램 전송 성공: jumeoni
[2025-10-17 15:08:07] INFO: 🟡 지투지바이오 (456160): 1차 매수선 저가 기준 5% 인접 알람 전송
[2025-10-17 15:08:07] INFO: 
[30] 농심 (004370) 모니터링 중...
[2025-10-17 15:08:08] INFO:   [현재가] 현재가: 429,250원
[2025-10-17 15:08:08] INFO:   [저가] 저가: 424,000원
[2025-10-17 15:08:08] INFO:   [고가] 고가: 435,000원
[2025-10-17 15:08:08] INFO:   [20일선] 20일선: 448,550원
[2025-10-17 15:08:08] INFO:   [1차매수선] 1차 매수선: 359,340원 (이격도: 19.5%)
[2025-10-17 15:08:08] INFO:   [2차매수선] 2차 매수선: 323,906원 (이격도: 32.5%)
[2025-10-17 15:08:08] INFO:   [3차매수선] 3차 매수선: 292,015원 (이격도: 47.0%)
[2025-10-17 15:08:08] INFO:   [간격] 다음 모니터링 간격: 1800초 (30분)
[2025-10-17 15:08:08] INFO: 
[31] SK오션플랜트 (100090) 모니터링 중...
[2025-10-17 15:08:09] INFO:   [현재가] 현재가: 21,150원
[2025-10-17 15:08:09] INFO:   [저가] 저가: 20,900원
[2025-10-17 15:08:09] INFO:   [고가] 고가: 22,500원
[2025-10-17 15:08:09] INFO:   [20일선] 20일선: 24,448원
[2025-10-17 15:08:09] INFO:   [1차매수선] 1차 매수선: 19,608원 (이격도: 7.9%)
[2025-10-17 15:08:09] INFO:   [2차매수선] 2차 매수선: 17,697원 (이격도: 19.5%)
[2025-10-17 15:08:09] INFO:   [3차매수선] 3차 매수선: 15,977원 (이격도: 32.4%)
[2025-10-17 15:08:09] INFO:   [간격] 다음 모니터링 간격: 600초 (10분)
[2025-10-17 15:08:09] INFO: 
[32] HJ중공업 (097230) 모니터링 중...
[2025-10-17 15:08:10] INFO:   [현재가] 현재가: 25,350원
[2025-10-17 15:08:10] INFO:   [저가] 저가: 25,100원
[2025-10-17 15:08:10] INFO:   [고가] 고가: 27,750원
[2025-10-17 15:08:10] INFO:   [20일선] 20일선: 27,338원
[2025-10-17 15:08:10] INFO:   [1차매수선] 1차 매수선: 21,920원 (이격도: 15.6%)
[2025-10-17 15:08:10] INFO:   [2차매수선] 2차 매수선: 19,778원 (이격도: 28.2%)
[2025-10-17 15:08:10] INFO:   [3차매수선] 3차 매수선: 17,850원 (이격도: 42.0%)
[2025-10-17 15:08:10] INFO:   [간격] 다음 모니터링 간격: 1800초 (30분)
[2025-10-17 15:08:10] INFO: 
[33] 세진중공업 (075580) 모니터링 중...
[2025-10-17 15:08:10] INFO:   [현재가] 현재가: 20,200원
[2025-10-17 15:08:10] INFO:   [저가] 저가: 20,050원
[2025-10-17 15:08:10] INFO:   [고가] 고가: 22,200원
[2025-10-17 15:08:11] INFO:   [20일선] 20일선: 21,384원
[2025-10-17 15:08:11] INFO:   [1차매수선] 1차 매수선: 17,158원 (이격도: 17.7%)
[2025-10-17 15:08:11] INFO:   [2차매수선] 2차 매수선: 15,492원 (이격도: 30.4%)
[2025-10-17 15:08:11] INFO:   [3차매수선] 3차 매수선: 13,993원 (이격도: 44.4%)
[2025-10-17 15:08:11] INFO:   [간격] 다음 모니터링 간격: 1800초 (30분)
[2025-10-17 15:08:11] INFO: 
[34] 엘앤씨바이오 (290650) 모니터링 중...
[2025-10-17 15:08:12] INFO:   [현재가] 현재가: 48,800원
[2025-10-17 15:08:12] INFO:   [저가] 저가: 48,700원
[2025-10-17 15:08:12] INFO:   [고가] 고가: 57,700원
[2025-10-17 15:08:12] INFO:   [20일선] 20일선: 54,055원
[2025-10-17 15:08:12] INFO:   [1차매수선] 1차 매수선: 43,294원 (이격도: 12.7%)
[2025-10-17 15:08:12] INFO:   [2차매수선] 2차 매수선: 39,015원 (이격도: 25.1%)
[2025-10-17 15:08:12] INFO:   [3차매수선] 3차 매수선: 35,163원 (이격도: 38.8%)
[2025-10-17 15:08:12] INFO:   [간격] 다음 모니터링 간격: 1800초 (30분)
[2025-10-17 15:08:12] INFO: 
[35] 한화엔진 (082740) 모니터링 중...
[2025-10-17 15:08:13] INFO:   [현재가] 현재가: 46,350원
[2025-10-17 15:08:13] INFO:   [저가] 저가: 46,200원
[2025-10-17 15:08:13] INFO:   [고가] 고가: 49,250원
[2025-10-17 15:08:13] INFO:   [20일선] 20일선: 45,080원
[2025-10-17 15:08:13] INFO:   [1차매수선] 1차 매수선: 36,114원 (이격도: 28.3%)
[2025-10-17 15:08:13] INFO:   [2차매수선] 2차 매수선: 32,553원 (이격도: 42.4%)
[2025-10-17 15:08:13] INFO:   [3차매수선] 3차 매수선: 29,347원 (이격도: 57.9%)
[2025-10-17 15:08:13] INFO:   [간격] 다음 모니터링 간격: 1800초 (30분)
[2025-10-17 15:08:13] INFO: 
[36] 현대힘스 (460930) 모니터링 중...
[2025-10-17 15:08:14] INFO:   [현재가] 현재가: 22,550원
[2025-10-17 15:08:14] INFO:   [저가] 저가: 22,500원
[2025-10-17 15:08:14] INFO:   [고가] 고가: 23,900원
[2025-10-17 15:08:14] INFO:   [20일선] 20일선: 25,365원
[2025-10-17 15:08:14] INFO:   [1차매수선] 1차 매수선: 20,342원 (이격도: 10.9%)
[2025-10-17 15:08:14] INFO:   [2차매수선] 2차 매수선: 18,358원 (이격도: 22.8%)
[2025-10-17 15:08:14] INFO:   [3차매수선] 3차 매수선: 16,572원 (이격도: 36.1%)
[2025-10-17 15:08:14] INFO:   [간격] 다음 모니터링 간격: 1800초 (30분)
[2025-10-17 15:08:14] INFO: 
[37] HD한국조선해양 (009540) 모니터링 중...
[2025-10-17 15:08:15] INFO:   [현재가] 현재가: 420,000원
[2025-10-17 15:08:15] INFO:   [저가] 저가: 419,500원
[2025-10-17 15:08:15] INFO:   [고가] 고가: 434,500원
[2025-10-17 15:08:15] INFO:   [20일선] 20일선: 411,650원
[2025-10-17 15:08:15] INFO:   [1차매수선] 1차 매수선: 329,820원 (이격도: 27.3%)
[2025-10-17 15:08:15] INFO:   [2차매수선] 2차 매수선: 297,338원 (이격도: 41.3%)
[2025-10-17 15:08:15] INFO:   [3차매수선] 3차 매수선: 268,104원 (이격도: 56.7%)
[2025-10-17 15:08:15] INFO:   [간격] 다음 모니터링 간격: 1800초 (30분)
[2025-10-17 15:08:15] INFO: 
[38] HD현대미포 (010620) 모니터링 중...
[2025-10-17 15:08:16] INFO:   [현재가] 현재가: 200,500원
[2025-10-17 15:08:16] INFO:   [저가] 저가: 200,000원
[2025-10-17 15:08:16] INFO:   [고가] 고가: 206,000원
[2025-10-17 15:08:16] INFO:   [20일선] 20일선: 199,390원
[2025-10-17 15:08:16] INFO:   [1차매수선] 1차 매수선: 160,012원 (이격도: 25.3%)
[2025-10-17 15:08:16] INFO:   [2차매수선] 2차 매수선: 144,511원 (이격도: 38.7%)
[2025-10-17 15:08:16] INFO:   [3차매수선] 3차 매수선: 130,560원 (이격도: 53.6%)
[2025-10-17 15:08:16] INFO:   [간격] 다음 모니터링 간격: 1800초 (30분)
[2025-10-17 15:08:16] INFO: 
[39] 삼성중공업 (010140) 모니터링 중...
[2025-10-17 15:08:17] INFO:   [현재가] 현재가: 22,500원
[2025-10-17 15:08:17] INFO:   [저가] 저가: 21,950원
[2025-10-17 15:08:17] INFO:   [고가] 고가: 22,700원
[2025-10-17 15:08:17] INFO:   [20일선] 20일선: 21,738원
[2025-10-17 15:08:17] INFO:   [1차매수선] 1차 매수선: 17,440원 (이격도: 29.0%)
[2025-10-17 15:08:17] INFO:   [2차매수선] 2차 매수선: 15,746원 (이격도: 42.9%)
[2025-10-17 15:08:17] INFO:   [3차매수선] 3차 매수선: 14,221원 (이격도: 58.2%)
[2025-10-17 15:08:17] INFO:   [간격] 다음 모니터링 간격: 1800초 (30분)
[2025-10-17 15:08:17] INFO: 
[40] 효성중공업 (298040) 모니터링 중...
[2025-10-17 15:08:17] INFO:   [현재가] 현재가: 1,572,000원
[2025-10-17 15:08:17] INFO:   [저가] 저가: 1,570,000원
[2025-10-17 15:08:17] INFO:   [고가] 고가: 1,625,000원
[2025-10-17 15:08:18] INFO:   [20일선] 20일선: 1,435,250원
[2025-10-17 15:08:18] INFO:   [1차매수선] 1차 매수선: 1,149,200원 (이격도: 36.8%)
[2025-10-17 15:08:18] INFO:   [2차매수선] 2차 매수선: 1,035,280원 (이격도: 51.8%)
[2025-10-17 15:08:18] INFO:   [3차매수선] 3차 매수선: 932,752원 (이격도: 68.5%)
[2025-10-17 15:08:18] INFO:   [간격] 다음 모니터링 간격: 1800초 (30분)
[2025-10-17 15:08:18] INFO: 
[41] LIG넥스원 (079550) 모니터링 중...
[2025-10-17 15:08:18] INFO:   [현재가] 현재가: 432,500원
[2025-10-17 15:08:18] INFO:   [저가] 저가: 430,500원
[2025-10-17 15:08:18] INFO:   [고가] 고가: 452,000원
[2025-10-17 15:08:19] INFO:   [20일선] 20일선: 487,125원
[2025-10-17 15:08:19] INFO:   [1차매수선] 1차 매수선: 390,200원 (이격도: 10.8%)
[2025-10-17 15:08:19] INFO:   [2차매수선] 2차 매수선: 351,680원 (이격도: 23.0%)
[2025-10-17 15:08:19] INFO:   [3차매수선] 3차 매수선: 317,012원 (이격도: 36.4%)
[2025-10-17 15:08:19] INFO:   [간격] 다음 모니터링 간격: 1800초 (30분)
[2025-10-17 15:08:19] INFO: 
[42] 에스엔시스 (0008Z0) 모니터링 중...
[2025-10-17 15:08:19] INFO:   [현재가] 현재가: 40,200원
[2025-10-17 15:08:19] INFO:   [저가] 저가: 40,150원
[2025-10-17 15:08:19] INFO:   [고가] 고가: 42,350원
[2025-10-17 15:08:19] INFO:   [20일선] 20일선: 41,465원
[2025-10-17 15:08:19] INFO:   [1차매수선] 1차 매수선: 33,222원 (이격도: 21.0%)
[2025-10-17 15:08:19] INFO:   [2차매수선] 2차 매수선: 29,950원 (이격도: 34.2%)
[2025-10-17 15:08:19] INFO:   [3차매수선] 3차 매수선: 27,005원 (이격도: 48.9%)
[2025-10-17 15:08:19] INFO:   [간격] 다음 모니터링 간격: 1800초 (30분)
[2025-10-17 15:08:19] INFO: 
[43] 삼양컴텍 (484590) 모니터링 중...
[2025-10-17 15:08:20] INFO:   [현재가] 현재가: 16,000원
[2025-10-17 15:08:20] INFO:   [저가] 저가: 15,950원
[2025-10-17 15:08:20] INFO:   [고가] 고가: 16,540원
[2025-10-17 15:08:20] INFO:   [20일선] 20일선: 18,236원
[2025-10-17 15:08:20] INFO:   [1차매수선] 1차 매수선: 14,638원 (이격도: 9.3%)
[2025-10-17 15:08:20] INFO:   [2차매수선] 2차 매수선: 13,225원 (이격도: 21.0%)
[2025-10-17 15:08:20] INFO:   [3차매수선] 3차 매수선: 11,952원 (이격도: 33.9%)
[2025-10-17 15:08:20] INFO:   [간격] 다음 모니터링 간격: 600초 (10분)
[2025-10-17 15:08:20] INFO: 
[44] 에이비엘바이오 (298380) 모니터링 중...
[2025-10-17 15:08:21] INFO:   [현재가] 현재가: 85,800원
[2025-10-17 15:08:21] INFO:   [저가] 저가: 84,600원
[2025-10-17 15:08:21] INFO:   [고가] 고가: 89,400원
[2025-10-17 15:08:21] INFO:   [20일선] 20일선: 95,490원
[2025-10-17 15:08:21] INFO:   [1차매수선] 1차 매수선: 76,492원 (이격도: 12.2%)
[2025-10-17 15:08:21] INFO:   [2차매수선] 2차 매수선: 68,943원 (이격도: 24.5%)
[2025-10-17 15:08:21] INFO:   [3차매수선] 3차 매수선: 62,149원 (이격도: 38.1%)
[2025-10-17 15:08:21] INFO:   [간격] 다음 모니터링 간격: 1800초 (30분)
[2025-10-17 15:08:21] INFO: 
[45] LG디스플레이 (034220) 모니터링 중...
[2025-10-17 15:08:22] INFO:   [현재가] 현재가: 14,350원
[2025-10-17 15:08:22] INFO:   [저가] 저가: 14,120원
[2025-10-17 15:08:22] INFO:   [고가] 고가: 14,470원
[2025-10-17 15:08:22] INFO:   [20일선] 20일선: 14,071원
[2025-10-17 15:08:22] INFO:   [1차매수선] 1차 매수선: 11,307원 (이격도: 26.9%)
[2025-10-17 15:08:22] INFO:   [2차매수선] 2차 매수선: 10,226원 (이격도: 40.3%)
[2025-10-17 15:08:22] INFO:   [3차매수선] 3차 매수선: 9,214원 (이격도: 55.7%)
[2025-10-17 15:08:22] INFO:   [간격] 다음 모니터링 간격: 1800초 (30분)
[2025-10-17 15:08:22] INFO: 
[46] 한국전력 (015760) 모니터링 중...
[2025-10-17 15:08:23] INFO:   [현재가] 현재가: 42,650원
[2025-10-17 15:08:23] INFO:   [저가] 저가: 39,450원
[2025-10-17 15:08:23] INFO:   [고가] 고가: 43,300원
[2025-10-17 15:08:23] INFO:   [20일선] 20일선: 37,280원
[2025-10-17 15:08:23] INFO:   [1차매수선] 1차 매수선: 29,874원 (이격도: 42.8%)
[2025-10-17 15:08:23] INFO:   [2차매수선] 2차 매수선: 26,937원 (이격도: 58.3%)
[2025-10-17 15:08:23] INFO:   [3차매수선] 3차 매수선: 24,293원 (이격도: 75.6%)
[2025-10-17 15:08:23] INFO:   [간격] 다음 모니터링 간격: 1800초 (30분)
[2025-10-17 15:08:23] INFO: 
[47] 대한조선 (439260) 모니터링 중...
[2025-10-17 15:08:24] INFO:   [현재가] 현재가: 75,500원
[2025-10-17 15:08:24] INFO:   [저가] 저가: 75,400원
[2025-10-17 15:08:24] INFO:   [고가] 고가: 78,250원
[2025-10-17 15:08:24] INFO:   [20일선] 20일선: 79,240원
[2025-10-17 15:08:24] INFO:   [1차매수선] 1차 매수선: 63,492원 (이격도: 18.9%)
[2025-10-17 15:08:24] INFO:   [2차매수선] 2차 매수선: 57,243원 (이격도: 31.9%)
[2025-10-17 15:08:24] INFO:   [3차매수선] 3차 매수선: 51,619원 (이격도: 46.3%)
[2025-10-17 15:08:24] INFO:   [간격] 다음 모니터링 간격: 1800초 (30분)
[2025-10-17 15:08:24] INFO: 
[48] 에이피알 (278470) 모니터링 중...
[2025-10-17 15:08:25] INFO:   [현재가] 현재가: 238,500원
[2025-10-17 15:08:25] INFO:   [저가] 저가: 234,500원
[2025-10-17 15:08:25] INFO:   [고가] 고가: 245,500원
[2025-10-17 15:08:25] INFO:   [20일선] 20일선: 236,125원
[2025-10-17 15:08:25] INFO:   [1차매수선] 1차 매수선: 189,400원 (이격도: 25.9%)
[2025-10-17 15:08:25] INFO:   [2차매수선] 2차 매수선: 170,960원 (이격도: 39.5%)
[2025-10-17 15:08:25] INFO:   [3차매수선] 3차 매수선: 154,364원 (이격도: 54.5%)
[2025-10-17 15:08:25] INFO:   [간격] 다음 모니터링 간격: 1800초 (30분)
[2025-10-17 15:08:25] INFO: 
[49] SK바이오팜 (326030) 모니터링 중...
[2025-10-17 15:08:26] INFO:   [현재가] 현재가: 101,000원
[2025-10-17 15:08:26] INFO:   [저가] 저가: 100,700원
[2025-10-17 15:08:26] INFO:   [고가] 고가: 103,500원
[2025-10-17 15:08:26] INFO:   [20일선] 20일선: 104,945원
[2025-10-17 15:08:26] INFO:   [1차매수선] 1차 매수선: 84,056원 (이격도: 20.2%)
[2025-10-17 15:08:26] INFO:   [2차매수선] 2차 매수선: 75,750원 (이격도: 33.3%)
[2025-10-17 15:08:26] INFO:   [3차매수선] 3차 매수선: 68,275원 (이격도: 47.9%)
[2025-10-17 15:08:26] INFO:   [간격] 다음 모니터링 간격: 1800초 (30분)
[2025-10-17 15:08:26] INFO: 
[50] 한화에어로스페이스 (012450) 모니터링 중...
[2025-10-17 15:08:27] INFO:   [현재가] 현재가: 913,000원
[2025-10-17 15:08:27] INFO:   [저가] 저가: 912,000원
[2025-10-17 15:08:27] INFO:   [고가] 고가: 947,000원
[2025-10-17 15:08:28] INFO:   [20일선] 20일선: 1,016,900원
[2025-10-17 15:08:28] INFO:   [1차매수선] 1차 매수선: 814,520원 (이격도: 12.1%)
[2025-10-17 15:08:28] INFO:   [2차매수선] 2차 매수선: 734,068원 (이격도: 24.4%)
[2025-10-17 15:08:28] INFO:   [3차매수선] 3차 매수선: 661,661원 (이격도: 38.0%)
[2025-10-17 15:08:28] INFO:   [간격] 다음 모니터링 간격: 1800초 (30분)
[2025-10-17 15:08:28] INFO: 
[51] 현대차 (005380) 모니터링 중...
[2025-10-17 15:08:28] INFO:   [현재가] 현재가: 243,000원
[2025-10-17 15:08:28] INFO:   [저가] 저가: 239,000원
[2025-10-17 15:08:28] INFO:   [고가] 고가: 246,000원
[2025-10-17 15:08:29] INFO:   [20일선] 20일선: 221,275원
[2025-10-17 15:08:29] INFO:   [1차매수선] 1차 매수선: 177,520원 (이격도: 36.9%)
[2025-10-17 15:08:29] INFO:   [2차매수선] 2차 매수선: 160,268원 (이격도: 51.6%)
[2025-10-17 15:08:29] INFO:   [3차매수선] 3차 매수선: 144,741원 (이격도: 67.9%)
[2025-10-17 15:08:29] INFO:   [간격] 다음 모니터링 간격: 1800초 (30분)
[2025-10-17 15:08:29] INFO: 
[52] 한화시스템 (272210) 모니터링 중...
[2025-10-17 15:08:29] INFO:   [현재가] 현재가: 51,300원
[2025-10-17 15:08:29] INFO:   [저가] 저가: 51,100원
[2025-10-17 15:08:29] INFO:   [고가] 고가: 53,600원
[2025-10-17 15:08:29] INFO:   [20일선] 20일선: 57,125원
[2025-10-17 15:08:29] INFO:   [1차매수선] 1차 매수선: 45,750원 (이격도: 12.1%)
[2025-10-17 15:08:29] INFO:   [2차매수선] 2차 매수선: 41,225원 (이격도: 24.4%)
[2025-10-17 15:08:29] INFO:   [3차매수선] 3차 매수선: 37,152원 (이격도: 38.1%)
[2025-10-17 15:08:29] INFO:   [간격] 다음 모니터링 간격: 1800초 (30분)
[2025-10-17 15:08:29] INFO: 
[53] 한화솔루션 (009830) 모니터링 중...
[2025-10-17 15:08:30] INFO:   [현재가] 현재가: 29,700원
[2025-10-17 15:08:30] INFO:   [저가] 저가: 29,100원
[2025-10-17 15:08:30] INFO:   [고가] 고가: 30,200원
[2025-10-17 15:08:31] INFO:   [20일선] 20일선: 29,175원
[2025-10-17 15:08:31] INFO:   [1차매수선] 1차 매수선: 23,390원 (이격도: 27.0%)
[2025-10-17 15:08:31] INFO:   [2차매수선] 2차 매수선: 21,101원 (이격도: 40.8%)
[2025-10-17 15:08:31] INFO:   [3차매수선] 3차 매수선: 19,041원 (이격도: 56.0%)
[2025-10-17 15:08:31] INFO:   [간격] 다음 모니터링 간격: 1800초 (30분)
[2025-10-17 15:08:31] INFO: 
[54] 삼성전기 (009150) 모니터링 중...
[2025-10-17 15:08:31] INFO:   [현재가] 현재가: 207,000원
[2025-10-17 15:08:31] INFO:   [저가] 저가: 197,500원
[2025-10-17 15:08:31] INFO:   [고가] 고가: 208,000원
[2025-10-17 15:08:31] INFO:   [20일선] 20일선: 199,465원
[2025-10-17 15:08:31] INFO:   [1차매수선] 1차 매수선: 160,072원 (이격도: 29.3%)
[2025-10-17 15:08:31] INFO:   [2차매수선] 2차 매수선: 144,565원 (이격도: 43.2%)
[2025-10-17 15:08:31] INFO:   [3차매수선] 3차 매수선: 130,608원 (이격도: 58.5%)
[2025-10-17 15:08:31] INFO:   [간격] 다음 모니터링 간격: 1800초 (30분)
[2025-10-17 15:08:31] INFO: 
[55] 한화비전 (489790) 모니터링 중...
[2025-10-17 15:08:32] INFO:   [현재가] 현재가: 51,200원
[2025-10-17 15:08:32] INFO:   [저가] 저가: 51,000원
[2025-10-17 15:08:32] INFO:   [고가] 고가: 52,500원
[2025-10-17 15:08:32] INFO:   [20일선] 20일선: 55,458원
[2025-10-17 15:08:32] INFO:   [1차매수선] 1차 매수선: 44,416원 (이격도: 15.3%)
[2025-10-17 15:08:32] INFO:   [2차매수선] 2차 매수선: 40,024원 (이격도: 27.9%)
[2025-10-17 15:08:32] INFO:   [3차매수선] 3차 매수선: 36,072원 (이격도: 41.9%)
[2025-10-17 15:08:32] INFO:   [간격] 다음 모니터링 간격: 1800초 (30분)
[2025-10-17 15:08:32] INFO: 
[56] HD현대인프라코어 (042670) 모니터링 중...
[2025-10-17 15:08:33] INFO:   [현재가] 현재가: 14,750원
[2025-10-17 15:08:33] INFO:   [저가] 저가: 14,640원
[2025-10-17 15:08:33] INFO:   [고가] 고가: 15,970원
[2025-10-17 15:08:33] INFO:   [20일선] 20일선: 15,342원
[2025-10-17 15:08:33] INFO:   [1차매수선] 1차 매수선: 12,324원 (이격도: 19.7%)
[2025-10-17 15:08:33] INFO:   [2차매수선] 2차 매수선: 11,141원 (이격도: 32.4%)
[2025-10-17 15:08:33] INFO:   [3차매수선] 3차 매수선: 10,077원 (이격도: 46.4%)
[2025-10-17 15:08:33] INFO:   [간격] 다음 모니터링 간격: 1800초 (30분)
[2025-10-17 15:08:33] INFO: 
[57] 도우인시스 (484120) 모니터링 중...
[2025-10-17 15:08:34] INFO:   [현재가] 현재가: 30,250원
[2025-10-17 15:08:34] INFO:   [저가] 저가: 28,800원
[2025-10-17 15:08:34] INFO:   [고가] 고가: 31,000원
[2025-10-17 15:08:34] INFO:   [20일선] 20일선: 30,300원
[2025-10-17 15:08:34] INFO:   [1차매수선] 1차 매수선: 24,290원 (이격도: 24.5%)
[2025-10-17 15:08:34] INFO:   [2차매수선] 2차 매수선: 21,911원 (이격도: 38.1%)
[2025-10-17 15:08:34] INFO:   [3차매수선] 3차 매수선: 19,770원 (이격도: 53.0%)
[2025-10-17 15:08:34] INFO:   [간격] 다음 모니터링 간격: 1800초 (30분)
[2025-10-17 15:08:34] INFO: 
[58] KBI동양철관 (008970) 모니터링 중...
[2025-10-17 15:08:35] INFO:   [현재가] 현재가: 2,600원
[2025-10-17 15:08:35] INFO:   [저가] 저가: 2,540원
[2025-10-17 15:08:35] INFO:   [고가] 고가: 2,855원
[2025-10-17 15:08:35] INFO:   [20일선] 20일선: 2,608원
[2025-10-17 15:08:35] INFO:   [1차매수선] 1차 매수선: 2,091원 (이격도: 24.3%)
[2025-10-17 15:08:35] INFO:   [2차매수선] 2차 매수선: 1,887원 (이격도: 37.8%)
[2025-10-17 15:08:35] INFO:   [3차매수선] 3차 매수선: 1,703원 (이격도: 52.6%)
[2025-10-17 15:08:35] INFO:   [간격] 다음 모니터링 간격: 1800초 (30분)
[2025-10-17 15:08:35] INFO: 
[59] YG PLUS (037270) 모니터링 중...
[2025-10-17 15:08:36] INFO:   [현재가] 현재가: 6,540원
[2025-10-17 15:08:36] INFO:   [저가] 저가: 6,510원
[2025-10-17 15:08:36] INFO:   [고가] 고가: 6,710원
[2025-10-17 15:08:36] INFO:   [20일선] 20일선: 7,693원
[2025-10-17 15:08:36] INFO:   [1차매수선] 1차 매수선: 6,164원 (이격도: 6.1%)
[2025-10-17 15:08:36] INFO:   [2차매수선] 2차 매수선: 5,558원 (이격도: 17.7%)
[2025-10-17 15:08:36] INFO:   [3차매수선] 3차 매수선: 5,012원 (이격도: 30.5%)
[2025-10-17 15:08:36] INFO:   [간격] 다음 모니터링 간격: 600초 (10분)
[2025-10-17 15:08:36] INFO: 
[60] 포스코퓨처엠 (003670) 모니터링 중...
[2025-10-17 15:08:37] INFO:   [현재가] 현재가: 193,200원
[2025-10-17 15:08:37] INFO:   [저가] 저가: 185,000원
[2025-10-17 15:08:37] INFO:   [고가] 고가: 201,000원
[2025-10-17 15:08:37] INFO:   [20일선] 20일선: 153,115원
[2025-10-17 15:08:37] INFO:   [1차매수선] 1차 매수선: 122,992원 (이격도: 57.1%)
[2025-10-17 15:08:37] INFO:   [2차매수선] 2차 매수선: 111,193원 (이격도: 73.8%)
[2025-10-17 15:08:37] INFO:   [3차매수선] 3차 매수선: 100,574원 (이격도: 92.1%)
[2025-10-17 15:08:37] INFO:   [간격] 다음 모니터링 간격: 1800초 (30분)
[2025-10-17 15:08:37] INFO: 
[61] 리가켐바이오 (141080) 모니터링 중...
[2025-10-17 15:08:38] INFO:   [현재가] 현재가: 131,000원
[2025-10-17 15:08:38] INFO:   [저가] 저가: 131,000원
[2025-10-17 15:08:38] INFO:   [고가] 고가: 137,200원
[2025-10-17 15:08:38] INFO:   [20일선] 20일선: 146,585원
[2025-10-17 15:08:38] INFO:   [1차매수선] 1차 매수선: 117,768원 (이격도: 11.2%)
[2025-10-17 15:08:38] INFO:   [2차매수선] 2차 매수선: 106,491원 (이격도: 23.0%)
[2025-10-17 15:08:38] INFO:   [3차매수선] 3차 매수선: 95,942원 (이격도: 36.5%)
[2025-10-17 15:08:38] INFO:   [간격] 다음 모니터링 간격: 1800초 (30분)
[2025-10-17 15:08:38] INFO: 
[62] 쿠콘 (294570) 모니터링 중...
[2025-10-17 15:08:39] INFO:   [현재가] 현재가: 37,350원
[2025-10-17 15:08:39] INFO:   [저가] 저가: 37,200원
[2025-10-17 15:08:39] INFO:   [고가] 고가: 38,550원
[2025-10-17 15:08:39] INFO:   [20일선] 20일선: 38,348원
[2025-10-17 15:08:39] INFO:   [1차매수선] 1차 매수선: 30,728원 (이격도: 21.6%)
[2025-10-17 15:08:39] INFO:   [2차매수선] 2차 매수선: 27,705원 (이격도: 34.8%)
[2025-10-17 15:08:39] INFO:   [3차매수선] 3차 매수선: 24,985원 (이격도: 49.5%)
[2025-10-17 15:08:39] INFO:   [간격] 다음 모니터링 간격: 1800초 (30분)
[2025-10-17 15:08:39] INFO: 
[63] 파인엠텍 (441270) 모니터링 중...
[2025-10-17 15:08:40] INFO:   [현재가] 현재가: 9,570원
[2025-10-17 15:08:40] INFO:   [저가] 저가: 9,550원
[2025-10-17 15:08:40] INFO:   [고가] 고가: 10,080원
[2025-10-17 15:08:40] INFO:   [20일선] 20일선: 10,970원
[2025-10-17 15:08:40] INFO:   [1차매수선] 1차 매수선: 8,786원 (이격도: 8.9%)
[2025-10-17 15:08:40] INFO:   [2차매수선] 2차 매수선: 7,917원 (이격도: 20.9%)
[2025-10-17 15:08:40] INFO:   [3차매수선] 3차 매수선: 7,135원 (이격도: 34.1%)
[2025-10-17 15:08:40] INFO:   [간격] 다음 모니터링 간격: 600초 (10분)
[2025-10-17 15:08:40] INFO: 
[64] SK스퀘어 (402340) 모니터링 중...
[2025-10-17 15:08:41] INFO:   [현재가] 현재가: 258,750원
[2025-10-17 15:08:41] INFO:   [저가] 저가: 250,500원
[2025-10-17 15:08:41] INFO:   [고가] 고가: 267,000원
[2025-10-17 15:08:41] INFO:   [20일선] 20일선: 223,920원
[2025-10-17 15:08:41] INFO:   [1차매수선] 1차 매수선: 179,636원 (이격도: 44.0%)
[2025-10-17 15:08:41] INFO:   [2차매수선] 2차 매수선: 162,172원 (이격도: 59.6%)
[2025-10-17 15:08:41] INFO:   [3차매수선] 3차 매수선: 146,455원 (이격도: 76.7%)
[2025-10-17 15:08:41] INFO:   [간격] 다음 모니터링 간격: 1800초 (30분)
[2025-10-17 15:08:41] INFO: 
[65] POSCO홀딩스 (005490) 모니터링 중...
[2025-10-17 15:08:42] INFO:   [현재가] 현재가: 294,500원
[2025-10-17 15:08:42] INFO:   [저가] 저가: 281,500원
[2025-10-17 15:08:42] INFO:   [고가] 고가: 300,000원
[2025-10-17 15:08:42] INFO:   [20일선] 20일선: 279,725원
[2025-10-17 15:08:42] INFO:   [1차매수선] 1차 매수선: 224,280원 (이격도: 31.3%)
[2025-10-17 15:08:42] INFO:   [2차매수선] 2차 매수선: 202,352원 (이격도: 45.5%)
[2025-10-17 15:08:42] INFO:   [3차매수선] 3차 매수선: 182,617원 (이격도: 61.3%)
[2025-10-17 15:08:42] INFO:   [간격] 다음 모니터링 간격: 1800초 (30분)
[2025-10-17 15:08:42] INFO: 
[66] HD현대건설기계 (267270) 모니터링 중...
[2025-10-17 15:08:43] INFO:   [현재가] 현재가: 94,400원
[2025-10-17 15:08:43] INFO:   [저가] 저가: 93,200원
[2025-10-17 15:08:43] INFO:   [고가] 고가: 98,900원
[2025-10-17 15:08:43] INFO:   [20일선] 20일선: 95,395원
[2025-10-17 15:08:43] INFO:   [1차매수선] 1차 매수선: 76,416원 (이격도: 23.5%)
[2025-10-17 15:08:43] INFO:   [2차매수선] 2차 매수선: 68,874원 (이격도: 37.1%)
[2025-10-17 15:08:43] INFO:   [3차매수선] 3차 매수선: 62,087원 (이격도: 52.0%)
[2025-10-17 15:08:43] INFO:   [간격] 다음 모니터링 간격: 1800초 (30분)
[2025-10-17 15:08:43] INFO: 
[67] 한화 (000880) 모니터링 중...
[2025-10-17 15:08:44] INFO:   [현재가] 현재가: 82,700원
[2025-10-17 15:08:44] INFO:   [저가] 저가: 81,700원
[2025-10-17 15:08:44] INFO:   [고가] 고가: 85,400원
[2025-10-17 15:08:44] INFO:   [20일선] 20일선: 86,160원
[2025-10-17 15:08:44] INFO:   [1차매수선] 1차 매수선: 69,028원 (이격도: 19.8%)
[2025-10-17 15:08:44] INFO:   [2차매수선] 2차 매수선: 62,225원 (이격도: 32.9%)
[2025-10-17 15:08:44] INFO:   [3차매수선] 3차 매수선: 56,103원 (이격도: 47.4%)
[2025-10-17 15:08:44] INFO:   [간격] 다음 모니터링 간격: 1800초 (30분)
[2025-10-17 15:08:44] INFO: 
[68] SK (034730) 모니터링 중...
[2025-10-17 15:08:45] INFO:   [현재가] 현재가: 220,500원
[2025-10-17 15:08:45] INFO:   [저가] 저가: 216,000원
[2025-10-17 15:08:45] INFO:   [고가] 고가: 227,000원
[2025-10-17 15:08:45] INFO:   [20일선] 20일선: 219,900원
[2025-10-17 15:08:45] INFO:   [1차매수선] 1차 매수선: 176,420원 (이격도: 25.0%)
[2025-10-17 15:08:45] INFO:   [2차매수선] 2차 매수선: 159,278원 (이격도: 38.4%)
[2025-10-17 15:08:45] INFO:   [3차매수선] 3차 매수선: 143,850원 (이격도: 53.3%)
[2025-10-17 15:08:45] INFO:   [간격] 다음 모니터링 간격: 1800초 (30분)
[2025-10-17 15:08:45] INFO: 
[69] SK이노베이션 (096770) 모니터링 중...
[2025-10-17 15:08:45] INFO:   [현재가] 현재가: 116,200원
[2025-10-17 15:08:45] INFO:   [저가] 저가: 111,900원
[2025-10-17 15:08:45] INFO:   [고가] 고가: 119,000원
[2025-10-17 15:08:46] INFO:   [20일선] 20일선: 105,650원
[2025-10-17 15:08:46] INFO:   [1차매수선] 1차 매수선: 84,620원 (이격도: 37.3%)
[2025-10-17 15:08:46] INFO:   [2차매수선] 2차 매수선: 76,258원 (이격도: 52.4%)
[2025-10-17 15:08:46] INFO:   [3차매수선] 3차 매수선: 68,732원 (이격도: 69.1%)
[2025-10-17 15:08:46] INFO:   [간격] 다음 모니터링 간격: 1800초 (30분)
[2025-10-17 15:08:46] INFO: 
================================================================================
[2025-10-17 15:08:46] INFO: [OK] 동적 모니터링 사이클 완료
[2025-10-17 15:08:46] INFO:   전체 종목: 69개
[2025-10-17 15:08:46] INFO:   체크한 종목: 69개
[2025-10-17 15:08:46] INFO:   전송 알람: 2개
[2025-10-17 15:08:46] INFO: ================================================================================
[2025-10-17 15:08:46] INFO: 
[간격] 60초 후 다음 사이클 실행...
[2025-10-17 15:08:46] INFO:    종료하려면 Ctrl+C를 누르세요.
[2025-10-17 15:09:46] INFO: 
================================================================================
[2025-10-17 15:09:46] INFO: [사이클 2] 2025-10-17 15:09:46
[2025-10-17 15:09:46] INFO: ================================================================================
[2025-10-17 15:09:46] INFO: [OK] Summary 탭에서 69개 종목 로드
[2025-10-17 15:09:46] INFO: 
================================================================================
[2025-10-17 15:09:46] INFO: [OK] 동적 모니터링 사이클 완료
[2025-10-17 15:09:46] INFO:   전체 종목: 69개
[2025-10-17 15:09:46] INFO:   체크한 종목: 0개
[2025-10-17 15:09:46] INFO:   전송 알람: 0개
[2025-10-17 15:09:46] INFO: ================================================================================
[2025-10-17 15:09:46] INFO: 
[간격] 60초 후 다음 사이클 실행...
[2025-10-17 15:09:46] INFO:    종료하려면 Ctrl+C를 누르세요.
[2025-10-17 15:10:46] INFO: 
================================================================================
[2025-10-17 15:10:46] INFO: [사이클 3] 2025-10-17 15:10:46
[2025-10-17 15:10:46] INFO: ================================================================================
[2025-10-17 15:10:46] INFO: [OK] Summary 탭에서 69개 종목 로드
[2025-10-17 15:10:46] INFO: 
[1] 일동제약 (249420) 모니터링 중...
[2025-10-17 15:10:46] INFO:   [현재가] 현재가: 21,750원
[2025-10-17 15:10:46] INFO:   [저가] 저가: 21,500원
[2025-10-17 15:10:46] INFO:   [고가] 고가: 22,850원
[2025-10-17 15:10:46] INFO:   [20일선] 20일선: 26,545원
[2025-10-17 15:10:46] INFO:   [1차매수선] 1차 매수선: 21,286원 (이격도: 2.2%)
[2025-10-17 15:10:46] INFO:   [2차매수선] 2차 매수선: 19,207원 (이격도: 13.2%)
[2025-10-17 15:10:46] INFO:   [3차매수선] 3차 매수선: 17,337원 (이격도: 25.5%)
[2025-10-17 15:10:46] INFO:   [간격] 다음 모니터링 간격: 180초 (3분)
[2025-10-17 15:10:46] INFO: 
[2] 지투지바이오 (456160) 모니터링 중...
[2025-10-17 15:10:47] INFO:   [현재가] 현재가: 167,400원
[2025-10-17 15:10:47] INFO:   [저가] 저가: 166,200원
[2025-10-17 15:10:47] INFO:   [고가] 고가: 179,300원
[2025-10-17 15:10:47] INFO:   [20일선] 20일선: 203,685원
[2025-10-17 15:10:47] INFO:   [1차매수선] 1차 매수선: 163,448원 (이격도: 2.4%)
[2025-10-17 15:10:47] INFO:   [2차매수선] 2차 매수선: 147,603원 (이격도: 13.4%)
[2025-10-17 15:10:47] INFO:   [3차매수선] 3차 매수선: 133,343원 (이격도: 25.5%)
[2025-10-17 15:10:47] INFO:   [간격] 다음 모니터링 간격: 180초 (3분)
[2025-10-17 15:10:47] INFO: 
================================================================================
[2025-10-17 15:10:47] INFO: [OK] 동적 모니터링 사이클 완료
[2025-10-17 15:10:47] INFO:   전체 종목: 69개
[2025-10-17 15:10:47] INFO:   체크한 종목: 2개
[2025-10-17 15:10:47] INFO:   전송 알람: 0개
[2025-10-17 15:10:47] INFO: ================================================================================
[2025-10-17 15:10:47] INFO: 
[간격] 60초 후 다음 사이클 실행...
[2025-10-17 15:10:47] INFO:    종료하려면 Ctrl+C를 누르세요.
[2025-10-17 15:14:17] INFO: ================================================================================
[2025-10-17 15:14:17] INFO: 🔍 실시간 주식 모니터링 시작 (개선된 버전)
[2025-10-17 15:14:17] INFO: ⏰ 기본 모니터링 간격: 60초 (1분)
[2025-10-17 15:14:17] INFO: 📊 동적 간격: 1% 이내(1분), 3% 이내(3분), 10% 이내(10분)
[2025-10-17 15:14:17] INFO: 🎯 저가 기준 터치 감지 활성화
[2025-10-17 15:14:17] INFO: 🕐 모니터링 시간: 08:00-20:00
[2025-10-17 15:14:17] INFO: ================================================================================
[2025-10-17 15:14:17] INFO: 
================================================================================
[2025-10-17 15:14:17] INFO: [사이클 1] 2025-10-17 15:14:17
[2025-10-17 15:14:17] INFO: ================================================================================
[2025-10-17 15:14:17] INFO: ✓ 접근 토큰 발급 성공
[2025-10-17 15:14:17] INFO: [OK] Summary 탭에서 69개 종목 로드
[2025-10-17 15:14:17] INFO: 
[1] 삼성전자 (005930) 모니터링 중...
[2025-10-17 15:14:17] INFO:   [현재가] 현재가: 97,900원
[2025-10-17 15:14:17] INFO:   [저가] 저가: 94,900원
[2025-10-17 15:14:17] INFO:   [고가] 고가: 99,100원
[2025-10-17 15:14:18] INFO:   [20일선] 20일선: 87,585원
[2025-10-17 15:14:18] INFO:   [1차매수선] 1차 매수선: 70,168원 (이격도: 39.5%)
[2025-10-17 15:14:18] INFO:   [2차매수선] 2차 매수선: 63,251원 (이격도: 54.8%)
[2025-10-17 15:14:18] INFO:   [3차매수선] 3차 매수선: 57,026원 (이격도: 71.7%)
[2025-10-17 15:14:18] INFO:   [간격] 다음 모니터링 간격: 1800초 (30분)
[2025-10-17 15:14:18] INFO: 
[2] SK하이닉스 (000660) 모니터링 중...
[2025-10-17 15:14:18] INFO:   [현재가] 현재가: 463,250원
[2025-10-17 15:14:18] INFO:   [저가] 저가: 443,500원
[2025-10-17 15:14:18] INFO:   [고가] 고가: 475,000원
[2025-10-17 15:14:18] INFO:   [20일선] 20일선: 382,900원
[2025-10-17 15:14:18] INFO:   [1차매수선] 1차 매수선: 306,820원 (이격도: 51.0%)
[2025-10-17 15:14:18] INFO:   [2차매수선] 2차 매수선: 276,638원 (이격도: 67.5%)
[2025-10-17 15:14:18] INFO:   [3차매수선] 3차 매수선: 249,474원 (이격도: 85.7%)
[2025-10-17 15:14:18] INFO:   [간격] 다음 모니터링 간격: 1800초 (30분)
[2025-10-17 15:14:18] INFO: 
[3] 두산에너빌리티 (034020) 모니터링 중...
[2025-10-17 15:14:19] INFO:   [현재가] 현재가: 80,200원
[2025-10-17 15:14:19] INFO:   [저가] 저가: 79,800원
[2025-10-17 15:14:19] INFO:   [고가] 고가: 83,600원
[2025-10-17 15:14:19] INFO:   [20일선] 20일선: 68,720원
[2025-10-17 15:14:19] INFO:   [1차매수선] 1차 매수선: 55,076원 (이격도: 45.6%)
[2025-10-17 15:14:19] INFO:   [2차매수선] 2차 매수선: 49,618원 (이격도: 61.6%)
[2025-10-17 15:14:19] INFO:   [3차매수선] 3차 매수선: 44,707원 (이격도: 79.4%)
[2025-10-17 15:14:19] INFO:   [간격] 다음 모니터링 간격: 1800초 (30분)
[2025-10-17 15:14:19] INFO: 
[4] NAVER (035420) 모니터링 중...
[2025-10-17 15:14:20] INFO:   [현재가] 현재가: 255,000원
[2025-10-17 15:14:20] INFO:   [저가] 저가: 254,000원
[2025-10-17 15:14:20] INFO:   [고가] 고가: 262,500원
[2025-10-17 15:14:20] INFO:   [20일선] 20일선: 250,500원
[2025-10-17 15:14:20] INFO:   [1차매수선] 1차 매수선: 200,900원 (이격도: 26.9%)
[2025-10-17 15:14:20] INFO:   [2차매수선] 2차 매수선: 181,310원 (이격도: 40.6%)
[2025-10-17 15:14:20] INFO:   [3차매수선] 3차 매수선: 163,679원 (이격도: 55.8%)
[2025-10-17 15:14:20] INFO:   [간격] 다음 모니터링 간격: 1800초 (30분)
[2025-10-17 15:14:20] INFO: 
[5] 한미반도체 (042700) 모니터링 중...
[2025-10-17 15:14:21] INFO:   [현재가] 현재가: 141,800원
[2025-10-17 15:14:21] INFO:   [저가] 저가: 140,900원
[2025-10-17 15:14:21] INFO:   [고가] 고가: 147,900원
[2025-10-17 15:14:21] INFO:   [20일선] 20일선: 108,630원
[2025-10-17 15:14:21] INFO:   [1차매수선] 1차 매수선: 87,004원 (이격도: 63.0%)
[2025-10-17 15:14:21] INFO:   [2차매수선] 2차 매수선: 78,404원 (이격도: 80.9%)
[2025-10-17 15:14:21] INFO:   [3차매수선] 3차 매수선: 70,663원 (이격도: 100.7%)
[2025-10-17 15:14:21] INFO:   [간격] 다음 모니터링 간격: 1800초 (30분)
[2025-10-17 15:14:21] INFO: 
[6] 에코프로비엠 (247540) 모니터링 중...
[2025-10-17 15:14:22] INFO:   [현재가] 현재가: 161,900원
[2025-10-17 15:14:22] INFO:   [저가] 저가: 138,600원
[2025-10-17 15:14:22] INFO:   [고가] 고가: 167,400원
[2025-10-17 15:14:22] INFO:   [20일선] 20일선: 123,815원
[2025-10-17 15:14:22] INFO:   [1차매수선] 1차 매수선: 99,152원 (이격도: 63.3%)
[2025-10-17 15:14:22] INFO:   [2차매수선] 2차 매수선: 89,337원 (이격도: 81.2%)
[2025-10-17 15:14:22] INFO:   [3차매수선] 3차 매수선: 80,503원 (이격도: 101.1%)
[2025-10-17 15:14:22] INFO:   [간격] 다음 모니터링 간격: 1800초 (30분)
[2025-10-17 15:14:22] INFO: 
[7] 삼성SDI (006400) 모니터링 중...
[2025-10-17 15:14:23] INFO:   [현재가] 현재가: 256,500원
[2025-10-17 15:14:23] INFO:   [저가] 저가: 228,000원
[2025-10-17 15:14:23] INFO:   [고가] 고가: 259,500원
[2025-10-17 15:14:23] INFO:   [20일선] 20일선: 214,275원
[2025-10-17 15:14:23] INFO:   [1차매수선] 1차 매수선: 171,920원 (이격도: 49.2%)
[2025-10-17 15:14:23] INFO:   [2차매수선] 2차 매수선: 155,228원 (이격도: 65.2%)
[2025-10-17 15:14:23] INFO:   [3차매수선] 3차 매수선: 140,205원 (이격도: 82.9%)
[2025-10-17 15:14:23] INFO:   [간격] 다음 모니터링 간격: 1800초 (30분)
[2025-10-17 15:14:23] INFO: 
[8] 한라캐스트 (125490) 모니터링 중...
[2025-10-17 15:14:24] INFO:   [현재가] 현재가: 11,250원
[2025-10-17 15:14:24] INFO:   [저가] 저가: 11,050원
[2025-10-17 15:14:24] INFO:   [고가] 고가: 12,250원
[2025-10-17 15:14:24] INFO:   [20일선] 20일선: 8,748원
[2025-10-17 15:14:24] INFO:   [1차매수선] 1차 매수선: 7,009원 (이격도: 60.5%)
[2025-10-17 15:14:24] INFO:   [2차매수선] 2차 매수선: 6,318원 (이격도: 78.1%)
[2025-10-17 15:14:24] INFO:   [3차매수선] 3차 매수선: 5,696원 (이격도: 97.5%)
[2025-10-17 15:14:24] INFO:   [간격] 다음 모니터링 간격: 1800초 (30분)
[2025-10-17 15:14:24] INFO: 
[9] 에코프로 (086520) 모니터링 중...
[2025-10-17 15:14:25] INFO:   [현재가] 현재가: 73,250원
[2025-10-17 15:14:25] INFO:   [저가] 저가: 58,600원
[2025-10-17 15:14:25] INFO:   [고가] 고가: 73,900원
[2025-10-17 15:14:25] INFO:   [20일선] 20일선: 51,800원
[2025-10-17 15:14:25] INFO:   [1차매수선] 1차 매수선: 41,490원 (이격도: 76.5%)
[2025-10-17 15:14:25] INFO:   [2차매수선] 2차 매수선: 37,391원 (이격도: 95.9%)
[2025-10-17 15:14:25] INFO:   [3차매수선] 3차 매수선: 33,702원 (이격도: 117.3%)
[2025-10-17 15:14:25] INFO:   [간격] 다음 모니터링 간격: 1800초 (30분)
[2025-10-17 15:14:25] INFO: 
[10] 에코프로머티 (450080) 모니터링 중...
[2025-10-17 15:14:26] INFO:   [현재가] 현재가: 66,100원
[2025-10-17 15:14:26] INFO:   [저가] 저가: 60,900원
[2025-10-17 15:14:26] INFO:   [고가] 고가: 69,200원
[2025-10-17 15:14:26] INFO:   [20일선] 20일선: 51,952원
[2025-10-17 15:14:26] INFO:   [1차매수선] 1차 매수선: 41,612원 (이격도: 58.8%)
[2025-10-17 15:14:26] INFO:   [2차매수선] 2차 매수선: 37,501원 (이격도: 76.3%)
[2025-10-17 15:14:26] INFO:   [3차매수선] 3차 매수선: 33,801원 (이격도: 95.6%)
[2025-10-17 15:14:26] INFO:   [간격] 다음 모니터링 간격: 1800초 (30분)
[2025-10-17 15:14:26] INFO: 
[11] LG에너지솔루션 (373220) 모니터링 중...
[2025-10-17 15:14:27] INFO:   [현재가] 현재가: 434,500원
[2025-10-17 15:14:27] INFO:   [저가] 저가: 406,500원
[2025-10-17 15:14:27] INFO:   [고가] 고가: 443,000원
[2025-10-17 15:14:27] INFO:   [20일선] 20일선: 369,700원
[2025-10-17 15:14:27] INFO:   [1차매수선] 1차 매수선: 296,260원 (이격도: 46.7%)
[2025-10-17 15:14:27] INFO:   [2차매수선] 2차 매수선: 267,134원 (이격도: 62.7%)
[2025-10-17 15:14:27] INFO:   [3차매수선] 3차 매수선: 240,921원 (이격도: 80.3%)
[2025-10-17 15:14:27] INFO:   [간격] 다음 모니터링 간격: 1800초 (30분)
[2025-10-17 15:14:27] INFO: 
[12] 클로봇 (466100) 모니터링 중...
[2025-10-17 15:14:27] INFO:   [현재가] 현재가: 41,900원
[2025-10-17 15:14:27] INFO:   [저가] 저가: 41,450원
[2025-10-17 15:14:27] INFO:   [고가] 고가: 45,000원
[2025-10-17 15:14:28] INFO:   [20일선] 20일선: 33,030원
[2025-10-17 15:14:28] INFO:   [1차매수선] 1차 매수선: 26,474원 (이격도: 58.3%)
[2025-10-17 15:14:28] INFO:   [2차매수선] 2차 매수선: 23,877원 (이격도: 75.5%)
[2025-10-17 15:14:28] INFO:   [3차매수선] 3차 매수선: 21,539원 (이격도: 94.5%)
[2025-10-17 15:14:28] INFO:   [간격] 다음 모니터링 간격: 1800초 (30분)
[2025-10-17 15:14:28] INFO: 
[13] 로보티즈 (108490) 모니터링 중...
[2025-10-17 15:14:28] INFO:   [현재가] 현재가: 192,300원
[2025-10-17 15:14:28] INFO:   [저가] 저가: 190,900원
[2025-10-17 15:14:28] INFO:   [고가] 고가: 202,500원
[2025-10-17 15:14:28] INFO:   [20일선] 20일선: 158,030원
[2025-10-17 15:14:28] INFO:   [1차매수선] 1차 매수선: 126,924원 (이격도: 51.5%)
[2025-10-17 15:14:28] INFO:   [2차매수선] 2차 매수선: 114,732원 (이격도: 67.6%)
[2025-10-17 15:14:28] INFO:   [3차매수선] 3차 매수선: 103,758원 (이격도: 85.3%)
[2025-10-17 15:14:28] INFO:   [간격] 다음 모니터링 간격: 1800초 (30분)
[2025-10-17 15:14:28] INFO: 
[14] 삼성전자우 (005935) 모니터링 중...
[2025-10-17 15:14:29] INFO:   [현재가] 현재가: 74,800원
[2025-10-17 15:14:29] INFO:   [저가] 저가: 74,400원
[2025-10-17 15:14:29] INFO:   [고가] 고가: 76,000원
[2025-10-17 15:14:29] INFO:   [20일선] 20일선: 68,920원
[2025-10-17 15:14:29] INFO:   [1차매수선] 1차 매수선: 55,236원 (이격도: 35.4%)
[2025-10-17 15:14:29] INFO:   [2차매수선] 2차 매수선: 49,762원 (이격도: 50.3%)
[2025-10-17 15:14:29] INFO:   [3차매수선] 3차 매수선: 44,836원 (이격도: 66.8%)
[2025-10-17 15:14:29] INFO:   [간격] 다음 모니터링 간격: 1800초 (30분)
[2025-10-17 15:14:29] INFO: 
[15] 일동제약 (249420) 모니터링 중...
[2025-10-17 15:14:30] INFO:   [현재가] 현재가: 21,800원
[2025-10-17 15:14:30] INFO:   [저가] 저가: 21,500원
[2025-10-17 15:14:30] INFO:   [고가] 고가: 22,850원
[2025-10-17 15:14:30] INFO:   [20일선] 20일선: 26,550원
[2025-10-17 15:14:30] INFO:   [1차매수선] 1차 매수선: 21,290원 (이격도: 2.4%)
[2025-10-17 15:14:30] INFO:   [2차매수선] 2차 매수선: 19,211원 (이격도: 13.5%)
[2025-10-17 15:14:30] INFO:   [3차매수선] 3차 매수선: 17,340원 (이격도: 25.7%)
[2025-10-17 15:14:30] INFO:   [간격] 다음 모니터링 간격: 180초 (3분)
[2025-10-17 15:14:32] INFO: ✓ 텔레그램 전송 성공: me
[2025-10-17 15:14:33] INFO: ✓ 텔레그램 전송 성공: yoonjoo
[2025-10-17 15:14:34] INFO: ✓ 텔레그램 전송 성공: minjeong
[2025-10-17 15:14:35] INFO: ✓ 텔레그램 전송 성공: jumeoni
[2025-10-17 15:14:35] INFO: 🔴 일동제약 (249420): 1차 매수선 저가 기준 1% 인접 알람 전송
[2025-10-17 15:14:35] INFO: 
[16] 우리기술투자 (041190) 모니터링 중...
[2025-10-17 15:14:36] INFO:   [현재가] 현재가: 9,160원
[2025-10-17 15:14:36] INFO:   [저가] 저가: 9,070원
[2025-10-17 15:14:36] INFO:   [고가] 고가: 9,870원
[2025-10-17 15:14:36] INFO:   [20일선] 20일선: 10,652원
[2025-10-17 15:14:36] INFO:   [1차매수선] 1차 매수선: 8,532원 (이격도: 7.4%)
[2025-10-17 15:14:36] INFO:   [2차매수선] 2차 매수선: 7,689원 (이격도: 19.1%)
[2025-10-17 15:14:36] INFO:   [3차매수선] 3차 매수선: 6,930원 (이격도: 32.2%)
[2025-10-17 15:14:36] INFO:   [간격] 다음 모니터링 간격: 600초 (10분)
[2025-10-17 15:14:36] INFO: 
[17] NHN KCP (060250) 모니터링 중...
[2025-10-17 15:14:37] INFO:   [현재가] 현재가: 16,370원
[2025-10-17 15:14:37] INFO:   [저가] 저가: 16,340원
[2025-10-17 15:14:37] INFO:   [고가] 고가: 17,290원
[2025-10-17 15:14:37] INFO:   [20일선] 20일선: 16,799원
[2025-10-17 15:14:37] INFO:   [1차매수선] 1차 매수선: 13,489원 (이격도: 21.4%)
[2025-10-17 15:14:37] INFO:   [2차매수선] 2차 매수선: 12,190원 (이격도: 34.3%)
[2025-10-17 15:14:37] INFO:   [3차매수선] 3차 매수선: 11,021원 (이격도: 48.5%)
[2025-10-17 15:14:37] INFO:   [간격] 다음 모니터링 간격: 1800초 (30분)
[2025-10-17 15:14:37] INFO: 
[18] 카카오 (035720) 모니터링 중...
[2025-10-17 15:14:38] INFO:   [현재가] 현재가: 58,050원
[2025-10-17 15:14:38] INFO:   [저가] 저가: 57,900원
[2025-10-17 15:14:38] INFO:   [고가] 고가: 59,500원
[2025-10-17 15:14:38] INFO:   [20일선] 20일선: 61,350원
[2025-10-17 15:14:38] INFO:   [1차매수선] 1차 매수선: 49,130원 (이격도: 18.2%)
[2025-10-17 15:14:38] INFO:   [2차매수선] 2차 매수선: 44,267원 (이격도: 31.1%)
[2025-10-17 15:14:38] INFO:   [3차매수선] 3차 매수선: 39,890원 (이격도: 45.5%)
[2025-10-17 15:14:38] INFO:   [간격] 다음 모니터링 간격: 1800초 (30분)
[2025-10-17 15:14:38] INFO: 
[19] 레인보우로보틱스 (277810) 모니터링 중...
[2025-10-17 15:14:39] INFO:   [현재가] 현재가: 331,000원
[2025-10-17 15:14:39] INFO:   [저가] 저가: 331,000원
[2025-10-17 15:14:39] INFO:   [고가] 고가: 347,000원
[2025-10-17 15:14:39] INFO:   [20일선] 20일선: 316,550원
[2025-10-17 15:14:39] INFO:   [1차매수선] 1차 매수선: 253,740원 (이격도: 30.4%)
[2025-10-17 15:14:39] INFO:   [2차매수선] 2차 매수선: 228,866원 (이격도: 44.6%)
[2025-10-17 15:14:39] INFO:   [3차매수선] 3차 매수선: 206,479원 (이격도: 60.3%)
[2025-10-17 15:14:39] INFO:   [간격] 다음 모니터링 간격: 1800초 (30분)
[2025-10-17 15:14:39] INFO: 
[20] 알테오젠 (196170) 모니터링 중...
[2025-10-17 15:14:40] INFO:   [현재가] 현재가: 432,000원
[2025-10-17 15:14:40] INFO:   [저가] 저가: 426,000원
[2025-10-17 15:14:40] INFO:   [고가] 고가: 448,000원
[2025-10-17 15:14:40] INFO:   [20일선] 20일선: 460,650원
[2025-10-17 15:14:40] INFO:   [1차매수선] 1차 매수선: 369,020원 (이격도: 17.1%)
[2025-10-17 15:14:40] INFO:   [2차매수선] 2차 매수선: 332,618원 (이격도: 29.9%)
[2025-10-17 15:14:40] INFO:   [3차매수선] 3차 매수선: 299,856원 (이격도: 44.1%)
[2025-10-17 15:14:40] INFO:   [간격] 다음 모니터링 간격: 1800초 (30분)
[2025-10-17 15:14:40] INFO: 
[21] 셀트리온 (068270) 모니터링 중...
[2025-10-17 15:14:40] INFO:   [현재가] 현재가: 174,900원
[2025-10-17 15:14:40] INFO:   [저가] 저가: 173,050원
[2025-10-17 15:14:40] INFO:   [고가] 고가: 176,500원
[2025-10-17 15:14:40] INFO:   [20일선] 20일선: 173,810원
[2025-10-17 15:14:40] INFO:   [1차매수선] 1차 매수선: 139,548원 (이격도: 25.3%)
[2025-10-17 15:14:40] INFO:   [2차매수선] 2차 매수선: 126,093원 (이격도: 38.7%)
[2025-10-17 15:14:40] INFO:   [3차매수선] 3차 매수선: 113,984원 (이격도: 53.4%)
[2025-10-17 15:14:40] INFO:   [간격] 다음 모니터링 간격: 1800초 (30분)
[2025-10-17 15:14:40] INFO: 
[22] 디앤디파마텍 (347850) 모니터링 중...
[2025-10-17 15:14:41] INFO:   [현재가] 현재가: 160,800원
[2025-10-17 15:14:41] INFO:   [저가] 저가: 159,800원
[2025-10-17 15:14:41] INFO:   [고가] 고가: 172,900원
[2025-10-17 15:14:41] INFO:   [20일선] 20일선: 184,465원
[2025-10-17 15:14:41] INFO:   [1차매수선] 1차 매수선: 148,072원 (이격도: 8.6%)
[2025-10-17 15:14:41] INFO:   [2차매수선] 2차 매수선: 133,765원 (이격도: 20.2%)
[2025-10-17 15:14:41] INFO:   [3차매수선] 3차 매수선: 120,888원 (이격도: 33.0%)
[2025-10-17 15:14:41] INFO:   [간격] 다음 모니터링 간격: 600초 (10분)
[2025-10-17 15:14:41] INFO: 
[23] 삼천당제약 (000250) 모니터링 중...
[2025-10-17 15:14:42] INFO:   [현재가] 현재가: 201,000원
[2025-10-17 15:14:42] INFO:   [저가] 저가: 197,000원
[2025-10-17 15:14:42] INFO:   [고가] 고가: 204,500원
[2025-10-17 15:14:42] INFO:   [20일선] 20일선: 217,708원
[2025-10-17 15:14:42] INFO:   [1차매수선] 1차 매수선: 174,666원 (이격도: 15.1%)
[2025-10-17 15:14:42] INFO:   [2차매수선] 2차 매수선: 157,699원 (이격도: 27.5%)
[2025-10-17 15:14:42] INFO:   [3차매수선] 3차 매수선: 142,429원 (이격도: 41.1%)
[2025-10-17 15:14:42] INFO:   [간격] 다음 모니터링 간격: 1800초 (30분)
[2025-10-17 15:14:42] INFO: 
[24] 다날 (064260) 모니터링 중...
[2025-10-17 15:14:43] INFO:   [현재가] 현재가: 8,940원
[2025-10-17 15:14:43] INFO:   [저가] 저가: 8,920원
[2025-10-17 15:14:43] INFO:   [고가] 고가: 9,470원
[2025-10-17 15:14:43] INFO:   [20일선] 20일선: 9,766원
[2025-10-17 15:14:43] INFO:   [1차매수선] 1차 매수선: 7,823원 (이격도: 14.3%)
[2025-10-17 15:14:43] INFO:   [2차매수선] 2차 매수선: 7,051원 (이격도: 26.8%)
[2025-10-17 15:14:43] INFO:   [3차매수선] 3차 매수선: 6,356원 (이격도: 40.7%)
[2025-10-17 15:14:43] INFO:   [간격] 다음 모니터링 간격: 1800초 (30분)
[2025-10-17 15:14:43] INFO: 
[25] 현대로템 (064350) 모니터링 중...
[2025-10-17 15:14:44] INFO:   [현재가] 현재가: 201,500원
[2025-10-17 15:14:44] INFO:   [저가] 저가: 201,500원
[2025-10-17 15:14:44] INFO:   [고가] 고가: 209,500원
[2025-10-17 15:14:44] INFO:   [20일선] 20일선: 215,875원
[2025-10-17 15:14:44] INFO:   [1차매수선] 1차 매수선: 173,200원 (이격도: 16.3%)
[2025-10-17 15:14:44] INFO:   [2차매수선] 2차 매수선: 156,380원 (이격도: 28.9%)
[2025-10-17 15:14:44] INFO:   [3차매수선] 3차 매수선: 141,242원 (이격도: 42.7%)
[2025-10-17 15:14:44] INFO:   [간격] 다음 모니터링 간격: 1800초 (30분)
[2025-10-17 15:14:44] INFO: 
[26] 로보스타 (090360) 모니터링 중...
[2025-10-17 15:14:45] INFO:   [현재가] 현재가: 64,000원
[2025-10-17 15:14:45] INFO:   [저가] 저가: 63,700원
[2025-10-17 15:14:45] INFO:   [고가] 고가: 70,800원
[2025-10-17 15:14:45] INFO:   [20일선] 20일선: 50,285원
[2025-10-17 15:14:45] INFO:   [1차매수선] 1차 매수선: 40,278원 (이격도: 58.9%)
[2025-10-17 15:14:45] INFO:   [2차매수선] 2차 매수선: 36,300원 (이격도: 76.3%)
[2025-10-17 15:14:45] INFO:   [3차매수선] 3차 매수선: 32,720원 (이격도: 95.6%)
[2025-10-17 15:14:45] INFO:   [간격] 다음 모니터링 간격: 1800초 (30분)
[2025-10-17 15:14:45] INFO: 
[27] 한국항공우주 (047810) 모니터링 중...
[2025-10-17 15:14:46] INFO:   [현재가] 현재가: 95,400원
[2025-10-17 15:14:46] INFO:   [저가] 저가: 95,100원
[2025-10-17 15:14:46] INFO:   [고가] 고가: 99,600원
[2025-10-17 15:14:46] INFO:   [20일선] 20일선: 104,800원
[2025-10-17 15:14:46] INFO:   [1차매수선] 1차 매수선: 83,940원 (이격도: 13.7%)
[2025-10-17 15:14:46] INFO:   [2차매수선] 2차 매수선: 75,646원 (이격도: 26.1%)
[2025-10-17 15:14:46] INFO:   [3차매수선] 3차 매수선: 68,181원 (이격도: 39.9%)
[2025-10-17 15:14:46] INFO:   [간격] 다음 모니터링 간격: 1800초 (30분)
[2025-10-17 15:14:46] INFO: 
[28] 한화오션 (042660) 모니터링 중...
[2025-10-17 15:14:47] INFO:   [현재가] 현재가: 107,000원
[2025-10-17 15:14:47] INFO:   [저가] 저가: 105,500원
[2025-10-17 15:14:47] INFO:   [고가] 고가: 113,700원
[2025-10-17 15:14:47] INFO:   [20일선] 20일선: 109,150원
[2025-10-17 15:14:47] INFO:   [1차매수선] 1차 매수선: 87,420원 (이격도: 22.4%)
[2025-10-17 15:14:47] INFO:   [2차매수선] 2차 매수선: 78,778원 (이격도: 35.8%)
[2025-10-17 15:14:47] INFO:   [3차매수선] 3차 매수선: 71,000원 (이격도: 50.7%)
[2025-10-17 15:14:47] INFO:   [간격] 다음 모니터링 간격: 1800초 (30분)
[2025-10-17 15:14:47] INFO: 
[29] 지투지바이오 (456160) 모니터링 중...
[2025-10-17 15:14:48] INFO:   [현재가] 현재가: 166,300원
[2025-10-17 15:14:48] INFO:   [저가] 저가: 166,100원
[2025-10-17 15:14:48] INFO:   [고가] 고가: 179,300원
[2025-10-17 15:14:48] INFO:   [20일선] 20일선: 203,575원
[2025-10-17 15:14:48] INFO:   [1차매수선] 1차 매수선: 163,360원 (이격도: 1.8%)
[2025-10-17 15:14:48] INFO:   [2차매수선] 2차 매수선: 147,524원 (이격도: 12.7%)
[2025-10-17 15:14:48] INFO:   [3차매수선] 3차 매수선: 133,272원 (이격도: 24.8%)
[2025-10-17 15:14:48] INFO:   [간격] 다음 모니터링 간격: 180초 (3분)
[2025-10-17 15:14:49] INFO: ✓ 텔레그램 전송 성공: me
[2025-10-17 15:14:50] INFO: ✓ 텔레그램 전송 성공: yoonjoo
[2025-10-17 15:14:52] INFO: ✓ 텔레그램 전송 성공: minjeong
[2025-10-17 15:14:53] INFO: ✓ 텔레그램 전송 성공: jumeoni
[2025-10-17 15:14:53] INFO: 🟠 지투지바이오 (456160): 1차 매수선 저가 기준 3% 인접 알람 전송
[2025-10-17 15:14:53] INFO: 
[30] 농심 (004370) 모니터링 중...
[2025-10-17 15:14:53] INFO:   [현재가] 현재가: 429,500원
[2025-10-17 15:14:53] INFO:   [저가] 저가: 424,000원
[2025-10-17 15:14:53] INFO:   [고가] 고가: 435,000원
[2025-10-17 15:14:53] INFO:   [20일선] 20일선: 448,575원
[2025-10-17 15:14:53] INFO:   [1차매수선] 1차 매수선: 359,360원 (이격도: 19.5%)
[2025-10-17 15:14:53] INFO:   [2차매수선] 2차 매수선: 323,924원 (이격도: 32.6%)
[2025-10-17 15:14:53] INFO:   [3차매수선] 3차 매수선: 292,032원 (이격도: 47.1%)
[2025-10-17 15:14:53] INFO:   [간격] 다음 모니터링 간격: 1800초 (30분)
[2025-10-17 15:14:53] INFO: 
[31] SK오션플랜트 (100090) 모니터링 중...
[2025-10-17 15:14:54] INFO:   [현재가] 현재가: 21,200원
[2025-10-17 15:14:54] INFO:   [저가] 저가: 20,900원
[2025-10-17 15:14:54] INFO:   [고가] 고가: 22,500원
[2025-10-17 15:14:54] INFO:   [20일선] 20일선: 24,452원
[2025-10-17 15:14:54] INFO:   [1차매수선] 1차 매수선: 19,612원 (이격도: 8.1%)
[2025-10-17 15:14:54] INFO:   [2차매수선] 2차 매수선: 17,701원 (이격도: 19.8%)
[2025-10-17 15:14:54] INFO:   [3차매수선] 3차 매수선: 15,981원 (이격도: 32.7%)
[2025-10-17 15:14:54] INFO:   [간격] 다음 모니터링 간격: 600초 (10분)
[2025-10-17 15:14:54] INFO: 
[32] HJ중공업 (097230) 모니터링 중...
[2025-10-17 15:14:55] INFO:   [현재가] 현재가: 25,450원
[2025-10-17 15:14:55] INFO:   [저가] 저가: 25,100원
[2025-10-17 15:14:55] INFO:   [고가] 고가: 27,750원
[2025-10-17 15:14:55] INFO:   [20일선] 20일선: 27,348원
[2025-10-17 15:14:55] INFO:   [1차매수선] 1차 매수선: 21,928원 (이격도: 16.1%)
[2025-10-17 15:14:55] INFO:   [2차매수선] 2차 매수선: 19,785원 (이격도: 28.6%)
[2025-10-17 15:14:55] INFO:   [3차매수선] 3차 매수선: 17,857원 (이격도: 42.5%)
[2025-10-17 15:14:55] INFO:   [간격] 다음 모니터링 간격: 1800초 (30분)
[2025-10-17 15:14:55] INFO: 
[33] 세진중공업 (075580) 모니터링 중...
[2025-10-17 15:14:56] INFO:   [현재가] 현재가: 20,150원
[2025-10-17 15:14:56] INFO:   [저가] 저가: 20,050원
[2025-10-17 15:14:56] INFO:   [고가] 고가: 22,200원
[2025-10-17 15:14:56] INFO:   [20일선] 20일선: 21,380원
[2025-10-17 15:14:56] INFO:   [1차매수선] 1차 매수선: 17,154원 (이격도: 17.5%)
[2025-10-17 15:14:56] INFO:   [2차매수선] 2차 매수선: 15,488원 (이격도: 30.1%)
[2025-10-17 15:14:56] INFO:   [3차매수선] 3차 매수선: 13,989원 (이격도: 44.0%)
[2025-10-17 15:14:56] INFO:   [간격] 다음 모니터링 간격: 1800초 (30분)
[2025-10-17 15:14:56] INFO: 
[34] 엘앤씨바이오 (290650) 모니터링 중...
[2025-10-17 15:14:57] INFO:   [현재가] 현재가: 48,750원
[2025-10-17 15:14:57] INFO:   [저가] 저가: 48,700원
[2025-10-17 15:14:57] INFO:   [고가] 고가: 57,700원
[2025-10-17 15:14:57] INFO:   [20일선] 20일선: 54,052원
[2025-10-17 15:14:57] INFO:   [1차매수선] 1차 매수선: 43,292원 (이격도: 12.6%)
[2025-10-17 15:14:57] INFO:   [2차매수선] 2차 매수선: 39,013원 (이격도: 25.0%)
[2025-10-17 15:14:57] INFO:   [3차매수선] 3차 매수선: 35,162원 (이격도: 38.6%)
[2025-10-17 15:14:57] INFO:   [간격] 다음 모니터링 간격: 1800초 (30분)
[2025-10-17 15:14:57] INFO: 
[35] 한화엔진 (082740) 모니터링 중...
[2025-10-17 15:14:58] INFO:   [현재가] 현재가: 46,400원
[2025-10-17 15:14:58] INFO:   [저가] 저가: 46,200원
[2025-10-17 15:14:58] INFO:   [고가] 고가: 49,250원
[2025-10-17 15:14:58] INFO:   [20일선] 20일선: 45,085원
[2025-10-17 15:14:58] INFO:   [1차매수선] 1차 매수선: 36,118원 (이격도: 28.5%)
[2025-10-17 15:14:58] INFO:   [2차매수선] 2차 매수선: 32,556원 (이격도: 42.5%)
[2025-10-17 15:14:58] INFO:   [3차매수선] 3차 매수선: 29,351원 (이격도: 58.1%)
[2025-10-17 15:14:58] INFO:   [간격] 다음 모니터링 간격: 1800초 (30분)
[2025-10-17 15:14:58] INFO: 
[36] 현대힘스 (460930) 모니터링 중...
[2025-10-17 15:14:59] INFO:   [현재가] 현재가: 22,500원
[2025-10-17 15:14:59] INFO:   [저가] 저가: 22,500원
[2025-10-17 15:14:59] INFO:   [고가] 고가: 23,900원
[2025-10-17 15:14:59] INFO:   [20일선] 20일선: 25,360원
[2025-10-17 15:14:59] INFO:   [1차매수선] 1차 매수선: 20,338원 (이격도: 10.6%)
[2025-10-17 15:14:59] INFO:   [2차매수선] 2차 매수선: 18,354원 (이격도: 22.6%)
[2025-10-17 15:14:59] INFO:   [3차매수선] 3차 매수선: 16,569원 (이격도: 35.8%)
[2025-10-17 15:14:59] INFO:   [간격] 다음 모니터링 간격: 1800초 (30분)
[2025-10-17 15:14:59] INFO: 
[37] HD한국조선해양 (009540) 모니터링 중...
[2025-10-17 15:15:00] INFO:   [현재가] 현재가: 421,500원
[2025-10-17 15:15:00] INFO:   [저가] 저가: 419,500원
[2025-10-17 15:15:00] INFO:   [고가] 고가: 434,500원
[2025-10-17 15:15:00] INFO:   [20일선] 20일선: 411,800원
[2025-10-17 15:15:00] INFO:   [1차매수선] 1차 매수선: 329,940원 (이격도: 27.8%)
[2025-10-17 15:15:00] INFO:   [2차매수선] 2차 매수선: 297,446원 (이격도: 41.7%)
[2025-10-17 15:15:00] INFO:   [3차매수선] 3차 매수선: 268,201원 (이격도: 57.2%)
[2025-10-17 15:15:00] INFO:   [간격] 다음 모니터링 간격: 1800초 (30분)
[2025-10-17 15:15:00] INFO: 
[38] HD현대미포 (010620) 모니터링 중...
[2025-10-17 15:15:01] INFO:   [현재가] 현재가: 200,500원
[2025-10-17 15:15:01] INFO:   [저가] 저가: 200,000원
[2025-10-17 15:15:01] INFO:   [고가] 고가: 206,000원
[2025-10-17 15:15:01] INFO:   [20일선] 20일선: 199,390원
[2025-10-17 15:15:01] INFO:   [1차매수선] 1차 매수선: 160,012원 (이격도: 25.3%)
[2025-10-17 15:15:01] INFO:   [2차매수선] 2차 매수선: 144,511원 (이격도: 38.7%)
[2025-10-17 15:15:01] INFO:   [3차매수선] 3차 매수선: 130,560원 (이격도: 53.6%)
[2025-10-17 15:15:01] INFO:   [간격] 다음 모니터링 간격: 1800초 (30분)
[2025-10-17 15:15:01] INFO: 
[39] 삼성중공업 (010140) 모니터링 중...
[2025-10-17 15:15:02] INFO:   [현재가] 현재가: 22,450원
[2025-10-17 15:15:02] INFO:   [저가] 저가: 21,950원
[2025-10-17 15:15:02] INFO:   [고가] 고가: 22,700원
[2025-10-17 15:15:02] INFO:   [20일선] 20일선: 21,735원
[2025-10-17 15:15:02] INFO:   [1차매수선] 1차 매수선: 17,438원 (이격도: 28.7%)
[2025-10-17 15:15:02] INFO:   [2차매수선] 2차 매수선: 15,744원 (이격도: 42.6%)
[2025-10-17 15:15:02] INFO:   [3차매수선] 3차 매수선: 14,220원 (이격도: 57.9%)
[2025-10-17 15:15:02] INFO:   [간격] 다음 모니터링 간격: 1800초 (30분)
[2025-10-17 15:15:02] INFO: 
[40] 효성중공업 (298040) 모니터링 중...
[2025-10-17 15:15:03] INFO:   [현재가] 현재가: 1,581,000원
[2025-10-17 15:15:03] INFO:   [저가] 저가: 1,570,000원
[2025-10-17 15:15:03] INFO:   [고가] 고가: 1,625,000원
[2025-10-17 15:15:03] INFO:   [20일선] 20일선: 1,436,150원
[2025-10-17 15:15:03] INFO:   [1차매수선] 1차 매수선: 1,149,920원 (이격도: 37.5%)
[2025-10-17 15:15:03] INFO:   [2차매수선] 2차 매수선: 1,035,928원 (이격도: 52.6%)
[2025-10-17 15:15:03] INFO:   [3차매수선] 3차 매수선: 933,335원 (이격도: 69.4%)
[2025-10-17 15:15:03] INFO:   [간격] 다음 모니터링 간격: 1800초 (30분)
[2025-10-17 15:15:03] INFO: 
[41] LIG넥스원 (079550) 모니터링 중...
[2025-10-17 15:15:04] INFO:   [현재가] 현재가: 432,000원
[2025-10-17 15:15:04] INFO:   [저가] 저가: 430,500원
[2025-10-17 15:15:04] INFO:   [고가] 고가: 452,000원
[2025-10-17 15:15:04] INFO:   [20일선] 20일선: 487,075원
[2025-10-17 15:15:04] INFO:   [1차매수선] 1차 매수선: 390,160원 (이격도: 10.7%)
[2025-10-17 15:15:04] INFO:   [2차매수선] 2차 매수선: 351,644원 (이격도: 22.9%)
[2025-10-17 15:15:04] INFO:   [3차매수선] 3차 매수선: 316,980원 (이격도: 36.3%)
[2025-10-17 15:15:04] INFO:   [간격] 다음 모니터링 간격: 1800초 (30분)
[2025-10-17 15:15:04] INFO: 
[42] 에스엔시스 (0008Z0) 모니터링 중...
[2025-10-17 15:15:05] INFO:   [현재가] 현재가: 40,200원
[2025-10-17 15:15:05] INFO:   [저가] 저가: 40,150원
[2025-10-17 15:15:05] INFO:   [고가] 고가: 42,350원
[2025-10-17 15:15:05] INFO:   [20일선] 20일선: 41,465원
[2025-10-17 15:15:05] INFO:   [1차매수선] 1차 매수선: 33,222원 (이격도: 21.0%)
[2025-10-17 15:15:05] INFO:   [2차매수선] 2차 매수선: 29,950원 (이격도: 34.2%)
[2025-10-17 15:15:05] INFO:   [3차매수선] 3차 매수선: 27,005원 (이격도: 48.9%)
[2025-10-17 15:15:05] INFO:   [간격] 다음 모니터링 간격: 1800초 (30분)
[2025-10-17 15:15:05] INFO: 
[43] 삼양컴텍 (484590) 모니터링 중...
[2025-10-17 15:15:06] INFO:   [현재가] 현재가: 16,010원
[2025-10-17 15:15:06] INFO:   [저가] 저가: 15,950원
[2025-10-17 15:15:06] INFO:   [고가] 고가: 16,540원
[2025-10-17 15:15:06] INFO:   [20일선] 20일선: 18,236원
[2025-10-17 15:15:06] INFO:   [1차매수선] 1차 매수선: 14,639원 (이격도: 9.4%)
[2025-10-17 15:15:06] INFO:   [2차매수선] 2차 매수선: 13,225원 (이격도: 21.1%)
[2025-10-17 15:15:06] INFO:   [3차매수선] 3차 매수선: 11,953원 (이격도: 33.9%)
[2025-10-17 15:15:06] INFO:   [간격] 다음 모니터링 간격: 600초 (10분)
[2025-10-17 15:15:06] INFO: 
[44] 에이비엘바이오 (298380) 모니터링 중...
[2025-10-17 15:15:06] INFO:   [현재가] 현재가: 85,600원
[2025-10-17 15:15:06] INFO:   [저가] 저가: 84,600원
[2025-10-17 15:15:06] INFO:   [고가] 고가: 89,400원
[2025-10-17 15:15:07] INFO:   [20일선] 20일선: 95,470원
[2025-10-17 15:15:07] INFO:   [1차매수선] 1차 매수선: 76,476원 (이격도: 11.9%)
[2025-10-17 15:15:07] INFO:   [2차매수선] 2차 매수선: 68,928원 (이격도: 24.2%)
[2025-10-17 15:15:07] INFO:   [3차매수선] 3차 매수선: 62,136원 (이격도: 37.8%)
[2025-10-17 15:15:07] INFO:   [간격] 다음 모니터링 간격: 1800초 (30분)
[2025-10-17 15:15:07] INFO: 
[45] LG디스플레이 (034220) 모니터링 중...
[2025-10-17 15:15:07] INFO:   [현재가] 현재가: 14,380원
[2025-10-17 15:15:07] INFO:   [저가] 저가: 14,120원
[2025-10-17 15:15:07] INFO:   [고가] 고가: 14,470원
[2025-10-17 15:15:07] INFO:   [20일선] 20일선: 14,074원
[2025-10-17 15:15:07] INFO:   [1차매수선] 1차 매수선: 11,309원 (이격도: 27.2%)
[2025-10-17 15:15:07] INFO:   [2차매수선] 2차 매수선: 10,228원 (이격도: 40.6%)
[2025-10-17 15:15:07] INFO:   [3차매수선] 3차 매수선: 9,215원 (이격도: 56.0%)
[2025-10-17 15:15:07] INFO:   [간격] 다음 모니터링 간격: 1800초 (30분)
[2025-10-17 15:15:07] INFO: 
[46] 한국전력 (015760) 모니터링 중...
[2025-10-17 15:15:08] INFO:   [현재가] 현재가: 42,650원
[2025-10-17 15:15:08] INFO:   [저가] 저가: 39,450원
[2025-10-17 15:15:08] INFO:   [고가] 고가: 43,300원
[2025-10-17 15:15:08] INFO:   [20일선] 20일선: 37,278원
[2025-10-17 15:15:08] INFO:   [1차매수선] 1차 매수선: 29,872원 (이격도: 42.8%)
[2025-10-17 15:15:08] INFO:   [2차매수선] 2차 매수선: 26,935원 (이격도: 58.3%)
[2025-10-17 15:15:08] INFO:   [3차매수선] 3차 매수선: 24,291원 (이격도: 75.6%)
[2025-10-17 15:15:08] INFO:   [간격] 다음 모니터링 간격: 1800초 (30분)
[2025-10-17 15:15:08] INFO: 
[47] 대한조선 (439260) 모니터링 중...
[2025-10-17 15:15:09] INFO:   [현재가] 현재가: 75,500원
[2025-10-17 15:15:09] INFO:   [저가] 저가: 75,400원
[2025-10-17 15:15:09] INFO:   [고가] 고가: 78,250원
[2025-10-17 15:15:09] INFO:   [20일선] 20일선: 79,240원
[2025-10-17 15:15:09] INFO:   [1차매수선] 1차 매수선: 63,492원 (이격도: 18.9%)
[2025-10-17 15:15:09] INFO:   [2차매수선] 2차 매수선: 57,243원 (이격도: 31.9%)
[2025-10-17 15:15:09] INFO:   [3차매수선] 3차 매수선: 51,619원 (이격도: 46.3%)
[2025-10-17 15:15:09] INFO:   [간격] 다음 모니터링 간격: 1800초 (30분)
[2025-10-17 15:15:09] INFO: 
[48] 에이피알 (278470) 모니터링 중...
[2025-10-17 15:15:10] INFO:   [현재가] 현재가: 238,500원
[2025-10-17 15:15:10] INFO:   [저가] 저가: 234,500원
[2025-10-17 15:15:10] INFO:   [고가] 고가: 245,500원
[2025-10-17 15:15:10] INFO:   [20일선] 20일선: 236,125원
[2025-10-17 15:15:10] INFO:   [1차매수선] 1차 매수선: 189,400원 (이격도: 25.9%)
[2025-10-17 15:15:10] INFO:   [2차매수선] 2차 매수선: 170,960원 (이격도: 39.5%)
[2025-10-17 15:15:10] INFO:   [3차매수선] 3차 매수선: 154,364원 (이격도: 54.5%)
[2025-10-17 15:15:10] INFO:   [간격] 다음 모니터링 간격: 1800초 (30분)
[2025-10-17 15:15:10] INFO: 
[49] SK바이오팜 (326030) 모니터링 중...
[2025-10-17 15:15:11] INFO:   [현재가] 현재가: 101,000원
[2025-10-17 15:15:11] INFO:   [저가] 저가: 100,700원
[2025-10-17 15:15:11] INFO:   [고가] 고가: 103,500원
[2025-10-17 15:15:11] INFO:   [20일선] 20일선: 104,945원
[2025-10-17 15:15:11] INFO:   [1차매수선] 1차 매수선: 84,056원 (이격도: 20.2%)
[2025-10-17 15:15:11] INFO:   [2차매수선] 2차 매수선: 75,750원 (이격도: 33.3%)
[2025-10-17 15:15:11] INFO:   [3차매수선] 3차 매수선: 68,275원 (이격도: 47.9%)
[2025-10-17 15:15:11] INFO:   [간격] 다음 모니터링 간격: 1800초 (30분)
[2025-10-17 15:15:11] INFO: 
[50] 한화에어로스페이스 (012450) 모니터링 중...
[2025-10-17 15:15:12] INFO:   [현재가] 현재가: 913,000원
[2025-10-17 15:15:12] INFO:   [저가] 저가: 912,000원
[2025-10-17 15:15:12] INFO:   [고가] 고가: 947,000원
[2025-10-17 15:15:12] INFO:   [20일선] 20일선: 1,016,900원
[2025-10-17 15:15:12] INFO:   [1차매수선] 1차 매수선: 814,520원 (이격도: 12.1%)
[2025-10-17 15:15:12] INFO:   [2차매수선] 2차 매수선: 734,068원 (이격도: 24.4%)
[2025-10-17 15:15:12] INFO:   [3차매수선] 3차 매수선: 661,661원 (이격도: 38.0%)
[2025-10-17 15:15:12] INFO:   [간격] 다음 모니터링 간격: 1800초 (30분)
[2025-10-17 15:15:12] INFO: 
[51] 현대차 (005380) 모니터링 중...
[2025-10-17 15:15:12] INFO:   [현재가] 현재가: 243,500원
[2025-10-17 15:15:12] INFO:   [저가] 저가: 239,000원
[2025-10-17 15:15:12] INFO:   [고가] 고가: 246,000원
[2025-10-17 15:15:13] INFO:   [20일선] 20일선: 221,300원
[2025-10-17 15:15:13] INFO:   [1차매수선] 1차 매수선: 177,540원 (이격도: 37.2%)
[2025-10-17 15:15:13] INFO:   [2차매수선] 2차 매수선: 160,286원 (이격도: 51.9%)
[2025-10-17 15:15:13] INFO:   [3차매수선] 3차 매수선: 144,757원 (이격도: 68.2%)
[2025-10-17 15:15:13] INFO:   [간격] 다음 모니터링 간격: 1800초 (30분)
[2025-10-17 15:15:13] INFO: 
[52] 한화시스템 (272210) 모니터링 중...
[2025-10-17 15:15:13] INFO:   [현재가] 현재가: 51,200원
[2025-10-17 15:15:13] INFO:   [저가] 저가: 51,100원
[2025-10-17 15:15:13] INFO:   [고가] 고가: 53,600원
[2025-10-17 15:15:13] INFO:   [20일선] 20일선: 57,120원
[2025-10-17 15:15:13] INFO:   [1차매수선] 1차 매수선: 45,746원 (이격도: 11.9%)
[2025-10-17 15:15:13] INFO:   [2차매수선] 2차 매수선: 41,221원 (이격도: 24.2%)
[2025-10-17 15:15:13] INFO:   [3차매수선] 3차 매수선: 37,149원 (이격도: 37.8%)
[2025-10-17 15:15:13] INFO:   [간격] 다음 모니터링 간격: 1800초 (30분)
[2025-10-17 15:15:13] INFO: 
[53] 한화솔루션 (009830) 모니터링 중...
[2025-10-17 15:15:14] INFO:   [현재가] 현재가: 29,650원
[2025-10-17 15:15:14] INFO:   [저가] 저가: 29,100원
[2025-10-17 15:15:14] INFO:   [고가] 고가: 30,200원
[2025-10-17 15:15:14] INFO:   [20일선] 20일선: 29,170원
[2025-10-17 15:15:14] INFO:   [1차매수선] 1차 매수선: 23,386원 (이격도: 26.8%)
[2025-10-17 15:15:14] INFO:   [2차매수선] 2차 매수선: 21,097원 (이격도: 40.5%)
[2025-10-17 15:15:14] INFO:   [3차매수선] 3차 매수선: 19,038원 (이격도: 55.7%)
[2025-10-17 15:15:14] INFO:   [간격] 다음 모니터링 간격: 1800초 (30분)
[2025-10-17 15:15:14] INFO: 
[54] 삼성전기 (009150) 모니터링 중...
[2025-10-17 15:15:15] INFO:   [현재가] 현재가: 207,500원
[2025-10-17 15:15:15] INFO:   [저가] 저가: 197,500원
[2025-10-17 15:15:15] INFO:   [고가] 고가: 208,000원
[2025-10-17 15:15:16] INFO:   [20일선] 20일선: 199,515원
[2025-10-17 15:15:16] INFO:   [1차매수선] 1차 매수선: 160,112원 (이격도: 29.6%)
[2025-10-17 15:15:16] INFO:   [2차매수선] 2차 매수선: 144,601원 (이격도: 43.5%)
[2025-10-17 15:15:16] INFO:   [3차매수선] 3차 매수선: 130,641원 (이격도: 58.8%)
[2025-10-17 15:15:16] INFO:   [간격] 다음 모니터링 간격: 1800초 (30분)
[2025-10-17 15:15:16] INFO: 
[55] 한화비전 (489790) 모니터링 중...
[2025-10-17 15:15:16] INFO:   [현재가] 현재가: 51,200원
[2025-10-17 15:15:16] INFO:   [저가] 저가: 51,000원
[2025-10-17 15:15:16] INFO:   [고가] 고가: 52,500원
[2025-10-17 15:15:16] INFO:   [20일선] 20일선: 55,455원
[2025-10-17 15:15:16] INFO:   [1차매수선] 1차 매수선: 44,414원 (이격도: 15.3%)
[2025-10-17 15:15:16] INFO:   [2차매수선] 2차 매수선: 40,023원 (이격도: 27.9%)
[2025-10-17 15:15:16] INFO:   [3차매수선] 3차 매수선: 36,070원 (이격도: 41.9%)
[2025-10-17 15:15:16] INFO:   [간격] 다음 모니터링 간격: 1800초 (30분)
[2025-10-17 15:15:16] INFO: 
[56] HD현대인프라코어 (042670) 모니터링 중...
[2025-10-17 15:15:17] INFO:   [현재가] 현재가: 14,750원
[2025-10-17 15:15:17] INFO:   [저가] 저가: 14,640원
[2025-10-17 15:15:17] INFO:   [고가] 고가: 15,970원
[2025-10-17 15:15:17] INFO:   [20일선] 20일선: 15,342원
[2025-10-17 15:15:17] INFO:   [1차매수선] 1차 매수선: 12,324원 (이격도: 19.7%)
[2025-10-17 15:15:17] INFO:   [2차매수선] 2차 매수선: 11,141원 (이격도: 32.4%)
[2025-10-17 15:15:17] INFO:   [3차매수선] 3차 매수선: 10,077원 (이격도: 46.4%)
[2025-10-17 15:15:17] INFO:   [간격] 다음 모니터링 간격: 1800초 (30분)
[2025-10-17 15:15:17] INFO: 
[57] 도우인시스 (484120) 모니터링 중...
[2025-10-17 15:15:18] INFO:   [현재가] 현재가: 30,250원
[2025-10-17 15:15:18] INFO:   [저가] 저가: 28,800원
[2025-10-17 15:15:18] INFO:   [고가] 고가: 31,000원
[2025-10-17 15:15:18] INFO:   [20일선] 20일선: 30,305원
[2025-10-17 15:15:18] INFO:   [1차매수선] 1차 매수선: 24,294원 (이격도: 24.5%)
[2025-10-17 15:15:18] INFO:   [2차매수선] 2차 매수선: 21,915원 (이격도: 38.0%)
[2025-10-17 15:15:18] INFO:   [3차매수선] 3차 매수선: 19,773원 (이격도: 53.0%)
[2025-10-17 15:15:18] INFO:   [간격] 다음 모니터링 간격: 1800초 (30분)
[2025-10-17 15:15:18] INFO: 
[58] KBI동양철관 (008970) 모니터링 중...
[2025-10-17 15:15:19] INFO:   [현재가] 현재가: 2,600원
[2025-10-17 15:15:19] INFO:   [저가] 저가: 2,540원
[2025-10-17 15:15:19] INFO:   [고가] 고가: 2,855원
[2025-10-17 15:15:19] INFO:   [20일선] 20일선: 2,608원
[2025-10-17 15:15:19] INFO:   [1차매수선] 1차 매수선: 2,091원 (이격도: 24.3%)
[2025-10-17 15:15:19] INFO:   [2차매수선] 2차 매수선: 1,887원 (이격도: 37.8%)
[2025-10-17 15:15:19] INFO:   [3차매수선] 3차 매수선: 1,703원 (이격도: 52.6%)
[2025-10-17 15:15:19] INFO:   [간격] 다음 모니터링 간격: 1800초 (30분)
[2025-10-17 15:15:19] INFO: 
[59] YG PLUS (037270) 모니터링 중...
[2025-10-17 15:15:20] INFO:   [현재가] 현재가: 6,550원
[2025-10-17 15:15:20] INFO:   [저가] 저가: 6,510원
[2025-10-17 15:15:20] INFO:   [고가] 고가: 6,710원
[2025-10-17 15:15:20] INFO:   [20일선] 20일선: 7,694원
[2025-10-17 15:15:20] INFO:   [1차매수선] 1차 매수선: 6,165원 (이격도: 6.2%)
[2025-10-17 15:15:20] INFO:   [2차매수선] 2차 매수선: 5,559원 (이격도: 17.8%)
[2025-10-17 15:15:20] INFO:   [3차매수선] 3차 매수선: 5,013원 (이격도: 30.7%)
[2025-10-17 15:15:20] INFO:   [간격] 다음 모니터링 간격: 600초 (10분)
[2025-10-17 15:15:20] INFO: 
[60] 포스코퓨처엠 (003670) 모니터링 중...
[2025-10-17 15:15:21] INFO:   [현재가] 현재가: 193,700원
[2025-10-17 15:15:21] INFO:   [저가] 저가: 185,000원
[2025-10-17 15:15:21] INFO:   [고가] 고가: 201,000원
[2025-10-17 15:15:21] INFO:   [20일선] 20일선: 153,165원
[2025-10-17 15:15:21] INFO:   [1차매수선] 1차 매수선: 123,032원 (이격도: 57.4%)
[2025-10-17 15:15:21] INFO:   [2차매수선] 2차 매수선: 111,229원 (이격도: 74.1%)
[2025-10-17 15:15:21] INFO:   [3차매수선] 3차 매수선: 100,606원 (이격도: 92.5%)
[2025-10-17 15:15:21] INFO:   [간격] 다음 모니터링 간격: 1800초 (30분)
[2025-10-17 15:15:21] INFO: 
[61] 리가켐바이오 (141080) 모니터링 중...
[2025-10-17 15:15:22] INFO:   [현재가] 현재가: 131,000원
[2025-10-17 15:15:22] INFO:   [저가] 저가: 131,000원
[2025-10-17 15:15:22] INFO:   [고가] 고가: 137,200원
[2025-10-17 15:15:22] INFO:   [20일선] 20일선: 146,585원
[2025-10-17 15:15:22] INFO:   [1차매수선] 1차 매수선: 117,768원 (이격도: 11.2%)
[2025-10-17 15:15:22] INFO:   [2차매수선] 2차 매수선: 106,491원 (이격도: 23.0%)
[2025-10-17 15:15:22] INFO:   [3차매수선] 3차 매수선: 95,942원 (이격도: 36.5%)
[2025-10-17 15:15:22] INFO:   [간격] 다음 모니터링 간격: 1800초 (30분)
[2025-10-17 15:15:22] INFO: 
[62] 쿠콘 (294570) 모니터링 중...
[2025-10-17 15:15:23] INFO:   [현재가] 현재가: 37,350원
[2025-10-17 15:15:23] INFO:   [저가] 저가: 37,200원
[2025-10-17 15:15:23] INFO:   [고가] 고가: 38,550원
[2025-10-17 15:15:23] INFO:   [20일선] 20일선: 38,345원
[2025-10-17 15:15:23] INFO:   [1차매수선] 1차 매수선: 30,726원 (이격도: 21.6%)
[2025-10-17 15:15:23] INFO:   [2차매수선] 2차 매수선: 27,703원 (이격도: 34.8%)
[2025-10-17 15:15:23] INFO:   [3차매수선] 3차 매수선: 24,983원 (이격도: 49.5%)
[2025-10-17 15:15:23] INFO:   [간격] 다음 모니터링 간격: 1800초 (30분)
[2025-10-17 15:15:23] INFO: 
[63] 파인엠텍 (441270) 모니터링 중...
[2025-10-17 15:15:23] INFO:   [현재가] 현재가: 9,600원
[2025-10-17 15:15:23] INFO:   [저가] 저가: 9,550원
[2025-10-17 15:15:23] INFO:   [고가] 고가: 10,080원
[2025-10-17 15:15:24] INFO:   [20일선] 20일선: 10,972원
[2025-10-17 15:15:24] INFO:   [1차매수선] 1차 매수선: 8,788원 (이격도: 9.2%)
[2025-10-17 15:15:24] INFO:   [2차매수선] 2차 매수선: 7,919원 (이격도: 21.2%)
[2025-10-17 15:15:24] INFO:   [3차매수선] 3차 매수선: 7,137원 (이격도: 34.5%)
[2025-10-17 15:15:24] INFO:   [간격] 다음 모니터링 간격: 600초 (10분)
[2025-10-17 15:15:24] INFO: 
[64] SK스퀘어 (402340) 모니터링 중...
[2025-10-17 15:15:24] INFO:   [현재가] 현재가: 259,500원
[2025-10-17 15:15:24] INFO:   [저가] 저가: 250,500원
[2025-10-17 15:15:24] INFO:   [고가] 고가: 267,000원
[2025-10-17 15:15:24] INFO:   [20일선] 20일선: 223,995원
[2025-10-17 15:15:24] INFO:   [1차매수선] 1차 매수선: 179,696원 (이격도: 44.4%)
[2025-10-17 15:15:24] INFO:   [2차매수선] 2차 매수선: 162,226원 (이격도: 60.0%)
[2025-10-17 15:15:24] INFO:   [3차매수선] 3차 매수선: 146,504원 (이격도: 77.1%)
[2025-10-17 15:15:24] INFO:   [간격] 다음 모니터링 간격: 1800초 (30분)
[2025-10-17 15:15:24] INFO: 
[65] POSCO홀딩스 (005490) 모니터링 중...
[2025-10-17 15:15:25] INFO:   [현재가] 현재가: 295,500원
[2025-10-17 15:15:25] INFO:   [저가] 저가: 281,500원
[2025-10-17 15:15:25] INFO:   [고가] 고가: 300,000원
[2025-10-17 15:15:25] INFO:   [20일선] 20일선: 279,850원
[2025-10-17 15:15:25] INFO:   [1차매수선] 1차 매수선: 224,380원 (이격도: 31.7%)
[2025-10-17 15:15:25] INFO:   [2차매수선] 2차 매수선: 202,442원 (이격도: 46.0%)
[2025-10-17 15:15:25] INFO:   [3차매수선] 3차 매수선: 182,698원 (이격도: 61.7%)
[2025-10-17 15:15:25] INFO:   [간격] 다음 모니터링 간격: 1800초 (30분)
[2025-10-17 15:15:25] INFO: 
[66] HD현대건설기계 (267270) 모니터링 중...
[2025-10-17 15:15:26] INFO:   [현재가] 현재가: 94,200원
[2025-10-17 15:15:26] INFO:   [저가] 저가: 93,200원
[2025-10-17 15:15:26] INFO:   [고가] 고가: 98,900원
[2025-10-17 15:15:26] INFO:   [20일선] 20일선: 95,375원
[2025-10-17 15:15:26] INFO:   [1차매수선] 1차 매수선: 76,400원 (이격도: 23.3%)
[2025-10-17 15:15:26] INFO:   [2차매수선] 2차 매수선: 68,860원 (이격도: 36.8%)
[2025-10-17 15:15:26] INFO:   [3차매수선] 3차 매수선: 62,074원 (이격도: 51.8%)
[2025-10-17 15:15:26] INFO:   [간격] 다음 모니터링 간격: 1800초 (30분)
[2025-10-17 15:15:26] INFO: 
[67] 한화 (000880) 모니터링 중...
[2025-10-17 15:15:27] INFO:   [현재가] 현재가: 82,500원
[2025-10-17 15:15:27] INFO:   [저가] 저가: 81,700원
[2025-10-17 15:15:27] INFO:   [고가] 고가: 85,400원
[2025-10-17 15:15:27] INFO:   [20일선] 20일선: 86,140원
[2025-10-17 15:15:27] INFO:   [1차매수선] 1차 매수선: 69,012원 (이격도: 19.5%)
[2025-10-17 15:15:27] INFO:   [2차매수선] 2차 매수선: 62,211원 (이격도: 32.6%)
[2025-10-17 15:15:27] INFO:   [3차매수선] 3차 매수선: 56,090원 (이격도: 47.1%)
[2025-10-17 15:15:27] INFO:   [간격] 다음 모니터링 간격: 1800초 (30분)
[2025-10-17 15:15:27] INFO: 
[68] SK (034730) 모니터링 중...
[2025-10-17 15:15:29] INFO:   [현재가] 현재가: 220,500원
[2025-10-17 15:15:29] INFO:   [저가] 저가: 216,000원
[2025-10-17 15:15:29] INFO:   [고가] 고가: 227,000원
[2025-10-17 15:15:29] INFO:   [20일선] 20일선: 219,900원
[2025-10-17 15:15:29] INFO:   [1차매수선] 1차 매수선: 176,420원 (이격도: 25.0%)
[2025-10-17 15:15:29] INFO:   [2차매수선] 2차 매수선: 159,278원 (이격도: 38.4%)
[2025-10-17 15:15:29] INFO:   [3차매수선] 3차 매수선: 143,850원 (이격도: 53.3%)
[2025-10-17 15:15:29] INFO:   [간격] 다음 모니터링 간격: 1800초 (30분)
[2025-10-17 15:15:29] INFO: 
[69] SK이노베이션 (096770) 모니터링 중...
[2025-10-17 15:15:30] INFO:   [현재가] 현재가: 116,400원
[2025-10-17 15:15:30] INFO:   [저가] 저가: 111,900원
[2025-10-17 15:15:30] INFO:   [고가] 고가: 119,000원
[2025-10-17 15:15:30] INFO:   [20일선] 20일선: 105,675원
[2025-10-17 15:15:30] INFO:   [1차매수선] 1차 매수선: 84,640원 (이격도: 37.5%)
[2025-10-17 15:15:30] INFO:   [2차매수선] 2차 매수선: 76,276원 (이격도: 52.6%)
[2025-10-17 15:15:30] INFO:   [3차매수선] 3차 매수선: 68,748원 (이격도: 69.3%)
[2025-10-17 15:15:30] INFO:   [간격] 다음 모니터링 간격: 1800초 (30분)
[2025-10-17 15:15:30] INFO: 
================================================================================
[2025-10-17 15:15:30] INFO: [OK] 동적 모니터링 사이클 완료
[2025-10-17 15:15:30] INFO:   전체 종목: 69개
[2025-10-17 15:15:30] INFO:   체크한 종목: 69개
[2025-10-17 15:15:30] INFO:   전송 알람: 2개
[2025-10-17 15:15:30] INFO: ================================================================================
[2025-10-17 15:15:30] INFO: 
[간격] 60초 후 다음 사이클 실행...
[2025-10-17 15:15:30] INFO:    종료하려면 Ctrl+C를 누르세요.
[2025-10-17 15:16:30] INFO: 
================================================================================
[2025-10-17 15:16:30] INFO: [사이클 2] 2025-10-17 15:16:30
[2025-10-17 15:16:30] INFO: ================================================================================
[2025-10-17 15:16:30] INFO: [OK] Summary 탭에서 69개 종목 로드
[2025-10-17 15:16:30] INFO: 
================================================================================
[2025-10-17 15:16:30] INFO: [OK] 동적 모니터링 사이클 완료
[2025-10-17 15:16:30] INFO:   전체 종목: 69개
[2025-10-17 15:16:30] INFO:   체크한 종목: 0개
[2025-10-17 15:16:30] INFO:   전송 알람: 0개
[2025-10-17 15:16:30] INFO: ================================================================================
[2025-10-17 15:16:30] INFO: 
[간격] 60초 후 다음 사이클 실행...
[2025-10-17 15:16:30] INFO:    종료하려면 Ctrl+C를 누르세요.
[2025-10-17 15:17:30] INFO: 
================================================================================
[2025-10-17 15:17:30] INFO: [사이클 3] 2025-10-17 15:17:30
[2025-10-17 15:17:30] INFO: ================================================================================
[2025-10-17 15:17:30] INFO: [OK] Summary 탭에서 69개 종목 로드
[2025-10-17 15:17:30] INFO: 
[1] 일동제약 (249420) 모니터링 중...
[2025-10-17 15:17:30] INFO:   [현재가] 현재가: 21,750원
[2025-10-17 15:17:30] INFO:   [저가] 저가: 21,500원
[2025-10-17 15:17:30] INFO:   [고가] 고가: 22,850원
[2025-10-17 15:17:30] INFO:   [20일선] 20일선: 26,545원
[2025-10-17 15:17:30] INFO:   [1차매수선] 1차 매수선: 21,286원 (이격도: 2.2%)
[2025-10-17 15:17:30] INFO:   [2차매수선] 2차 매수선: 19,207원 (이격도: 13.2%)
[2025-10-17 15:17:30] INFO:   [3차매수선] 3차 매수선: 17,337원 (이격도: 25.5%)
[2025-10-17 15:17:30] INFO:   [간격] 다음 모니터링 간격: 180초 (3분)
[2025-10-17 15:17:32] INFO: ✓ 텔레그램 전송 성공: me
[2025-10-17 15:17:33] INFO: ✓ 텔레그램 전송 성공: yoonjoo
[2025-10-17 15:17:34] INFO: ✓ 텔레그램 전송 성공: minjeong
[2025-10-17 15:17:35] INFO: ✓ 텔레그램 전송 성공: jumeoni
[2025-10-17 15:17:35] INFO: 🟠 일동제약 (249420): 1차 매수선 저가 기준 3% 인접 알람 전송
[2025-10-17 15:17:35] INFO: 
[2] 지투지바이오 (456160) 모니터링 중...
[2025-10-17 15:17:35] INFO:   [현재가] 현재가: 166,200원
[2025-10-17 15:17:35] INFO:   [저가] 저가: 166,100원
[2025-10-17 15:17:35] INFO:   [고가] 고가: 179,300원
[2025-10-17 15:17:35] INFO:   [20일선] 20일선: 203,565원
[2025-10-17 15:17:35] INFO:   [1차매수선] 1차 매수선: 163,352원 (이격도: 1.7%)
[2025-10-17 15:17:35] INFO:   [2차매수선] 2차 매수선: 147,517원 (이격도: 12.7%)
[2025-10-17 15:17:35] INFO:   [3차매수선] 3차 매수선: 133,265원 (이격도: 24.7%)
[2025-10-17 15:17:35] INFO:   [간격] 다음 모니터링 간격: 180초 (3분)
[2025-10-17 15:17:35] INFO: 
================================================================================
[2025-10-17 15:17:35] INFO: [OK] 동적 모니터링 사이클 완료
[2025-10-17 15:17:35] INFO:   전체 종목: 69개
[2025-10-17 15:17:35] INFO:   체크한 종목: 2개
[2025-10-17 15:17:35] INFO:   전송 알람: 1개
[2025-10-17 15:17:35] INFO: ================================================================================
[2025-10-17 15:17:35] INFO: 
[간격] 60초 후 다음 사이클 실행...
[2025-10-17 15:17:35] INFO:    종료하려면 Ctrl+C를 누르세요.
[2025-10-17 15:18:35] INFO: 
================================================================================
[2025-10-17 15:18:35] INFO: [사이클 4] 2025-10-17 15:18:35
[2025-10-17 15:18:35] INFO: ================================================================================
[2025-10-17 15:18:35] INFO: [OK] Summary 탭에서 69개 종목 로드
[2025-10-17 15:18:35] INFO: 
================================================================================
[2025-10-17 15:18:35] INFO: [OK] 동적 모니터링 사이클 완료
[2025-10-17 15:18:35] INFO:   전체 종목: 69개
[2025-10-17 15:18:35] INFO:   체크한 종목: 0개
[2025-10-17 15:18:35] INFO:   전송 알람: 0개
[2025-10-17 15:18:35] INFO: ================================================================================
[2025-10-17 15:18:35] INFO: 
[간격] 60초 후 다음 사이클 실행...
[2025-10-17 15:18:35] INFO:    종료하려면 Ctrl+C를 누르세요.
[2025-10-17 15:19:35] INFO: 
================================================================================
[2025-10-17 15:19:35] INFO: [사이클 5] 2025-10-17 15:19:35
[2025-10-17 15:19:35] INFO: ================================================================================
[2025-10-17 15:19:35] INFO: [OK] Summary 탭에서 69개 종목 로드
[2025-10-17 15:19:35] INFO: 
================================================================================
[2025-10-17 15:19:35] INFO: [OK] 동적 모니터링 사이클 완료
[2025-10-17 15:19:35] INFO:   전체 종목: 69개
[2025-10-17 15:19:35] INFO:   체크한 종목: 0개
[2025-10-17 15:19:35] INFO:   전송 알람: 0개
[2025-10-17 15:19:35] INFO: ================================================================================
[2025-10-17 15:19:35] INFO: 
[간격] 60초 후 다음 사이클 실행...
[2025-10-17 15:19:35] INFO:    종료하려면 Ctrl+C를 누르세요.
[2025-10-17 15:20:35] INFO: 
================================================================================
[2025-10-17 15:20:35] INFO: [사이클 6] 2025-10-17 15:20:35
[2025-10-17 15:20:35] INFO: ================================================================================
[2025-10-17 15:20:35] INFO: [OK] Summary 탭에서 69개 종목 로드
[2025-10-17 15:20:36] INFO: 
[1] 일동제약 (249420) 모니터링 중...
[2025-10-17 15:20:36] INFO:   [현재가] 현재가: 21,800원
[2025-10-17 15:20:36] INFO:   [저가] 저가: 21,500원
[2025-10-17 15:20:36] INFO:   [고가] 고가: 22,850원
[2025-10-17 15:20:36] INFO:   [20일선] 20일선: 26,550원
[2025-10-17 15:20:36] INFO:   [1차매수선] 1차 매수선: 21,290원 (이격도: 2.4%)
[2025-10-17 15:20:36] INFO:   [2차매수선] 2차 매수선: 19,211원 (이격도: 13.5%)
[2025-10-17 15:20:36] INFO:   [3차매수선] 3차 매수선: 17,340원 (이격도: 25.7%)
[2025-10-17 15:20:36] INFO:   [간격] 다음 모니터링 간격: 180초 (3분)
[2025-10-17 15:20:36] INFO: 
[2] 지투지바이오 (456160) 모니터링 중...
[2025-10-17 15:20:36] INFO:   [현재가] 현재가: 166,300원
[2025-10-17 15:20:36] INFO:   [저가] 저가: 166,000원
[2025-10-17 15:20:36] INFO:   [고가] 고가: 179,300원
[2025-10-17 15:20:36] INFO:   [20일선] 20일선: 203,575원
[2025-10-17 15:20:36] INFO:   [1차매수선] 1차 매수선: 163,360원 (이격도: 1.8%)
[2025-10-17 15:20:36] INFO:   [2차매수선] 2차 매수선: 147,524원 (이격도: 12.7%)
[2025-10-17 15:20:36] INFO:   [3차매수선] 3차 매수선: 133,272원 (이격도: 24.8%)
[2025-10-17 15:20:36] INFO:   [간격] 다음 모니터링 간격: 180초 (3분)
[2025-10-17 15:20:36] INFO: 
================================================================================
[2025-10-17 15:20:36] INFO: [OK] 동적 모니터링 사이클 완료
[2025-10-17 15:20:36] INFO:   전체 종목: 69개
[2025-10-17 15:20:36] INFO:   체크한 종목: 2개
[2025-10-17 15:20:36] INFO:   전송 알람: 0개
[2025-10-17 15:20:36] INFO: ================================================================================
[2025-10-17 15:20:36] INFO: 
[간격] 60초 후 다음 사이클 실행...
[2025-10-17 15:20:36] INFO:    종료하려면 Ctrl+C를 누르세요.
[2025-10-17 15:21:36] INFO: 
================================================================================
[2025-10-17 15:21:36] INFO: [사이클 7] 2025-10-17 15:21:36
[2025-10-17 15:21:36] INFO: ================================================================================
[2025-10-17 15:21:36] INFO: [OK] Summary 탭에서 69개 종목 로드
[2025-10-17 15:21:36] INFO: 
================================================================================
[2025-10-17 15:21:36] INFO: [OK] 동적 모니터링 사이클 완료
[2025-10-17 15:21:36] INFO:   전체 종목: 69개
[2025-10-17 15:21:36] INFO:   체크한 종목: 0개
[2025-10-17 15:21:36] INFO:   전송 알람: 0개
[2025-10-17 15:21:36] INFO: ================================================================================
[2025-10-17 15:21:36] INFO: 
[간격] 60초 후 다음 사이클 실행...
[2025-10-17 15:21:36] INFO:    종료하려면 Ctrl+C를 누르세요.
[2025-10-17 15:22:36] INFO: 
================================================================================
[2025-10-17 15:22:36] INFO: [사이클 8] 2025-10-17 15:22:36
[2025-10-17 15:22:36] INFO: ================================================================================
[2025-10-17 15:22:36] INFO: [OK] Summary 탭에서 69개 종목 로드
[2025-10-17 15:22:36] INFO: 
================================================================================
[2025-10-17 15:22:36] INFO: [OK] 동적 모니터링 사이클 완료
[2025-10-17 15:22:36] INFO:   전체 종목: 69개
[2025-10-17 15:22:36] INFO:   체크한 종목: 0개
[2025-10-17 15:22:36] INFO:   전송 알람: 0개
[2025-10-17 15:22:36] INFO: ================================================================================
[2025-10-17 15:22:36] INFO: 
[간격] 60초 후 다음 사이클 실행...
[2025-10-17 15:22:36] INFO:    종료하려면 Ctrl+C를 누르세요.
