[2025-10-24 08:34:01] INFO: ================================================================================
[2025-10-24 08:34:01] INFO: 🔍 실시간 주식 모니터링 시작 (Excel 기반 단순화 버전)
[2025-10-24 08:34:01] INFO: ⏰ 모니터링 간격: 60초 (1분)
[2025-10-24 08:34:01] INFO: 📊 Excel에서 매수선 읽어오기
[2025-10-24 08:34:01] INFO: 🎯 저가 기준 터치 감지 활성화
[2025-10-24 08:34:01] INFO: 🕐 모니터링 시간: 거래일 08:00-20:00
[2025-10-24 08:34:01] INFO: 📅 주말/공휴일 모니터링 중단
[2025-10-24 08:34:01] INFO: ================================================================================
[2025-10-24 08:34:01] INFO: 
================================================================================
[2025-10-24 08:34:01] INFO: [사이클 1] 2025-10-24 08:34:01
[2025-10-24 08:34:01] INFO: ================================================================================
[2025-10-24 08:34:01] INFO: ✓ 접근 토큰 발급 성공
[2025-10-24 08:34:02] INFO: [OK] Summary 탭에서 73개 종목 로드 (매수선 포함)
[2025-10-24 08:34:02] INFO: 
[1] 삼성전자 (005930) 모니터링 중...
[2025-10-24 08:34:02] INFO:   [현재가] 현재가: 97,800원
[2025-10-24 08:34:02] INFO:   [저가] 저가: 97,200원
[2025-10-24 08:34:02] INFO:   [고가] 고가: 98,300원
[2025-10-24 08:34:02] INFO:   [매수선] 1차: 72,000원, 2차: 64,900원, 3차: 58,600원
[2025-10-24 08:34:02] INFO:   [이격도] 1차: 35.8%, 2차: 50.7%, 3차: 66.9%
[2025-10-24 08:34:02] INFO: 
[2] SK하이닉스 (000660) 모니터링 중...
[2025-10-24 08:34:02] INFO:   [현재가] 현재가: 493,500원
[2025-10-24 08:34:02] INFO:   [저가] 저가: 487,000원
[2025-10-24 08:34:02] INFO:   [고가] 고가: 494,500원
[2025-10-24 08:34:02] INFO:   [매수선] 1차: 323,000원, 2차: 291,500원, 3차: 263,000원
[2025-10-24 08:34:02] INFO:   [이격도] 1차: 52.8%, 2차: 69.3%, 3차: 87.6%
[2025-10-24 08:34:02] INFO: 
[3] 두산에너빌리티 (034020) 모니터링 중...
[2025-10-24 08:34:03] INFO:   [현재가] 현재가: 78,300원
[2025-10-24 08:34:03] INFO:   [저가] 저가: 77,100원
[2025-10-24 08:34:03] INFO:   [고가] 고가: 78,400원
[2025-10-24 08:34:03] INFO:   [매수선] 1차: 56,900원, 2차: 51,400원, 3차: 46,350원
[2025-10-24 08:34:03] INFO:   [이격도] 1차: 37.6%, 2차: 52.3%, 3차: 68.9%
[2025-10-24 08:34:03] INFO: 
[4] NAVER (035420) 모니터링 중...
[2025-10-24 08:34:04] INFO:   [현재가] 현재가: 244,500원
[2025-10-24 08:34:04] INFO:   [저가] 저가: 243,000원
[2025-10-24 08:34:04] INFO:   [고가] 고가: 245,500원
[2025-10-24 08:34:04] INFO:   [매수선] 1차: 201,500원, 2차: 181,500원, 3차: 163,500원
[2025-10-24 08:34:04] INFO:   [이격도] 1차: 21.3%, 2차: 34.7%, 3차: 49.5%
[2025-10-24 08:34:04] INFO: 
[5] 한미반도체 (042700) 모니터링 중...
[2025-10-24 08:34:04] INFO:   [현재가] 현재가: 154,700원
[2025-10-24 08:34:04] INFO:   [저가] 저가: 151,000원
[2025-10-24 08:34:04] INFO:   [고가] 고가: 156,000원
[2025-10-24 08:34:04] INFO:   [매수선] 1차: 94,200원, 2차: 84,900원, 3차: 76,600원
[2025-10-24 08:34:04] INFO:   [이격도] 1차: 64.2%, 2차: 82.2%, 3차: 102.0%
[2025-10-24 08:34:04] INFO: 
[6] 에코프로 (086520) 모니터링 중...
[2025-10-24 08:34:05] INFO:   [현재가] 현재가: 81,500원
[2025-10-24 08:34:05] INFO:   [저가] 저가: 81,500원
[2025-10-24 08:34:05] INFO:   [고가] 고가: 81,500원
[2025-10-24 08:34:05] INFO:   [매수선] 1차: 45,350원, 2차: 40,900원, 3차: 36,900원
[2025-10-24 08:34:05] INFO:   [이격도] 1차: 79.7%, 2차: 99.3%, 3차: 120.9%
[2025-10-24 08:34:05] INFO: 
[7] 한화오션 (042660) 모니터링 중...
[2025-10-24 08:34:06] INFO:   [현재가] 현재가: 134,800원
[2025-10-24 08:34:06] INFO:   [저가] 저가: 132,600원
[2025-10-24 08:34:06] INFO:   [고가] 고가: 136,900원
[2025-10-24 08:34:06] INFO:   [매수선] 1차: 88,900원, 2차: 80,200원, 3차: 72,300원
[2025-10-24 08:34:06] INFO:   [이격도] 1차: 51.6%, 2차: 68.1%, 3차: 86.4%
[2025-10-24 08:34:06] INFO: 
[8] 현대차 (005380) 모니터링 중...
[2025-10-24 08:34:06] INFO:   [현재가] 현재가: 254,000원
[2025-10-24 08:34:06] INFO:   [저가] 저가: 249,500원
[2025-10-24 08:34:06] INFO:   [고가] 고가: 256,000원
[2025-10-24 08:34:06] INFO:   [매수선] 1차: 180,900원, 2차: 163,000원, 3차: 146,800원
[2025-10-24 08:34:06] INFO:   [이격도] 1차: 40.4%, 2차: 55.8%, 3차: 73.0%
[2025-10-24 08:34:06] INFO: 
[9] 에코프로비엠 (247540) 모니터링 중...
[2025-10-24 08:34:07] INFO:   [현재가] 현재가: 161,800원
[2025-10-24 08:34:07] INFO:   [저가] 저가: 160,400원
[2025-10-24 08:34:07] INFO:   [고가] 고가: 163,000원
[2025-10-24 08:34:07] INFO:   [매수선] 1차: 102,800원, 2차: 92,700원, 3차: 83,600원
[2025-10-24 08:34:07] INFO:   [이격도] 1차: 57.4%, 2차: 74.5%, 3차: 93.5%
[2025-10-24 08:34:07] INFO: 
[10] 삼성SDI (006400) 모니터링 중...
[2025-10-24 08:34:07] INFO:   [현재가] 현재가: 261,500원
[2025-10-24 08:34:07] INFO:   [저가] 저가: 258,000원
[2025-10-24 08:34:07] INFO:   [고가] 고가: 264,000원
[2025-10-24 08:34:07] INFO:   [매수선] 1차: 177,200원, 2차: 159,600원, 3차: 143,800원
[2025-10-24 08:34:07] INFO:   [이격도] 1차: 47.6%, 2차: 63.8%, 3차: 81.8%
[2025-10-24 08:34:07] INFO: 
[11] LG화학 (051910) 모니터링 중...
[2025-10-24 08:34:08] INFO:   [현재가] 현재가: 386,500원
[2025-10-24 08:34:08] INFO:   [저가] 저가: 380,500원
[2025-10-24 08:34:08] INFO:   [고가] 고가: 391,000원
[2025-10-24 08:34:08] INFO:   [매수선] 1차: 244,000원, 2차: 220,500원, 3차: 198,600원
[2025-10-24 08:34:08] INFO:   [이격도] 1차: 58.4%, 2차: 75.3%, 3차: 94.6%
[2025-10-24 08:34:08] INFO: 
[12] 에코프로머티 (450080) 모니터링 중...
[2025-10-24 08:34:08] INFO:   [현재가] 현재가: 66,500원
[2025-10-24 08:34:08] INFO:   [저가] 저가: 66,000원
[2025-10-24 08:34:08] INFO:   [고가] 고가: 67,000원
[2025-10-24 08:34:08] INFO:   [매수선] 1차: 42,900원, 2차: 38,700원, 3차: 34,900원
[2025-10-24 08:34:08] INFO:   [이격도] 1차: 55.0%, 2차: 71.8%, 3차: 90.5%
[2025-10-24 08:34:08] INFO: 
[13] LG에너지솔루션 (373220) 모니터링 중...
[2025-10-24 08:34:09] INFO:   [현재가] 현재가: 452,000원
[2025-10-24 08:34:09] INFO:   [저가] 저가: 446,000원
[2025-10-24 08:34:09] INFO:   [고가] 고가: 453,500원
[2025-10-24 08:34:09] INFO:   [매수선] 1차: 303,500원, 2차: 274,000원, 3차: 247,500원
[2025-10-24 08:34:09] INFO:   [이격도] 1차: 48.9%, 2차: 65.0%, 3차: 82.6%
[2025-10-24 08:34:09] INFO: 
[14] 한국전력 (015760) 모니터링 중...
[2025-10-24 08:34:10] INFO:   [현재가] 현재가: 42,850원
[2025-10-24 08:34:10] INFO:   [저가] 저가: 42,300원
[2025-10-24 08:34:10] INFO:   [고가] 고가: 42,900원
[2025-10-24 08:34:10] INFO:   [매수선] 1차: 30,400원, 2차: 27,450원, 3차: 24,800원
[2025-10-24 08:34:10] INFO:   [이격도] 1차: 41.0%, 2차: 56.1%, 3차: 72.8%
[2025-10-24 08:34:10] INFO: 
[15] 포스코퓨처엠 (003670) 모니터링 중...
[2025-10-24 08:34:10] INFO:   [현재가] 현재가: 207,000원
[2025-10-24 08:34:10] INFO:   [저가] 저가: 203,500원
[2025-10-24 08:34:10] INFO:   [고가] 고가: 207,000원
[2025-10-24 08:34:10] INFO:   [매수선] 1차: 130,200원, 2차: 117,300원, 3차: 105,700원
[2025-10-24 08:34:10] INFO:   [이격도] 1차: 59.0%, 2차: 76.5%, 3차: 95.8%
[2025-10-24 08:34:10] INFO: 
[16] 현대로템 (064350) 모니터링 중...
[2025-10-24 08:34:11] INFO:   [현재가] 현재가: 243,500원
[2025-10-24 08:34:11] INFO:   [저가] 저가: 238,000원
[2025-10-24 08:34:11] INFO:   [고가] 고가: 245,000원
[2025-10-24 08:34:11] INFO:   [매수선] 1차: 172,500원, 2차: 155,400원, 3차: 140,000원
[2025-10-24 08:34:11] INFO:   [이격도] 1차: 41.2%, 2차: 56.7%, 3차: 73.9%
[2025-10-24 08:34:11] INFO: 
[17] 카카오 (035720) 모니터링 중...
[2025-10-24 08:34:11] INFO:   [현재가] 현재가: 59,800원
[2025-10-24 08:34:11] INFO:   [저가] 저가: 59,200원
[2025-10-24 08:34:11] INFO:   [고가] 고가: 59,800원
[2025-10-24 08:34:11] INFO:   [매수선] 1차: 48,150원, 2차: 43,400원, 3차: 39,150원
[2025-10-24 08:34:11] INFO:   [이격도] 1차: 24.2%, 2차: 37.8%, 3차: 52.7%
[2025-10-24 08:34:11] INFO: 
[18] 엘앤에프 (066970) 모니터링 중...
[2025-10-24 08:34:12] INFO:   [현재가] 현재가: 115,300원
[2025-10-24 08:34:12] INFO:   [저가] 저가: 114,300원
[2025-10-24 08:34:12] INFO:   [고가] 고가: 115,900원
[2025-10-24 08:34:12] INFO:   [매수선] 1차: 68,600원, 2차: 61,900원, 3차: 55,900원
[2025-10-24 08:34:12] INFO:   [이격도] 1차: 68.1%, 2차: 86.3%, 3차: 106.3%
[2025-10-24 08:34:12] INFO: 
[19] 두산 (000150) 모니터링 중...
[2025-10-24 08:34:12] INFO:   [현재가] 현재가: 791,000원
[2025-10-24 08:34:12] INFO:   [저가] 저가: 783,000원
[2025-10-24 08:34:12] INFO:   [고가] 고가: 794,000원
[2025-10-24 08:34:12] INFO:   [매수선] 1차: 492,500원, 2차: 444,000원, 3차: 400,500원
[2025-10-24 08:34:12] INFO:   [이격도] 1차: 60.6%, 2차: 78.2%, 3차: 97.5%
[2025-10-24 08:34:12] INFO: 
[20] 한라캐스트 (125490) 모니터링 중...
[2025-10-24 08:34:13] INFO:   [현재가] 현재가: 13,350원
[2025-10-24 08:34:13] INFO:   [저가] 저가: 13,350원
[2025-10-24 08:34:13] INFO:   [고가] 고가: 13,350원
[2025-10-24 08:34:13] INFO:   [매수선] 1차: 7,740원, 2차: 6,980원, 3차: 6,300원
[2025-10-24 08:34:13] INFO:   [이격도] 1차: 72.5%, 2차: 91.3%, 3차: 111.9%
[2025-10-24 08:34:13] INFO: 
[21] 휴림로봇 (090710) 모니터링 중...
[2025-10-24 08:34:14] INFO:   [현재가] 현재가: 6,000원
[2025-10-24 08:34:14] INFO:   [저가] 저가: 6,000원
[2025-10-24 08:34:14] INFO:   [고가] 고가: 6,000원
[2025-10-24 08:34:14] INFO:   [매수선] 1차: 3,230원, 2차: 2,915원, 3차: 2,630원
[2025-10-24 08:34:14] INFO:   [이격도] 1차: 85.8%, 2차: 105.8%, 3차: 128.1%
[2025-10-24 08:34:14] INFO: 
[22] 클로봇 (466100) 모니터링 중...
[2025-10-24 08:34:14] INFO:   [현재가] 현재가: 38,800원
[2025-10-24 08:34:14] INFO:   [저가] 저가: 38,800원
[2025-10-24 08:34:14] INFO:   [고가] 고가: 38,800원
[2025-10-24 08:34:14] INFO:   [매수선] 1차: 28,000원, 2차: 25,250원, 3차: 22,800원
[2025-10-24 08:34:14] INFO:   [이격도] 1차: 38.6%, 2차: 53.7%, 3차: 70.2%
[2025-10-24 08:34:14] INFO: 
[23] 로보티즈 (108490) 모니터링 중...
[2025-10-24 08:34:15] INFO:   [현재가] 현재가: 187,000원
[2025-10-24 08:34:15] INFO:   [저가] 저가: 187,000원
[2025-10-24 08:34:15] INFO:   [고가] 고가: 187,000원
[2025-10-24 08:34:15] INFO:   [매수선] 1차: 137,100원, 2차: 123,500원, 3차: 111,300원
[2025-10-24 08:34:15] INFO:   [이격도] 1차: 36.4%, 2차: 51.4%, 3차: 68.0%
[2025-10-24 08:34:15] INFO: 
[24] 삼성전자우 (005935) 모니터링 중...
[2025-10-24 08:34:15] INFO:   [현재가] 현재가: 76,400원
[2025-10-24 08:34:15] INFO:   [저가] 저가: 76,400원
[2025-10-24 08:34:15] INFO:   [고가] 고가: 76,400원
[2025-10-24 08:34:15] INFO:   [매수선] 1차: 56,600원, 2차: 51,100원, 3차: 46,050원
[2025-10-24 08:34:15] INFO:   [이격도] 1차: 35.0%, 2차: 49.5%, 3차: 65.9%
[2025-10-24 08:34:15] INFO: 
[25] 일동제약 (249420) 모니터링 중...
[2025-10-24 08:34:16] INFO:   [현재가] 현재가: 20,600원
[2025-10-24 08:34:16] INFO:   [저가] 저가: 20,600원
[2025-10-24 08:34:16] INFO:   [고가] 고가: 20,600원
[2025-10-24 08:34:16] INFO:   [매수선] 1차: 20,150원, 2차: 18,150원, 3차: 16,350원
[2025-10-24 08:34:16] INFO:   [이격도] 1차: 2.2%, 2차: 13.5%, 3차: 26.0%
[2025-10-24 08:34:16] INFO: 
[26] 우리기술투자 (041190) 모니터링 중...
[2025-10-24 08:34:16] INFO:   [현재가] 현재가: 8,840원
[2025-10-24 08:34:16] INFO:   [저가] 저가: 8,740원
[2025-10-24 08:34:16] INFO:   [고가] 고가: 8,870원
[2025-10-24 08:34:16] INFO:   [매수선] 1차: 8,180원, 2차: 7,380원, 3차: 6,660원
[2025-10-24 08:34:16] INFO:   [이격도] 1차: 8.1%, 2차: 19.8%, 3차: 32.7%
[2025-10-24 08:34:16] INFO: 
[27] NHN KCP (060250) 모니터링 중...
[2025-10-24 08:34:17] INFO:   [현재가] 현재가: 16,200원
[2025-10-24 08:34:17] INFO:   [저가] 저가: 15,970원
[2025-10-24 08:34:17] INFO:   [고가] 고가: 16,240원
[2025-10-24 08:34:17] INFO:   [매수선] 1차: 13,620원, 2차: 12,270원, 3차: 11,060원
[2025-10-24 08:34:17] INFO:   [이격도] 1차: 18.9%, 2차: 32.0%, 3차: 46.5%
[2025-10-24 08:34:17] INFO: 
[28] 레인보우로보틱스 (277810) 모니터링 중...
[2025-10-24 08:34:18] INFO:   [현재가] 현재가: 336,000원
[2025-10-24 08:34:18] INFO:   [저가] 저가: 334,500원
[2025-10-24 08:34:18] INFO:   [고가] 고가: 343,500원
[2025-10-24 08:34:18] INFO:   [매수선] 1차: 258,000원, 2차: 233,000원, 3차: 210,500원
[2025-10-24 08:34:18] INFO:   [이격도] 1차: 30.2%, 2차: 44.2%, 3차: 59.6%
[2025-10-24 08:34:18] INFO: 
[29] 알테오젠 (196170) 모니터링 중...
[2025-10-24 08:34:18] INFO:   [현재가] 현재가: 455,000원
[2025-10-24 08:34:18] INFO:   [저가] 저가: 453,000원
[2025-10-24 08:34:18] INFO:   [고가] 고가: 458,500원
[2025-10-24 08:34:18] INFO:   [매수선] 1차: 361,500원, 2차: 326,000원, 3차: 294,000원
[2025-10-24 08:34:18] INFO:   [이격도] 1차: 25.9%, 2차: 39.6%, 3차: 54.8%
[2025-10-24 08:34:18] INFO: 
[30] 셀트리온 (068270) 모니터링 중...
[2025-10-24 08:34:19] INFO:   [현재가] 현재가: 174,000원
[2025-10-24 08:34:19] INFO:   [저가] 저가: 172,900원
[2025-10-24 08:34:19] INFO:   [고가] 고가: 174,300원
[2025-10-24 08:34:19] INFO:   [매수선] 1차: 138,700원, 2차: 125,000원, 3차: 112,600원
[2025-10-24 08:34:19] INFO:   [이격도] 1차: 25.5%, 2차: 39.2%, 3차: 54.5%
[2025-10-24 08:34:19] INFO: 
[31] 디앤디파마텍 (347850) 모니터링 중...
[2025-10-24 08:34:19] INFO:   [현재가] 현재가: 169,700원
[2025-10-24 08:34:19] INFO:   [저가] 저가: 169,700원
[2025-10-24 08:34:19] INFO:   [고가] 고가: 169,700원
[2025-10-24 08:34:19] INFO:   [매수선] 1차: 148,200원, 2차: 133,500원, 3차: 120,300원
[2025-10-24 08:34:19] INFO:   [이격도] 1차: 14.5%, 2차: 27.1%, 3차: 41.1%
[2025-10-24 08:34:19] INFO: 
[32] 삼천당제약 (000250) 모니터링 중...
[2025-10-24 08:34:20] INFO:   [현재가] 현재가: 200,500원
[2025-10-24 08:34:20] INFO:   [저가] 저가: 198,600원
[2025-10-24 08:34:20] INFO:   [고가] 고가: 202,500원
[2025-10-24 08:34:20] INFO:   [매수선] 1차: 171,000원, 2차: 154,000원, 3차: 138,700원
[2025-10-24 08:34:20] INFO:   [이격도] 1차: 17.3%, 2차: 30.2%, 3차: 44.6%
[2025-10-24 08:34:20] INFO: 
[33] 다날 (064260) 모니터링 중...
[2025-10-24 08:34:21] INFO:   [현재가] 현재가: 8,990원
[2025-10-24 08:34:21] INFO:   [저가] 저가: 8,990원
[2025-10-24 08:34:21] INFO:   [고가] 고가: 8,990원
[2025-10-24 08:34:21] INFO:   [매수선] 1차: 7,710원, 2차: 6,950원, 3차: 6,270원
[2025-10-24 08:34:21] INFO:   [이격도] 1차: 16.6%, 2차: 29.4%, 3차: 43.4%
[2025-10-24 08:34:21] INFO: 
[34] 로보스타 (090360) 모니터링 중...
[2025-10-24 08:34:21] INFO:   [현재가] 현재가: 67,600원
[2025-10-24 08:34:21] INFO:   [저가] 저가: 67,600원
[2025-10-24 08:34:21] INFO:   [고가] 고가: 67,600원
[2025-10-24 08:34:21] INFO:   [매수선] 1차: 43,950원, 2차: 39,650원, 3차: 35,750원
[2025-10-24 08:34:21] INFO:   [이격도] 1차: 53.8%, 2차: 70.5%, 3차: 89.1%
[2025-10-24 08:34:21] INFO: 
[35] 한국항공우주 (047810) 모니터링 중...
[2025-10-24 08:34:22] INFO:   [현재가] 현재가: 101,300원
[2025-10-24 08:34:22] INFO:   [저가] 저가: 100,500원
[2025-10-24 08:34:22] INFO:   [고가] 고가: 102,000원
[2025-10-24 08:34:22] INFO:   [매수선] 1차: 82,100원, 2차: 74,000원, 3차: 66,700원
[2025-10-24 08:34:22] INFO:   [이격도] 1차: 23.4%, 2차: 36.9%, 3차: 51.9%
[2025-10-24 08:34:22] INFO: 
[36] 지투지바이오 (456160) 모니터링 중...
[2025-10-24 08:34:22] INFO:   [현재가] 현재가: 179,700원
[2025-10-24 08:34:22] INFO:   [저가] 저가: 179,700원
[2025-10-24 08:34:22] INFO:   [고가] 고가: 179,700원
[2025-10-24 08:34:22] INFO:   [매수선] 1차: 155,200원, 2차: 139,800원, 3차: 126,000원
[2025-10-24 08:34:22] INFO:   [이격도] 1차: 15.8%, 2차: 28.5%, 3차: 42.6%
[2025-10-24 08:34:22] INFO: 
[37] 농심 (004370) 모니터링 중...
[2025-10-24 08:34:23] INFO:   [현재가] 현재가: 434,500원
[2025-10-24 08:34:23] INFO:   [저가] 저가: 434,000원
[2025-10-24 08:34:23] INFO:   [고가] 고가: 446,500원
[2025-10-24 08:34:23] INFO:   [매수선] 1차: 347,500원, 2차: 313,500원, 3차: 283,000원
[2025-10-24 08:34:23] INFO:   [이격도] 1차: 25.0%, 2차: 38.6%, 3차: 53.5%
[2025-10-24 08:34:23] INFO: 
[38] SK오션플랜트 (100090) 모니터링 중...
[2025-10-24 08:34:24] INFO:   [현재가] 현재가: 22,350원
[2025-10-24 08:34:24] INFO:   [저가] 저가: 22,350원
[2025-10-24 08:34:24] INFO:   [고가] 고가: 22,350원
[2025-10-24 08:34:24] INFO:   [매수선] 1차: 18,670원, 2차: 16,820원, 3차: 15,150원
[2025-10-24 08:34:24] INFO:   [이격도] 1차: 19.7%, 2차: 32.9%, 3차: 47.5%
[2025-10-24 08:34:24] INFO: 
[39] HJ중공업 (097230) 모니터링 중...
[2025-10-24 08:34:24] INFO:   [현재가] 현재가: 28,350원
[2025-10-24 08:34:24] INFO:   [저가] 저가: 28,350원
[2025-10-24 08:34:24] INFO:   [고가] 고가: 28,350원
[2025-10-24 08:34:24] INFO:   [매수선] 1차: 21,200원, 2차: 19,090원, 3차: 17,200원
[2025-10-24 08:34:24] INFO:   [이격도] 1차: 33.7%, 2차: 48.5%, 3차: 64.8%
[2025-10-24 08:34:24] INFO: 
[40] 세진중공업 (075580) 모니터링 중...
[2025-10-24 08:34:25] INFO:   [현재가] 현재가: 22,500원
[2025-10-24 08:34:25] INFO:   [저가] 저가: 22,500원
[2025-10-24 08:34:25] INFO:   [고가] 고가: 22,500원
[2025-10-24 08:34:25] INFO:   [매수선] 1차: 16,820원, 2차: 15,150원, 3차: 13,650원
[2025-10-24 08:34:25] INFO:   [이격도] 1차: 33.8%, 2차: 48.5%, 3차: 64.8%
[2025-10-24 08:34:25] INFO: 
[41] 엘앤씨바이오 (290650) 모니터링 중...
[2025-10-24 08:34:26] INFO:   [현재가] 현재가: 51,800원
[2025-10-24 08:34:26] INFO:   [저가] 저가: 51,600원
[2025-10-24 08:34:26] INFO:   [고가] 고가: 52,500원
[2025-10-24 08:34:26] INFO:   [매수선] 1차: 41,300원, 2차: 37,250원, 3차: 33,600원
[2025-10-24 08:34:26] INFO:   [이격도] 1차: 25.4%, 2차: 39.1%, 3차: 54.2%
[2025-10-24 08:34:26] INFO: 
[42] 한화엔진 (082740) 모니터링 중...
[2025-10-24 08:34:26] INFO:   [현재가] 현재가: 48,600원
[2025-10-24 08:34:26] INFO:   [저가] 저가: 48,600원
[2025-10-24 08:34:26] INFO:   [고가] 고가: 48,600원
[2025-10-24 08:34:26] INFO:   [매수선] 1차: 36,400원, 2차: 32,850원, 3차: 29,650원
[2025-10-24 08:34:26] INFO:   [이격도] 1차: 33.5%, 2차: 47.9%, 3차: 63.9%
[2025-10-24 08:34:26] INFO: 
[43] 현대힘스 (460930) 모니터링 중...
[2025-10-24 08:34:27] INFO:   [현재가] 현재가: 22,750원
[2025-10-24 08:34:27] INFO:   [저가] 저가: 22,750원
[2025-10-24 08:34:27] INFO:   [고가] 고가: 22,750원
[2025-10-24 08:34:27] INFO:   [매수선] 1차: 19,440원, 2차: 17,510원, 3차: 15,770원
[2025-10-24 08:34:27] INFO:   [이격도] 1차: 17.0%, 2차: 29.9%, 3차: 44.3%
[2025-10-24 08:34:27] INFO: 
[44] HD한국조선해양 (009540) 모니터링 중...
[2025-10-24 08:34:27] INFO:   [현재가] 현재가: 453,000원
[2025-10-24 08:34:27] INFO:   [저가] 저가: 448,500원
[2025-10-24 08:34:27] INFO:   [고가] 고가: 453,000원
[2025-10-24 08:34:27] INFO:   [매수선] 1차: 330,500원, 2차: 298,000원, 3차: 269,000원
[2025-10-24 08:34:27] INFO:   [이격도] 1차: 37.1%, 2차: 52.0%, 3차: 68.4%
[2025-10-24 08:34:27] INFO: 
[45] HD현대미포 (010620) 모니터링 중...
[2025-10-24 08:34:28] INFO:   [현재가] 현재가: 229,500원
[2025-10-24 08:34:28] INFO:   [저가] 저가: 228,000원
[2025-10-24 08:34:28] INFO:   [고가] 고가: 234,000원
[2025-10-24 08:34:28] INFO:   [매수선] 1차: 162,300원, 2차: 146,200원, 3차: 131,700원
[2025-10-24 08:34:28] INFO:   [이격도] 1차: 41.4%, 2차: 57.0%, 3차: 74.3%
[2025-10-24 08:34:28] INFO: 
[46] 삼성중공업 (010140) 모니터링 중...
[2025-10-24 08:34:29] INFO:   [현재가] 현재가: 24,400원
[2025-10-24 08:34:29] INFO:   [저가] 저가: 24,050원
[2025-10-24 08:34:29] INFO:   [고가] 고가: 24,500원
[2025-10-24 08:34:29] INFO:   [매수선] 1차: 17,540원, 2차: 15,800원, 3차: 14,230원
[2025-10-24 08:34:29] INFO:   [이격도] 1차: 39.1%, 2차: 54.4%, 3차: 71.5%
[2025-10-24 08:34:29] INFO: 
[47] 효성중공업 (298040) 모니터링 중...
[2025-10-24 08:34:29] INFO:   [현재가] 현재가: 1,880,000원
[2025-10-24 08:34:29] INFO:   [저가] 저가: 1,832,000원
[2025-10-24 08:34:29] INFO:   [고가] 고가: 1,883,000원
[2025-10-24 08:34:29] INFO:   [매수선] 1차: 1,190,000원, 2차: 1,072,000원, 3차: 966,000원
[2025-10-24 08:34:29] INFO:   [이격도] 1차: 58.0%, 2차: 75.4%, 3차: 94.6%
[2025-10-24 08:34:29] INFO: 
[48] LIG넥스원 (079550) 모니터링 중...
[2025-10-24 08:34:30] INFO:   [현재가] 현재가: 470,000원
[2025-10-24 08:34:30] INFO:   [저가] 저가: 462,500원
[2025-10-24 08:34:30] INFO:   [고가] 고가: 470,500원
[2025-10-24 08:34:30] INFO:   [매수선] 1차: 377,500원, 2차: 340,500원, 3차: 307,000원
[2025-10-24 08:34:30] INFO:   [이격도] 1차: 24.5%, 2차: 38.0%, 3차: 53.1%
[2025-10-24 08:34:30] INFO: 
[49] 에스엔시스 (0008Z0) 모니터링 중...
[2025-10-24 08:34:31] INFO:   [현재가] 현재가: 42,800원
[2025-10-24 08:34:31] INFO:   [저가] 저가: 42,800원
[2025-10-24 08:34:31] INFO:   [고가] 고가: 42,800원
[2025-10-24 08:34:31] INFO:   [매수선] 1차: 32,850원, 2차: 29,650원, 3차: 26,750원
[2025-10-24 08:34:31] INFO:   [이격도] 1차: 30.3%, 2차: 44.4%, 3차: 60.0%
[2025-10-24 08:34:31] INFO: 
[50] 삼양컴텍 (484590) 모니터링 중...
[2025-10-24 08:34:31] INFO:   [현재가] 현재가: 17,230원
[2025-10-24 08:34:31] INFO:   [저가] 저가: 17,230원
[2025-10-24 08:34:31] INFO:   [고가] 고가: 17,230원
[2025-10-24 08:34:31] INFO:   [매수선] 1차: 14,070원, 2차: 12,680원, 3차: 11,430원
[2025-10-24 08:34:31] INFO:   [이격도] 1차: 22.5%, 2차: 35.9%, 3차: 50.7%
[2025-10-24 08:34:31] INFO: 
[51] 에이비엘바이오 (298380) 모니터링 중...
[2025-10-24 08:34:32] INFO:   [현재가] 현재가: 85,600원
[2025-10-24 08:34:32] INFO:   [저가] 저가: 85,000원
[2025-10-24 08:34:32] INFO:   [고가] 고가: 86,400원
[2025-10-24 08:34:32] INFO:   [매수선] 1차: 73,300원, 2차: 66,100원, 3차: 59,600원
[2025-10-24 08:34:32] INFO:   [이격도] 1차: 16.8%, 2차: 29.5%, 3차: 43.6%
[2025-10-24 08:34:32] INFO: 
[52] LG디스플레이 (034220) 모니터링 중...
[2025-10-24 08:34:32] INFO:   [현재가] 현재가: 14,260원
[2025-10-24 08:34:32] INFO:   [저가] 저가: 14,200원
[2025-10-24 08:34:32] INFO:   [고가] 고가: 14,310원
[2025-10-24 08:34:32] INFO:   [매수선] 1차: 11,330원, 2차: 10,210원, 3차: 9,200원
[2025-10-24 08:34:32] INFO:   [이격도] 1차: 25.9%, 2차: 39.7%, 3차: 55.0%
[2025-10-24 08:34:32] INFO: 
[53] 대한조선 (439260) 모니터링 중...
[2025-10-24 08:34:33] INFO:   [현재가] 현재가: 77,400원
[2025-10-24 08:34:33] INFO:   [저가] 저가: 77,400원
[2025-10-24 08:34:33] INFO:   [고가] 고가: 77,400원
[2025-10-24 08:34:33] INFO:   [매수선] 1차: 62,500원, 2차: 56,400원, 3차: 50,900원
[2025-10-24 08:34:33] INFO:   [이격도] 1차: 23.8%, 2차: 37.2%, 3차: 52.1%
[2025-10-24 08:34:33] INFO: 
[54] 에이피알 (278470) 모니터링 중...
[2025-10-24 08:34:34] INFO:   [현재가] 현재가: 247,000원
[2025-10-24 08:34:34] INFO:   [저가] 저가: 244,000원
[2025-10-24 08:34:34] INFO:   [고가] 고가: 248,500원
[2025-10-24 08:34:34] INFO:   [매수선] 1차: 190,300원, 2차: 171,400원, 3차: 154,400원
[2025-10-24 08:34:34] INFO:   [이격도] 1차: 29.8%, 2차: 44.1%, 3차: 60.0%
[2025-10-24 08:34:34] INFO: 
[55] SK바이오팜 (326030) 모니터링 중...
[2025-10-24 08:34:34] INFO:   [현재가] 현재가: 107,000원
[2025-10-24 08:34:34] INFO:   [저가] 저가: 106,600원
[2025-10-24 08:34:34] INFO:   [고가] 고가: 107,300원
[2025-10-24 08:34:34] INFO:   [매수선] 1차: 82,800원, 2차: 74,700원, 3차: 67,400원
[2025-10-24 08:34:34] INFO:   [이격도] 1차: 29.2%, 2차: 43.2%, 3차: 58.8%
[2025-10-24 08:34:34] INFO: 
[56] 한화에어로스페이스 (012450) 모니터링 중...
[2025-10-24 08:34:35] INFO:   [현재가] 현재가: 1,048,000원
[2025-10-24 08:34:35] INFO:   [저가] 저가: 1,038,000원
[2025-10-24 08:34:35] INFO:   [고가] 고가: 1,054,000원
[2025-10-24 08:34:35] INFO:   [매수선] 1차: 805,000원, 2차: 726,000원, 3차: 655,000원
[2025-10-24 08:34:35] INFO:   [이격도] 1차: 30.2%, 2차: 44.4%, 3차: 60.0%
[2025-10-24 08:34:35] INFO: 
[57] 한화시스템 (272210) 모니터링 중...
[2025-10-24 08:34:36] INFO:   [현재가] 현재가: 56,000원
[2025-10-24 08:34:36] INFO:   [저가] 저가: 55,700원
[2025-10-24 08:34:36] INFO:   [고가] 고가: 57,000원
[2025-10-24 08:34:36] INFO:   [매수선] 1차: 44,850원, 2차: 40,450원, 3차: 36,500원
[2025-10-24 08:34:36] INFO:   [이격도] 1차: 24.9%, 2차: 38.4%, 3차: 53.4%
[2025-10-24 08:34:36] INFO: 
[58] 한화솔루션 (009830) 모니터링 중...
[2025-10-24 08:34:36] INFO:   [현재가] 현재가: 30,750원
[2025-10-24 08:34:36] INFO:   [저가] 저가: 30,550원
[2025-10-24 08:34:36] INFO:   [고가] 고가: 30,950원
[2025-10-24 08:34:36] INFO:   [매수선] 1차: 23,100원, 2차: 20,850원, 3차: 18,780원
[2025-10-24 08:34:36] INFO:   [이격도] 1차: 33.1%, 2차: 47.5%, 3차: 63.7%
[2025-10-24 08:34:36] INFO: 
[59] 삼성전기 (009150) 모니터링 중...
[2025-10-24 08:34:37] INFO:   [현재가] 현재가: 223,000원
[2025-10-24 08:34:37] INFO:   [저가] 저가: 221,000원
[2025-10-24 08:34:37] INFO:   [고가] 고가: 225,500원
[2025-10-24 08:34:37] INFO:   [매수선] 1차: 161,100원, 2차: 145,100원, 3차: 130,700원
[2025-10-24 08:34:37] INFO:   [이격도] 1차: 38.4%, 2차: 53.7%, 3차: 70.6%
[2025-10-24 08:34:37] INFO: 
[60] 한화비전 (489790) 모니터링 중...
[2025-10-24 08:34:37] INFO:   [현재가] 현재가: 52,300원
[2025-10-24 08:34:37] INFO:   [저가] 저가: 51,900원
[2025-10-24 08:34:37] INFO:   [고가] 고가: 52,500원
[2025-10-24 08:34:37] INFO:   [매수선] 1차: 42,750원, 2차: 38,550원, 3차: 34,750원
[2025-10-24 08:34:37] INFO:   [이격도] 1차: 22.3%, 2차: 35.7%, 3차: 50.5%
[2025-10-24 08:34:37] INFO: 
[61] HD현대인프라코어 (042670) 모니터링 중...
[2025-10-24 08:34:38] INFO:   [현재가] 현재가: 17,110원
[2025-10-24 08:34:38] INFO:   [저가] 저가: 16,990원
[2025-10-24 08:34:38] INFO:   [고가] 고가: 17,350원
[2025-10-24 08:34:38] INFO:   [매수선] 1차: 12,180원, 2차: 10,980원, 3차: 9,900원
[2025-10-24 08:34:38] INFO:   [이격도] 1차: 40.5%, 2차: 55.8%, 3차: 72.8%
[2025-10-24 08:34:38] INFO: 
[62] 도우인시스 (484120) 모니터링 중...
[2025-10-24 08:34:39] INFO:   [현재가] 현재가: 29,200원
[2025-10-24 08:34:39] INFO:   [저가] 저가: 29,000원
[2025-10-24 08:34:39] INFO:   [고가] 고가: 29,400원
[2025-10-24 08:34:39] INFO:   [매수선] 1차: 23,650원, 2차: 21,350원, 3차: 19,230원
[2025-10-24 08:34:39] INFO:   [이격도] 1차: 23.5%, 2차: 36.8%, 3차: 51.8%
[2025-10-24 08:34:39] INFO: 
[63] KBI동양철관 (008970) 모니터링 중...
[2025-10-24 08:34:39] INFO:   [현재가] 현재가: 2,720원
[2025-10-24 08:34:39] INFO:   [저가] 저가: 2,720원
[2025-10-24 08:34:39] INFO:   [고가] 고가: 2,720원
[2025-10-24 08:34:39] INFO:   [매수선] 1차: 2,045원, 2차: 1,842원, 3차: 1,659원
[2025-10-24 08:34:39] INFO:   [이격도] 1차: 33.0%, 2차: 47.7%, 3차: 64.0%
[2025-10-24 08:34:39] INFO: 
[64] YG PLUS (037270) 모니터링 중...
[2025-10-24 08:34:40] INFO:   [현재가] 현재가: 6,510원
[2025-10-24 08:34:40] INFO:   [저가] 저가: 6,510원
[2025-10-24 08:34:40] INFO:   [고가] 고가: 6,510원
[2025-10-24 08:34:40] INFO:   [매수선] 1차: 5,810원, 2차: 5,240원, 3차: 4,725원
[2025-10-24 08:34:40] INFO:   [이격도] 1차: 12.0%, 2차: 24.2%, 3차: 37.8%
[2025-10-24 08:34:40] INFO: 
[65] 리가켐바이오 (141080) 모니터링 중...
[2025-10-24 08:34:41] INFO:   [현재가] 현재가: 135,200원
[2025-10-24 08:34:41] INFO:   [저가] 저가: 134,200원
[2025-10-24 08:34:41] INFO:   [고가] 고가: 136,500원
[2025-10-24 08:34:41] INFO:   [매수선] 1차: 114,300원, 2차: 103,000원, 3차: 92,800원
[2025-10-24 08:34:41] INFO:   [이격도] 1차: 18.3%, 2차: 31.3%, 3차: 45.7%
[2025-10-24 08:34:41] INFO: 
[66] 쿠콘 (294570) 모니터링 중...
[2025-10-24 08:34:41] INFO:   [현재가] 현재가: 37,400원
[2025-10-24 08:34:41] INFO:   [저가] 저가: 37,050원
[2025-10-24 08:34:41] INFO:   [고가] 고가: 37,600원
[2025-10-24 08:34:41] INFO:   [매수선] 1차: 30,450원, 2차: 27,500원, 3차: 24,800원
[2025-10-24 08:34:41] INFO:   [이격도] 1차: 22.8%, 2차: 36.0%, 3차: 50.8%
[2025-10-24 08:34:41] INFO: 
[67] 파인엠텍 (441270) 모니터링 중...
[2025-10-24 08:34:42] INFO:   [현재가] 현재가: 9,010원
[2025-10-24 08:34:42] INFO:   [저가] 저가: 9,010원
[2025-10-24 08:34:42] INFO:   [고가] 고가: 9,010원
[2025-10-24 08:34:42] INFO:   [매수선] 1차: 8,250원, 2차: 7,440원, 3차: 6,710원
[2025-10-24 08:34:42] INFO:   [이격도] 1차: 9.2%, 2차: 21.1%, 3차: 34.3%
[2025-10-24 08:34:42] INFO: 
[68] SK스퀘어 (402340) 모니터링 중...
[2025-10-24 08:34:43] INFO:   [현재가] 현재가: 257,500원
[2025-10-24 08:34:43] INFO:   [저가] 저가: 253,000원
[2025-10-24 08:34:43] INFO:   [고가] 고가: 259,500원
[2025-10-24 08:34:43] INFO:   [매수선] 1차: 184,200원, 2차: 165,900원, 3차: 149,500원
[2025-10-24 08:34:43] INFO:   [이격도] 1차: 39.8%, 2차: 55.2%, 3차: 72.2%
[2025-10-24 08:34:43] INFO: 
[69] POSCO홀딩스 (005490) 모니터링 중...
[2025-10-24 08:34:43] INFO:   [현재가] 현재가: 312,000원
[2025-10-24 08:34:43] INFO:   [저가] 저가: 307,500원
[2025-10-24 08:34:43] INFO:   [고가] 고가: 314,000원
[2025-10-24 08:34:43] INFO:   [매수선] 1차: 224,000원, 2차: 202,500원, 3차: 182,400원
[2025-10-24 08:34:43] INFO:   [이격도] 1차: 39.3%, 2차: 54.1%, 3차: 71.1%
[2025-10-24 08:34:43] INFO: 
[70] HD현대건설기계 (267270) 모니터링 중...
[2025-10-24 08:34:44] INFO:   [현재가] 현재가: 114,900원
[2025-10-24 08:34:44] INFO:   [저가] 저가: 114,900원
[2025-10-24 08:34:44] INFO:   [고가] 고가: 114,900원
[2025-10-24 08:34:44] INFO:   [매수선] 1차: 76,600원, 2차: 69,100원, 3차: 62,300원
[2025-10-24 08:34:44] INFO:   [이격도] 1차: 50.0%, 2차: 66.3%, 3차: 84.4%
[2025-10-24 08:34:44] INFO: 
[71] 한화 (000880) 모니터링 중...
[2025-10-24 08:34:44] INFO:   [현재가] 현재가: 95,200원
[2025-10-24 08:34:44] INFO:   [저가] 저가: 93,000원
[2025-10-24 08:34:44] INFO:   [고가] 고가: 96,500원
[2025-10-24 08:34:44] INFO:   [매수선] 1차: 68,500원, 2차: 61,800원, 3차: 55,800원
[2025-10-24 08:34:44] INFO:   [이격도] 1차: 39.0%, 2차: 54.0%, 3차: 70.6%
[2025-10-24 08:34:44] INFO: 
[72] SK (034730) 모니터링 중...
[2025-10-24 08:34:45] INFO:   [현재가] 현재가: 233,000원
[2025-10-24 08:34:45] INFO:   [저가] 저가: 231,500원
[2025-10-24 08:34:45] INFO:   [고가] 고가: 234,500원
[2025-10-24 08:34:45] INFO:   [매수선] 1차: 174,200원, 2차: 156,900원, 3차: 141,400원
[2025-10-24 08:34:45] INFO:   [이격도] 1차: 33.8%, 2차: 48.5%, 3차: 64.8%
[2025-10-24 08:34:45] INFO: 
[73] SK이노베이션 (096770) 모니터링 중...
[2025-10-24 08:34:46] INFO:   [현재가] 현재가: 127,900원
[2025-10-24 08:34:46] INFO:   [저가] 저가: 126,000원
[2025-10-24 08:34:46] INFO:   [고가] 고가: 128,400원
[2025-10-24 08:34:46] INFO:   [매수선] 1차: 86,200원, 2차: 77,700원, 3차: 70,100원
[2025-10-24 08:34:46] INFO:   [이격도] 1차: 48.4%, 2차: 64.6%, 3차: 82.5%
[2025-10-24 08:34:46] INFO: 
================================================================================
[2025-10-24 08:34:46] INFO: [OK] 단순화된 모니터링 사이클 완료
[2025-10-24 08:34:46] INFO:   전체 종목: 73개
[2025-10-24 08:34:46] INFO:   체크한 종목: 73개
[2025-10-24 08:34:46] INFO:   전송 알람: 0개
[2025-10-24 08:34:46] INFO: ================================================================================
[2025-10-24 08:34:46] INFO: 
[간격] 60초 후 다음 사이클 실행...
[2025-10-24 08:34:46] INFO:    종료하려면 Ctrl+C를 누르세요.
[2025-10-24 08:35:46] INFO: 
================================================================================
[2025-10-24 08:35:46] INFO: [사이클 2] 2025-10-24 08:35:46
[2025-10-24 08:35:46] INFO: ================================================================================
[2025-10-24 08:35:46] INFO: [OK] Summary 탭에서 73개 종목 로드 (매수선 포함)
[2025-10-24 08:35:46] INFO: 
[1] 삼성전자 (005930) 모니터링 중...
[2025-10-24 08:35:46] INFO:   [현재가] 현재가: 97,900원
[2025-10-24 08:35:46] INFO:   [저가] 저가: 97,200원
[2025-10-24 08:35:46] INFO:   [고가] 고가: 98,300원
[2025-10-24 08:35:46] INFO:   [매수선] 1차: 72,000원, 2차: 64,900원, 3차: 58,600원
[2025-10-24 08:35:46] INFO:   [이격도] 1차: 36.0%, 2차: 50.8%, 3차: 67.1%
[2025-10-24 08:35:46] INFO: 
[2] SK하이닉스 (000660) 모니터링 중...
[2025-10-24 08:35:46] INFO:   [현재가] 현재가: 493,500원
[2025-10-24 08:35:46] INFO:   [저가] 저가: 487,000원
[2025-10-24 08:35:46] INFO:   [고가] 고가: 494,500원
[2025-10-24 08:35:46] INFO:   [매수선] 1차: 323,000원, 2차: 291,500원, 3차: 263,000원
[2025-10-24 08:35:46] INFO:   [이격도] 1차: 52.8%, 2차: 69.3%, 3차: 87.6%
[2025-10-24 08:35:46] INFO: 
[3] 두산에너빌리티 (034020) 모니터링 중...
[2025-10-24 08:35:47] INFO:   [현재가] 현재가: 78,100원
[2025-10-24 08:35:47] INFO:   [저가] 저가: 77,100원
[2025-10-24 08:35:47] INFO:   [고가] 고가: 78,400원
[2025-10-24 08:35:47] INFO:   [매수선] 1차: 56,900원, 2차: 51,400원, 3차: 46,350원
[2025-10-24 08:35:47] INFO:   [이격도] 1차: 37.3%, 2차: 51.9%, 3차: 68.5%
[2025-10-24 08:35:47] INFO: 
[4] NAVER (035420) 모니터링 중...
[2025-10-24 08:35:48] INFO:   [현재가] 현재가: 245,000원
[2025-10-24 08:35:48] INFO:   [저가] 저가: 243,000원
[2025-10-24 08:35:48] INFO:   [고가] 고가: 245,500원
[2025-10-24 08:35:48] INFO:   [매수선] 1차: 201,500원, 2차: 181,500원, 3차: 163,500원
[2025-10-24 08:35:48] INFO:   [이격도] 1차: 21.6%, 2차: 35.0%, 3차: 49.8%
[2025-10-24 08:35:48] INFO: 
[5] 한미반도체 (042700) 모니터링 중...
[2025-10-24 08:35:48] INFO:   [현재가] 현재가: 154,800원
[2025-10-24 08:35:48] INFO:   [저가] 저가: 151,000원
[2025-10-24 08:35:48] INFO:   [고가] 고가: 156,000원
[2025-10-24 08:35:48] INFO:   [매수선] 1차: 94,200원, 2차: 84,900원, 3차: 76,600원
[2025-10-24 08:35:48] INFO:   [이격도] 1차: 64.3%, 2차: 82.3%, 3차: 102.1%
[2025-10-24 08:35:48] INFO: 
[6] 에코프로 (086520) 모니터링 중...
[2025-10-24 08:35:49] INFO:   [현재가] 현재가: 81,500원
[2025-10-24 08:35:49] INFO:   [저가] 저가: 81,500원
[2025-10-24 08:35:49] INFO:   [고가] 고가: 81,500원
[2025-10-24 08:35:49] INFO:   [매수선] 1차: 45,350원, 2차: 40,900원, 3차: 36,900원
[2025-10-24 08:35:49] INFO:   [이격도] 1차: 79.7%, 2차: 99.3%, 3차: 120.9%
[2025-10-24 08:35:49] INFO: 
[7] 한화오션 (042660) 모니터링 중...
[2025-10-24 08:35:50] INFO:   [현재가] 현재가: 134,800원
[2025-10-24 08:35:50] INFO:   [저가] 저가: 132,600원
[2025-10-24 08:35:50] INFO:   [고가] 고가: 136,900원
[2025-10-24 08:35:50] INFO:   [매수선] 1차: 88,900원, 2차: 80,200원, 3차: 72,300원
[2025-10-24 08:35:50] INFO:   [이격도] 1차: 51.6%, 2차: 68.1%, 3차: 86.4%
[2025-10-24 08:35:50] INFO: 
[8] 현대차 (005380) 모니터링 중...
[2025-10-24 08:35:50] INFO:   [현재가] 현재가: 254,000원
[2025-10-24 08:35:50] INFO:   [저가] 저가: 249,500원
[2025-10-24 08:35:50] INFO:   [고가] 고가: 256,000원
[2025-10-24 08:35:50] INFO:   [매수선] 1차: 180,900원, 2차: 163,000원, 3차: 146,800원
[2025-10-24 08:35:50] INFO:   [이격도] 1차: 40.4%, 2차: 55.8%, 3차: 73.0%
[2025-10-24 08:35:50] INFO: 
[9] 에코프로비엠 (247540) 모니터링 중...
[2025-10-24 08:35:51] INFO:   [현재가] 현재가: 161,700원
[2025-10-24 08:35:51] INFO:   [저가] 저가: 160,400원
[2025-10-24 08:35:51] INFO:   [고가] 고가: 163,000원
[2025-10-24 08:35:51] INFO:   [매수선] 1차: 102,800원, 2차: 92,700원, 3차: 83,600원
[2025-10-24 08:35:51] INFO:   [이격도] 1차: 57.3%, 2차: 74.4%, 3차: 93.4%
[2025-10-24 08:35:51] INFO: 
[10] 삼성SDI (006400) 모니터링 중...
[2025-10-24 08:35:52] INFO:   [현재가] 현재가: 261,500원
[2025-10-24 08:35:52] INFO:   [저가] 저가: 258,000원
[2025-10-24 08:35:52] INFO:   [고가] 고가: 264,000원
[2025-10-24 08:35:52] INFO:   [매수선] 1차: 177,200원, 2차: 159,600원, 3차: 143,800원
[2025-10-24 08:35:52] INFO:   [이격도] 1차: 47.6%, 2차: 63.8%, 3차: 81.8%
[2025-10-24 08:35:52] INFO: 
[11] LG화학 (051910) 모니터링 중...
[2025-10-24 08:35:52] INFO:   [현재가] 현재가: 387,000원
[2025-10-24 08:35:52] INFO:   [저가] 저가: 380,500원
[2025-10-24 08:35:52] INFO:   [고가] 고가: 391,000원
[2025-10-24 08:35:52] INFO:   [매수선] 1차: 244,000원, 2차: 220,500원, 3차: 198,600원
[2025-10-24 08:35:52] INFO:   [이격도] 1차: 58.6%, 2차: 75.5%, 3차: 94.9%
[2025-10-24 08:35:52] INFO: 
[12] 에코프로머티 (450080) 모니터링 중...
[2025-10-24 08:35:53] INFO:   [현재가] 현재가: 66,500원
[2025-10-24 08:35:53] INFO:   [저가] 저가: 66,000원
[2025-10-24 08:35:53] INFO:   [고가] 고가: 67,000원
[2025-10-24 08:35:53] INFO:   [매수선] 1차: 42,900원, 2차: 38,700원, 3차: 34,900원
[2025-10-24 08:35:53] INFO:   [이격도] 1차: 55.0%, 2차: 71.8%, 3차: 90.5%
[2025-10-24 08:35:53] INFO: 
[13] LG에너지솔루션 (373220) 모니터링 중...
[2025-10-24 08:35:53] INFO:   [현재가] 현재가: 452,500원
[2025-10-24 08:35:53] INFO:   [저가] 저가: 446,000원
[2025-10-24 08:35:53] INFO:   [고가] 고가: 453,500원
[2025-10-24 08:35:53] INFO:   [매수선] 1차: 303,500원, 2차: 274,000원, 3차: 247,500원
[2025-10-24 08:35:53] INFO:   [이격도] 1차: 49.1%, 2차: 65.1%, 3차: 82.8%
[2025-10-24 08:35:53] INFO: 
[14] 한국전력 (015760) 모니터링 중...
[2025-10-24 08:35:54] INFO:   [현재가] 현재가: 42,850원
[2025-10-24 08:35:54] INFO:   [저가] 저가: 42,300원
[2025-10-24 08:35:54] INFO:   [고가] 고가: 42,900원
[2025-10-24 08:35:54] INFO:   [매수선] 1차: 30,400원, 2차: 27,450원, 3차: 24,800원
[2025-10-24 08:35:54] INFO:   [이격도] 1차: 41.0%, 2차: 56.1%, 3차: 72.8%
[2025-10-24 08:35:54] INFO: 
[15] 포스코퓨처엠 (003670) 모니터링 중...
[2025-10-24 08:35:55] INFO:   [현재가] 현재가: 207,000원
[2025-10-24 08:35:55] INFO:   [저가] 저가: 203,500원
[2025-10-24 08:35:55] INFO:   [고가] 고가: 207,500원
[2025-10-24 08:35:55] INFO:   [매수선] 1차: 130,200원, 2차: 117,300원, 3차: 105,700원
[2025-10-24 08:35:55] INFO:   [이격도] 1차: 59.0%, 2차: 76.5%, 3차: 95.8%
[2025-10-24 08:35:55] INFO: 
[16] 현대로템 (064350) 모니터링 중...
[2025-10-24 08:35:55] INFO:   [현재가] 현재가: 243,000원
[2025-10-24 08:35:55] INFO:   [저가] 저가: 238,000원
[2025-10-24 08:35:55] INFO:   [고가] 고가: 245,000원
[2025-10-24 08:35:55] INFO:   [매수선] 1차: 172,500원, 2차: 155,400원, 3차: 140,000원
[2025-10-24 08:35:55] INFO:   [이격도] 1차: 40.9%, 2차: 56.4%, 3차: 73.6%
[2025-10-24 08:35:55] INFO: 
[17] 카카오 (035720) 모니터링 중...
[2025-10-24 08:35:56] INFO:   [현재가] 현재가: 59,800원
[2025-10-24 08:35:56] INFO:   [저가] 저가: 59,200원
[2025-10-24 08:35:56] INFO:   [고가] 고가: 59,800원
[2025-10-24 08:35:56] INFO:   [매수선] 1차: 48,150원, 2차: 43,400원, 3차: 39,150원
[2025-10-24 08:35:56] INFO:   [이격도] 1차: 24.2%, 2차: 37.8%, 3차: 52.7%
[2025-10-24 08:35:56] INFO: 
[18] 엘앤에프 (066970) 모니터링 중...
[2025-10-24 08:35:56] INFO:   [현재가] 현재가: 115,400원
[2025-10-24 08:35:56] INFO:   [저가] 저가: 114,300원
[2025-10-24 08:35:56] INFO:   [고가] 고가: 115,900원
[2025-10-24 08:35:56] INFO:   [매수선] 1차: 68,600원, 2차: 61,900원, 3차: 55,900원
[2025-10-24 08:35:56] INFO:   [이격도] 1차: 68.2%, 2차: 86.4%, 3차: 106.4%
[2025-10-24 08:35:56] INFO: 
[19] 두산 (000150) 모니터링 중...
[2025-10-24 08:35:57] INFO:   [현재가] 현재가: 790,000원
[2025-10-24 08:35:57] INFO:   [저가] 저가: 783,000원
[2025-10-24 08:35:57] INFO:   [고가] 고가: 794,000원
[2025-10-24 08:35:57] INFO:   [매수선] 1차: 492,500원, 2차: 444,000원, 3차: 400,500원
[2025-10-24 08:35:57] INFO:   [이격도] 1차: 60.4%, 2차: 77.9%, 3차: 97.3%
[2025-10-24 08:35:57] INFO: 
[20] 한라캐스트 (125490) 모니터링 중...
[2025-10-24 08:35:58] INFO:   [현재가] 현재가: 13,350원
[2025-10-24 08:35:58] INFO:   [저가] 저가: 13,350원
[2025-10-24 08:35:58] INFO:   [고가] 고가: 13,350원
[2025-10-24 08:35:58] INFO:   [매수선] 1차: 7,740원, 2차: 6,980원, 3차: 6,300원
[2025-10-24 08:35:58] INFO:   [이격도] 1차: 72.5%, 2차: 91.3%, 3차: 111.9%
[2025-10-24 08:35:58] INFO: 
[21] 휴림로봇 (090710) 모니터링 중...
[2025-10-24 08:35:58] INFO:   [현재가] 현재가: 6,000원
[2025-10-24 08:35:58] INFO:   [저가] 저가: 6,000원
[2025-10-24 08:35:58] INFO:   [고가] 고가: 6,000원
[2025-10-24 08:35:58] INFO:   [매수선] 1차: 3,230원, 2차: 2,915원, 3차: 2,630원
[2025-10-24 08:35:58] INFO:   [이격도] 1차: 85.8%, 2차: 105.8%, 3차: 128.1%
[2025-10-24 08:35:58] INFO: 
[22] 클로봇 (466100) 모니터링 중...
[2025-10-24 08:35:59] INFO:   [현재가] 현재가: 38,800원
[2025-10-24 08:35:59] INFO:   [저가] 저가: 38,800원
[2025-10-24 08:35:59] INFO:   [고가] 고가: 38,800원
[2025-10-24 08:35:59] INFO:   [매수선] 1차: 28,000원, 2차: 25,250원, 3차: 22,800원
[2025-10-24 08:35:59] INFO:   [이격도] 1차: 38.6%, 2차: 53.7%, 3차: 70.2%
[2025-10-24 08:35:59] INFO: 
[23] 로보티즈 (108490) 모니터링 중...
[2025-10-24 08:35:59] INFO:   [현재가] 현재가: 187,000원
[2025-10-24 08:35:59] INFO:   [저가] 저가: 187,000원
[2025-10-24 08:35:59] INFO:   [고가] 고가: 187,000원
[2025-10-24 08:35:59] INFO:   [매수선] 1차: 137,100원, 2차: 123,500원, 3차: 111,300원
[2025-10-24 08:35:59] INFO:   [이격도] 1차: 36.4%, 2차: 51.4%, 3차: 68.0%
[2025-10-24 08:35:59] INFO: 
[24] 삼성전자우 (005935) 모니터링 중...
[2025-10-24 08:36:00] INFO:   [현재가] 현재가: 76,400원
[2025-10-24 08:36:00] INFO:   [저가] 저가: 76,400원
[2025-10-24 08:36:00] INFO:   [고가] 고가: 76,400원
[2025-10-24 08:36:00] INFO:   [매수선] 1차: 56,600원, 2차: 51,100원, 3차: 46,050원
[2025-10-24 08:36:00] INFO:   [이격도] 1차: 35.0%, 2차: 49.5%, 3차: 65.9%
[2025-10-24 08:36:00] INFO: 
[25] 일동제약 (249420) 모니터링 중...
[2025-10-24 08:36:00] INFO:   [현재가] 현재가: 20,600원
[2025-10-24 08:36:00] INFO:   [저가] 저가: 20,600원
[2025-10-24 08:36:00] INFO:   [고가] 고가: 20,600원
[2025-10-24 08:36:00] INFO:   [매수선] 1차: 20,150원, 2차: 18,150원, 3차: 16,350원
[2025-10-24 08:36:00] INFO:   [이격도] 1차: 2.2%, 2차: 13.5%, 3차: 26.0%
[2025-10-24 08:36:00] INFO: 
[26] 우리기술투자 (041190) 모니터링 중...
[2025-10-24 08:36:01] INFO:   [현재가] 현재가: 8,830원
[2025-10-24 08:36:01] INFO:   [저가] 저가: 8,740원
[2025-10-24 08:36:01] INFO:   [고가] 고가: 8,870원
[2025-10-24 08:36:01] INFO:   [매수선] 1차: 8,180원, 2차: 7,380원, 3차: 6,660원
[2025-10-24 08:36:01] INFO:   [이격도] 1차: 7.9%, 2차: 19.6%, 3차: 32.6%
[2025-10-24 08:36:01] INFO: 
[27] NHN KCP (060250) 모니터링 중...
[2025-10-24 08:36:02] INFO:   [현재가] 현재가: 16,210원
[2025-10-24 08:36:02] INFO:   [저가] 저가: 15,970원
[2025-10-24 08:36:02] INFO:   [고가] 고가: 16,240원
[2025-10-24 08:36:02] INFO:   [매수선] 1차: 13,620원, 2차: 12,270원, 3차: 11,060원
[2025-10-24 08:36:02] INFO:   [이격도] 1차: 19.0%, 2차: 32.1%, 3차: 46.6%
[2025-10-24 08:36:02] INFO: 
[28] 레인보우로보틱스 (277810) 모니터링 중...
[2025-10-24 08:36:02] INFO:   [현재가] 현재가: 336,000원
[2025-10-24 08:36:02] INFO:   [저가] 저가: 334,500원
[2025-10-24 08:36:02] INFO:   [고가] 고가: 343,500원
[2025-10-24 08:36:02] INFO:   [매수선] 1차: 258,000원, 2차: 233,000원, 3차: 210,500원
[2025-10-24 08:36:02] INFO:   [이격도] 1차: 30.2%, 2차: 44.2%, 3차: 59.6%
[2025-10-24 08:36:02] INFO: 
[29] 알테오젠 (196170) 모니터링 중...
[2025-10-24 08:36:03] INFO:   [현재가] 현재가: 455,000원
[2025-10-24 08:36:03] INFO:   [저가] 저가: 453,000원
[2025-10-24 08:36:03] INFO:   [고가] 고가: 458,500원
[2025-10-24 08:36:03] INFO:   [매수선] 1차: 361,500원, 2차: 326,000원, 3차: 294,000원
[2025-10-24 08:36:03] INFO:   [이격도] 1차: 25.9%, 2차: 39.6%, 3차: 54.8%
[2025-10-24 08:36:03] INFO: 
[30] 셀트리온 (068270) 모니터링 중...
[2025-10-24 08:36:03] INFO:   [현재가] 현재가: 174,000원
[2025-10-24 08:36:03] INFO:   [저가] 저가: 172,900원
[2025-10-24 08:36:03] INFO:   [고가] 고가: 174,300원
[2025-10-24 08:36:03] INFO:   [매수선] 1차: 138,700원, 2차: 125,000원, 3차: 112,600원
[2025-10-24 08:36:03] INFO:   [이격도] 1차: 25.5%, 2차: 39.2%, 3차: 54.5%
[2025-10-24 08:36:03] INFO: 
[31] 디앤디파마텍 (347850) 모니터링 중...
[2025-10-24 08:36:04] INFO:   [현재가] 현재가: 169,700원
[2025-10-24 08:36:04] INFO:   [저가] 저가: 169,700원
[2025-10-24 08:36:04] INFO:   [고가] 고가: 169,700원
[2025-10-24 08:36:04] INFO:   [매수선] 1차: 148,200원, 2차: 133,500원, 3차: 120,300원
[2025-10-24 08:36:04] INFO:   [이격도] 1차: 14.5%, 2차: 27.1%, 3차: 41.1%
[2025-10-24 08:36:04] INFO: 
[32] 삼천당제약 (000250) 모니터링 중...
[2025-10-24 08:36:04] INFO:   [현재가] 현재가: 200,500원
[2025-10-24 08:36:04] INFO:   [저가] 저가: 198,600원
[2025-10-24 08:36:04] INFO:   [고가] 고가: 202,500원
[2025-10-24 08:36:04] INFO:   [매수선] 1차: 171,000원, 2차: 154,000원, 3차: 138,700원
[2025-10-24 08:36:04] INFO:   [이격도] 1차: 17.3%, 2차: 30.2%, 3차: 44.6%
[2025-10-24 08:36:04] INFO: 
[33] 다날 (064260) 모니터링 중...
[2025-10-24 08:36:05] INFO:   [현재가] 현재가: 8,990원
[2025-10-24 08:36:05] INFO:   [저가] 저가: 8,990원
[2025-10-24 08:36:05] INFO:   [고가] 고가: 8,990원
[2025-10-24 08:36:05] INFO:   [매수선] 1차: 7,710원, 2차: 6,950원, 3차: 6,270원
[2025-10-24 08:36:05] INFO:   [이격도] 1차: 16.6%, 2차: 29.4%, 3차: 43.4%
[2025-10-24 08:36:05] INFO: 
[34] 로보스타 (090360) 모니터링 중...
[2025-10-24 08:36:06] INFO:   [현재가] 현재가: 67,600원
[2025-10-24 08:36:06] INFO:   [저가] 저가: 67,600원
[2025-10-24 08:36:06] INFO:   [고가] 고가: 67,600원
[2025-10-24 08:36:06] INFO:   [매수선] 1차: 43,950원, 2차: 39,650원, 3차: 35,750원
[2025-10-24 08:36:06] INFO:   [이격도] 1차: 53.8%, 2차: 70.5%, 3차: 89.1%
[2025-10-24 08:36:06] INFO: 
[35] 한국항공우주 (047810) 모니터링 중...
[2025-10-24 08:36:06] INFO:   [현재가] 현재가: 101,300원
[2025-10-24 08:36:06] INFO:   [저가] 저가: 100,500원
[2025-10-24 08:36:06] INFO:   [고가] 고가: 102,000원
[2025-10-24 08:36:06] INFO:   [매수선] 1차: 82,100원, 2차: 74,000원, 3차: 66,700원
[2025-10-24 08:36:06] INFO:   [이격도] 1차: 23.4%, 2차: 36.9%, 3차: 51.9%
[2025-10-24 08:36:06] INFO: 
[36] 지투지바이오 (456160) 모니터링 중...
[2025-10-24 08:36:07] INFO:   [현재가] 현재가: 179,700원
[2025-10-24 08:36:07] INFO:   [저가] 저가: 179,700원
[2025-10-24 08:36:07] INFO:   [고가] 고가: 179,700원
[2025-10-24 08:36:07] INFO:   [매수선] 1차: 155,200원, 2차: 139,800원, 3차: 126,000원
[2025-10-24 08:36:07] INFO:   [이격도] 1차: 15.8%, 2차: 28.5%, 3차: 42.6%
[2025-10-24 08:36:07] INFO: 
[37] 농심 (004370) 모니터링 중...
[2025-10-24 08:36:07] INFO:   [현재가] 현재가: 435,000원
[2025-10-24 08:36:07] INFO:   [저가] 저가: 434,000원
[2025-10-24 08:36:07] INFO:   [고가] 고가: 446,500원
[2025-10-24 08:36:07] INFO:   [매수선] 1차: 347,500원, 2차: 313,500원, 3차: 283,000원
[2025-10-24 08:36:07] INFO:   [이격도] 1차: 25.2%, 2차: 38.8%, 3차: 53.7%
[2025-10-24 08:36:07] INFO: 
[38] SK오션플랜트 (100090) 모니터링 중...
[2025-10-24 08:36:08] INFO:   [현재가] 현재가: 22,350원
[2025-10-24 08:36:08] INFO:   [저가] 저가: 22,350원
[2025-10-24 08:36:08] INFO:   [고가] 고가: 22,350원
[2025-10-24 08:36:08] INFO:   [매수선] 1차: 18,670원, 2차: 16,820원, 3차: 15,150원
[2025-10-24 08:36:08] INFO:   [이격도] 1차: 19.7%, 2차: 32.9%, 3차: 47.5%
[2025-10-24 08:36:08] INFO: 
[39] HJ중공업 (097230) 모니터링 중...
[2025-10-24 08:36:08] INFO:   [현재가] 현재가: 28,350원
[2025-10-24 08:36:08] INFO:   [저가] 저가: 28,350원
[2025-10-24 08:36:08] INFO:   [고가] 고가: 28,350원
[2025-10-24 08:36:08] INFO:   [매수선] 1차: 21,200원, 2차: 19,090원, 3차: 17,200원
[2025-10-24 08:36:08] INFO:   [이격도] 1차: 33.7%, 2차: 48.5%, 3차: 64.8%
[2025-10-24 08:36:08] INFO: 
[40] 세진중공업 (075580) 모니터링 중...
[2025-10-24 08:36:09] INFO:   [현재가] 현재가: 22,500원
[2025-10-24 08:36:09] INFO:   [저가] 저가: 22,500원
[2025-10-24 08:36:09] INFO:   [고가] 고가: 22,500원
[2025-10-24 08:36:09] INFO:   [매수선] 1차: 16,820원, 2차: 15,150원, 3차: 13,650원
[2025-10-24 08:36:09] INFO:   [이격도] 1차: 33.8%, 2차: 48.5%, 3차: 64.8%
[2025-10-24 08:36:09] INFO: 
[41] 엘앤씨바이오 (290650) 모니터링 중...
[2025-10-24 08:36:10] INFO:   [현재가] 현재가: 51,700원
[2025-10-24 08:36:10] INFO:   [저가] 저가: 51,600원
[2025-10-24 08:36:10] INFO:   [고가] 고가: 52,500원
[2025-10-24 08:36:10] INFO:   [매수선] 1차: 41,300원, 2차: 37,250원, 3차: 33,600원
[2025-10-24 08:36:10] INFO:   [이격도] 1차: 25.2%, 2차: 38.8%, 3차: 53.9%
[2025-10-24 08:36:10] INFO: 
[42] 한화엔진 (082740) 모니터링 중...
[2025-10-24 08:36:10] INFO:   [현재가] 현재가: 48,600원
[2025-10-24 08:36:10] INFO:   [저가] 저가: 48,600원
[2025-10-24 08:36:10] INFO:   [고가] 고가: 48,600원
[2025-10-24 08:36:10] INFO:   [매수선] 1차: 36,400원, 2차: 32,850원, 3차: 29,650원
[2025-10-24 08:36:10] INFO:   [이격도] 1차: 33.5%, 2차: 47.9%, 3차: 63.9%
[2025-10-24 08:36:10] INFO: 
[43] 현대힘스 (460930) 모니터링 중...
[2025-10-24 08:36:11] INFO:   [현재가] 현재가: 22,750원
[2025-10-24 08:36:11] INFO:   [저가] 저가: 22,750원
[2025-10-24 08:36:11] INFO:   [고가] 고가: 22,750원
[2025-10-24 08:36:11] INFO:   [매수선] 1차: 19,440원, 2차: 17,510원, 3차: 15,770원
[2025-10-24 08:36:11] INFO:   [이격도] 1차: 17.0%, 2차: 29.9%, 3차: 44.3%
[2025-10-24 08:36:11] INFO: 
[44] HD한국조선해양 (009540) 모니터링 중...
[2025-10-24 08:36:11] INFO:   [현재가] 현재가: 452,500원
[2025-10-24 08:36:11] INFO:   [저가] 저가: 448,500원
[2025-10-24 08:36:11] INFO:   [고가] 고가: 453,000원
[2025-10-24 08:36:11] INFO:   [매수선] 1차: 330,500원, 2차: 298,000원, 3차: 269,000원
[2025-10-24 08:36:11] INFO:   [이격도] 1차: 36.9%, 2차: 51.8%, 3차: 68.2%
[2025-10-24 08:36:11] INFO: 
[45] HD현대미포 (010620) 모니터링 중...
[2025-10-24 08:36:12] INFO:   [현재가] 현재가: 230,000원
[2025-10-24 08:36:12] INFO:   [저가] 저가: 228,000원
[2025-10-24 08:36:12] INFO:   [고가] 고가: 234,000원
[2025-10-24 08:36:12] INFO:   [매수선] 1차: 162,300원, 2차: 146,200원, 3차: 131,700원
[2025-10-24 08:36:12] INFO:   [이격도] 1차: 41.7%, 2차: 57.3%, 3차: 74.6%
[2025-10-24 08:36:12] INFO: 
[46] 삼성중공업 (010140) 모니터링 중...
[2025-10-24 08:36:12] INFO:   [현재가] 현재가: 24,350원
[2025-10-24 08:36:12] INFO:   [저가] 저가: 24,050원
[2025-10-24 08:36:12] INFO:   [고가] 고가: 24,500원
[2025-10-24 08:36:12] INFO:   [매수선] 1차: 17,540원, 2차: 15,800원, 3차: 14,230원
[2025-10-24 08:36:12] INFO:   [이격도] 1차: 38.8%, 2차: 54.1%, 3차: 71.1%
[2025-10-24 08:36:12] INFO: 
[47] 효성중공업 (298040) 모니터링 중...
[2025-10-24 08:36:13] INFO:   [현재가] 현재가: 1,881,000원
[2025-10-24 08:36:13] INFO:   [저가] 저가: 1,832,000원
[2025-10-24 08:36:13] INFO:   [고가] 고가: 1,883,000원
[2025-10-24 08:36:13] INFO:   [매수선] 1차: 1,190,000원, 2차: 1,072,000원, 3차: 966,000원
[2025-10-24 08:36:13] INFO:   [이격도] 1차: 58.1%, 2차: 75.5%, 3차: 94.7%
[2025-10-24 08:36:13] INFO: 
[48] LIG넥스원 (079550) 모니터링 중...
[2025-10-24 08:36:14] INFO:   [현재가] 현재가: 470,000원
[2025-10-24 08:36:14] INFO:   [저가] 저가: 462,500원
[2025-10-24 08:36:14] INFO:   [고가] 고가: 471,000원
[2025-10-24 08:36:14] INFO:   [매수선] 1차: 377,500원, 2차: 340,500원, 3차: 307,000원
[2025-10-24 08:36:14] INFO:   [이격도] 1차: 24.5%, 2차: 38.0%, 3차: 53.1%
[2025-10-24 08:36:14] INFO: 
[49] 에스엔시스 (0008Z0) 모니터링 중...
[2025-10-24 08:36:14] INFO:   [현재가] 현재가: 42,800원
[2025-10-24 08:36:14] INFO:   [저가] 저가: 42,800원
[2025-10-24 08:36:14] INFO:   [고가] 고가: 42,800원
[2025-10-24 08:36:14] INFO:   [매수선] 1차: 32,850원, 2차: 29,650원, 3차: 26,750원
[2025-10-24 08:36:14] INFO:   [이격도] 1차: 30.3%, 2차: 44.4%, 3차: 60.0%
[2025-10-24 08:36:14] INFO: 
[50] 삼양컴텍 (484590) 모니터링 중...
[2025-10-24 08:36:15] INFO:   [현재가] 현재가: 17,230원
[2025-10-24 08:36:15] INFO:   [저가] 저가: 17,230원
[2025-10-24 08:36:15] INFO:   [고가] 고가: 17,230원
[2025-10-24 08:36:15] INFO:   [매수선] 1차: 14,070원, 2차: 12,680원, 3차: 11,430원
[2025-10-24 08:36:15] INFO:   [이격도] 1차: 22.5%, 2차: 35.9%, 3차: 50.7%
[2025-10-24 08:36:15] INFO: 
[51] 에이비엘바이오 (298380) 모니터링 중...
[2025-10-24 08:36:15] INFO:   [현재가] 현재가: 85,700원
[2025-10-24 08:36:15] INFO:   [저가] 저가: 85,000원
[2025-10-24 08:36:15] INFO:   [고가] 고가: 86,400원
[2025-10-24 08:36:15] INFO:   [매수선] 1차: 73,300원, 2차: 66,100원, 3차: 59,600원
[2025-10-24 08:36:15] INFO:   [이격도] 1차: 16.9%, 2차: 29.7%, 3차: 43.8%
[2025-10-24 08:36:15] INFO: 
[52] LG디스플레이 (034220) 모니터링 중...
[2025-10-24 08:36:16] INFO:   [현재가] 현재가: 14,260원
[2025-10-24 08:36:16] INFO:   [저가] 저가: 14,200원
[2025-10-24 08:36:16] INFO:   [고가] 고가: 14,310원
[2025-10-24 08:36:16] INFO:   [매수선] 1차: 11,330원, 2차: 10,210원, 3차: 9,200원
[2025-10-24 08:36:16] INFO:   [이격도] 1차: 25.9%, 2차: 39.7%, 3차: 55.0%
[2025-10-24 08:36:16] INFO: 
[53] 대한조선 (439260) 모니터링 중...
[2025-10-24 08:36:16] INFO:   [현재가] 현재가: 77,400원
[2025-10-24 08:36:16] INFO:   [저가] 저가: 77,400원
[2025-10-24 08:36:16] INFO:   [고가] 고가: 77,400원
[2025-10-24 08:36:16] INFO:   [매수선] 1차: 62,500원, 2차: 56,400원, 3차: 50,900원
[2025-10-24 08:36:16] INFO:   [이격도] 1차: 23.8%, 2차: 37.2%, 3차: 52.1%
[2025-10-24 08:36:16] INFO: 
[54] 에이피알 (278470) 모니터링 중...
[2025-10-24 08:36:17] INFO:   [현재가] 현재가: 246,500원
[2025-10-24 08:36:17] INFO:   [저가] 저가: 244,000원
[2025-10-24 08:36:17] INFO:   [고가] 고가: 248,500원
[2025-10-24 08:36:17] INFO:   [매수선] 1차: 190,300원, 2차: 171,400원, 3차: 154,400원
[2025-10-24 08:36:17] INFO:   [이격도] 1차: 29.5%, 2차: 43.8%, 3차: 59.7%
[2025-10-24 08:36:17] INFO: 
[55] SK바이오팜 (326030) 모니터링 중...
[2025-10-24 08:36:18] INFO:   [현재가] 현재가: 106,900원
[2025-10-24 08:36:18] INFO:   [저가] 저가: 106,600원
[2025-10-24 08:36:18] INFO:   [고가] 고가: 107,300원
[2025-10-24 08:36:18] INFO:   [매수선] 1차: 82,800원, 2차: 74,700원, 3차: 67,400원
[2025-10-24 08:36:18] INFO:   [이격도] 1차: 29.1%, 2차: 43.1%, 3차: 58.6%
[2025-10-24 08:36:18] INFO: 
[56] 한화에어로스페이스 (012450) 모니터링 중...
[2025-10-24 08:36:18] INFO:   [현재가] 현재가: 1,047,000원
[2025-10-24 08:36:18] INFO:   [저가] 저가: 1,038,000원
[2025-10-24 08:36:18] INFO:   [고가] 고가: 1,054,000원
[2025-10-24 08:36:18] INFO:   [매수선] 1차: 805,000원, 2차: 726,000원, 3차: 655,000원
[2025-10-24 08:36:18] INFO:   [이격도] 1차: 30.1%, 2차: 44.2%, 3차: 59.8%
[2025-10-24 08:36:18] INFO: 
[57] 한화시스템 (272210) 모니터링 중...
[2025-10-24 08:36:19] INFO:   [현재가] 현재가: 56,100원
[2025-10-24 08:36:19] INFO:   [저가] 저가: 55,700원
[2025-10-24 08:36:19] INFO:   [고가] 고가: 57,000원
[2025-10-24 08:36:19] INFO:   [매수선] 1차: 44,850원, 2차: 40,450원, 3차: 36,500원
[2025-10-24 08:36:19] INFO:   [이격도] 1차: 25.1%, 2차: 38.7%, 3차: 53.7%
[2025-10-24 08:36:19] INFO: 
[58] 한화솔루션 (009830) 모니터링 중...
[2025-10-24 08:36:19] INFO:   [현재가] 현재가: 30,750원
[2025-10-24 08:36:19] INFO:   [저가] 저가: 30,550원
[2025-10-24 08:36:19] INFO:   [고가] 고가: 30,950원
[2025-10-24 08:36:19] INFO:   [매수선] 1차: 23,100원, 2차: 20,850원, 3차: 18,780원
[2025-10-24 08:36:19] INFO:   [이격도] 1차: 33.1%, 2차: 47.5%, 3차: 63.7%
[2025-10-24 08:36:19] INFO: 
[59] 삼성전기 (009150) 모니터링 중...
[2025-10-24 08:36:20] INFO:   [현재가] 현재가: 222,500원
[2025-10-24 08:36:20] INFO:   [저가] 저가: 221,000원
[2025-10-24 08:36:20] INFO:   [고가] 고가: 225,500원
[2025-10-24 08:36:20] INFO:   [매수선] 1차: 161,100원, 2차: 145,100원, 3차: 130,700원
[2025-10-24 08:36:20] INFO:   [이격도] 1차: 38.1%, 2차: 53.3%, 3차: 70.2%
[2025-10-24 08:36:20] INFO: 
[60] 한화비전 (489790) 모니터링 중...
[2025-10-24 08:36:21] INFO:   [현재가] 현재가: 52,300원
[2025-10-24 08:36:21] INFO:   [저가] 저가: 51,900원
[2025-10-24 08:36:21] INFO:   [고가] 고가: 52,500원
[2025-10-24 08:36:21] INFO:   [매수선] 1차: 42,750원, 2차: 38,550원, 3차: 34,750원
[2025-10-24 08:36:21] INFO:   [이격도] 1차: 22.3%, 2차: 35.7%, 3차: 50.5%
[2025-10-24 08:36:21] INFO: 
[61] HD현대인프라코어 (042670) 모니터링 중...
[2025-10-24 08:36:21] INFO:   [현재가] 현재가: 17,110원
[2025-10-24 08:36:21] INFO:   [저가] 저가: 16,990원
[2025-10-24 08:36:21] INFO:   [고가] 고가: 17,350원
[2025-10-24 08:36:21] INFO:   [매수선] 1차: 12,180원, 2차: 10,980원, 3차: 9,900원
[2025-10-24 08:36:21] INFO:   [이격도] 1차: 40.5%, 2차: 55.8%, 3차: 72.8%
[2025-10-24 08:36:21] INFO: 
[62] 도우인시스 (484120) 모니터링 중...
[2025-10-24 08:36:22] INFO:   [현재가] 현재가: 29,200원
[2025-10-24 08:36:22] INFO:   [저가] 저가: 29,000원
[2025-10-24 08:36:22] INFO:   [고가] 고가: 29,400원
[2025-10-24 08:36:22] INFO:   [매수선] 1차: 23,650원, 2차: 21,350원, 3차: 19,230원
[2025-10-24 08:36:22] INFO:   [이격도] 1차: 23.5%, 2차: 36.8%, 3차: 51.8%
[2025-10-24 08:36:22] INFO: 
[63] KBI동양철관 (008970) 모니터링 중...
[2025-10-24 08:36:23] INFO:   [현재가] 현재가: 2,720원
[2025-10-24 08:36:23] INFO:   [저가] 저가: 2,720원
[2025-10-24 08:36:23] INFO:   [고가] 고가: 2,720원
[2025-10-24 08:36:23] INFO:   [매수선] 1차: 2,045원, 2차: 1,842원, 3차: 1,659원
[2025-10-24 08:36:23] INFO:   [이격도] 1차: 33.0%, 2차: 47.7%, 3차: 64.0%
[2025-10-24 08:36:23] INFO: 
[64] YG PLUS (037270) 모니터링 중...
[2025-10-24 08:36:23] INFO:   [현재가] 현재가: 6,510원
[2025-10-24 08:36:23] INFO:   [저가] 저가: 6,510원
[2025-10-24 08:36:23] INFO:   [고가] 고가: 6,510원
[2025-10-24 08:36:23] INFO:   [매수선] 1차: 5,810원, 2차: 5,240원, 3차: 4,725원
[2025-10-24 08:36:23] INFO:   [이격도] 1차: 12.0%, 2차: 24.2%, 3차: 37.8%
[2025-10-24 08:36:23] INFO: 
[65] 리가켐바이오 (141080) 모니터링 중...
[2025-10-24 08:36:24] INFO:   [현재가] 현재가: 135,400원
[2025-10-24 08:36:24] INFO:   [저가] 저가: 134,200원
[2025-10-24 08:36:24] INFO:   [고가] 고가: 136,500원
[2025-10-24 08:36:24] INFO:   [매수선] 1차: 114,300원, 2차: 103,000원, 3차: 92,800원
[2025-10-24 08:36:24] INFO:   [이격도] 1차: 18.5%, 2차: 31.5%, 3차: 45.9%
[2025-10-24 08:36:24] INFO: 
[66] 쿠콘 (294570) 모니터링 중...
[2025-10-24 08:36:24] INFO:   [현재가] 현재가: 37,450원
[2025-10-24 08:36:24] INFO:   [저가] 저가: 37,050원
[2025-10-24 08:36:24] INFO:   [고가] 고가: 37,600원
[2025-10-24 08:36:24] INFO:   [매수선] 1차: 30,450원, 2차: 27,500원, 3차: 24,800원
[2025-10-24 08:36:24] INFO:   [이격도] 1차: 23.0%, 2차: 36.2%, 3차: 51.0%
[2025-10-24 08:36:24] INFO: 
[67] 파인엠텍 (441270) 모니터링 중...
[2025-10-24 08:36:25] INFO:   [현재가] 현재가: 9,010원
[2025-10-24 08:36:25] INFO:   [저가] 저가: 9,010원
[2025-10-24 08:36:25] INFO:   [고가] 고가: 9,010원
[2025-10-24 08:36:25] INFO:   [매수선] 1차: 8,250원, 2차: 7,440원, 3차: 6,710원
[2025-10-24 08:36:25] INFO:   [이격도] 1차: 9.2%, 2차: 21.1%, 3차: 34.3%
[2025-10-24 08:36:25] INFO: 
[68] SK스퀘어 (402340) 모니터링 중...
[2025-10-24 08:36:26] INFO:   [현재가] 현재가: 257,500원
[2025-10-24 08:36:26] INFO:   [저가] 저가: 253,000원
[2025-10-24 08:36:26] INFO:   [고가] 고가: 259,500원
[2025-10-24 08:36:26] INFO:   [매수선] 1차: 184,200원, 2차: 165,900원, 3차: 149,500원
[2025-10-24 08:36:26] INFO:   [이격도] 1차: 39.8%, 2차: 55.2%, 3차: 72.2%
[2025-10-24 08:36:26] INFO: 
[69] POSCO홀딩스 (005490) 모니터링 중...
[2025-10-24 08:36:26] INFO:   [현재가] 현재가: 311,500원
[2025-10-24 08:36:26] INFO:   [저가] 저가: 307,500원
[2025-10-24 08:36:26] INFO:   [고가] 고가: 314,000원
[2025-10-24 08:36:26] INFO:   [매수선] 1차: 224,000원, 2차: 202,500원, 3차: 182,400원
[2025-10-24 08:36:26] INFO:   [이격도] 1차: 39.1%, 2차: 53.8%, 3차: 70.8%
[2025-10-24 08:36:26] INFO: 
[70] HD현대건설기계 (267270) 모니터링 중...
[2025-10-24 08:36:27] INFO:   [현재가] 현재가: 114,900원
[2025-10-24 08:36:27] INFO:   [저가] 저가: 114,900원
[2025-10-24 08:36:27] INFO:   [고가] 고가: 114,900원
[2025-10-24 08:36:27] INFO:   [매수선] 1차: 76,600원, 2차: 69,100원, 3차: 62,300원
[2025-10-24 08:36:27] INFO:   [이격도] 1차: 50.0%, 2차: 66.3%, 3차: 84.4%
[2025-10-24 08:36:27] INFO: 
[71] 한화 (000880) 모니터링 중...
[2025-10-24 08:36:28] INFO:   [현재가] 현재가: 95,100원
[2025-10-24 08:36:28] INFO:   [저가] 저가: 93,000원
[2025-10-24 08:36:28] INFO:   [고가] 고가: 96,500원
[2025-10-24 08:36:28] INFO:   [매수선] 1차: 68,500원, 2차: 61,800원, 3차: 55,800원
[2025-10-24 08:36:28] INFO:   [이격도] 1차: 38.8%, 2차: 53.9%, 3차: 70.4%
[2025-10-24 08:36:28] INFO: 
[72] SK (034730) 모니터링 중...
[2025-10-24 08:36:28] INFO:   [현재가] 현재가: 233,000원
[2025-10-24 08:36:28] INFO:   [저가] 저가: 231,500원
[2025-10-24 08:36:28] INFO:   [고가] 고가: 234,500원
[2025-10-24 08:36:28] INFO:   [매수선] 1차: 174,200원, 2차: 156,900원, 3차: 141,400원
[2025-10-24 08:36:28] INFO:   [이격도] 1차: 33.8%, 2차: 48.5%, 3차: 64.8%
[2025-10-24 08:36:28] INFO: 
[73] SK이노베이션 (096770) 모니터링 중...
[2025-10-24 08:36:29] INFO:   [현재가] 현재가: 127,900원
[2025-10-24 08:36:29] INFO:   [저가] 저가: 126,000원
[2025-10-24 08:36:29] INFO:   [고가] 고가: 128,400원
[2025-10-24 08:36:29] INFO:   [매수선] 1차: 86,200원, 2차: 77,700원, 3차: 70,100원
[2025-10-24 08:36:29] INFO:   [이격도] 1차: 48.4%, 2차: 64.6%, 3차: 82.5%
[2025-10-24 08:36:29] INFO: 
================================================================================
[2025-10-24 08:36:29] INFO: [OK] 단순화된 모니터링 사이클 완료
[2025-10-24 08:36:29] INFO:   전체 종목: 73개
[2025-10-24 08:36:29] INFO:   체크한 종목: 73개
[2025-10-24 08:36:29] INFO:   전송 알람: 0개
[2025-10-24 08:36:29] INFO: ================================================================================
[2025-10-24 08:36:29] INFO: 
[간격] 60초 후 다음 사이클 실행...
[2025-10-24 08:36:29] INFO:    종료하려면 Ctrl+C를 누르세요.
[2025-10-24 08:37:29] INFO: 
================================================================================
[2025-10-24 08:37:29] INFO: [사이클 3] 2025-10-24 08:37:29
[2025-10-24 08:37:29] INFO: ================================================================================
[2025-10-24 08:37:29] INFO: [OK] Summary 탭에서 73개 종목 로드 (매수선 포함)
[2025-10-24 08:37:29] INFO: 
[1] 삼성전자 (005930) 모니터링 중...
[2025-10-24 08:37:29] INFO:   [현재가] 현재가: 97,900원
[2025-10-24 08:37:29] INFO:   [저가] 저가: 97,200원
[2025-10-24 08:37:29] INFO:   [고가] 고가: 98,300원
[2025-10-24 08:37:29] INFO:   [매수선] 1차: 72,000원, 2차: 64,900원, 3차: 58,600원
[2025-10-24 08:37:29] INFO:   [이격도] 1차: 36.0%, 2차: 50.8%, 3차: 67.1%
[2025-10-24 08:37:29] INFO: 
[2] SK하이닉스 (000660) 모니터링 중...
[2025-10-24 08:37:30] INFO:   [현재가] 현재가: 493,500원
[2025-10-24 08:37:30] INFO:   [저가] 저가: 487,000원
[2025-10-24 08:37:30] INFO:   [고가] 고가: 494,500원
[2025-10-24 08:37:30] INFO:   [매수선] 1차: 323,000원, 2차: 291,500원, 3차: 263,000원
[2025-10-24 08:37:30] INFO:   [이격도] 1차: 52.8%, 2차: 69.3%, 3차: 87.6%
[2025-10-24 08:37:30] INFO: 
[3] 두산에너빌리티 (034020) 모니터링 중...
[2025-10-24 08:37:30] INFO:   [현재가] 현재가: 78,200원
[2025-10-24 08:37:30] INFO:   [저가] 저가: 77,100원
[2025-10-24 08:37:30] INFO:   [고가] 고가: 78,400원
[2025-10-24 08:37:30] INFO:   [매수선] 1차: 56,900원, 2차: 51,400원, 3차: 46,350원
[2025-10-24 08:37:30] INFO:   [이격도] 1차: 37.4%, 2차: 52.1%, 3차: 68.7%
[2025-10-24 08:37:30] INFO: 
[4] NAVER (035420) 모니터링 중...
[2025-10-24 08:37:31] INFO:   [현재가] 현재가: 244,500원
[2025-10-24 08:37:31] INFO:   [저가] 저가: 243,000원
[2025-10-24 08:37:31] INFO:   [고가] 고가: 245,500원
[2025-10-24 08:37:31] INFO:   [매수선] 1차: 201,500원, 2차: 181,500원, 3차: 163,500원
[2025-10-24 08:37:31] INFO:   [이격도] 1차: 21.3%, 2차: 34.7%, 3차: 49.5%
[2025-10-24 08:37:31] INFO: 
[5] 한미반도체 (042700) 모니터링 중...
[2025-10-24 08:37:32] INFO:   [현재가] 현재가: 154,800원
[2025-10-24 08:37:32] INFO:   [저가] 저가: 151,000원
[2025-10-24 08:37:32] INFO:   [고가] 고가: 156,000원
[2025-10-24 08:37:32] INFO:   [매수선] 1차: 94,200원, 2차: 84,900원, 3차: 76,600원
[2025-10-24 08:37:32] INFO:   [이격도] 1차: 64.3%, 2차: 82.3%, 3차: 102.1%
[2025-10-24 08:37:32] INFO: 
[6] 에코프로 (086520) 모니터링 중...
[2025-10-24 08:37:32] INFO:   [현재가] 현재가: 81,500원
[2025-10-24 08:37:32] INFO:   [저가] 저가: 81,500원
[2025-10-24 08:37:32] INFO:   [고가] 고가: 81,500원
[2025-10-24 08:37:32] INFO:   [매수선] 1차: 45,350원, 2차: 40,900원, 3차: 36,900원
[2025-10-24 08:37:32] INFO:   [이격도] 1차: 79.7%, 2차: 99.3%, 3차: 120.9%
[2025-10-24 08:37:32] INFO: 
[7] 한화오션 (042660) 모니터링 중...
[2025-10-24 08:37:33] INFO:   [현재가] 현재가: 134,900원
[2025-10-24 08:37:33] INFO:   [저가] 저가: 132,600원
[2025-10-24 08:37:33] INFO:   [고가] 고가: 136,900원
[2025-10-24 08:37:33] INFO:   [매수선] 1차: 88,900원, 2차: 80,200원, 3차: 72,300원
[2025-10-24 08:37:33] INFO:   [이격도] 1차: 51.7%, 2차: 68.2%, 3차: 86.6%
[2025-10-24 08:37:33] INFO: 
[8] 현대차 (005380) 모니터링 중...
[2025-10-24 08:37:34] INFO:   [현재가] 현재가: 254,500원
[2025-10-24 08:37:34] INFO:   [저가] 저가: 249,500원
[2025-10-24 08:37:34] INFO:   [고가] 고가: 256,000원
[2025-10-24 08:37:34] INFO:   [매수선] 1차: 180,900원, 2차: 163,000원, 3차: 146,800원
[2025-10-24 08:37:34] INFO:   [이격도] 1차: 40.7%, 2차: 56.1%, 3차: 73.4%
[2025-10-24 08:37:34] INFO: 
[9] 에코프로비엠 (247540) 모니터링 중...
[2025-10-24 08:37:34] INFO:   [현재가] 현재가: 161,700원
[2025-10-24 08:37:34] INFO:   [저가] 저가: 160,400원
[2025-10-24 08:37:34] INFO:   [고가] 고가: 163,000원
[2025-10-24 08:37:34] INFO:   [매수선] 1차: 102,800원, 2차: 92,700원, 3차: 83,600원
[2025-10-24 08:37:34] INFO:   [이격도] 1차: 57.3%, 2차: 74.4%, 3차: 93.4%
[2025-10-24 08:37:34] INFO: 
[10] 삼성SDI (006400) 모니터링 중...
[2025-10-24 08:37:35] INFO:   [현재가] 현재가: 261,000원
[2025-10-24 08:37:35] INFO:   [저가] 저가: 258,000원
[2025-10-24 08:37:35] INFO:   [고가] 고가: 264,000원
[2025-10-24 08:37:35] INFO:   [매수선] 1차: 177,200원, 2차: 159,600원, 3차: 143,800원
[2025-10-24 08:37:35] INFO:   [이격도] 1차: 47.3%, 2차: 63.5%, 3차: 81.5%
[2025-10-24 08:37:35] INFO: 
[11] LG화학 (051910) 모니터링 중...
[2025-10-24 08:37:36] INFO:   [현재가] 현재가: 387,500원
[2025-10-24 08:37:36] INFO:   [저가] 저가: 380,500원
[2025-10-24 08:37:36] INFO:   [고가] 고가: 391,000원
[2025-10-24 08:37:36] INFO:   [매수선] 1차: 244,000원, 2차: 220,500원, 3차: 198,600원
[2025-10-24 08:37:36] INFO:   [이격도] 1차: 58.8%, 2차: 75.7%, 3차: 95.1%
[2025-10-24 08:37:36] INFO: 
[12] 에코프로머티 (450080) 모니터링 중...
[2025-10-24 08:37:36] INFO:   [현재가] 현재가: 66,400원
[2025-10-24 08:37:36] INFO:   [저가] 저가: 66,000원
[2025-10-24 08:37:36] INFO:   [고가] 고가: 67,000원
[2025-10-24 08:37:36] INFO:   [매수선] 1차: 42,900원, 2차: 38,700원, 3차: 34,900원
[2025-10-24 08:37:36] INFO:   [이격도] 1차: 54.8%, 2차: 71.6%, 3차: 90.3%
[2025-10-24 08:37:36] INFO: 
[13] LG에너지솔루션 (373220) 모니터링 중...
[2025-10-24 08:37:37] INFO:   [현재가] 현재가: 452,500원
[2025-10-24 08:37:37] INFO:   [저가] 저가: 446,000원
[2025-10-24 08:37:37] INFO:   [고가] 고가: 453,500원
[2025-10-24 08:37:37] INFO:   [매수선] 1차: 303,500원, 2차: 274,000원, 3차: 247,500원
[2025-10-24 08:37:37] INFO:   [이격도] 1차: 49.1%, 2차: 65.1%, 3차: 82.8%
[2025-10-24 08:37:37] INFO: 
[14] 한국전력 (015760) 모니터링 중...
[2025-10-24 08:37:37] INFO:   [현재가] 현재가: 42,850원
[2025-10-24 08:37:37] INFO:   [저가] 저가: 42,300원
[2025-10-24 08:37:37] INFO:   [고가] 고가: 42,900원
[2025-10-24 08:37:37] INFO:   [매수선] 1차: 30,400원, 2차: 27,450원, 3차: 24,800원
[2025-10-24 08:37:37] INFO:   [이격도] 1차: 41.0%, 2차: 56.1%, 3차: 72.8%
[2025-10-24 08:37:37] INFO: 
[15] 포스코퓨처엠 (003670) 모니터링 중...
[2025-10-24 08:37:38] INFO:   [현재가] 현재가: 207,500원
[2025-10-24 08:37:38] INFO:   [저가] 저가: 203,500원
[2025-10-24 08:37:38] INFO:   [고가] 고가: 207,500원
[2025-10-24 08:37:38] INFO:   [매수선] 1차: 130,200원, 2차: 117,300원, 3차: 105,700원
[2025-10-24 08:37:38] INFO:   [이격도] 1차: 59.4%, 2차: 76.9%, 3차: 96.3%
[2025-10-24 08:37:38] INFO: 
[16] 현대로템 (064350) 모니터링 중...
[2025-10-24 08:37:39] INFO:   [현재가] 현재가: 243,500원
[2025-10-24 08:37:39] INFO:   [저가] 저가: 238,000원
[2025-10-24 08:37:39] INFO:   [고가] 고가: 245,000원
[2025-10-24 08:37:39] INFO:   [매수선] 1차: 172,500원, 2차: 155,400원, 3차: 140,000원
[2025-10-24 08:37:39] INFO:   [이격도] 1차: 41.2%, 2차: 56.7%, 3차: 73.9%
[2025-10-24 08:37:39] INFO: 
[17] 카카오 (035720) 모니터링 중...
[2025-10-24 08:37:39] INFO:   [현재가] 현재가: 59,700원
[2025-10-24 08:37:39] INFO:   [저가] 저가: 59,200원
[2025-10-24 08:37:39] INFO:   [고가] 고가: 59,800원
[2025-10-24 08:37:39] INFO:   [매수선] 1차: 48,150원, 2차: 43,400원, 3차: 39,150원
[2025-10-24 08:37:39] INFO:   [이격도] 1차: 24.0%, 2차: 37.6%, 3차: 52.5%
[2025-10-24 08:37:39] INFO: 
[18] 엘앤에프 (066970) 모니터링 중...
[2025-10-24 08:37:40] INFO:   [현재가] 현재가: 115,400원
[2025-10-24 08:37:40] INFO:   [저가] 저가: 114,300원
[2025-10-24 08:37:40] INFO:   [고가] 고가: 115,900원
[2025-10-24 08:37:40] INFO:   [매수선] 1차: 68,600원, 2차: 61,900원, 3차: 55,900원
[2025-10-24 08:37:40] INFO:   [이격도] 1차: 68.2%, 2차: 86.4%, 3차: 106.4%
[2025-10-24 08:37:40] INFO: 
[19] 두산 (000150) 모니터링 중...
[2025-10-24 08:37:41] INFO:   [현재가] 현재가: 789,000원
[2025-10-24 08:37:41] INFO:   [저가] 저가: 783,000원
[2025-10-24 08:37:41] INFO:   [고가] 고가: 794,000원
[2025-10-24 08:37:41] INFO:   [매수선] 1차: 492,500원, 2차: 444,000원, 3차: 400,500원
[2025-10-24 08:37:41] INFO:   [이격도] 1차: 60.2%, 2차: 77.7%, 3차: 97.0%
[2025-10-24 08:37:41] INFO: 
[20] 한라캐스트 (125490) 모니터링 중...
[2025-10-24 08:37:41] INFO:   [현재가] 현재가: 13,350원
[2025-10-24 08:37:41] INFO:   [저가] 저가: 13,350원
[2025-10-24 08:37:41] INFO:   [고가] 고가: 13,350원
[2025-10-24 08:37:41] INFO:   [매수선] 1차: 7,740원, 2차: 6,980원, 3차: 6,300원
[2025-10-24 08:37:41] INFO:   [이격도] 1차: 72.5%, 2차: 91.3%, 3차: 111.9%
[2025-10-24 08:37:41] INFO: 
[21] 휴림로봇 (090710) 모니터링 중...
[2025-10-24 08:37:42] INFO:   [현재가] 현재가: 6,000원
[2025-10-24 08:37:42] INFO:   [저가] 저가: 6,000원
[2025-10-24 08:37:42] INFO:   [고가] 고가: 6,000원
[2025-10-24 08:37:42] INFO:   [매수선] 1차: 3,230원, 2차: 2,915원, 3차: 2,630원
[2025-10-24 08:37:42] INFO:   [이격도] 1차: 85.8%, 2차: 105.8%, 3차: 128.1%
[2025-10-24 08:37:42] INFO: 
[22] 클로봇 (466100) 모니터링 중...
[2025-10-24 08:37:42] INFO:   [현재가] 현재가: 38,800원
[2025-10-24 08:37:42] INFO:   [저가] 저가: 38,800원
[2025-10-24 08:37:42] INFO:   [고가] 고가: 38,800원
[2025-10-24 08:37:42] INFO:   [매수선] 1차: 28,000원, 2차: 25,250원, 3차: 22,800원
[2025-10-24 08:37:42] INFO:   [이격도] 1차: 38.6%, 2차: 53.7%, 3차: 70.2%
[2025-10-24 08:37:42] INFO: 
[23] 로보티즈 (108490) 모니터링 중...
[2025-10-24 08:37:43] INFO:   [현재가] 현재가: 187,000원
[2025-10-24 08:37:43] INFO:   [저가] 저가: 187,000원
[2025-10-24 08:37:43] INFO:   [고가] 고가: 187,000원
[2025-10-24 08:37:43] INFO:   [매수선] 1차: 137,100원, 2차: 123,500원, 3차: 111,300원
[2025-10-24 08:37:43] INFO:   [이격도] 1차: 36.4%, 2차: 51.4%, 3차: 68.0%
[2025-10-24 08:37:43] INFO: 
[24] 삼성전자우 (005935) 모니터링 중...
[2025-10-24 08:37:44] INFO:   [현재가] 현재가: 76,400원
[2025-10-24 08:37:44] INFO:   [저가] 저가: 76,400원
[2025-10-24 08:37:44] INFO:   [고가] 고가: 76,400원
[2025-10-24 08:37:44] INFO:   [매수선] 1차: 56,600원, 2차: 51,100원, 3차: 46,050원
[2025-10-24 08:37:44] INFO:   [이격도] 1차: 35.0%, 2차: 49.5%, 3차: 65.9%
[2025-10-24 08:37:44] INFO: 
[25] 일동제약 (249420) 모니터링 중...
[2025-10-24 08:37:44] INFO:   [현재가] 현재가: 20,600원
[2025-10-24 08:37:44] INFO:   [저가] 저가: 20,600원
[2025-10-24 08:37:44] INFO:   [고가] 고가: 20,600원
[2025-10-24 08:37:44] INFO:   [매수선] 1차: 20,150원, 2차: 18,150원, 3차: 16,350원
[2025-10-24 08:37:44] INFO:   [이격도] 1차: 2.2%, 2차: 13.5%, 3차: 26.0%
[2025-10-24 08:37:44] INFO: 
[26] 우리기술투자 (041190) 모니터링 중...
[2025-10-24 08:37:45] INFO:   [현재가] 현재가: 8,830원
[2025-10-24 08:37:45] INFO:   [저가] 저가: 8,740원
[2025-10-24 08:37:45] INFO:   [고가] 고가: 8,870원
[2025-10-24 08:37:45] INFO:   [매수선] 1차: 8,180원, 2차: 7,380원, 3차: 6,660원
[2025-10-24 08:37:45] INFO:   [이격도] 1차: 7.9%, 2차: 19.6%, 3차: 32.6%
[2025-10-24 08:37:45] INFO: 
[27] NHN KCP (060250) 모니터링 중...
[2025-10-24 08:37:46] INFO:   [현재가] 현재가: 16,200원
[2025-10-24 08:37:46] INFO:   [저가] 저가: 15,970원
[2025-10-24 08:37:46] INFO:   [고가] 고가: 16,240원
[2025-10-24 08:37:46] INFO:   [매수선] 1차: 13,620원, 2차: 12,270원, 3차: 11,060원
[2025-10-24 08:37:46] INFO:   [이격도] 1차: 18.9%, 2차: 32.0%, 3차: 46.5%
[2025-10-24 08:37:46] INFO: 
[28] 레인보우로보틱스 (277810) 모니터링 중...
[2025-10-24 08:37:46] INFO:   [현재가] 현재가: 336,000원
[2025-10-24 08:37:46] INFO:   [저가] 저가: 334,500원
[2025-10-24 08:37:46] INFO:   [고가] 고가: 343,500원
[2025-10-24 08:37:46] INFO:   [매수선] 1차: 258,000원, 2차: 233,000원, 3차: 210,500원
[2025-10-24 08:37:46] INFO:   [이격도] 1차: 30.2%, 2차: 44.2%, 3차: 59.6%
[2025-10-24 08:37:46] INFO: 
[29] 알테오젠 (196170) 모니터링 중...
[2025-10-24 08:37:47] INFO:   [현재가] 현재가: 455,000원
[2025-10-24 08:37:47] INFO:   [저가] 저가: 453,000원
[2025-10-24 08:37:47] INFO:   [고가] 고가: 458,500원
[2025-10-24 08:37:47] INFO:   [매수선] 1차: 361,500원, 2차: 326,000원, 3차: 294,000원
[2025-10-24 08:37:47] INFO:   [이격도] 1차: 25.9%, 2차: 39.6%, 3차: 54.8%
[2025-10-24 08:37:47] INFO: 
[30] 셀트리온 (068270) 모니터링 중...
[2025-10-24 08:37:48] INFO:   [현재가] 현재가: 174,100원
[2025-10-24 08:37:48] INFO:   [저가] 저가: 172,900원
[2025-10-24 08:37:48] INFO:   [고가] 고가: 174,300원
[2025-10-24 08:37:48] INFO:   [매수선] 1차: 138,700원, 2차: 125,000원, 3차: 112,600원
[2025-10-24 08:37:48] INFO:   [이격도] 1차: 25.5%, 2차: 39.3%, 3차: 54.6%
[2025-10-24 08:37:48] INFO: 
[31] 디앤디파마텍 (347850) 모니터링 중...
[2025-10-24 08:37:48] INFO:   [현재가] 현재가: 169,700원
[2025-10-24 08:37:48] INFO:   [저가] 저가: 169,700원
[2025-10-24 08:37:48] INFO:   [고가] 고가: 169,700원
[2025-10-24 08:37:48] INFO:   [매수선] 1차: 148,200원, 2차: 133,500원, 3차: 120,300원
[2025-10-24 08:37:48] INFO:   [이격도] 1차: 14.5%, 2차: 27.1%, 3차: 41.1%
[2025-10-24 08:37:48] INFO: 
[32] 삼천당제약 (000250) 모니터링 중...
[2025-10-24 08:37:49] INFO:   [현재가] 현재가: 200,500원
[2025-10-24 08:37:49] INFO:   [저가] 저가: 198,600원
[2025-10-24 08:37:49] INFO:   [고가] 고가: 202,500원
[2025-10-24 08:37:49] INFO:   [매수선] 1차: 171,000원, 2차: 154,000원, 3차: 138,700원
[2025-10-24 08:37:49] INFO:   [이격도] 1차: 17.3%, 2차: 30.2%, 3차: 44.6%
[2025-10-24 08:37:49] INFO: 
[33] 다날 (064260) 모니터링 중...
[2025-10-24 08:37:50] INFO:   [현재가] 현재가: 8,990원
[2025-10-24 08:37:50] INFO:   [저가] 저가: 8,990원
[2025-10-24 08:37:50] INFO:   [고가] 고가: 8,990원
[2025-10-24 08:37:50] INFO:   [매수선] 1차: 7,710원, 2차: 6,950원, 3차: 6,270원
[2025-10-24 08:37:50] INFO:   [이격도] 1차: 16.6%, 2차: 29.4%, 3차: 43.4%
[2025-10-24 08:37:50] INFO: 
[34] 로보스타 (090360) 모니터링 중...
[2025-10-24 08:37:50] INFO:   [현재가] 현재가: 67,600원
[2025-10-24 08:37:50] INFO:   [저가] 저가: 67,600원
[2025-10-24 08:37:50] INFO:   [고가] 고가: 67,600원
[2025-10-24 08:37:50] INFO:   [매수선] 1차: 43,950원, 2차: 39,650원, 3차: 35,750원
[2025-10-24 08:37:50] INFO:   [이격도] 1차: 53.8%, 2차: 70.5%, 3차: 89.1%
[2025-10-24 08:37:50] INFO: 
[35] 한국항공우주 (047810) 모니터링 중...
[2025-10-24 08:37:51] INFO:   [현재가] 현재가: 101,400원
[2025-10-24 08:37:51] INFO:   [저가] 저가: 100,500원
[2025-10-24 08:37:51] INFO:   [고가] 고가: 102,000원
[2025-10-24 08:37:51] INFO:   [매수선] 1차: 82,100원, 2차: 74,000원, 3차: 66,700원
[2025-10-24 08:37:51] INFO:   [이격도] 1차: 23.5%, 2차: 37.0%, 3차: 52.0%
[2025-10-24 08:37:51] INFO: 
[36] 지투지바이오 (456160) 모니터링 중...
[2025-10-24 08:37:51] INFO:   [현재가] 현재가: 179,700원
[2025-10-24 08:37:51] INFO:   [저가] 저가: 179,700원
[2025-10-24 08:37:51] INFO:   [고가] 고가: 179,700원
[2025-10-24 08:37:51] INFO:   [매수선] 1차: 155,200원, 2차: 139,800원, 3차: 126,000원
[2025-10-24 08:37:51] INFO:   [이격도] 1차: 15.8%, 2차: 28.5%, 3차: 42.6%
[2025-10-24 08:37:51] INFO: 
[37] 농심 (004370) 모니터링 중...
[2025-10-24 08:37:52] INFO:   [현재가] 현재가: 435,000원
[2025-10-24 08:37:52] INFO:   [저가] 저가: 434,000원
[2025-10-24 08:37:52] INFO:   [고가] 고가: 446,500원
[2025-10-24 08:37:52] INFO:   [매수선] 1차: 347,500원, 2차: 313,500원, 3차: 283,000원
[2025-10-24 08:37:52] INFO:   [이격도] 1차: 25.2%, 2차: 38.8%, 3차: 53.7%
[2025-10-24 08:37:52] INFO: 
[38] SK오션플랜트 (100090) 모니터링 중...
[2025-10-24 08:37:52] INFO:   [현재가] 현재가: 22,350원
[2025-10-24 08:37:52] INFO:   [저가] 저가: 22,350원
[2025-10-24 08:37:52] INFO:   [고가] 고가: 22,350원
[2025-10-24 08:37:52] INFO:   [매수선] 1차: 18,670원, 2차: 16,820원, 3차: 15,150원
[2025-10-24 08:37:52] INFO:   [이격도] 1차: 19.7%, 2차: 32.9%, 3차: 47.5%
[2025-10-24 08:37:52] INFO: 
[39] HJ중공업 (097230) 모니터링 중...
[2025-10-24 08:37:53] INFO:   [현재가] 현재가: 28,350원
[2025-10-24 08:37:53] INFO:   [저가] 저가: 28,350원
[2025-10-24 08:37:53] INFO:   [고가] 고가: 28,350원
[2025-10-24 08:37:53] INFO:   [매수선] 1차: 21,200원, 2차: 19,090원, 3차: 17,200원
[2025-10-24 08:37:53] INFO:   [이격도] 1차: 33.7%, 2차: 48.5%, 3차: 64.8%
[2025-10-24 08:37:53] INFO: 
[40] 세진중공업 (075580) 모니터링 중...
[2025-10-24 08:37:54] INFO:   [현재가] 현재가: 22,500원
[2025-10-24 08:37:54] INFO:   [저가] 저가: 22,500원
[2025-10-24 08:37:54] INFO:   [고가] 고가: 22,500원
[2025-10-24 08:37:54] INFO:   [매수선] 1차: 16,820원, 2차: 15,150원, 3차: 13,650원
[2025-10-24 08:37:54] INFO:   [이격도] 1차: 33.8%, 2차: 48.5%, 3차: 64.8%
[2025-10-24 08:37:54] INFO: 
[41] 엘앤씨바이오 (290650) 모니터링 중...
[2025-10-24 08:37:54] INFO:   [현재가] 현재가: 51,800원
[2025-10-24 08:37:54] INFO:   [저가] 저가: 51,600원
[2025-10-24 08:37:54] INFO:   [고가] 고가: 52,500원
[2025-10-24 08:37:54] INFO:   [매수선] 1차: 41,300원, 2차: 37,250원, 3차: 33,600원
[2025-10-24 08:37:54] INFO:   [이격도] 1차: 25.4%, 2차: 39.1%, 3차: 54.2%
[2025-10-24 08:37:54] INFO: 
[42] 한화엔진 (082740) 모니터링 중...
[2025-10-24 08:37:55] INFO:   [현재가] 현재가: 48,600원
[2025-10-24 08:37:55] INFO:   [저가] 저가: 48,600원
[2025-10-24 08:37:55] INFO:   [고가] 고가: 48,600원
[2025-10-24 08:37:55] INFO:   [매수선] 1차: 36,400원, 2차: 32,850원, 3차: 29,650원
[2025-10-24 08:37:55] INFO:   [이격도] 1차: 33.5%, 2차: 47.9%, 3차: 63.9%
[2025-10-24 08:37:55] INFO: 
[43] 현대힘스 (460930) 모니터링 중...
[2025-10-24 08:37:55] INFO:   [현재가] 현재가: 22,750원
[2025-10-24 08:37:55] INFO:   [저가] 저가: 22,750원
[2025-10-24 08:37:55] INFO:   [고가] 고가: 22,750원
[2025-10-24 08:37:55] INFO:   [매수선] 1차: 19,440원, 2차: 17,510원, 3차: 15,770원
[2025-10-24 08:37:55] INFO:   [이격도] 1차: 17.0%, 2차: 29.9%, 3차: 44.3%
[2025-10-24 08:37:55] INFO: 
[44] HD한국조선해양 (009540) 모니터링 중...
[2025-10-24 08:37:56] INFO:   [현재가] 현재가: 452,000원
[2025-10-24 08:37:56] INFO:   [저가] 저가: 448,500원
[2025-10-24 08:37:56] INFO:   [고가] 고가: 453,000원
[2025-10-24 08:37:56] INFO:   [매수선] 1차: 330,500원, 2차: 298,000원, 3차: 269,000원
[2025-10-24 08:37:56] INFO:   [이격도] 1차: 36.8%, 2차: 51.7%, 3차: 68.0%
[2025-10-24 08:37:56] INFO: 
[45] HD현대미포 (010620) 모니터링 중...
[2025-10-24 08:37:56] INFO:   [현재가] 현재가: 230,500원
[2025-10-24 08:37:56] INFO:   [저가] 저가: 228,000원
[2025-10-24 08:37:56] INFO:   [고가] 고가: 234,000원
[2025-10-24 08:37:56] INFO:   [매수선] 1차: 162,300원, 2차: 146,200원, 3차: 131,700원
[2025-10-24 08:37:56] INFO:   [이격도] 1차: 42.0%, 2차: 57.7%, 3차: 75.0%
[2025-10-24 08:37:56] INFO: 
[46] 삼성중공업 (010140) 모니터링 중...
[2025-10-24 08:37:57] INFO:   [현재가] 현재가: 24,350원
[2025-10-24 08:37:57] INFO:   [저가] 저가: 24,050원
[2025-10-24 08:37:57] INFO:   [고가] 고가: 24,500원
[2025-10-24 08:37:57] INFO:   [매수선] 1차: 17,540원, 2차: 15,800원, 3차: 14,230원
[2025-10-24 08:37:57] INFO:   [이격도] 1차: 38.8%, 2차: 54.1%, 3차: 71.1%
[2025-10-24 08:37:57] INFO: 
[47] 효성중공업 (298040) 모니터링 중...
[2025-10-24 08:37:58] INFO:   [현재가] 현재가: 1,885,000원
[2025-10-24 08:37:58] INFO:   [저가] 저가: 1,832,000원
[2025-10-24 08:37:58] INFO:   [고가] 고가: 1,885,000원
[2025-10-24 08:37:58] INFO:   [매수선] 1차: 1,190,000원, 2차: 1,072,000원, 3차: 966,000원
[2025-10-24 08:37:58] INFO:   [이격도] 1차: 58.4%, 2차: 75.8%, 3차: 95.1%
[2025-10-24 08:37:58] INFO: 
[48] LIG넥스원 (079550) 모니터링 중...
[2025-10-24 08:37:58] INFO:   [현재가] 현재가: 470,000원
[2025-10-24 08:37:58] INFO:   [저가] 저가: 462,500원
[2025-10-24 08:37:58] INFO:   [고가] 고가: 471,000원
[2025-10-24 08:37:58] INFO:   [매수선] 1차: 377,500원, 2차: 340,500원, 3차: 307,000원
[2025-10-24 08:37:58] INFO:   [이격도] 1차: 24.5%, 2차: 38.0%, 3차: 53.1%
[2025-10-24 08:37:58] INFO: 
[49] 에스엔시스 (0008Z0) 모니터링 중...
[2025-10-24 08:37:59] INFO:   [현재가] 현재가: 42,800원
[2025-10-24 08:37:59] INFO:   [저가] 저가: 42,800원
[2025-10-24 08:37:59] INFO:   [고가] 고가: 42,800원
[2025-10-24 08:37:59] INFO:   [매수선] 1차: 32,850원, 2차: 29,650원, 3차: 26,750원
[2025-10-24 08:37:59] INFO:   [이격도] 1차: 30.3%, 2차: 44.4%, 3차: 60.0%
[2025-10-24 08:37:59] INFO: 
[50] 삼양컴텍 (484590) 모니터링 중...
[2025-10-24 08:37:59] INFO:   [현재가] 현재가: 17,230원
[2025-10-24 08:37:59] INFO:   [저가] 저가: 17,230원
[2025-10-24 08:37:59] INFO:   [고가] 고가: 17,230원
[2025-10-24 08:37:59] INFO:   [매수선] 1차: 14,070원, 2차: 12,680원, 3차: 11,430원
[2025-10-24 08:37:59] INFO:   [이격도] 1차: 22.5%, 2차: 35.9%, 3차: 50.7%
[2025-10-24 08:37:59] INFO: 
[51] 에이비엘바이오 (298380) 모니터링 중...
[2025-10-24 08:38:00] INFO:   [현재가] 현재가: 85,700원
[2025-10-24 08:38:00] INFO:   [저가] 저가: 85,000원
[2025-10-24 08:38:00] INFO:   [고가] 고가: 86,400원
[2025-10-24 08:38:00] INFO:   [매수선] 1차: 73,300원, 2차: 66,100원, 3차: 59,600원
[2025-10-24 08:38:00] INFO:   [이격도] 1차: 16.9%, 2차: 29.7%, 3차: 43.8%
[2025-10-24 08:38:00] INFO: 
[52] LG디스플레이 (034220) 모니터링 중...
[2025-10-24 08:38:01] INFO:   [현재가] 현재가: 14,260원
[2025-10-24 08:38:01] INFO:   [저가] 저가: 14,200원
[2025-10-24 08:38:01] INFO:   [고가] 고가: 14,310원
[2025-10-24 08:38:01] INFO:   [매수선] 1차: 11,330원, 2차: 10,210원, 3차: 9,200원
[2025-10-24 08:38:01] INFO:   [이격도] 1차: 25.9%, 2차: 39.7%, 3차: 55.0%
[2025-10-24 08:38:01] INFO: 
[53] 대한조선 (439260) 모니터링 중...
[2025-10-24 08:38:01] INFO:   [현재가] 현재가: 77,400원
[2025-10-24 08:38:01] INFO:   [저가] 저가: 77,400원
[2025-10-24 08:38:01] INFO:   [고가] 고가: 77,400원
[2025-10-24 08:38:01] INFO:   [매수선] 1차: 62,500원, 2차: 56,400원, 3차: 50,900원
[2025-10-24 08:38:01] INFO:   [이격도] 1차: 23.8%, 2차: 37.2%, 3차: 52.1%
[2025-10-24 08:38:01] INFO: 
[54] 에이피알 (278470) 모니터링 중...
[2025-10-24 08:38:02] INFO:   [현재가] 현재가: 246,500원
[2025-10-24 08:38:02] INFO:   [저가] 저가: 244,000원
[2025-10-24 08:38:02] INFO:   [고가] 고가: 248,500원
[2025-10-24 08:38:02] INFO:   [매수선] 1차: 190,300원, 2차: 171,400원, 3차: 154,400원
[2025-10-24 08:38:02] INFO:   [이격도] 1차: 29.5%, 2차: 43.8%, 3차: 59.7%
[2025-10-24 08:38:02] INFO: 
[55] SK바이오팜 (326030) 모니터링 중...
[2025-10-24 08:38:02] INFO:   [현재가] 현재가: 106,900원
[2025-10-24 08:38:02] INFO:   [저가] 저가: 106,600원
[2025-10-24 08:38:02] INFO:   [고가] 고가: 107,300원
[2025-10-24 08:38:02] INFO:   [매수선] 1차: 82,800원, 2차: 74,700원, 3차: 67,400원
[2025-10-24 08:38:02] INFO:   [이격도] 1차: 29.1%, 2차: 43.1%, 3차: 58.6%
[2025-10-24 08:38:02] INFO: 
[56] 한화에어로스페이스 (012450) 모니터링 중...
[2025-10-24 08:38:03] INFO:   [현재가] 현재가: 1,044,000원
[2025-10-24 08:38:03] INFO:   [저가] 저가: 1,038,000원
[2025-10-24 08:38:03] INFO:   [고가] 고가: 1,054,000원
[2025-10-24 08:38:03] INFO:   [매수선] 1차: 805,000원, 2차: 726,000원, 3차: 655,000원
[2025-10-24 08:38:03] INFO:   [이격도] 1차: 29.7%, 2차: 43.8%, 3차: 59.4%
[2025-10-24 08:38:03] INFO: 
[57] 한화시스템 (272210) 모니터링 중...
[2025-10-24 08:38:04] INFO:   [현재가] 현재가: 56,100원
[2025-10-24 08:38:04] INFO:   [저가] 저가: 55,700원
[2025-10-24 08:38:04] INFO:   [고가] 고가: 57,000원
[2025-10-24 08:38:04] INFO:   [매수선] 1차: 44,850원, 2차: 40,450원, 3차: 36,500원
[2025-10-24 08:38:04] INFO:   [이격도] 1차: 25.1%, 2차: 38.7%, 3차: 53.7%
[2025-10-24 08:38:04] INFO: 
[58] 한화솔루션 (009830) 모니터링 중...
[2025-10-24 08:38:04] INFO:   [현재가] 현재가: 30,750원
[2025-10-24 08:38:04] INFO:   [저가] 저가: 30,550원
[2025-10-24 08:38:04] INFO:   [고가] 고가: 30,950원
[2025-10-24 08:38:04] INFO:   [매수선] 1차: 23,100원, 2차: 20,850원, 3차: 18,780원
[2025-10-24 08:38:04] INFO:   [이격도] 1차: 33.1%, 2차: 47.5%, 3차: 63.7%
[2025-10-24 08:38:04] INFO: 
[59] 삼성전기 (009150) 모니터링 중...
[2025-10-24 08:38:05] INFO:   [현재가] 현재가: 223,000원
[2025-10-24 08:38:05] INFO:   [저가] 저가: 221,000원
[2025-10-24 08:38:05] INFO:   [고가] 고가: 225,500원
[2025-10-24 08:38:05] INFO:   [매수선] 1차: 161,100원, 2차: 145,100원, 3차: 130,700원
[2025-10-24 08:38:05] INFO:   [이격도] 1차: 38.4%, 2차: 53.7%, 3차: 70.6%
[2025-10-24 08:38:05] INFO: 
[60] 한화비전 (489790) 모니터링 중...
[2025-10-24 08:38:06] INFO:   [현재가] 현재가: 52,300원
[2025-10-24 08:38:06] INFO:   [저가] 저가: 51,900원
[2025-10-24 08:38:06] INFO:   [고가] 고가: 52,500원
[2025-10-24 08:38:06] INFO:   [매수선] 1차: 42,750원, 2차: 38,550원, 3차: 34,750원
[2025-10-24 08:38:06] INFO:   [이격도] 1차: 22.3%, 2차: 35.7%, 3차: 50.5%
[2025-10-24 08:38:06] INFO: 
[61] HD현대인프라코어 (042670) 모니터링 중...
[2025-10-24 08:38:06] INFO:   [현재가] 현재가: 17,110원
[2025-10-24 08:38:06] INFO:   [저가] 저가: 16,990원
[2025-10-24 08:38:06] INFO:   [고가] 고가: 17,350원
[2025-10-24 08:38:06] INFO:   [매수선] 1차: 12,180원, 2차: 10,980원, 3차: 9,900원
[2025-10-24 08:38:06] INFO:   [이격도] 1차: 40.5%, 2차: 55.8%, 3차: 72.8%
[2025-10-24 08:38:06] INFO: 
[62] 도우인시스 (484120) 모니터링 중...
[2025-10-24 08:38:07] INFO:   [현재가] 현재가: 29,200원
[2025-10-24 08:38:07] INFO:   [저가] 저가: 29,000원
[2025-10-24 08:38:07] INFO:   [고가] 고가: 29,400원
[2025-10-24 08:38:07] INFO:   [매수선] 1차: 23,650원, 2차: 21,350원, 3차: 19,230원
[2025-10-24 08:38:07] INFO:   [이격도] 1차: 23.5%, 2차: 36.8%, 3차: 51.8%
[2025-10-24 08:38:07] INFO: 
[63] KBI동양철관 (008970) 모니터링 중...
[2025-10-24 08:38:07] INFO:   [현재가] 현재가: 2,720원
[2025-10-24 08:38:07] INFO:   [저가] 저가: 2,720원
[2025-10-24 08:38:07] INFO:   [고가] 고가: 2,720원
[2025-10-24 08:38:07] INFO:   [매수선] 1차: 2,045원, 2차: 1,842원, 3차: 1,659원
[2025-10-24 08:38:07] INFO:   [이격도] 1차: 33.0%, 2차: 47.7%, 3차: 64.0%
[2025-10-24 08:38:07] INFO: 
[64] YG PLUS (037270) 모니터링 중...
[2025-10-24 08:38:08] INFO:   [현재가] 현재가: 6,510원
[2025-10-24 08:38:08] INFO:   [저가] 저가: 6,510원
[2025-10-24 08:38:08] INFO:   [고가] 고가: 6,510원
[2025-10-24 08:38:08] INFO:   [매수선] 1차: 5,810원, 2차: 5,240원, 3차: 4,725원
[2025-10-24 08:38:08] INFO:   [이격도] 1차: 12.0%, 2차: 24.2%, 3차: 37.8%
[2025-10-24 08:38:08] INFO: 
[65] 리가켐바이오 (141080) 모니터링 중...
[2025-10-24 08:38:09] INFO:   [현재가] 현재가: 135,400원
[2025-10-24 08:38:09] INFO:   [저가] 저가: 134,200원
[2025-10-24 08:38:09] INFO:   [고가] 고가: 136,500원
[2025-10-24 08:38:09] INFO:   [매수선] 1차: 114,300원, 2차: 103,000원, 3차: 92,800원
[2025-10-24 08:38:09] INFO:   [이격도] 1차: 18.5%, 2차: 31.5%, 3차: 45.9%
[2025-10-24 08:38:09] INFO: 
[66] 쿠콘 (294570) 모니터링 중...
[2025-10-24 08:38:09] INFO:   [현재가] 현재가: 37,450원
[2025-10-24 08:38:09] INFO:   [저가] 저가: 37,050원
[2025-10-24 08:38:09] INFO:   [고가] 고가: 37,600원
[2025-10-24 08:38:09] INFO:   [매수선] 1차: 30,450원, 2차: 27,500원, 3차: 24,800원
[2025-10-24 08:38:09] INFO:   [이격도] 1차: 23.0%, 2차: 36.2%, 3차: 51.0%
[2025-10-24 08:38:09] INFO: 
[67] 파인엠텍 (441270) 모니터링 중...
[2025-10-24 08:38:10] INFO:   [현재가] 현재가: 9,010원
[2025-10-24 08:38:10] INFO:   [저가] 저가: 9,010원
[2025-10-24 08:38:10] INFO:   [고가] 고가: 9,010원
[2025-10-24 08:38:10] INFO:   [매수선] 1차: 8,250원, 2차: 7,440원, 3차: 6,710원
[2025-10-24 08:38:10] INFO:   [이격도] 1차: 9.2%, 2차: 21.1%, 3차: 34.3%
[2025-10-24 08:38:10] INFO: 
[68] SK스퀘어 (402340) 모니터링 중...
[2025-10-24 08:38:11] INFO:   [현재가] 현재가: 256,000원
[2025-10-24 08:38:11] INFO:   [저가] 저가: 253,000원
[2025-10-24 08:38:11] INFO:   [고가] 고가: 259,500원
[2025-10-24 08:38:11] INFO:   [매수선] 1차: 184,200원, 2차: 165,900원, 3차: 149,500원
[2025-10-24 08:38:11] INFO:   [이격도] 1차: 39.0%, 2차: 54.3%, 3차: 71.2%
[2025-10-24 08:38:11] INFO: 
[69] POSCO홀딩스 (005490) 모니터링 중...
[2025-10-24 08:38:11] INFO:   [현재가] 현재가: 311,500원
[2025-10-24 08:38:11] INFO:   [저가] 저가: 307,500원
[2025-10-24 08:38:11] INFO:   [고가] 고가: 314,000원
[2025-10-24 08:38:11] INFO:   [매수선] 1차: 224,000원, 2차: 202,500원, 3차: 182,400원
[2025-10-24 08:38:11] INFO:   [이격도] 1차: 39.1%, 2차: 53.8%, 3차: 70.8%
[2025-10-24 08:38:11] INFO: 
[70] HD현대건설기계 (267270) 모니터링 중...
[2025-10-24 08:38:12] INFO:   [현재가] 현재가: 114,900원
[2025-10-24 08:38:12] INFO:   [저가] 저가: 114,900원
[2025-10-24 08:38:12] INFO:   [고가] 고가: 114,900원
[2025-10-24 08:38:12] INFO:   [매수선] 1차: 76,600원, 2차: 69,100원, 3차: 62,300원
[2025-10-24 08:38:12] INFO:   [이격도] 1차: 50.0%, 2차: 66.3%, 3차: 84.4%
[2025-10-24 08:38:12] INFO: 
[71] 한화 (000880) 모니터링 중...
[2025-10-24 08:38:13] INFO:   [현재가] 현재가: 95,200원
[2025-10-24 08:38:13] INFO:   [저가] 저가: 93,000원
[2025-10-24 08:38:13] INFO:   [고가] 고가: 96,500원
[2025-10-24 08:38:13] INFO:   [매수선] 1차: 68,500원, 2차: 61,800원, 3차: 55,800원
[2025-10-24 08:38:13] INFO:   [이격도] 1차: 39.0%, 2차: 54.0%, 3차: 70.6%
[2025-10-24 08:38:13] INFO: 
[72] SK (034730) 모니터링 중...
[2025-10-24 08:38:13] INFO:   [현재가] 현재가: 233,500원
[2025-10-24 08:38:13] INFO:   [저가] 저가: 231,500원
[2025-10-24 08:38:13] INFO:   [고가] 고가: 234,500원
[2025-10-24 08:38:13] INFO:   [매수선] 1차: 174,200원, 2차: 156,900원, 3차: 141,400원
[2025-10-24 08:38:13] INFO:   [이격도] 1차: 34.0%, 2차: 48.8%, 3차: 65.1%
[2025-10-24 08:38:13] INFO: 
[73] SK이노베이션 (096770) 모니터링 중...
[2025-10-24 08:38:14] INFO:   [현재가] 현재가: 127,900원
[2025-10-24 08:38:14] INFO:   [저가] 저가: 126,000원
[2025-10-24 08:38:14] INFO:   [고가] 고가: 128,400원
[2025-10-24 08:38:14] INFO:   [매수선] 1차: 86,200원, 2차: 77,700원, 3차: 70,100원
[2025-10-24 08:38:14] INFO:   [이격도] 1차: 48.4%, 2차: 64.6%, 3차: 82.5%
[2025-10-24 08:38:14] INFO: 
================================================================================
[2025-10-24 08:38:14] INFO: [OK] 단순화된 모니터링 사이클 완료
[2025-10-24 08:38:14] INFO:   전체 종목: 73개
[2025-10-24 08:38:14] INFO:   체크한 종목: 73개
[2025-10-24 08:38:14] INFO:   전송 알람: 0개
[2025-10-24 08:38:14] INFO: ================================================================================
[2025-10-24 08:38:14] INFO: 
[간격] 60초 후 다음 사이클 실행...
[2025-10-24 08:38:14] INFO:    종료하려면 Ctrl+C를 누르세요.
[2025-10-24 08:39:14] INFO: 
================================================================================
[2025-10-24 08:39:14] INFO: [사이클 4] 2025-10-24 08:39:14
[2025-10-24 08:39:14] INFO: ================================================================================
[2025-10-24 08:39:14] INFO: [OK] Summary 탭에서 73개 종목 로드 (매수선 포함)
[2025-10-24 08:39:14] INFO: 
[1] 삼성전자 (005930) 모니터링 중...
[2025-10-24 08:39:14] INFO:   [현재가] 현재가: 98,000원
[2025-10-24 08:39:14] INFO:   [저가] 저가: 97,200원
[2025-10-24 08:39:14] INFO:   [고가] 고가: 98,300원
[2025-10-24 08:39:14] INFO:   [매수선] 1차: 72,000원, 2차: 64,900원, 3차: 58,600원
[2025-10-24 08:39:14] INFO:   [이격도] 1차: 36.1%, 2차: 51.0%, 3차: 67.2%
[2025-10-24 08:39:14] INFO: 
[2] SK하이닉스 (000660) 모니터링 중...
[2025-10-24 08:39:15] INFO:   [현재가] 현재가: 493,000원
[2025-10-24 08:39:15] INFO:   [저가] 저가: 487,000원
[2025-10-24 08:39:15] INFO:   [고가] 고가: 494,500원
[2025-10-24 08:39:15] INFO:   [매수선] 1차: 323,000원, 2차: 291,500원, 3차: 263,000원
[2025-10-24 08:39:15] INFO:   [이격도] 1차: 52.6%, 2차: 69.1%, 3차: 87.5%
[2025-10-24 08:39:15] INFO: 
[3] 두산에너빌리티 (034020) 모니터링 중...
[2025-10-24 08:39:15] INFO:   [현재가] 현재가: 78,200원
[2025-10-24 08:39:15] INFO:   [저가] 저가: 77,100원
[2025-10-24 08:39:15] INFO:   [고가] 고가: 78,400원
[2025-10-24 08:39:15] INFO:   [매수선] 1차: 56,900원, 2차: 51,400원, 3차: 46,350원
[2025-10-24 08:39:15] INFO:   [이격도] 1차: 37.4%, 2차: 52.1%, 3차: 68.7%
[2025-10-24 08:39:15] INFO: 
[4] NAVER (035420) 모니터링 중...
[2025-10-24 08:39:16] INFO:   [현재가] 현재가: 245,000원
[2025-10-24 08:39:16] INFO:   [저가] 저가: 243,000원
[2025-10-24 08:39:16] INFO:   [고가] 고가: 245,500원
[2025-10-24 08:39:16] INFO:   [매수선] 1차: 201,500원, 2차: 181,500원, 3차: 163,500원
[2025-10-24 08:39:16] INFO:   [이격도] 1차: 21.6%, 2차: 35.0%, 3차: 49.8%
[2025-10-24 08:39:16] INFO: 
[5] 한미반도체 (042700) 모니터링 중...
[2025-10-24 08:39:17] INFO:   [현재가] 현재가: 154,500원
[2025-10-24 08:39:17] INFO:   [저가] 저가: 151,000원
[2025-10-24 08:39:17] INFO:   [고가] 고가: 156,000원
[2025-10-24 08:39:17] INFO:   [매수선] 1차: 94,200원, 2차: 84,900원, 3차: 76,600원
[2025-10-24 08:39:17] INFO:   [이격도] 1차: 64.0%, 2차: 82.0%, 3차: 101.7%
[2025-10-24 08:39:17] INFO: 
[6] 에코프로 (086520) 모니터링 중...
[2025-10-24 08:39:17] INFO:   [현재가] 현재가: 81,500원
[2025-10-24 08:39:17] INFO:   [저가] 저가: 81,500원
[2025-10-24 08:39:17] INFO:   [고가] 고가: 81,500원
[2025-10-24 08:39:17] INFO:   [매수선] 1차: 45,350원, 2차: 40,900원, 3차: 36,900원
[2025-10-24 08:39:17] INFO:   [이격도] 1차: 79.7%, 2차: 99.3%, 3차: 120.9%
[2025-10-24 08:39:17] INFO: 
[7] 한화오션 (042660) 모니터링 중...
[2025-10-24 08:39:18] INFO:   [현재가] 현재가: 134,900원
[2025-10-24 08:39:18] INFO:   [저가] 저가: 132,600원
[2025-10-24 08:39:18] INFO:   [고가] 고가: 136,900원
[2025-10-24 08:39:18] INFO:   [매수선] 1차: 88,900원, 2차: 80,200원, 3차: 72,300원
[2025-10-24 08:39:18] INFO:   [이격도] 1차: 51.7%, 2차: 68.2%, 3차: 86.6%
[2025-10-24 08:39:18] INFO: 
[8] 현대차 (005380) 모니터링 중...
[2025-10-24 08:39:18] INFO:   [현재가] 현재가: 254,000원
[2025-10-24 08:39:18] INFO:   [저가] 저가: 249,500원
[2025-10-24 08:39:18] INFO:   [고가] 고가: 256,000원
[2025-10-24 08:39:18] INFO:   [매수선] 1차: 180,900원, 2차: 163,000원, 3차: 146,800원
[2025-10-24 08:39:18] INFO:   [이격도] 1차: 40.4%, 2차: 55.8%, 3차: 73.0%
[2025-10-24 08:39:18] INFO: 
[9] 에코프로비엠 (247540) 모니터링 중...
[2025-10-24 08:39:19] INFO:   [현재가] 현재가: 161,700원
[2025-10-24 08:39:19] INFO:   [저가] 저가: 160,400원
[2025-10-24 08:39:19] INFO:   [고가] 고가: 163,000원
[2025-10-24 08:39:19] INFO:   [매수선] 1차: 102,800원, 2차: 92,700원, 3차: 83,600원
[2025-10-24 08:39:19] INFO:   [이격도] 1차: 57.3%, 2차: 74.4%, 3차: 93.4%
[2025-10-24 08:39:19] INFO: 
[10] 삼성SDI (006400) 모니터링 중...
[2025-10-24 08:39:20] INFO:   [현재가] 현재가: 261,000원
[2025-10-24 08:39:20] INFO:   [저가] 저가: 258,000원
[2025-10-24 08:39:20] INFO:   [고가] 고가: 264,000원
[2025-10-24 08:39:20] INFO:   [매수선] 1차: 177,200원, 2차: 159,600원, 3차: 143,800원
[2025-10-24 08:39:20] INFO:   [이격도] 1차: 47.3%, 2차: 63.5%, 3차: 81.5%
[2025-10-24 08:39:20] INFO: 
[11] LG화학 (051910) 모니터링 중...
[2025-10-24 08:39:20] INFO:   [현재가] 현재가: 387,500원
[2025-10-24 08:39:20] INFO:   [저가] 저가: 380,500원
[2025-10-24 08:39:20] INFO:   [고가] 고가: 391,000원
[2025-10-24 08:39:20] INFO:   [매수선] 1차: 244,000원, 2차: 220,500원, 3차: 198,600원
[2025-10-24 08:39:20] INFO:   [이격도] 1차: 58.8%, 2차: 75.7%, 3차: 95.1%
[2025-10-24 08:39:20] INFO: 
[12] 에코프로머티 (450080) 모니터링 중...
[2025-10-24 08:39:21] INFO:   [현재가] 현재가: 66,400원
[2025-10-24 08:39:21] INFO:   [저가] 저가: 66,000원
[2025-10-24 08:39:21] INFO:   [고가] 고가: 67,000원
[2025-10-24 08:39:21] INFO:   [매수선] 1차: 42,900원, 2차: 38,700원, 3차: 34,900원
[2025-10-24 08:39:21] INFO:   [이격도] 1차: 54.8%, 2차: 71.6%, 3차: 90.3%
[2025-10-24 08:39:21] INFO: 
[13] LG에너지솔루션 (373220) 모니터링 중...
[2025-10-24 08:39:22] INFO:   [현재가] 현재가: 452,500원
[2025-10-24 08:39:22] INFO:   [저가] 저가: 446,000원
[2025-10-24 08:39:22] INFO:   [고가] 고가: 453,500원
[2025-10-24 08:39:22] INFO:   [매수선] 1차: 303,500원, 2차: 274,000원, 3차: 247,500원
[2025-10-24 08:39:22] INFO:   [이격도] 1차: 49.1%, 2차: 65.1%, 3차: 82.8%
[2025-10-24 08:39:22] INFO: 
[14] 한국전력 (015760) 모니터링 중...
[2025-10-24 08:39:22] INFO:   [현재가] 현재가: 42,850원
[2025-10-24 08:39:22] INFO:   [저가] 저가: 42,300원
[2025-10-24 08:39:22] INFO:   [고가] 고가: 42,900원
[2025-10-24 08:39:22] INFO:   [매수선] 1차: 30,400원, 2차: 27,450원, 3차: 24,800원
[2025-10-24 08:39:22] INFO:   [이격도] 1차: 41.0%, 2차: 56.1%, 3차: 72.8%
[2025-10-24 08:39:22] INFO: 
[15] 포스코퓨처엠 (003670) 모니터링 중...
[2025-10-24 08:39:23] INFO:   [현재가] 현재가: 207,000원
[2025-10-24 08:39:23] INFO:   [저가] 저가: 203,500원
[2025-10-24 08:39:23] INFO:   [고가] 고가: 207,500원
[2025-10-24 08:39:23] INFO:   [매수선] 1차: 130,200원, 2차: 117,300원, 3차: 105,700원
[2025-10-24 08:39:23] INFO:   [이격도] 1차: 59.0%, 2차: 76.5%, 3차: 95.8%
[2025-10-24 08:39:23] INFO: 
[16] 현대로템 (064350) 모니터링 중...
[2025-10-24 08:39:24] INFO:   [현재가] 현재가: 243,500원
[2025-10-24 08:39:24] INFO:   [저가] 저가: 238,000원
[2025-10-24 08:39:24] INFO:   [고가] 고가: 245,000원
[2025-10-24 08:39:24] INFO:   [매수선] 1차: 172,500원, 2차: 155,400원, 3차: 140,000원
[2025-10-24 08:39:24] INFO:   [이격도] 1차: 41.2%, 2차: 56.7%, 3차: 73.9%
[2025-10-24 08:39:24] INFO: 
[17] 카카오 (035720) 모니터링 중...
[2025-10-24 08:39:24] INFO:   [현재가] 현재가: 59,700원
[2025-10-24 08:39:24] INFO:   [저가] 저가: 59,200원
[2025-10-24 08:39:24] INFO:   [고가] 고가: 59,800원
[2025-10-24 08:39:24] INFO:   [매수선] 1차: 48,150원, 2차: 43,400원, 3차: 39,150원
[2025-10-24 08:39:24] INFO:   [이격도] 1차: 24.0%, 2차: 37.6%, 3차: 52.5%
[2025-10-24 08:39:24] INFO: 
[18] 엘앤에프 (066970) 모니터링 중...
[2025-10-24 08:39:25] INFO:   [현재가] 현재가: 115,300원
[2025-10-24 08:39:25] INFO:   [저가] 저가: 114,300원
[2025-10-24 08:39:25] INFO:   [고가] 고가: 115,900원
[2025-10-24 08:39:25] INFO:   [매수선] 1차: 68,600원, 2차: 61,900원, 3차: 55,900원
[2025-10-24 08:39:25] INFO:   [이격도] 1차: 68.1%, 2차: 86.3%, 3차: 106.3%
[2025-10-24 08:39:25] INFO: 
[19] 두산 (000150) 모니터링 중...
[2025-10-24 08:39:25] INFO:   [현재가] 현재가: 786,000원
[2025-10-24 08:39:25] INFO:   [저가] 저가: 783,000원
[2025-10-24 08:39:25] INFO:   [고가] 고가: 794,000원
[2025-10-24 08:39:25] INFO:   [매수선] 1차: 492,500원, 2차: 444,000원, 3차: 400,500원
[2025-10-24 08:39:25] INFO:   [이격도] 1차: 59.6%, 2차: 77.0%, 3차: 96.3%
[2025-10-24 08:39:25] INFO: 
[20] 한라캐스트 (125490) 모니터링 중...
[2025-10-24 08:39:26] INFO:   [현재가] 현재가: 13,350원
[2025-10-24 08:39:26] INFO:   [저가] 저가: 13,350원
[2025-10-24 08:39:26] INFO:   [고가] 고가: 13,350원
[2025-10-24 08:39:26] INFO:   [매수선] 1차: 7,740원, 2차: 6,980원, 3차: 6,300원
[2025-10-24 08:39:26] INFO:   [이격도] 1차: 72.5%, 2차: 91.3%, 3차: 111.9%
[2025-10-24 08:39:26] INFO: 
[21] 휴림로봇 (090710) 모니터링 중...
[2025-10-24 08:39:27] INFO:   [현재가] 현재가: 6,000원
[2025-10-24 08:39:27] INFO:   [저가] 저가: 6,000원
[2025-10-24 08:39:27] INFO:   [고가] 고가: 6,000원
[2025-10-24 08:39:27] INFO:   [매수선] 1차: 3,230원, 2차: 2,915원, 3차: 2,630원
[2025-10-24 08:39:27] INFO:   [이격도] 1차: 85.8%, 2차: 105.8%, 3차: 128.1%
[2025-10-24 08:39:27] INFO: 
[22] 클로봇 (466100) 모니터링 중...
[2025-10-24 08:39:27] INFO:   [현재가] 현재가: 38,800원
[2025-10-24 08:39:27] INFO:   [저가] 저가: 38,800원
[2025-10-24 08:39:27] INFO:   [고가] 고가: 38,800원
[2025-10-24 08:39:27] INFO:   [매수선] 1차: 28,000원, 2차: 25,250원, 3차: 22,800원
[2025-10-24 08:39:27] INFO:   [이격도] 1차: 38.6%, 2차: 53.7%, 3차: 70.2%
[2025-10-24 08:39:27] INFO: 
[23] 로보티즈 (108490) 모니터링 중...
[2025-10-24 08:39:28] INFO:   [현재가] 현재가: 187,000원
[2025-10-24 08:39:28] INFO:   [저가] 저가: 187,000원
[2025-10-24 08:39:28] INFO:   [고가] 고가: 187,000원
[2025-10-24 08:39:28] INFO:   [매수선] 1차: 137,100원, 2차: 123,500원, 3차: 111,300원
[2025-10-24 08:39:28] INFO:   [이격도] 1차: 36.4%, 2차: 51.4%, 3차: 68.0%
[2025-10-24 08:39:28] INFO: 
[24] 삼성전자우 (005935) 모니터링 중...
[2025-10-24 08:39:28] INFO:   [현재가] 현재가: 76,400원
[2025-10-24 08:39:28] INFO:   [저가] 저가: 76,400원
[2025-10-24 08:39:28] INFO:   [고가] 고가: 76,400원
[2025-10-24 08:39:28] INFO:   [매수선] 1차: 56,600원, 2차: 51,100원, 3차: 46,050원
[2025-10-24 08:39:28] INFO:   [이격도] 1차: 35.0%, 2차: 49.5%, 3차: 65.9%
[2025-10-24 08:39:28] INFO: 
[25] 일동제약 (249420) 모니터링 중...
[2025-10-24 08:39:29] INFO:   [현재가] 현재가: 20,600원
[2025-10-24 08:39:29] INFO:   [저가] 저가: 20,600원
[2025-10-24 08:39:29] INFO:   [고가] 고가: 20,600원
[2025-10-24 08:39:29] INFO:   [매수선] 1차: 20,150원, 2차: 18,150원, 3차: 16,350원
[2025-10-24 08:39:29] INFO:   [이격도] 1차: 2.2%, 2차: 13.5%, 3차: 26.0%
[2025-10-24 08:39:29] INFO: 
[26] 우리기술투자 (041190) 모니터링 중...
[2025-10-24 08:39:30] INFO:   [현재가] 현재가: 8,830원
[2025-10-24 08:39:30] INFO:   [저가] 저가: 8,740원
[2025-10-24 08:39:30] INFO:   [고가] 고가: 8,870원
[2025-10-24 08:39:30] INFO:   [매수선] 1차: 8,180원, 2차: 7,380원, 3차: 6,660원
[2025-10-24 08:39:30] INFO:   [이격도] 1차: 7.9%, 2차: 19.6%, 3차: 32.6%
[2025-10-24 08:39:30] INFO: 
[27] NHN KCP (060250) 모니터링 중...
[2025-10-24 08:39:30] INFO:   [현재가] 현재가: 16,200원
[2025-10-24 08:39:30] INFO:   [저가] 저가: 15,970원
[2025-10-24 08:39:30] INFO:   [고가] 고가: 16,240원
[2025-10-24 08:39:30] INFO:   [매수선] 1차: 13,620원, 2차: 12,270원, 3차: 11,060원
[2025-10-24 08:39:30] INFO:   [이격도] 1차: 18.9%, 2차: 32.0%, 3차: 46.5%
[2025-10-24 08:39:30] INFO: 
[28] 레인보우로보틱스 (277810) 모니터링 중...
[2025-10-24 08:39:31] INFO:   [현재가] 현재가: 335,500원
[2025-10-24 08:39:31] INFO:   [저가] 저가: 334,500원
[2025-10-24 08:39:31] INFO:   [고가] 고가: 343,500원
[2025-10-24 08:39:31] INFO:   [매수선] 1차: 258,000원, 2차: 233,000원, 3차: 210,500원
[2025-10-24 08:39:31] INFO:   [이격도] 1차: 30.0%, 2차: 44.0%, 3차: 59.4%
[2025-10-24 08:39:31] INFO: 
[29] 알테오젠 (196170) 모니터링 중...
[2025-10-24 08:39:31] INFO:   [현재가] 현재가: 455,000원
[2025-10-24 08:39:31] INFO:   [저가] 저가: 453,000원
[2025-10-24 08:39:31] INFO:   [고가] 고가: 458,500원
[2025-10-24 08:39:31] INFO:   [매수선] 1차: 361,500원, 2차: 326,000원, 3차: 294,000원
[2025-10-24 08:39:31] INFO:   [이격도] 1차: 25.9%, 2차: 39.6%, 3차: 54.8%
[2025-10-24 08:39:31] INFO: 
[30] 셀트리온 (068270) 모니터링 중...
[2025-10-24 08:39:32] INFO:   [현재가] 현재가: 174,100원
[2025-10-24 08:39:32] INFO:   [저가] 저가: 172,900원
[2025-10-24 08:39:32] INFO:   [고가] 고가: 174,300원
[2025-10-24 08:39:32] INFO:   [매수선] 1차: 138,700원, 2차: 125,000원, 3차: 112,600원
[2025-10-24 08:39:32] INFO:   [이격도] 1차: 25.5%, 2차: 39.3%, 3차: 54.6%
[2025-10-24 08:39:32] INFO: 
[31] 디앤디파마텍 (347850) 모니터링 중...
[2025-10-24 08:39:33] INFO:   [현재가] 현재가: 169,700원
[2025-10-24 08:39:33] INFO:   [저가] 저가: 169,700원
[2025-10-24 08:39:33] INFO:   [고가] 고가: 169,700원
[2025-10-24 08:39:33] INFO:   [매수선] 1차: 148,200원, 2차: 133,500원, 3차: 120,300원
[2025-10-24 08:39:33] INFO:   [이격도] 1차: 14.5%, 2차: 27.1%, 3차: 41.1%
[2025-10-24 08:39:33] INFO: 
[32] 삼천당제약 (000250) 모니터링 중...
[2025-10-24 08:39:33] INFO:   [현재가] 현재가: 200,000원
[2025-10-24 08:39:33] INFO:   [저가] 저가: 198,600원
[2025-10-24 08:39:33] INFO:   [고가] 고가: 202,500원
[2025-10-24 08:39:33] INFO:   [매수선] 1차: 171,000원, 2차: 154,000원, 3차: 138,700원
[2025-10-24 08:39:33] INFO:   [이격도] 1차: 17.0%, 2차: 29.9%, 3차: 44.2%
[2025-10-24 08:39:33] INFO: 
[33] 다날 (064260) 모니터링 중...
[2025-10-24 08:39:34] INFO:   [현재가] 현재가: 8,990원
[2025-10-24 08:39:34] INFO:   [저가] 저가: 8,990원
[2025-10-24 08:39:34] INFO:   [고가] 고가: 8,990원
[2025-10-24 08:39:34] INFO:   [매수선] 1차: 7,710원, 2차: 6,950원, 3차: 6,270원
[2025-10-24 08:39:34] INFO:   [이격도] 1차: 16.6%, 2차: 29.4%, 3차: 43.4%
[2025-10-24 08:39:34] INFO: 
[34] 로보스타 (090360) 모니터링 중...
[2025-10-24 08:39:34] INFO:   [현재가] 현재가: 67,600원
[2025-10-24 08:39:34] INFO:   [저가] 저가: 67,600원
[2025-10-24 08:39:34] INFO:   [고가] 고가: 67,600원
[2025-10-24 08:39:34] INFO:   [매수선] 1차: 43,950원, 2차: 39,650원, 3차: 35,750원
[2025-10-24 08:39:34] INFO:   [이격도] 1차: 53.8%, 2차: 70.5%, 3차: 89.1%
[2025-10-24 08:39:34] INFO: 
[35] 한국항공우주 (047810) 모니터링 중...
[2025-10-24 08:39:35] INFO:   [현재가] 현재가: 101,400원
[2025-10-24 08:39:35] INFO:   [저가] 저가: 100,500원
[2025-10-24 08:39:35] INFO:   [고가] 고가: 102,000원
[2025-10-24 08:39:35] INFO:   [매수선] 1차: 82,100원, 2차: 74,000원, 3차: 66,700원
[2025-10-24 08:39:35] INFO:   [이격도] 1차: 23.5%, 2차: 37.0%, 3차: 52.0%
[2025-10-24 08:39:35] INFO: 
[36] 지투지바이오 (456160) 모니터링 중...
[2025-10-24 08:39:35] INFO:   [현재가] 현재가: 179,700원
[2025-10-24 08:39:35] INFO:   [저가] 저가: 179,700원
[2025-10-24 08:39:35] INFO:   [고가] 고가: 179,700원
[2025-10-24 08:39:35] INFO:   [매수선] 1차: 155,200원, 2차: 139,800원, 3차: 126,000원
[2025-10-24 08:39:35] INFO:   [이격도] 1차: 15.8%, 2차: 28.5%, 3차: 42.6%
[2025-10-24 08:39:35] INFO: 
[37] 농심 (004370) 모니터링 중...
[2025-10-24 08:39:36] INFO:   [현재가] 현재가: 435,000원
[2025-10-24 08:39:36] INFO:   [저가] 저가: 434,000원
[2025-10-24 08:39:36] INFO:   [고가] 고가: 446,500원
[2025-10-24 08:39:36] INFO:   [매수선] 1차: 347,500원, 2차: 313,500원, 3차: 283,000원
[2025-10-24 08:39:36] INFO:   [이격도] 1차: 25.2%, 2차: 38.8%, 3차: 53.7%
[2025-10-24 08:39:36] INFO: 
[38] SK오션플랜트 (100090) 모니터링 중...
[2025-10-24 08:39:37] INFO:   [현재가] 현재가: 22,350원
[2025-10-24 08:39:37] INFO:   [저가] 저가: 22,350원
[2025-10-24 08:39:37] INFO:   [고가] 고가: 22,350원
[2025-10-24 08:39:37] INFO:   [매수선] 1차: 18,670원, 2차: 16,820원, 3차: 15,150원
[2025-10-24 08:39:37] INFO:   [이격도] 1차: 19.7%, 2차: 32.9%, 3차: 47.5%
[2025-10-24 08:39:37] INFO: 
[39] HJ중공업 (097230) 모니터링 중...
[2025-10-24 08:39:37] INFO:   [현재가] 현재가: 28,350원
[2025-10-24 08:39:37] INFO:   [저가] 저가: 28,350원
[2025-10-24 08:39:37] INFO:   [고가] 고가: 28,350원
[2025-10-24 08:39:37] INFO:   [매수선] 1차: 21,200원, 2차: 19,090원, 3차: 17,200원
[2025-10-24 08:39:37] INFO:   [이격도] 1차: 33.7%, 2차: 48.5%, 3차: 64.8%
[2025-10-24 08:39:37] INFO: 
[40] 세진중공업 (075580) 모니터링 중...
[2025-10-24 08:39:38] INFO:   [현재가] 현재가: 22,500원
[2025-10-24 08:39:38] INFO:   [저가] 저가: 22,500원
[2025-10-24 08:39:38] INFO:   [고가] 고가: 22,500원
[2025-10-24 08:39:38] INFO:   [매수선] 1차: 16,820원, 2차: 15,150원, 3차: 13,650원
[2025-10-24 08:39:38] INFO:   [이격도] 1차: 33.8%, 2차: 48.5%, 3차: 64.8%
[2025-10-24 08:39:38] INFO: 
[41] 엘앤씨바이오 (290650) 모니터링 중...
[2025-10-24 08:39:38] INFO:   [현재가] 현재가: 51,800원
[2025-10-24 08:39:38] INFO:   [저가] 저가: 51,600원
[2025-10-24 08:39:38] INFO:   [고가] 고가: 52,500원
[2025-10-24 08:39:38] INFO:   [매수선] 1차: 41,300원, 2차: 37,250원, 3차: 33,600원
[2025-10-24 08:39:38] INFO:   [이격도] 1차: 25.4%, 2차: 39.1%, 3차: 54.2%
[2025-10-24 08:39:38] INFO: 
[42] 한화엔진 (082740) 모니터링 중...
[2025-10-24 08:39:39] INFO:   [현재가] 현재가: 48,600원
[2025-10-24 08:39:39] INFO:   [저가] 저가: 48,600원
[2025-10-24 08:39:39] INFO:   [고가] 고가: 48,600원
[2025-10-24 08:39:39] INFO:   [매수선] 1차: 36,400원, 2차: 32,850원, 3차: 29,650원
[2025-10-24 08:39:39] INFO:   [이격도] 1차: 33.5%, 2차: 47.9%, 3차: 63.9%
[2025-10-24 08:39:39] INFO: 
[43] 현대힘스 (460930) 모니터링 중...
[2025-10-24 08:39:39] INFO:   [현재가] 현재가: 22,750원
[2025-10-24 08:39:39] INFO:   [저가] 저가: 22,750원
[2025-10-24 08:39:39] INFO:   [고가] 고가: 22,750원
[2025-10-24 08:39:39] INFO:   [매수선] 1차: 19,440원, 2차: 17,510원, 3차: 15,770원
[2025-10-24 08:39:39] INFO:   [이격도] 1차: 17.0%, 2차: 29.9%, 3차: 44.3%
[2025-10-24 08:39:39] INFO: 
[44] HD한국조선해양 (009540) 모니터링 중...
[2025-10-24 08:39:40] INFO:   [현재가] 현재가: 452,000원
[2025-10-24 08:39:40] INFO:   [저가] 저가: 448,500원
[2025-10-24 08:39:40] INFO:   [고가] 고가: 453,000원
[2025-10-24 08:39:40] INFO:   [매수선] 1차: 330,500원, 2차: 298,000원, 3차: 269,000원
[2025-10-24 08:39:40] INFO:   [이격도] 1차: 36.8%, 2차: 51.7%, 3차: 68.0%
[2025-10-24 08:39:40] INFO: 
[45] HD현대미포 (010620) 모니터링 중...
[2025-10-24 08:39:41] INFO:   [현재가] 현재가: 230,000원
[2025-10-24 08:39:41] INFO:   [저가] 저가: 228,000원
[2025-10-24 08:39:41] INFO:   [고가] 고가: 234,000원
[2025-10-24 08:39:41] INFO:   [매수선] 1차: 162,300원, 2차: 146,200원, 3차: 131,700원
[2025-10-24 08:39:41] INFO:   [이격도] 1차: 41.7%, 2차: 57.3%, 3차: 74.6%
[2025-10-24 08:39:41] INFO: 
[46] 삼성중공업 (010140) 모니터링 중...
[2025-10-24 08:39:41] INFO:   [현재가] 현재가: 24,400원
[2025-10-24 08:39:41] INFO:   [저가] 저가: 24,050원
[2025-10-24 08:39:41] INFO:   [고가] 고가: 24,500원
[2025-10-24 08:39:41] INFO:   [매수선] 1차: 17,540원, 2차: 15,800원, 3차: 14,230원
[2025-10-24 08:39:41] INFO:   [이격도] 1차: 39.1%, 2차: 54.4%, 3차: 71.5%
[2025-10-24 08:39:41] INFO: 
[47] 효성중공업 (298040) 모니터링 중...
[2025-10-24 08:39:42] INFO:   [현재가] 현재가: 1,885,000원
[2025-10-24 08:39:42] INFO:   [저가] 저가: 1,832,000원
[2025-10-24 08:39:42] INFO:   [고가] 고가: 1,886,000원
[2025-10-24 08:39:42] INFO:   [매수선] 1차: 1,190,000원, 2차: 1,072,000원, 3차: 966,000원
[2025-10-24 08:39:42] INFO:   [이격도] 1차: 58.4%, 2차: 75.8%, 3차: 95.1%
[2025-10-24 08:39:42] INFO: 
[48] LIG넥스원 (079550) 모니터링 중...
[2025-10-24 08:39:43] INFO:   [현재가] 현재가: 469,000원
[2025-10-24 08:39:43] INFO:   [저가] 저가: 462,500원
[2025-10-24 08:39:43] INFO:   [고가] 고가: 471,000원
[2025-10-24 08:39:43] INFO:   [매수선] 1차: 377,500원, 2차: 340,500원, 3차: 307,000원
[2025-10-24 08:39:43] INFO:   [이격도] 1차: 24.2%, 2차: 37.7%, 3차: 52.8%
[2025-10-24 08:39:43] INFO: 
[49] 에스엔시스 (0008Z0) 모니터링 중...
[2025-10-24 08:39:43] INFO:   [현재가] 현재가: 42,800원
[2025-10-24 08:39:43] INFO:   [저가] 저가: 42,800원
[2025-10-24 08:39:43] INFO:   [고가] 고가: 42,800원
[2025-10-24 08:39:43] INFO:   [매수선] 1차: 32,850원, 2차: 29,650원, 3차: 26,750원
[2025-10-24 08:39:43] INFO:   [이격도] 1차: 30.3%, 2차: 44.4%, 3차: 60.0%
[2025-10-24 08:39:43] INFO: 
[50] 삼양컴텍 (484590) 모니터링 중...
[2025-10-24 08:39:44] INFO:   [현재가] 현재가: 17,230원
[2025-10-24 08:39:44] INFO:   [저가] 저가: 17,230원
[2025-10-24 08:39:44] INFO:   [고가] 고가: 17,230원
[2025-10-24 08:39:44] INFO:   [매수선] 1차: 14,070원, 2차: 12,680원, 3차: 11,430원
[2025-10-24 08:39:44] INFO:   [이격도] 1차: 22.5%, 2차: 35.9%, 3차: 50.7%
[2025-10-24 08:39:44] INFO: 
[51] 에이비엘바이오 (298380) 모니터링 중...
[2025-10-24 08:39:44] INFO:   [현재가] 현재가: 85,600원
[2025-10-24 08:39:44] INFO:   [저가] 저가: 85,000원
[2025-10-24 08:39:44] INFO:   [고가] 고가: 86,400원
[2025-10-24 08:39:44] INFO:   [매수선] 1차: 73,300원, 2차: 66,100원, 3차: 59,600원
[2025-10-24 08:39:44] INFO:   [이격도] 1차: 16.8%, 2차: 29.5%, 3차: 43.6%
[2025-10-24 08:39:44] INFO: 
[52] LG디스플레이 (034220) 모니터링 중...
[2025-10-24 08:39:45] INFO:   [현재가] 현재가: 14,240원
[2025-10-24 08:39:45] INFO:   [저가] 저가: 14,200원
[2025-10-24 08:39:45] INFO:   [고가] 고가: 14,310원
[2025-10-24 08:39:45] INFO:   [매수선] 1차: 11,330원, 2차: 10,210원, 3차: 9,200원
[2025-10-24 08:39:45] INFO:   [이격도] 1차: 25.7%, 2차: 39.5%, 3차: 54.8%
[2025-10-24 08:39:45] INFO: 
[53] 대한조선 (439260) 모니터링 중...
[2025-10-24 08:39:46] INFO:   [현재가] 현재가: 77,400원
[2025-10-24 08:39:46] INFO:   [저가] 저가: 77,400원
[2025-10-24 08:39:46] INFO:   [고가] 고가: 77,400원
[2025-10-24 08:39:46] INFO:   [매수선] 1차: 62,500원, 2차: 56,400원, 3차: 50,900원
[2025-10-24 08:39:46] INFO:   [이격도] 1차: 23.8%, 2차: 37.2%, 3차: 52.1%
[2025-10-24 08:39:46] INFO: 
[54] 에이피알 (278470) 모니터링 중...
[2025-10-24 08:39:46] INFO:   [현재가] 현재가: 247,000원
[2025-10-24 08:39:46] INFO:   [저가] 저가: 244,000원
[2025-10-24 08:39:46] INFO:   [고가] 고가: 248,500원
[2025-10-24 08:39:46] INFO:   [매수선] 1차: 190,300원, 2차: 171,400원, 3차: 154,400원
[2025-10-24 08:39:46] INFO:   [이격도] 1차: 29.8%, 2차: 44.1%, 3차: 60.0%
[2025-10-24 08:39:46] INFO: 
[55] SK바이오팜 (326030) 모니터링 중...
[2025-10-24 08:39:47] INFO:   [현재가] 현재가: 106,900원
[2025-10-24 08:39:47] INFO:   [저가] 저가: 106,600원
[2025-10-24 08:39:47] INFO:   [고가] 고가: 107,300원
[2025-10-24 08:39:47] INFO:   [매수선] 1차: 82,800원, 2차: 74,700원, 3차: 67,400원
[2025-10-24 08:39:47] INFO:   [이격도] 1차: 29.1%, 2차: 43.1%, 3차: 58.6%
[2025-10-24 08:39:47] INFO: 
[56] 한화에어로스페이스 (012450) 모니터링 중...
[2025-10-24 08:39:47] INFO:   [현재가] 현재가: 1,044,000원
[2025-10-24 08:39:47] INFO:   [저가] 저가: 1,038,000원
[2025-10-24 08:39:47] INFO:   [고가] 고가: 1,054,000원
[2025-10-24 08:39:47] INFO:   [매수선] 1차: 805,000원, 2차: 726,000원, 3차: 655,000원
[2025-10-24 08:39:47] INFO:   [이격도] 1차: 29.7%, 2차: 43.8%, 3차: 59.4%
[2025-10-24 08:39:47] INFO: 
[57] 한화시스템 (272210) 모니터링 중...
[2025-10-24 08:39:48] INFO:   [현재가] 현재가: 56,100원
[2025-10-24 08:39:48] INFO:   [저가] 저가: 55,700원
[2025-10-24 08:39:48] INFO:   [고가] 고가: 57,000원
[2025-10-24 08:39:48] INFO:   [매수선] 1차: 44,850원, 2차: 40,450원, 3차: 36,500원
[2025-10-24 08:39:48] INFO:   [이격도] 1차: 25.1%, 2차: 38.7%, 3차: 53.7%
[2025-10-24 08:39:48] INFO: 
[58] 한화솔루션 (009830) 모니터링 중...
[2025-10-24 08:39:49] INFO:   [현재가] 현재가: 30,800원
[2025-10-24 08:39:49] INFO:   [저가] 저가: 30,550원
[2025-10-24 08:39:49] INFO:   [고가] 고가: 30,950원
[2025-10-24 08:39:49] INFO:   [매수선] 1차: 23,100원, 2차: 20,850원, 3차: 18,780원
[2025-10-24 08:39:49] INFO:   [이격도] 1차: 33.3%, 2차: 47.7%, 3차: 64.0%
[2025-10-24 08:39:49] INFO: 
[59] 삼성전기 (009150) 모니터링 중...
[2025-10-24 08:39:49] INFO:   [현재가] 현재가: 222,500원
[2025-10-24 08:39:49] INFO:   [저가] 저가: 221,000원
[2025-10-24 08:39:49] INFO:   [고가] 고가: 225,500원
[2025-10-24 08:39:49] INFO:   [매수선] 1차: 161,100원, 2차: 145,100원, 3차: 130,700원
[2025-10-24 08:39:49] INFO:   [이격도] 1차: 38.1%, 2차: 53.3%, 3차: 70.2%
[2025-10-24 08:39:49] INFO: 
[60] 한화비전 (489790) 모니터링 중...
[2025-10-24 08:39:50] INFO:   [현재가] 현재가: 52,300원
[2025-10-24 08:39:50] INFO:   [저가] 저가: 51,900원
[2025-10-24 08:39:50] INFO:   [고가] 고가: 52,500원
[2025-10-24 08:39:50] INFO:   [매수선] 1차: 42,750원, 2차: 38,550원, 3차: 34,750원
[2025-10-24 08:39:50] INFO:   [이격도] 1차: 22.3%, 2차: 35.7%, 3차: 50.5%
[2025-10-24 08:39:50] INFO: 
[61] HD현대인프라코어 (042670) 모니터링 중...
[2025-10-24 08:39:51] INFO:   [현재가] 현재가: 17,110원
[2025-10-24 08:39:51] INFO:   [저가] 저가: 16,990원
[2025-10-24 08:39:51] INFO:   [고가] 고가: 17,350원
[2025-10-24 08:39:51] INFO:   [매수선] 1차: 12,180원, 2차: 10,980원, 3차: 9,900원
[2025-10-24 08:39:51] INFO:   [이격도] 1차: 40.5%, 2차: 55.8%, 3차: 72.8%
[2025-10-24 08:39:51] INFO: 
[62] 도우인시스 (484120) 모니터링 중...
[2025-10-24 08:39:51] INFO:   [현재가] 현재가: 29,100원
[2025-10-24 08:39:51] INFO:   [저가] 저가: 29,000원
[2025-10-24 08:39:51] INFO:   [고가] 고가: 29,400원
[2025-10-24 08:39:51] INFO:   [매수선] 1차: 23,650원, 2차: 21,350원, 3차: 19,230원
[2025-10-24 08:39:51] INFO:   [이격도] 1차: 23.0%, 2차: 36.3%, 3차: 51.3%
[2025-10-24 08:39:51] INFO: 
[63] KBI동양철관 (008970) 모니터링 중...
[2025-10-24 08:39:52] INFO:   [현재가] 현재가: 2,720원
[2025-10-24 08:39:52] INFO:   [저가] 저가: 2,720원
[2025-10-24 08:39:52] INFO:   [고가] 고가: 2,720원
[2025-10-24 08:39:52] INFO:   [매수선] 1차: 2,045원, 2차: 1,842원, 3차: 1,659원
[2025-10-24 08:39:52] INFO:   [이격도] 1차: 33.0%, 2차: 47.7%, 3차: 64.0%
[2025-10-24 08:39:52] INFO: 
[64] YG PLUS (037270) 모니터링 중...
[2025-10-24 08:39:52] INFO:   [현재가] 현재가: 6,510원
[2025-10-24 08:39:52] INFO:   [저가] 저가: 6,510원
[2025-10-24 08:39:52] INFO:   [고가] 고가: 6,510원
[2025-10-24 08:39:52] INFO:   [매수선] 1차: 5,810원, 2차: 5,240원, 3차: 4,725원
[2025-10-24 08:39:52] INFO:   [이격도] 1차: 12.0%, 2차: 24.2%, 3차: 37.8%
[2025-10-24 08:39:52] INFO: 
[65] 리가켐바이오 (141080) 모니터링 중...
[2025-10-24 08:39:53] INFO:   [현재가] 현재가: 135,300원
[2025-10-24 08:39:53] INFO:   [저가] 저가: 134,200원
[2025-10-24 08:39:53] INFO:   [고가] 고가: 136,500원
[2025-10-24 08:39:53] INFO:   [매수선] 1차: 114,300원, 2차: 103,000원, 3차: 92,800원
[2025-10-24 08:39:53] INFO:   [이격도] 1차: 18.4%, 2차: 31.4%, 3차: 45.8%
[2025-10-24 08:39:53] INFO: 
[66] 쿠콘 (294570) 모니터링 중...
[2025-10-24 08:39:54] INFO:   [현재가] 현재가: 37,450원
[2025-10-24 08:39:54] INFO:   [저가] 저가: 37,050원
[2025-10-24 08:39:54] INFO:   [고가] 고가: 37,600원
[2025-10-24 08:39:54] INFO:   [매수선] 1차: 30,450원, 2차: 27,500원, 3차: 24,800원
[2025-10-24 08:39:54] INFO:   [이격도] 1차: 23.0%, 2차: 36.2%, 3차: 51.0%
[2025-10-24 08:39:54] INFO: 
[67] 파인엠텍 (441270) 모니터링 중...
[2025-10-24 08:39:54] INFO:   [현재가] 현재가: 9,010원
[2025-10-24 08:39:54] INFO:   [저가] 저가: 9,010원
[2025-10-24 08:39:54] INFO:   [고가] 고가: 9,010원
[2025-10-24 08:39:54] INFO:   [매수선] 1차: 8,250원, 2차: 7,440원, 3차: 6,710원
[2025-10-24 08:39:54] INFO:   [이격도] 1차: 9.2%, 2차: 21.1%, 3차: 34.3%
[2025-10-24 08:39:54] INFO: 
[68] SK스퀘어 (402340) 모니터링 중...
[2025-10-24 08:39:55] INFO:   [현재가] 현재가: 256,000원
[2025-10-24 08:39:55] INFO:   [저가] 저가: 253,000원
[2025-10-24 08:39:55] INFO:   [고가] 고가: 259,500원
[2025-10-24 08:39:55] INFO:   [매수선] 1차: 184,200원, 2차: 165,900원, 3차: 149,500원
[2025-10-24 08:39:55] INFO:   [이격도] 1차: 39.0%, 2차: 54.3%, 3차: 71.2%
[2025-10-24 08:39:55] INFO: 
[69] POSCO홀딩스 (005490) 모니터링 중...
[2025-10-24 08:39:56] INFO:   [현재가] 현재가: 311,500원
[2025-10-24 08:39:56] INFO:   [저가] 저가: 307,500원
[2025-10-24 08:39:56] INFO:   [고가] 고가: 314,000원
[2025-10-24 08:39:56] INFO:   [매수선] 1차: 224,000원, 2차: 202,500원, 3차: 182,400원
[2025-10-24 08:39:56] INFO:   [이격도] 1차: 39.1%, 2차: 53.8%, 3차: 70.8%
[2025-10-24 08:39:56] INFO: 
[70] HD현대건설기계 (267270) 모니터링 중...
[2025-10-24 08:39:56] INFO:   [현재가] 현재가: 114,900원
[2025-10-24 08:39:56] INFO:   [저가] 저가: 114,900원
[2025-10-24 08:39:56] INFO:   [고가] 고가: 114,900원
[2025-10-24 08:39:56] INFO:   [매수선] 1차: 76,600원, 2차: 69,100원, 3차: 62,300원
[2025-10-24 08:39:56] INFO:   [이격도] 1차: 50.0%, 2차: 66.3%, 3차: 84.4%
[2025-10-24 08:39:56] INFO: 
[71] 한화 (000880) 모니터링 중...
[2025-10-24 08:39:57] INFO:   [현재가] 현재가: 95,200원
[2025-10-24 08:39:57] INFO:   [저가] 저가: 93,000원
[2025-10-24 08:39:57] INFO:   [고가] 고가: 96,500원
[2025-10-24 08:39:57] INFO:   [매수선] 1차: 68,500원, 2차: 61,800원, 3차: 55,800원
[2025-10-24 08:39:57] INFO:   [이격도] 1차: 39.0%, 2차: 54.0%, 3차: 70.6%
[2025-10-24 08:39:57] INFO: 
[72] SK (034730) 모니터링 중...
[2025-10-24 08:39:58] INFO:   [현재가] 현재가: 233,500원
[2025-10-24 08:39:58] INFO:   [저가] 저가: 231,500원
[2025-10-24 08:39:58] INFO:   [고가] 고가: 234,500원
[2025-10-24 08:39:58] INFO:   [매수선] 1차: 174,200원, 2차: 156,900원, 3차: 141,400원
[2025-10-24 08:39:58] INFO:   [이격도] 1차: 34.0%, 2차: 48.8%, 3차: 65.1%
[2025-10-24 08:39:58] INFO: 
[73] SK이노베이션 (096770) 모니터링 중...
[2025-10-24 08:39:58] INFO:   [현재가] 현재가: 127,800원
[2025-10-24 08:39:58] INFO:   [저가] 저가: 126,000원
[2025-10-24 08:39:58] INFO:   [고가] 고가: 128,400원
[2025-10-24 08:39:58] INFO:   [매수선] 1차: 86,200원, 2차: 77,700원, 3차: 70,100원
[2025-10-24 08:39:58] INFO:   [이격도] 1차: 48.3%, 2차: 64.5%, 3차: 82.3%
[2025-10-24 08:39:58] INFO: 
================================================================================
[2025-10-24 08:39:58] INFO: [OK] 단순화된 모니터링 사이클 완료
[2025-10-24 08:39:58] INFO:   전체 종목: 73개
[2025-10-24 08:39:58] INFO:   체크한 종목: 73개
[2025-10-24 08:39:58] INFO:   전송 알람: 0개
[2025-10-24 08:39:58] INFO: ================================================================================
[2025-10-24 08:39:58] INFO: 
[간격] 60초 후 다음 사이클 실행...
[2025-10-24 08:39:58] INFO:    종료하려면 Ctrl+C를 누르세요.
[2025-10-24 08:40:58] INFO: 
================================================================================
[2025-10-24 08:40:58] INFO: [사이클 5] 2025-10-24 08:40:58
[2025-10-24 08:40:58] INFO: ================================================================================
[2025-10-24 08:40:58] INFO: [OK] Summary 탭에서 73개 종목 로드 (매수선 포함)
[2025-10-24 08:40:58] INFO: 
[1] 삼성전자 (005930) 모니터링 중...
[2025-10-24 08:40:58] INFO:   [현재가] 현재가: 97,800원
[2025-10-24 08:40:58] INFO:   [저가] 저가: 97,200원
[2025-10-24 08:40:58] INFO:   [고가] 고가: 98,300원
[2025-10-24 08:40:58] INFO:   [매수선] 1차: 72,000원, 2차: 64,900원, 3차: 58,600원
[2025-10-24 08:40:58] INFO:   [이격도] 1차: 35.8%, 2차: 50.7%, 3차: 66.9%
[2025-10-24 08:40:58] INFO: 
[2] SK하이닉스 (000660) 모니터링 중...
[2025-10-24 08:40:59] INFO:   [현재가] 현재가: 492,500원
[2025-10-24 08:40:59] INFO:   [저가] 저가: 487,000원
[2025-10-24 08:40:59] INFO:   [고가] 고가: 494,500원
[2025-10-24 08:40:59] INFO:   [매수선] 1차: 323,000원, 2차: 291,500원, 3차: 263,000원
[2025-10-24 08:40:59] INFO:   [이격도] 1차: 52.5%, 2차: 69.0%, 3차: 87.3%
[2025-10-24 08:40:59] INFO: 
[3] 두산에너빌리티 (034020) 모니터링 중...
[2025-10-24 08:40:59] INFO:   [현재가] 현재가: 78,100원
[2025-10-24 08:40:59] INFO:   [저가] 저가: 77,100원
[2025-10-24 08:40:59] INFO:   [고가] 고가: 78,400원
[2025-10-24 08:40:59] INFO:   [매수선] 1차: 56,900원, 2차: 51,400원, 3차: 46,350원
[2025-10-24 08:40:59] INFO:   [이격도] 1차: 37.3%, 2차: 51.9%, 3차: 68.5%
[2025-10-24 08:40:59] INFO: 
[4] NAVER (035420) 모니터링 중...
[2025-10-24 08:41:00] INFO:   [현재가] 현재가: 245,000원
[2025-10-24 08:41:00] INFO:   [저가] 저가: 243,000원
[2025-10-24 08:41:00] INFO:   [고가] 고가: 245,500원
[2025-10-24 08:41:00] INFO:   [매수선] 1차: 201,500원, 2차: 181,500원, 3차: 163,500원
[2025-10-24 08:41:00] INFO:   [이격도] 1차: 21.6%, 2차: 35.0%, 3차: 49.8%
[2025-10-24 08:41:00] INFO: 
[5] 한미반도체 (042700) 모니터링 중...
[2025-10-24 08:41:01] INFO:   [현재가] 현재가: 154,400원
[2025-10-24 08:41:01] INFO:   [저가] 저가: 151,000원
[2025-10-24 08:41:01] INFO:   [고가] 고가: 156,000원
[2025-10-24 08:41:01] INFO:   [매수선] 1차: 94,200원, 2차: 84,900원, 3차: 76,600원
[2025-10-24 08:41:01] INFO:   [이격도] 1차: 63.9%, 2차: 81.9%, 3차: 101.6%
[2025-10-24 08:41:01] INFO: 
[6] 에코프로 (086520) 모니터링 중...
[2025-10-24 08:41:01] INFO:   [현재가] 현재가: 81,500원
[2025-10-24 08:41:01] INFO:   [저가] 저가: 81,500원
[2025-10-24 08:41:01] INFO:   [고가] 고가: 81,500원
[2025-10-24 08:41:01] INFO:   [매수선] 1차: 45,350원, 2차: 40,900원, 3차: 36,900원
[2025-10-24 08:41:01] INFO:   [이격도] 1차: 79.7%, 2차: 99.3%, 3차: 120.9%
[2025-10-24 08:41:01] INFO: 
[7] 한화오션 (042660) 모니터링 중...
[2025-10-24 08:41:02] INFO:   [현재가] 현재가: 134,800원
[2025-10-24 08:41:02] INFO:   [저가] 저가: 132,600원
[2025-10-24 08:41:02] INFO:   [고가] 고가: 136,900원
[2025-10-24 08:41:02] INFO:   [매수선] 1차: 88,900원, 2차: 80,200원, 3차: 72,300원
[2025-10-24 08:41:02] INFO:   [이격도] 1차: 51.6%, 2차: 68.1%, 3차: 86.4%
[2025-10-24 08:41:02] INFO: 
[8] 현대차 (005380) 모니터링 중...
[2025-10-24 08:41:02] INFO:   [현재가] 현재가: 254,500원
[2025-10-24 08:41:02] INFO:   [저가] 저가: 249,500원
[2025-10-24 08:41:02] INFO:   [고가] 고가: 256,000원
[2025-10-24 08:41:02] INFO:   [매수선] 1차: 180,900원, 2차: 163,000원, 3차: 146,800원
[2025-10-24 08:41:02] INFO:   [이격도] 1차: 40.7%, 2차: 56.1%, 3차: 73.4%
[2025-10-24 08:41:02] INFO: 
[9] 에코프로비엠 (247540) 모니터링 중...
[2025-10-24 08:41:03] INFO:   [현재가] 현재가: 161,700원
[2025-10-24 08:41:03] INFO:   [저가] 저가: 160,400원
[2025-10-24 08:41:03] INFO:   [고가] 고가: 163,000원
[2025-10-24 08:41:03] INFO:   [매수선] 1차: 102,800원, 2차: 92,700원, 3차: 83,600원
[2025-10-24 08:41:03] INFO:   [이격도] 1차: 57.3%, 2차: 74.4%, 3차: 93.4%
[2025-10-24 08:41:03] INFO: 
[10] 삼성SDI (006400) 모니터링 중...
[2025-10-24 08:41:03] INFO:   [현재가] 현재가: 260,500원
[2025-10-24 08:41:03] INFO:   [저가] 저가: 258,000원
[2025-10-24 08:41:03] INFO:   [고가] 고가: 264,000원
[2025-10-24 08:41:03] INFO:   [매수선] 1차: 177,200원, 2차: 159,600원, 3차: 143,800원
[2025-10-24 08:41:03] INFO:   [이격도] 1차: 47.0%, 2차: 63.2%, 3차: 81.2%
[2025-10-24 08:41:03] INFO: 
[11] LG화학 (051910) 모니터링 중...
[2025-10-24 08:41:04] INFO:   [현재가] 현재가: 388,000원
[2025-10-24 08:41:04] INFO:   [저가] 저가: 380,500원
[2025-10-24 08:41:04] INFO:   [고가] 고가: 391,000원
[2025-10-24 08:41:04] INFO:   [매수선] 1차: 244,000원, 2차: 220,500원, 3차: 198,600원
[2025-10-24 08:41:04] INFO:   [이격도] 1차: 59.0%, 2차: 76.0%, 3차: 95.4%
[2025-10-24 08:41:04] INFO: 
[12] 에코프로머티 (450080) 모니터링 중...
[2025-10-24 08:41:05] INFO:   [현재가] 현재가: 66,500원
[2025-10-24 08:41:05] INFO:   [저가] 저가: 66,000원
[2025-10-24 08:41:05] INFO:   [고가] 고가: 67,000원
[2025-10-24 08:41:05] INFO:   [매수선] 1차: 42,900원, 2차: 38,700원, 3차: 34,900원
[2025-10-24 08:41:05] INFO:   [이격도] 1차: 55.0%, 2차: 71.8%, 3차: 90.5%
[2025-10-24 08:41:05] INFO: 
[13] LG에너지솔루션 (373220) 모니터링 중...
[2025-10-24 08:41:05] INFO:   [현재가] 현재가: 452,000원
[2025-10-24 08:41:05] INFO:   [저가] 저가: 446,000원
[2025-10-24 08:41:05] INFO:   [고가] 고가: 453,500원
[2025-10-24 08:41:05] INFO:   [매수선] 1차: 303,500원, 2차: 274,000원, 3차: 247,500원
[2025-10-24 08:41:05] INFO:   [이격도] 1차: 48.9%, 2차: 65.0%, 3차: 82.6%
[2025-10-24 08:41:05] INFO: 
[14] 한국전력 (015760) 모니터링 중...
[2025-10-24 08:41:06] INFO:   [현재가] 현재가: 42,850원
[2025-10-24 08:41:06] INFO:   [저가] 저가: 42,300원
[2025-10-24 08:41:06] INFO:   [고가] 고가: 42,900원
[2025-10-24 08:41:06] INFO:   [매수선] 1차: 30,400원, 2차: 27,450원, 3차: 24,800원
[2025-10-24 08:41:06] INFO:   [이격도] 1차: 41.0%, 2차: 56.1%, 3차: 72.8%
[2025-10-24 08:41:06] INFO: 
[15] 포스코퓨처엠 (003670) 모니터링 중...
[2025-10-24 08:41:06] INFO:   [현재가] 현재가: 206,500원
[2025-10-24 08:41:06] INFO:   [저가] 저가: 203,500원
[2025-10-24 08:41:06] INFO:   [고가] 고가: 207,500원
[2025-10-24 08:41:06] INFO:   [매수선] 1차: 130,200원, 2차: 117,300원, 3차: 105,700원
[2025-10-24 08:41:06] INFO:   [이격도] 1차: 58.6%, 2차: 76.0%, 3차: 95.4%
[2025-10-24 08:41:06] INFO: 
[16] 현대로템 (064350) 모니터링 중...
[2025-10-24 08:41:07] INFO:   [현재가] 현재가: 243,500원
[2025-10-24 08:41:07] INFO:   [저가] 저가: 238,000원
[2025-10-24 08:41:07] INFO:   [고가] 고가: 245,000원
[2025-10-24 08:41:07] INFO:   [매수선] 1차: 172,500원, 2차: 155,400원, 3차: 140,000원
[2025-10-24 08:41:07] INFO:   [이격도] 1차: 41.2%, 2차: 56.7%, 3차: 73.9%
[2025-10-24 08:41:07] INFO: 
[17] 카카오 (035720) 모니터링 중...
[2025-10-24 08:41:07] INFO:   [현재가] 현재가: 59,600원
[2025-10-24 08:41:07] INFO:   [저가] 저가: 59,200원
[2025-10-24 08:41:07] INFO:   [고가] 고가: 59,800원
[2025-10-24 08:41:07] INFO:   [매수선] 1차: 48,150원, 2차: 43,400원, 3차: 39,150원
[2025-10-24 08:41:07] INFO:   [이격도] 1차: 23.8%, 2차: 37.3%, 3차: 52.2%
[2025-10-24 08:41:07] INFO: 
[18] 엘앤에프 (066970) 모니터링 중...
[2025-10-24 08:41:08] INFO:   [현재가] 현재가: 115,200원
[2025-10-24 08:41:08] INFO:   [저가] 저가: 114,300원
[2025-10-24 08:41:08] INFO:   [고가] 고가: 115,900원
[2025-10-24 08:41:08] INFO:   [매수선] 1차: 68,600원, 2차: 61,900원, 3차: 55,900원
[2025-10-24 08:41:08] INFO:   [이격도] 1차: 67.9%, 2차: 86.1%, 3차: 106.1%
[2025-10-24 08:41:08] INFO: 
[19] 두산 (000150) 모니터링 중...
[2025-10-24 08:41:09] INFO:   [현재가] 현재가: 788,000원
[2025-10-24 08:41:09] INFO:   [저가] 저가: 783,000원
[2025-10-24 08:41:09] INFO:   [고가] 고가: 794,000원
[2025-10-24 08:41:09] INFO:   [매수선] 1차: 492,500원, 2차: 444,000원, 3차: 400,500원
[2025-10-24 08:41:09] INFO:   [이격도] 1차: 60.0%, 2차: 77.5%, 3차: 96.8%
[2025-10-24 08:41:09] INFO: 
[20] 한라캐스트 (125490) 모니터링 중...
[2025-10-24 08:41:09] INFO:   [현재가] 현재가: 13,350원
[2025-10-24 08:41:09] INFO:   [저가] 저가: 13,350원
[2025-10-24 08:41:09] INFO:   [고가] 고가: 13,350원
[2025-10-24 08:41:09] INFO:   [매수선] 1차: 7,740원, 2차: 6,980원, 3차: 6,300원
[2025-10-24 08:41:09] INFO:   [이격도] 1차: 72.5%, 2차: 91.3%, 3차: 111.9%
[2025-10-24 08:41:09] INFO: 
[21] 휴림로봇 (090710) 모니터링 중...
[2025-10-24 08:41:10] INFO:   [현재가] 현재가: 6,000원
[2025-10-24 08:41:10] INFO:   [저가] 저가: 6,000원
[2025-10-24 08:41:10] INFO:   [고가] 고가: 6,000원
[2025-10-24 08:41:10] INFO:   [매수선] 1차: 3,230원, 2차: 2,915원, 3차: 2,630원
[2025-10-24 08:41:10] INFO:   [이격도] 1차: 85.8%, 2차: 105.8%, 3차: 128.1%
[2025-10-24 08:41:10] INFO: 
[22] 클로봇 (466100) 모니터링 중...
[2025-10-24 08:41:10] INFO:   [현재가] 현재가: 38,800원
[2025-10-24 08:41:10] INFO:   [저가] 저가: 38,800원
[2025-10-24 08:41:10] INFO:   [고가] 고가: 38,800원
[2025-10-24 08:41:10] INFO:   [매수선] 1차: 28,000원, 2차: 25,250원, 3차: 22,800원
[2025-10-24 08:41:10] INFO:   [이격도] 1차: 38.6%, 2차: 53.7%, 3차: 70.2%
[2025-10-24 08:41:10] INFO: 
[23] 로보티즈 (108490) 모니터링 중...
[2025-10-24 08:41:11] INFO:   [현재가] 현재가: 187,000원
[2025-10-24 08:41:11] INFO:   [저가] 저가: 187,000원
[2025-10-24 08:41:11] INFO:   [고가] 고가: 187,000원
[2025-10-24 08:41:11] INFO:   [매수선] 1차: 137,100원, 2차: 123,500원, 3차: 111,300원
[2025-10-24 08:41:11] INFO:   [이격도] 1차: 36.4%, 2차: 51.4%, 3차: 68.0%
[2025-10-24 08:41:11] INFO: 
[24] 삼성전자우 (005935) 모니터링 중...
[2025-10-24 08:41:11] INFO:   [현재가] 현재가: 76,400원
[2025-10-24 08:41:11] INFO:   [저가] 저가: 76,400원
[2025-10-24 08:41:11] INFO:   [고가] 고가: 76,400원
[2025-10-24 08:41:11] INFO:   [매수선] 1차: 56,600원, 2차: 51,100원, 3차: 46,050원
[2025-10-24 08:41:11] INFO:   [이격도] 1차: 35.0%, 2차: 49.5%, 3차: 65.9%
[2025-10-24 08:41:11] INFO: 
[25] 일동제약 (249420) 모니터링 중...
[2025-10-24 08:41:12] INFO:   [현재가] 현재가: 20,600원
[2025-10-24 08:41:12] INFO:   [저가] 저가: 20,600원
[2025-10-24 08:41:12] INFO:   [고가] 고가: 20,600원
[2025-10-24 08:41:12] INFO:   [매수선] 1차: 20,150원, 2차: 18,150원, 3차: 16,350원
[2025-10-24 08:41:12] INFO:   [이격도] 1차: 2.2%, 2차: 13.5%, 3차: 26.0%
[2025-10-24 08:41:12] INFO: 
[26] 우리기술투자 (041190) 모니터링 중...
[2025-10-24 08:41:13] INFO:   [현재가] 현재가: 8,820원
[2025-10-24 08:41:13] INFO:   [저가] 저가: 8,740원
[2025-10-24 08:41:13] INFO:   [고가] 고가: 8,870원
[2025-10-24 08:41:13] INFO:   [매수선] 1차: 8,180원, 2차: 7,380원, 3차: 6,660원
[2025-10-24 08:41:13] INFO:   [이격도] 1차: 7.8%, 2차: 19.5%, 3차: 32.4%
[2025-10-24 08:41:13] INFO: 
[27] NHN KCP (060250) 모니터링 중...
[2025-10-24 08:41:13] INFO:   [현재가] 현재가: 16,200원
[2025-10-24 08:41:13] INFO:   [저가] 저가: 15,970원
[2025-10-24 08:41:13] INFO:   [고가] 고가: 16,240원
[2025-10-24 08:41:13] INFO:   [매수선] 1차: 13,620원, 2차: 12,270원, 3차: 11,060원
[2025-10-24 08:41:13] INFO:   [이격도] 1차: 18.9%, 2차: 32.0%, 3차: 46.5%
[2025-10-24 08:41:13] INFO: 
[28] 레인보우로보틱스 (277810) 모니터링 중...
[2025-10-24 08:41:14] INFO:   [현재가] 현재가: 336,000원
[2025-10-24 08:41:14] INFO:   [저가] 저가: 334,500원
[2025-10-24 08:41:14] INFO:   [고가] 고가: 343,500원
[2025-10-24 08:41:14] INFO:   [매수선] 1차: 258,000원, 2차: 233,000원, 3차: 210,500원
[2025-10-24 08:41:14] INFO:   [이격도] 1차: 30.2%, 2차: 44.2%, 3차: 59.6%
[2025-10-24 08:41:14] INFO: 
[29] 알테오젠 (196170) 모니터링 중...
[2025-10-24 08:41:14] INFO:   [현재가] 현재가: 454,500원
[2025-10-24 08:41:14] INFO:   [저가] 저가: 453,000원
[2025-10-24 08:41:14] INFO:   [고가] 고가: 458,500원
[2025-10-24 08:41:14] INFO:   [매수선] 1차: 361,500원, 2차: 326,000원, 3차: 294,000원
[2025-10-24 08:41:14] INFO:   [이격도] 1차: 25.7%, 2차: 39.4%, 3차: 54.6%
[2025-10-24 08:41:14] INFO: 
[30] 셀트리온 (068270) 모니터링 중...
[2025-10-24 08:41:15] INFO:   [현재가] 현재가: 173,900원
[2025-10-24 08:41:15] INFO:   [저가] 저가: 172,900원
[2025-10-24 08:41:15] INFO:   [고가] 고가: 174,300원
[2025-10-24 08:41:15] INFO:   [매수선] 1차: 138,700원, 2차: 125,000원, 3차: 112,600원
[2025-10-24 08:41:15] INFO:   [이격도] 1차: 25.4%, 2차: 39.1%, 3차: 54.4%
[2025-10-24 08:41:15] INFO: 
[31] 디앤디파마텍 (347850) 모니터링 중...
[2025-10-24 08:41:15] INFO:   [현재가] 현재가: 169,700원
[2025-10-24 08:41:15] INFO:   [저가] 저가: 169,700원
[2025-10-24 08:41:15] INFO:   [고가] 고가: 169,700원
[2025-10-24 08:41:15] INFO:   [매수선] 1차: 148,200원, 2차: 133,500원, 3차: 120,300원
[2025-10-24 08:41:15] INFO:   [이격도] 1차: 14.5%, 2차: 27.1%, 3차: 41.1%
[2025-10-24 08:41:15] INFO: 
[32] 삼천당제약 (000250) 모니터링 중...
[2025-10-24 08:41:16] INFO:   [현재가] 현재가: 199,700원
[2025-10-24 08:41:16] INFO:   [저가] 저가: 198,600원
[2025-10-24 08:41:16] INFO:   [고가] 고가: 202,500원
[2025-10-24 08:41:16] INFO:   [매수선] 1차: 171,000원, 2차: 154,000원, 3차: 138,700원
[2025-10-24 08:41:16] INFO:   [이격도] 1차: 16.8%, 2차: 29.7%, 3차: 44.0%
[2025-10-24 08:41:16] INFO: 
[33] 다날 (064260) 모니터링 중...
[2025-10-24 08:41:17] INFO:   [현재가] 현재가: 8,990원
[2025-10-24 08:41:17] INFO:   [저가] 저가: 8,990원
[2025-10-24 08:41:17] INFO:   [고가] 고가: 8,990원
[2025-10-24 08:41:17] INFO:   [매수선] 1차: 7,710원, 2차: 6,950원, 3차: 6,270원
[2025-10-24 08:41:17] INFO:   [이격도] 1차: 16.6%, 2차: 29.4%, 3차: 43.4%
[2025-10-24 08:41:17] INFO: 
[34] 로보스타 (090360) 모니터링 중...
[2025-10-24 08:41:17] INFO:   [현재가] 현재가: 67,600원
[2025-10-24 08:41:17] INFO:   [저가] 저가: 67,600원
[2025-10-24 08:41:17] INFO:   [고가] 고가: 67,600원
[2025-10-24 08:41:17] INFO:   [매수선] 1차: 43,950원, 2차: 39,650원, 3차: 35,750원
[2025-10-24 08:41:17] INFO:   [이격도] 1차: 53.8%, 2차: 70.5%, 3차: 89.1%
[2025-10-24 08:41:17] INFO: 
[35] 한국항공우주 (047810) 모니터링 중...
[2025-10-24 08:41:18] INFO:   [현재가] 현재가: 101,400원
[2025-10-24 08:41:18] INFO:   [저가] 저가: 100,500원
[2025-10-24 08:41:18] INFO:   [고가] 고가: 102,000원
[2025-10-24 08:41:18] INFO:   [매수선] 1차: 82,100원, 2차: 74,000원, 3차: 66,700원
[2025-10-24 08:41:18] INFO:   [이격도] 1차: 23.5%, 2차: 37.0%, 3차: 52.0%
[2025-10-24 08:41:18] INFO: 
[36] 지투지바이오 (456160) 모니터링 중...
[2025-10-24 08:41:18] INFO:   [현재가] 현재가: 179,700원
[2025-10-24 08:41:18] INFO:   [저가] 저가: 179,700원
[2025-10-24 08:41:18] INFO:   [고가] 고가: 179,700원
[2025-10-24 08:41:18] INFO:   [매수선] 1차: 155,200원, 2차: 139,800원, 3차: 126,000원
[2025-10-24 08:41:18] INFO:   [이격도] 1차: 15.8%, 2차: 28.5%, 3차: 42.6%
[2025-10-24 08:41:18] INFO: 
[37] 농심 (004370) 모니터링 중...
[2025-10-24 08:41:19] INFO:   [현재가] 현재가: 435,000원
[2025-10-24 08:41:19] INFO:   [저가] 저가: 434,000원
[2025-10-24 08:41:19] INFO:   [고가] 고가: 446,500원
[2025-10-24 08:41:19] INFO:   [매수선] 1차: 347,500원, 2차: 313,500원, 3차: 283,000원
[2025-10-24 08:41:19] INFO:   [이격도] 1차: 25.2%, 2차: 38.8%, 3차: 53.7%
[2025-10-24 08:41:19] INFO: 
[38] SK오션플랜트 (100090) 모니터링 중...
[2025-10-24 08:41:19] INFO:   [현재가] 현재가: 22,350원
[2025-10-24 08:41:19] INFO:   [저가] 저가: 22,350원
[2025-10-24 08:41:19] INFO:   [고가] 고가: 22,350원
[2025-10-24 08:41:19] INFO:   [매수선] 1차: 18,670원, 2차: 16,820원, 3차: 15,150원
[2025-10-24 08:41:19] INFO:   [이격도] 1차: 19.7%, 2차: 32.9%, 3차: 47.5%
[2025-10-24 08:41:19] INFO: 
[39] HJ중공업 (097230) 모니터링 중...
[2025-10-24 08:41:20] INFO:   [현재가] 현재가: 28,350원
[2025-10-24 08:41:20] INFO:   [저가] 저가: 28,350원
[2025-10-24 08:41:20] INFO:   [고가] 고가: 28,350원
[2025-10-24 08:41:20] INFO:   [매수선] 1차: 21,200원, 2차: 19,090원, 3차: 17,200원
[2025-10-24 08:41:20] INFO:   [이격도] 1차: 33.7%, 2차: 48.5%, 3차: 64.8%
[2025-10-24 08:41:20] INFO: 
[40] 세진중공업 (075580) 모니터링 중...
[2025-10-24 08:41:21] INFO:   [현재가] 현재가: 22,500원
[2025-10-24 08:41:21] INFO:   [저가] 저가: 22,500원
[2025-10-24 08:41:21] INFO:   [고가] 고가: 22,500원
[2025-10-24 08:41:21] INFO:   [매수선] 1차: 16,820원, 2차: 15,150원, 3차: 13,650원
[2025-10-24 08:41:21] INFO:   [이격도] 1차: 33.8%, 2차: 48.5%, 3차: 64.8%
[2025-10-24 08:41:21] INFO: 
[41] 엘앤씨바이오 (290650) 모니터링 중...
[2025-10-24 08:41:21] INFO:   [현재가] 현재가: 51,700원
[2025-10-24 08:41:21] INFO:   [저가] 저가: 51,600원
[2025-10-24 08:41:21] INFO:   [고가] 고가: 52,500원
[2025-10-24 08:41:21] INFO:   [매수선] 1차: 41,300원, 2차: 37,250원, 3차: 33,600원
[2025-10-24 08:41:21] INFO:   [이격도] 1차: 25.2%, 2차: 38.8%, 3차: 53.9%
[2025-10-24 08:41:21] INFO: 
[42] 한화엔진 (082740) 모니터링 중...
[2025-10-24 08:41:22] INFO:   [현재가] 현재가: 48,600원
[2025-10-24 08:41:22] INFO:   [저가] 저가: 48,600원
[2025-10-24 08:41:22] INFO:   [고가] 고가: 48,600원
[2025-10-24 08:41:22] INFO:   [매수선] 1차: 36,400원, 2차: 32,850원, 3차: 29,650원
[2025-10-24 08:41:22] INFO:   [이격도] 1차: 33.5%, 2차: 47.9%, 3차: 63.9%
[2025-10-24 08:41:22] INFO: 
[43] 현대힘스 (460930) 모니터링 중...
[2025-10-24 08:41:22] INFO:   [현재가] 현재가: 22,750원
[2025-10-24 08:41:22] INFO:   [저가] 저가: 22,750원
[2025-10-24 08:41:22] INFO:   [고가] 고가: 22,750원
[2025-10-24 08:41:22] INFO:   [매수선] 1차: 19,440원, 2차: 17,510원, 3차: 15,770원
[2025-10-24 08:41:22] INFO:   [이격도] 1차: 17.0%, 2차: 29.9%, 3차: 44.3%
[2025-10-24 08:41:22] INFO: 
[44] HD한국조선해양 (009540) 모니터링 중...
[2025-10-24 08:41:23] INFO:   [현재가] 현재가: 451,000원
[2025-10-24 08:41:23] INFO:   [저가] 저가: 448,500원
[2025-10-24 08:41:23] INFO:   [고가] 고가: 453,000원
[2025-10-24 08:41:23] INFO:   [매수선] 1차: 330,500원, 2차: 298,000원, 3차: 269,000원
[2025-10-24 08:41:23] INFO:   [이격도] 1차: 36.5%, 2차: 51.3%, 3차: 67.7%
[2025-10-24 08:41:23] INFO: 
[45] HD현대미포 (010620) 모니터링 중...
[2025-10-24 08:41:24] INFO:   [현재가] 현재가: 229,500원
[2025-10-24 08:41:24] INFO:   [저가] 저가: 228,000원
[2025-10-24 08:41:24] INFO:   [고가] 고가: 234,000원
[2025-10-24 08:41:24] INFO:   [매수선] 1차: 162,300원, 2차: 146,200원, 3차: 131,700원
[2025-10-24 08:41:24] INFO:   [이격도] 1차: 41.4%, 2차: 57.0%, 3차: 74.3%
[2025-10-24 08:41:24] INFO: 
[46] 삼성중공업 (010140) 모니터링 중...
[2025-10-24 08:41:24] INFO:   [현재가] 현재가: 24,400원
[2025-10-24 08:41:24] INFO:   [저가] 저가: 24,050원
[2025-10-24 08:41:24] INFO:   [고가] 고가: 24,500원
[2025-10-24 08:41:24] INFO:   [매수선] 1차: 17,540원, 2차: 15,800원, 3차: 14,230원
[2025-10-24 08:41:24] INFO:   [이격도] 1차: 39.1%, 2차: 54.4%, 3차: 71.5%
[2025-10-24 08:41:24] INFO: 
[47] 효성중공업 (298040) 모니터링 중...
[2025-10-24 08:41:25] INFO:   [현재가] 현재가: 1,885,000원
[2025-10-24 08:41:25] INFO:   [저가] 저가: 1,832,000원
[2025-10-24 08:41:25] INFO:   [고가] 고가: 1,886,000원
[2025-10-24 08:41:25] INFO:   [매수선] 1차: 1,190,000원, 2차: 1,072,000원, 3차: 966,000원
[2025-10-24 08:41:25] INFO:   [이격도] 1차: 58.4%, 2차: 75.8%, 3차: 95.1%
[2025-10-24 08:41:25] INFO: 
[48] LIG넥스원 (079550) 모니터링 중...
[2025-10-24 08:41:25] INFO:   [현재가] 현재가: 469,000원
[2025-10-24 08:41:25] INFO:   [저가] 저가: 462,500원
[2025-10-24 08:41:25] INFO:   [고가] 고가: 471,000원
[2025-10-24 08:41:25] INFO:   [매수선] 1차: 377,500원, 2차: 340,500원, 3차: 307,000원
[2025-10-24 08:41:25] INFO:   [이격도] 1차: 24.2%, 2차: 37.7%, 3차: 52.8%
[2025-10-24 08:41:25] INFO: 
[49] 에스엔시스 (0008Z0) 모니터링 중...
[2025-10-24 08:41:26] INFO:   [현재가] 현재가: 42,800원
[2025-10-24 08:41:26] INFO:   [저가] 저가: 42,800원
[2025-10-24 08:41:26] INFO:   [고가] 고가: 42,800원
[2025-10-24 08:41:26] INFO:   [매수선] 1차: 32,850원, 2차: 29,650원, 3차: 26,750원
[2025-10-24 08:41:26] INFO:   [이격도] 1차: 30.3%, 2차: 44.4%, 3차: 60.0%
[2025-10-24 08:41:26] INFO: 
[50] 삼양컴텍 (484590) 모니터링 중...
[2025-10-24 08:41:26] INFO:   [현재가] 현재가: 17,230원
[2025-10-24 08:41:26] INFO:   [저가] 저가: 17,230원
[2025-10-24 08:41:26] INFO:   [고가] 고가: 17,230원
[2025-10-24 08:41:26] INFO:   [매수선] 1차: 14,070원, 2차: 12,680원, 3차: 11,430원
[2025-10-24 08:41:26] INFO:   [이격도] 1차: 22.5%, 2차: 35.9%, 3차: 50.7%
[2025-10-24 08:41:26] INFO: 
[51] 에이비엘바이오 (298380) 모니터링 중...
[2025-10-24 08:41:27] INFO:   [현재가] 현재가: 85,600원
[2025-10-24 08:41:27] INFO:   [저가] 저가: 85,000원
[2025-10-24 08:41:27] INFO:   [고가] 고가: 86,400원
[2025-10-24 08:41:27] INFO:   [매수선] 1차: 73,300원, 2차: 66,100원, 3차: 59,600원
[2025-10-24 08:41:27] INFO:   [이격도] 1차: 16.8%, 2차: 29.5%, 3차: 43.6%
[2025-10-24 08:41:27] INFO: 
[52] LG디스플레이 (034220) 모니터링 중...
[2025-10-24 08:41:28] INFO:   [현재가] 현재가: 14,250원
[2025-10-24 08:41:28] INFO:   [저가] 저가: 14,200원
[2025-10-24 08:41:28] INFO:   [고가] 고가: 14,310원
[2025-10-24 08:41:28] INFO:   [매수선] 1차: 11,330원, 2차: 10,210원, 3차: 9,200원
[2025-10-24 08:41:28] INFO:   [이격도] 1차: 25.8%, 2차: 39.6%, 3차: 54.9%
[2025-10-24 08:41:28] INFO: 
[53] 대한조선 (439260) 모니터링 중...
[2025-10-24 08:41:28] INFO:   [현재가] 현재가: 77,400원
[2025-10-24 08:41:28] INFO:   [저가] 저가: 77,400원
[2025-10-24 08:41:28] INFO:   [고가] 고가: 77,400원
[2025-10-24 08:41:28] INFO:   [매수선] 1차: 62,500원, 2차: 56,400원, 3차: 50,900원
[2025-10-24 08:41:28] INFO:   [이격도] 1차: 23.8%, 2차: 37.2%, 3차: 52.1%
[2025-10-24 08:41:28] INFO: 
[54] 에이피알 (278470) 모니터링 중...
[2025-10-24 08:41:29] INFO:   [현재가] 현재가: 247,000원
[2025-10-24 08:41:29] INFO:   [저가] 저가: 244,000원
[2025-10-24 08:41:29] INFO:   [고가] 고가: 248,500원
[2025-10-24 08:41:29] INFO:   [매수선] 1차: 190,300원, 2차: 171,400원, 3차: 154,400원
[2025-10-24 08:41:29] INFO:   [이격도] 1차: 29.8%, 2차: 44.1%, 3차: 60.0%
[2025-10-24 08:41:29] INFO: 
[55] SK바이오팜 (326030) 모니터링 중...
[2025-10-24 08:41:29] INFO:   [현재가] 현재가: 106,800원
[2025-10-24 08:41:29] INFO:   [저가] 저가: 106,600원
[2025-10-24 08:41:29] INFO:   [고가] 고가: 107,300원
[2025-10-24 08:41:29] INFO:   [매수선] 1차: 82,800원, 2차: 74,700원, 3차: 67,400원
[2025-10-24 08:41:29] INFO:   [이격도] 1차: 29.0%, 2차: 43.0%, 3차: 58.5%
[2025-10-24 08:41:29] INFO: 
[56] 한화에어로스페이스 (012450) 모니터링 중...
[2025-10-24 08:41:30] INFO:   [현재가] 현재가: 1,042,000원
[2025-10-24 08:41:30] INFO:   [저가] 저가: 1,038,000원
[2025-10-24 08:41:30] INFO:   [고가] 고가: 1,054,000원
[2025-10-24 08:41:30] INFO:   [매수선] 1차: 805,000원, 2차: 726,000원, 3차: 655,000원
[2025-10-24 08:41:30] INFO:   [이격도] 1차: 29.4%, 2차: 43.5%, 3차: 59.1%
[2025-10-24 08:41:30] INFO: 
[57] 한화시스템 (272210) 모니터링 중...
[2025-10-24 08:41:30] INFO:   [현재가] 현재가: 56,100원
[2025-10-24 08:41:30] INFO:   [저가] 저가: 55,700원
[2025-10-24 08:41:30] INFO:   [고가] 고가: 57,000원
[2025-10-24 08:41:30] INFO:   [매수선] 1차: 44,850원, 2차: 40,450원, 3차: 36,500원
[2025-10-24 08:41:30] INFO:   [이격도] 1차: 25.1%, 2차: 38.7%, 3차: 53.7%
[2025-10-24 08:41:30] INFO: 
[58] 한화솔루션 (009830) 모니터링 중...
[2025-10-24 08:41:31] INFO:   [현재가] 현재가: 30,800원
[2025-10-24 08:41:31] INFO:   [저가] 저가: 30,550원
[2025-10-24 08:41:31] INFO:   [고가] 고가: 30,950원
[2025-10-24 08:41:31] INFO:   [매수선] 1차: 23,100원, 2차: 20,850원, 3차: 18,780원
[2025-10-24 08:41:31] INFO:   [이격도] 1차: 33.3%, 2차: 47.7%, 3차: 64.0%
[2025-10-24 08:41:31] INFO: 
[59] 삼성전기 (009150) 모니터링 중...
[2025-10-24 08:41:32] INFO:   [현재가] 현재가: 222,500원
[2025-10-24 08:41:32] INFO:   [저가] 저가: 221,000원
[2025-10-24 08:41:32] INFO:   [고가] 고가: 225,500원
[2025-10-24 08:41:32] INFO:   [매수선] 1차: 161,100원, 2차: 145,100원, 3차: 130,700원
[2025-10-24 08:41:32] INFO:   [이격도] 1차: 38.1%, 2차: 53.3%, 3차: 70.2%
[2025-10-24 08:41:32] INFO: 
[60] 한화비전 (489790) 모니터링 중...
[2025-10-24 08:41:32] INFO:   [현재가] 현재가: 52,300원
[2025-10-24 08:41:32] INFO:   [저가] 저가: 51,900원
[2025-10-24 08:41:32] INFO:   [고가] 고가: 52,500원
[2025-10-24 08:41:32] INFO:   [매수선] 1차: 42,750원, 2차: 38,550원, 3차: 34,750원
[2025-10-24 08:41:32] INFO:   [이격도] 1차: 22.3%, 2차: 35.7%, 3차: 50.5%
[2025-10-24 08:41:32] INFO: 
[61] HD현대인프라코어 (042670) 모니터링 중...
[2025-10-24 08:41:33] INFO:   [현재가] 현재가: 17,130원
[2025-10-24 08:41:33] INFO:   [저가] 저가: 16,990원
[2025-10-24 08:41:33] INFO:   [고가] 고가: 17,350원
[2025-10-24 08:41:33] INFO:   [매수선] 1차: 12,180원, 2차: 10,980원, 3차: 9,900원
[2025-10-24 08:41:33] INFO:   [이격도] 1차: 40.6%, 2차: 56.0%, 3차: 73.0%
[2025-10-24 08:41:33] INFO: 
[62] 도우인시스 (484120) 모니터링 중...
[2025-10-24 08:41:33] INFO:   [현재가] 현재가: 29,100원
[2025-10-24 08:41:33] INFO:   [저가] 저가: 29,000원
[2025-10-24 08:41:33] INFO:   [고가] 고가: 29,400원
[2025-10-24 08:41:33] INFO:   [매수선] 1차: 23,650원, 2차: 21,350원, 3차: 19,230원
[2025-10-24 08:41:33] INFO:   [이격도] 1차: 23.0%, 2차: 36.3%, 3차: 51.3%
[2025-10-24 08:41:33] INFO: 
[63] KBI동양철관 (008970) 모니터링 중...
[2025-10-24 08:41:34] INFO:   [현재가] 현재가: 2,720원
[2025-10-24 08:41:34] INFO:   [저가] 저가: 2,720원
[2025-10-24 08:41:34] INFO:   [고가] 고가: 2,720원
[2025-10-24 08:41:34] INFO:   [매수선] 1차: 2,045원, 2차: 1,842원, 3차: 1,659원
[2025-10-24 08:41:34] INFO:   [이격도] 1차: 33.0%, 2차: 47.7%, 3차: 64.0%
[2025-10-24 08:41:34] INFO: 
[64] YG PLUS (037270) 모니터링 중...
[2025-10-24 08:41:34] INFO:   [현재가] 현재가: 6,510원
[2025-10-24 08:41:34] INFO:   [저가] 저가: 6,510원
[2025-10-24 08:41:34] INFO:   [고가] 고가: 6,510원
[2025-10-24 08:41:34] INFO:   [매수선] 1차: 5,810원, 2차: 5,240원, 3차: 4,725원
[2025-10-24 08:41:34] INFO:   [이격도] 1차: 12.0%, 2차: 24.2%, 3차: 37.8%
[2025-10-24 08:41:34] INFO: 
[65] 리가켐바이오 (141080) 모니터링 중...
[2025-10-24 08:41:35] INFO:   [현재가] 현재가: 135,300원
[2025-10-24 08:41:35] INFO:   [저가] 저가: 134,200원
[2025-10-24 08:41:35] INFO:   [고가] 고가: 136,500원
[2025-10-24 08:41:35] INFO:   [매수선] 1차: 114,300원, 2차: 103,000원, 3차: 92,800원
[2025-10-24 08:41:35] INFO:   [이격도] 1차: 18.4%, 2차: 31.4%, 3차: 45.8%
[2025-10-24 08:41:35] INFO: 
[66] 쿠콘 (294570) 모니터링 중...
[2025-10-24 08:41:36] INFO:   [현재가] 현재가: 37,450원
[2025-10-24 08:41:36] INFO:   [저가] 저가: 37,050원
[2025-10-24 08:41:36] INFO:   [고가] 고가: 37,600원
[2025-10-24 08:41:36] INFO:   [매수선] 1차: 30,450원, 2차: 27,500원, 3차: 24,800원
[2025-10-24 08:41:36] INFO:   [이격도] 1차: 23.0%, 2차: 36.2%, 3차: 51.0%
[2025-10-24 08:41:36] INFO: 
[67] 파인엠텍 (441270) 모니터링 중...
[2025-10-24 08:41:36] INFO:   [현재가] 현재가: 9,010원
[2025-10-24 08:41:36] INFO:   [저가] 저가: 9,010원
[2025-10-24 08:41:36] INFO:   [고가] 고가: 9,010원
[2025-10-24 08:41:36] INFO:   [매수선] 1차: 8,250원, 2차: 7,440원, 3차: 6,710원
[2025-10-24 08:41:36] INFO:   [이격도] 1차: 9.2%, 2차: 21.1%, 3차: 34.3%
[2025-10-24 08:41:36] INFO: 
[68] SK스퀘어 (402340) 모니터링 중...
[2025-10-24 08:41:37] INFO:   [현재가] 현재가: 257,000원
[2025-10-24 08:41:37] INFO:   [저가] 저가: 253,000원
[2025-10-24 08:41:37] INFO:   [고가] 고가: 259,500원
[2025-10-24 08:41:37] INFO:   [매수선] 1차: 184,200원, 2차: 165,900원, 3차: 149,500원
[2025-10-24 08:41:37] INFO:   [이격도] 1차: 39.5%, 2차: 54.9%, 3차: 71.9%
[2025-10-24 08:41:37] INFO: 
[69] POSCO홀딩스 (005490) 모니터링 중...
[2025-10-24 08:41:37] INFO:   [현재가] 현재가: 312,000원
[2025-10-24 08:41:37] INFO:   [저가] 저가: 307,500원
[2025-10-24 08:41:37] INFO:   [고가] 고가: 314,000원
[2025-10-24 08:41:37] INFO:   [매수선] 1차: 224,000원, 2차: 202,500원, 3차: 182,400원
[2025-10-24 08:41:37] INFO:   [이격도] 1차: 39.3%, 2차: 54.1%, 3차: 71.1%
[2025-10-24 08:41:37] INFO: 
[70] HD현대건설기계 (267270) 모니터링 중...
[2025-10-24 08:41:38] INFO:   [현재가] 현재가: 114,900원
[2025-10-24 08:41:38] INFO:   [저가] 저가: 114,900원
[2025-10-24 08:41:38] INFO:   [고가] 고가: 114,900원
[2025-10-24 08:41:38] INFO:   [매수선] 1차: 76,600원, 2차: 69,100원, 3차: 62,300원
[2025-10-24 08:41:38] INFO:   [이격도] 1차: 50.0%, 2차: 66.3%, 3차: 84.4%
[2025-10-24 08:41:38] INFO: 
[71] 한화 (000880) 모니터링 중...
[2025-10-24 08:41:38] INFO:   [현재가] 현재가: 95,600원
[2025-10-24 08:41:38] INFO:   [저가] 저가: 93,000원
[2025-10-24 08:41:38] INFO:   [고가] 고가: 96,500원
[2025-10-24 08:41:38] INFO:   [매수선] 1차: 68,500원, 2차: 61,800원, 3차: 55,800원
[2025-10-24 08:41:38] INFO:   [이격도] 1차: 39.6%, 2차: 54.7%, 3차: 71.3%
[2025-10-24 08:41:38] INFO: 
[72] SK (034730) 모니터링 중...
[2025-10-24 08:41:39] INFO:   [현재가] 현재가: 233,500원
[2025-10-24 08:41:39] INFO:   [저가] 저가: 231,500원
[2025-10-24 08:41:39] INFO:   [고가] 고가: 234,500원
[2025-10-24 08:41:39] INFO:   [매수선] 1차: 174,200원, 2차: 156,900원, 3차: 141,400원
[2025-10-24 08:41:39] INFO:   [이격도] 1차: 34.0%, 2차: 48.8%, 3차: 65.1%
[2025-10-24 08:41:39] INFO: 
[73] SK이노베이션 (096770) 모니터링 중...
[2025-10-24 08:41:40] INFO:   [현재가] 현재가: 127,900원
[2025-10-24 08:41:40] INFO:   [저가] 저가: 126,000원
[2025-10-24 08:41:40] INFO:   [고가] 고가: 128,400원
[2025-10-24 08:41:40] INFO:   [매수선] 1차: 86,200원, 2차: 77,700원, 3차: 70,100원
[2025-10-24 08:41:40] INFO:   [이격도] 1차: 48.4%, 2차: 64.6%, 3차: 82.5%
[2025-10-24 08:41:40] INFO: 
================================================================================
[2025-10-24 08:41:40] INFO: [OK] 단순화된 모니터링 사이클 완료
[2025-10-24 08:41:40] INFO:   전체 종목: 73개
[2025-10-24 08:41:40] INFO:   체크한 종목: 73개
[2025-10-24 08:41:40] INFO:   전송 알람: 0개
[2025-10-24 08:41:40] INFO: ================================================================================
[2025-10-24 08:41:40] INFO: 
[간격] 60초 후 다음 사이클 실행...
[2025-10-24 08:41:40] INFO:    종료하려면 Ctrl+C를 누르세요.
[2025-10-24 08:42:40] INFO: 
================================================================================
[2025-10-24 08:42:40] INFO: [사이클 6] 2025-10-24 08:42:40
[2025-10-24 08:42:40] INFO: ================================================================================
[2025-10-24 08:42:40] INFO: [OK] Summary 탭에서 73개 종목 로드 (매수선 포함)
[2025-10-24 08:42:40] INFO: 
[1] 삼성전자 (005930) 모니터링 중...
[2025-10-24 08:42:40] INFO:   [현재가] 현재가: 97,900원
[2025-10-24 08:42:40] INFO:   [저가] 저가: 97,200원
[2025-10-24 08:42:40] INFO:   [고가] 고가: 98,300원
[2025-10-24 08:42:40] INFO:   [매수선] 1차: 72,000원, 2차: 64,900원, 3차: 58,600원
[2025-10-24 08:42:40] INFO:   [이격도] 1차: 36.0%, 2차: 50.8%, 3차: 67.1%
[2025-10-24 08:42:40] INFO: 
[2] SK하이닉스 (000660) 모니터링 중...
[2025-10-24 08:42:40] INFO:   [현재가] 현재가: 492,500원
[2025-10-24 08:42:40] INFO:   [저가] 저가: 487,000원
[2025-10-24 08:42:40] INFO:   [고가] 고가: 494,500원
[2025-10-24 08:42:40] INFO:   [매수선] 1차: 323,000원, 2차: 291,500원, 3차: 263,000원
[2025-10-24 08:42:40] INFO:   [이격도] 1차: 52.5%, 2차: 69.0%, 3차: 87.3%
[2025-10-24 08:42:40] INFO: 
[3] 두산에너빌리티 (034020) 모니터링 중...
[2025-10-24 08:42:41] INFO:   [현재가] 현재가: 78,200원
[2025-10-24 08:42:41] INFO:   [저가] 저가: 77,100원
[2025-10-24 08:42:41] INFO:   [고가] 고가: 78,400원
[2025-10-24 08:42:41] INFO:   [매수선] 1차: 56,900원, 2차: 51,400원, 3차: 46,350원
[2025-10-24 08:42:41] INFO:   [이격도] 1차: 37.4%, 2차: 52.1%, 3차: 68.7%
[2025-10-24 08:42:41] INFO: 
[4] NAVER (035420) 모니터링 중...
[2025-10-24 08:42:41] INFO:   [현재가] 현재가: 244,500원
[2025-10-24 08:42:41] INFO:   [저가] 저가: 243,000원
[2025-10-24 08:42:41] INFO:   [고가] 고가: 245,500원
[2025-10-24 08:42:41] INFO:   [매수선] 1차: 201,500원, 2차: 181,500원, 3차: 163,500원
[2025-10-24 08:42:41] INFO:   [이격도] 1차: 21.3%, 2차: 34.7%, 3차: 49.5%
[2025-10-24 08:42:41] INFO: 
[5] 한미반도체 (042700) 모니터링 중...
[2025-10-24 08:42:42] INFO:   [현재가] 현재가: 154,400원
[2025-10-24 08:42:42] INFO:   [저가] 저가: 151,000원
[2025-10-24 08:42:42] INFO:   [고가] 고가: 156,000원
[2025-10-24 08:42:42] INFO:   [매수선] 1차: 94,200원, 2차: 84,900원, 3차: 76,600원
[2025-10-24 08:42:42] INFO:   [이격도] 1차: 63.9%, 2차: 81.9%, 3차: 101.6%
[2025-10-24 08:42:42] INFO: 
[6] 에코프로 (086520) 모니터링 중...
[2025-10-24 08:42:43] INFO:   [현재가] 현재가: 81,500원
[2025-10-24 08:42:43] INFO:   [저가] 저가: 81,500원
[2025-10-24 08:42:43] INFO:   [고가] 고가: 81,500원
[2025-10-24 08:42:43] INFO:   [매수선] 1차: 45,350원, 2차: 40,900원, 3차: 36,900원
[2025-10-24 08:42:43] INFO:   [이격도] 1차: 79.7%, 2차: 99.3%, 3차: 120.9%
[2025-10-24 08:42:43] INFO: 
[7] 한화오션 (042660) 모니터링 중...
[2025-10-24 08:42:43] INFO:   [현재가] 현재가: 134,700원
[2025-10-24 08:42:43] INFO:   [저가] 저가: 132,600원
[2025-10-24 08:42:43] INFO:   [고가] 고가: 136,900원
[2025-10-24 08:42:43] INFO:   [매수선] 1차: 88,900원, 2차: 80,200원, 3차: 72,300원
[2025-10-24 08:42:43] INFO:   [이격도] 1차: 51.5%, 2차: 68.0%, 3차: 86.3%
[2025-10-24 08:42:43] INFO: 
[8] 현대차 (005380) 모니터링 중...
[2025-10-24 08:42:44] INFO:   [현재가] 현재가: 254,500원
[2025-10-24 08:42:44] INFO:   [저가] 저가: 249,500원
[2025-10-24 08:42:44] INFO:   [고가] 고가: 256,000원
[2025-10-24 08:42:44] INFO:   [매수선] 1차: 180,900원, 2차: 163,000원, 3차: 146,800원
[2025-10-24 08:42:44] INFO:   [이격도] 1차: 40.7%, 2차: 56.1%, 3차: 73.4%
[2025-10-24 08:42:44] INFO: 
[9] 에코프로비엠 (247540) 모니터링 중...
[2025-10-24 08:42:44] INFO:   [현재가] 현재가: 161,600원
[2025-10-24 08:42:44] INFO:   [저가] 저가: 160,400원
[2025-10-24 08:42:44] INFO:   [고가] 고가: 163,000원
[2025-10-24 08:42:44] INFO:   [매수선] 1차: 102,800원, 2차: 92,700원, 3차: 83,600원
[2025-10-24 08:42:44] INFO:   [이격도] 1차: 57.2%, 2차: 74.3%, 3차: 93.3%
[2025-10-24 08:42:44] INFO: 
[10] 삼성SDI (006400) 모니터링 중...
[2025-10-24 08:42:45] INFO:   [현재가] 현재가: 261,000원
[2025-10-24 08:42:45] INFO:   [저가] 저가: 258,000원
[2025-10-24 08:42:45] INFO:   [고가] 고가: 264,000원
[2025-10-24 08:42:45] INFO:   [매수선] 1차: 177,200원, 2차: 159,600원, 3차: 143,800원
[2025-10-24 08:42:45] INFO:   [이격도] 1차: 47.3%, 2차: 63.5%, 3차: 81.5%
[2025-10-24 08:42:45] INFO: 
[11] LG화학 (051910) 모니터링 중...
[2025-10-24 08:42:46] INFO:   [현재가] 현재가: 388,000원
[2025-10-24 08:42:46] INFO:   [저가] 저가: 380,500원
[2025-10-24 08:42:46] INFO:   [고가] 고가: 391,000원
[2025-10-24 08:42:46] INFO:   [매수선] 1차: 244,000원, 2차: 220,500원, 3차: 198,600원
[2025-10-24 08:42:46] INFO:   [이격도] 1차: 59.0%, 2차: 76.0%, 3차: 95.4%
[2025-10-24 08:42:46] INFO: 
[12] 에코프로머티 (450080) 모니터링 중...
[2025-10-24 08:42:46] INFO:   [현재가] 현재가: 66,400원
[2025-10-24 08:42:46] INFO:   [저가] 저가: 66,000원
[2025-10-24 08:42:46] INFO:   [고가] 고가: 67,000원
[2025-10-24 08:42:46] INFO:   [매수선] 1차: 42,900원, 2차: 38,700원, 3차: 34,900원
[2025-10-24 08:42:46] INFO:   [이격도] 1차: 54.8%, 2차: 71.6%, 3차: 90.3%
[2025-10-24 08:42:46] INFO: 
[13] LG에너지솔루션 (373220) 모니터링 중...
[2025-10-24 08:42:47] INFO:   [현재가] 현재가: 452,500원
[2025-10-24 08:42:47] INFO:   [저가] 저가: 446,000원
[2025-10-24 08:42:47] INFO:   [고가] 고가: 453,500원
[2025-10-24 08:42:47] INFO:   [매수선] 1차: 303,500원, 2차: 274,000원, 3차: 247,500원
[2025-10-24 08:42:47] INFO:   [이격도] 1차: 49.1%, 2차: 65.1%, 3차: 82.8%
[2025-10-24 08:42:47] INFO: 
[14] 한국전력 (015760) 모니터링 중...
[2025-10-24 08:42:47] INFO:   [현재가] 현재가: 42,850원
[2025-10-24 08:42:47] INFO:   [저가] 저가: 42,300원
[2025-10-24 08:42:47] INFO:   [고가] 고가: 42,900원
[2025-10-24 08:42:47] INFO:   [매수선] 1차: 30,400원, 2차: 27,450원, 3차: 24,800원
[2025-10-24 08:42:47] INFO:   [이격도] 1차: 41.0%, 2차: 56.1%, 3차: 72.8%
[2025-10-24 08:42:47] INFO: 
[15] 포스코퓨처엠 (003670) 모니터링 중...
[2025-10-24 08:42:48] INFO:   [현재가] 현재가: 207,000원
[2025-10-24 08:42:48] INFO:   [저가] 저가: 203,500원
[2025-10-24 08:42:48] INFO:   [고가] 고가: 207,500원
[2025-10-24 08:42:48] INFO:   [매수선] 1차: 130,200원, 2차: 117,300원, 3차: 105,700원
[2025-10-24 08:42:48] INFO:   [이격도] 1차: 59.0%, 2차: 76.5%, 3차: 95.8%
[2025-10-24 08:42:48] INFO: 
[16] 현대로템 (064350) 모니터링 중...
[2025-10-24 08:42:48] INFO:   [현재가] 현재가: 243,500원
[2025-10-24 08:42:48] INFO:   [저가] 저가: 238,000원
[2025-10-24 08:42:48] INFO:   [고가] 고가: 245,000원
[2025-10-24 08:42:48] INFO:   [매수선] 1차: 172,500원, 2차: 155,400원, 3차: 140,000원
[2025-10-24 08:42:48] INFO:   [이격도] 1차: 41.2%, 2차: 56.7%, 3차: 73.9%
[2025-10-24 08:42:48] INFO: 
[17] 카카오 (035720) 모니터링 중...
[2025-10-24 08:42:49] INFO:   [현재가] 현재가: 59,600원
[2025-10-24 08:42:49] INFO:   [저가] 저가: 59,200원
[2025-10-24 08:42:49] INFO:   [고가] 고가: 59,800원
[2025-10-24 08:42:49] INFO:   [매수선] 1차: 48,150원, 2차: 43,400원, 3차: 39,150원
[2025-10-24 08:42:49] INFO:   [이격도] 1차: 23.8%, 2차: 37.3%, 3차: 52.2%
[2025-10-24 08:42:49] INFO: 
[18] 엘앤에프 (066970) 모니터링 중...
[2025-10-24 08:42:49] INFO:   [현재가] 현재가: 114,900원
[2025-10-24 08:42:49] INFO:   [저가] 저가: 114,300원
[2025-10-24 08:42:49] INFO:   [고가] 고가: 115,900원
[2025-10-24 08:42:49] INFO:   [매수선] 1차: 68,600원, 2차: 61,900원, 3차: 55,900원
[2025-10-24 08:42:49] INFO:   [이격도] 1차: 67.5%, 2차: 85.6%, 3차: 105.5%
[2025-10-24 08:42:49] INFO: 
[19] 두산 (000150) 모니터링 중...
[2025-10-24 08:42:50] INFO:   [현재가] 현재가: 786,000원
[2025-10-24 08:42:50] INFO:   [저가] 저가: 783,000원
[2025-10-24 08:42:50] INFO:   [고가] 고가: 794,000원
[2025-10-24 08:42:50] INFO:   [매수선] 1차: 492,500원, 2차: 444,000원, 3차: 400,500원
[2025-10-24 08:42:50] INFO:   [이격도] 1차: 59.6%, 2차: 77.0%, 3차: 96.3%
[2025-10-24 08:42:50] INFO: 
[20] 한라캐스트 (125490) 모니터링 중...
[2025-10-24 08:42:51] INFO:   [현재가] 현재가: 13,350원
[2025-10-24 08:42:51] INFO:   [저가] 저가: 13,350원
[2025-10-24 08:42:51] INFO:   [고가] 고가: 13,350원
[2025-10-24 08:42:51] INFO:   [매수선] 1차: 7,740원, 2차: 6,980원, 3차: 6,300원
[2025-10-24 08:42:51] INFO:   [이격도] 1차: 72.5%, 2차: 91.3%, 3차: 111.9%
[2025-10-24 08:42:51] INFO: 
[21] 휴림로봇 (090710) 모니터링 중...
[2025-10-24 08:42:51] INFO:   [현재가] 현재가: 6,000원
[2025-10-24 08:42:51] INFO:   [저가] 저가: 6,000원
[2025-10-24 08:42:51] INFO:   [고가] 고가: 6,000원
[2025-10-24 08:42:51] INFO:   [매수선] 1차: 3,230원, 2차: 2,915원, 3차: 2,630원
[2025-10-24 08:42:51] INFO:   [이격도] 1차: 85.8%, 2차: 105.8%, 3차: 128.1%
[2025-10-24 08:42:51] INFO: 
[22] 클로봇 (466100) 모니터링 중...
[2025-10-24 08:42:52] INFO:   [현재가] 현재가: 38,800원
[2025-10-24 08:42:52] INFO:   [저가] 저가: 38,800원
[2025-10-24 08:42:52] INFO:   [고가] 고가: 38,800원
[2025-10-24 08:42:52] INFO:   [매수선] 1차: 28,000원, 2차: 25,250원, 3차: 22,800원
[2025-10-24 08:42:52] INFO:   [이격도] 1차: 38.6%, 2차: 53.7%, 3차: 70.2%
[2025-10-24 08:42:52] INFO: 
[23] 로보티즈 (108490) 모니터링 중...
[2025-10-24 08:42:52] INFO:   [현재가] 현재가: 187,000원
[2025-10-24 08:42:52] INFO:   [저가] 저가: 187,000원
[2025-10-24 08:42:52] INFO:   [고가] 고가: 187,000원
[2025-10-24 08:42:52] INFO:   [매수선] 1차: 137,100원, 2차: 123,500원, 3차: 111,300원
[2025-10-24 08:42:52] INFO:   [이격도] 1차: 36.4%, 2차: 51.4%, 3차: 68.0%
[2025-10-24 08:42:52] INFO: 
[24] 삼성전자우 (005935) 모니터링 중...
[2025-10-24 08:42:53] INFO:   [현재가] 현재가: 76,400원
[2025-10-24 08:42:53] INFO:   [저가] 저가: 76,400원
[2025-10-24 08:42:53] INFO:   [고가] 고가: 76,400원
[2025-10-24 08:42:53] INFO:   [매수선] 1차: 56,600원, 2차: 51,100원, 3차: 46,050원
[2025-10-24 08:42:53] INFO:   [이격도] 1차: 35.0%, 2차: 49.5%, 3차: 65.9%
[2025-10-24 08:42:53] INFO: 
[25] 일동제약 (249420) 모니터링 중...
[2025-10-24 08:42:53] INFO:   [현재가] 현재가: 20,600원
[2025-10-24 08:42:53] INFO:   [저가] 저가: 20,600원
[2025-10-24 08:42:53] INFO:   [고가] 고가: 20,600원
[2025-10-24 08:42:53] INFO:   [매수선] 1차: 20,150원, 2차: 18,150원, 3차: 16,350원
[2025-10-24 08:42:53] INFO:   [이격도] 1차: 2.2%, 2차: 13.5%, 3차: 26.0%
[2025-10-24 08:42:53] INFO: 
[26] 우리기술투자 (041190) 모니터링 중...
[2025-10-24 08:42:54] INFO:   [현재가] 현재가: 8,820원
[2025-10-24 08:42:54] INFO:   [저가] 저가: 8,740원
[2025-10-24 08:42:54] INFO:   [고가] 고가: 8,870원
[2025-10-24 08:42:54] INFO:   [매수선] 1차: 8,180원, 2차: 7,380원, 3차: 6,660원
[2025-10-24 08:42:54] INFO:   [이격도] 1차: 7.8%, 2차: 19.5%, 3차: 32.4%
[2025-10-24 08:42:54] INFO: 
[27] NHN KCP (060250) 모니터링 중...
[2025-10-24 08:42:55] INFO:   [현재가] 현재가: 16,200원
[2025-10-24 08:42:55] INFO:   [저가] 저가: 15,970원
[2025-10-24 08:42:55] INFO:   [고가] 고가: 16,240원
[2025-10-24 08:42:55] INFO:   [매수선] 1차: 13,620원, 2차: 12,270원, 3차: 11,060원
[2025-10-24 08:42:55] INFO:   [이격도] 1차: 18.9%, 2차: 32.0%, 3차: 46.5%
[2025-10-24 08:42:55] INFO: 
[28] 레인보우로보틱스 (277810) 모니터링 중...
[2025-10-24 08:42:55] INFO:   [현재가] 현재가: 336,000원
[2025-10-24 08:42:55] INFO:   [저가] 저가: 334,500원
[2025-10-24 08:42:55] INFO:   [고가] 고가: 343,500원
[2025-10-24 08:42:55] INFO:   [매수선] 1차: 258,000원, 2차: 233,000원, 3차: 210,500원
[2025-10-24 08:42:55] INFO:   [이격도] 1차: 30.2%, 2차: 44.2%, 3차: 59.6%
[2025-10-24 08:42:55] INFO: 
[29] 알테오젠 (196170) 모니터링 중...
[2025-10-24 08:42:56] INFO:   [현재가] 현재가: 455,000원
[2025-10-24 08:42:56] INFO:   [저가] 저가: 453,000원
[2025-10-24 08:42:56] INFO:   [고가] 고가: 458,500원
[2025-10-24 08:42:56] INFO:   [매수선] 1차: 361,500원, 2차: 326,000원, 3차: 294,000원
[2025-10-24 08:42:56] INFO:   [이격도] 1차: 25.9%, 2차: 39.6%, 3차: 54.8%
[2025-10-24 08:42:56] INFO: 
[30] 셀트리온 (068270) 모니터링 중...
[2025-10-24 08:42:56] INFO:   [현재가] 현재가: 174,000원
[2025-10-24 08:42:56] INFO:   [저가] 저가: 172,900원
[2025-10-24 08:42:56] INFO:   [고가] 고가: 174,300원
[2025-10-24 08:42:56] INFO:   [매수선] 1차: 138,700원, 2차: 125,000원, 3차: 112,600원
[2025-10-24 08:42:56] INFO:   [이격도] 1차: 25.5%, 2차: 39.2%, 3차: 54.5%
[2025-10-24 08:42:56] INFO: 
[31] 디앤디파마텍 (347850) 모니터링 중...
[2025-10-24 08:42:57] INFO:   [현재가] 현재가: 169,700원
[2025-10-24 08:42:57] INFO:   [저가] 저가: 169,700원
[2025-10-24 08:42:57] INFO:   [고가] 고가: 169,700원
[2025-10-24 08:42:57] INFO:   [매수선] 1차: 148,200원, 2차: 133,500원, 3차: 120,300원
[2025-10-24 08:42:57] INFO:   [이격도] 1차: 14.5%, 2차: 27.1%, 3차: 41.1%
[2025-10-24 08:42:57] INFO: 
[32] 삼천당제약 (000250) 모니터링 중...
[2025-10-24 08:42:58] INFO:   [현재가] 현재가: 199,700원
[2025-10-24 08:42:58] INFO:   [저가] 저가: 198,600원
[2025-10-24 08:42:58] INFO:   [고가] 고가: 202,500원
[2025-10-24 08:42:58] INFO:   [매수선] 1차: 171,000원, 2차: 154,000원, 3차: 138,700원
[2025-10-24 08:42:58] INFO:   [이격도] 1차: 16.8%, 2차: 29.7%, 3차: 44.0%
[2025-10-24 08:42:58] INFO: 
[33] 다날 (064260) 모니터링 중...
[2025-10-24 08:42:58] INFO:   [현재가] 현재가: 8,990원
[2025-10-24 08:42:58] INFO:   [저가] 저가: 8,990원
[2025-10-24 08:42:58] INFO:   [고가] 고가: 8,990원
[2025-10-24 08:42:58] INFO:   [매수선] 1차: 7,710원, 2차: 6,950원, 3차: 6,270원
[2025-10-24 08:42:58] INFO:   [이격도] 1차: 16.6%, 2차: 29.4%, 3차: 43.4%
[2025-10-24 08:42:58] INFO: 
[34] 로보스타 (090360) 모니터링 중...
[2025-10-24 08:42:59] INFO:   [현재가] 현재가: 67,600원
[2025-10-24 08:42:59] INFO:   [저가] 저가: 67,600원
[2025-10-24 08:42:59] INFO:   [고가] 고가: 67,600원
[2025-10-24 08:42:59] INFO:   [매수선] 1차: 43,950원, 2차: 39,650원, 3차: 35,750원
[2025-10-24 08:42:59] INFO:   [이격도] 1차: 53.8%, 2차: 70.5%, 3차: 89.1%
[2025-10-24 08:42:59] INFO: 
[35] 한국항공우주 (047810) 모니터링 중...
[2025-10-24 08:42:59] INFO:   [현재가] 현재가: 101,400원
[2025-10-24 08:42:59] INFO:   [저가] 저가: 100,500원
[2025-10-24 08:42:59] INFO:   [고가] 고가: 102,000원
[2025-10-24 08:42:59] INFO:   [매수선] 1차: 82,100원, 2차: 74,000원, 3차: 66,700원
[2025-10-24 08:42:59] INFO:   [이격도] 1차: 23.5%, 2차: 37.0%, 3차: 52.0%
[2025-10-24 08:42:59] INFO: 
[36] 지투지바이오 (456160) 모니터링 중...
[2025-10-24 08:43:00] INFO:   [현재가] 현재가: 179,700원
[2025-10-24 08:43:00] INFO:   [저가] 저가: 179,700원
[2025-10-24 08:43:00] INFO:   [고가] 고가: 179,700원
[2025-10-24 08:43:00] INFO:   [매수선] 1차: 155,200원, 2차: 139,800원, 3차: 126,000원
[2025-10-24 08:43:00] INFO:   [이격도] 1차: 15.8%, 2차: 28.5%, 3차: 42.6%
[2025-10-24 08:43:00] INFO: 
[37] 농심 (004370) 모니터링 중...
[2025-10-24 08:43:00] INFO:   [현재가] 현재가: 435,000원
[2025-10-24 08:43:00] INFO:   [저가] 저가: 434,000원
[2025-10-24 08:43:00] INFO:   [고가] 고가: 446,500원
[2025-10-24 08:43:00] INFO:   [매수선] 1차: 347,500원, 2차: 313,500원, 3차: 283,000원
[2025-10-24 08:43:00] INFO:   [이격도] 1차: 25.2%, 2차: 38.8%, 3차: 53.7%
[2025-10-24 08:43:00] INFO: 
[38] SK오션플랜트 (100090) 모니터링 중...
[2025-10-24 08:43:01] INFO:   [현재가] 현재가: 22,350원
[2025-10-24 08:43:01] INFO:   [저가] 저가: 22,350원
[2025-10-24 08:43:01] INFO:   [고가] 고가: 22,350원
[2025-10-24 08:43:01] INFO:   [매수선] 1차: 18,670원, 2차: 16,820원, 3차: 15,150원
[2025-10-24 08:43:01] INFO:   [이격도] 1차: 19.7%, 2차: 32.9%, 3차: 47.5%
[2025-10-24 08:43:01] INFO: 
[39] HJ중공업 (097230) 모니터링 중...
[2025-10-24 08:43:02] INFO:   [현재가] 현재가: 28,350원
[2025-10-24 08:43:02] INFO:   [저가] 저가: 28,350원
[2025-10-24 08:43:02] INFO:   [고가] 고가: 28,350원
[2025-10-24 08:43:02] INFO:   [매수선] 1차: 21,200원, 2차: 19,090원, 3차: 17,200원
[2025-10-24 08:43:02] INFO:   [이격도] 1차: 33.7%, 2차: 48.5%, 3차: 64.8%
[2025-10-24 08:43:02] INFO: 
[40] 세진중공업 (075580) 모니터링 중...
[2025-10-24 08:43:02] INFO:   [현재가] 현재가: 22,500원
[2025-10-24 08:43:02] INFO:   [저가] 저가: 22,500원
[2025-10-24 08:43:02] INFO:   [고가] 고가: 22,500원
[2025-10-24 08:43:02] INFO:   [매수선] 1차: 16,820원, 2차: 15,150원, 3차: 13,650원
[2025-10-24 08:43:02] INFO:   [이격도] 1차: 33.8%, 2차: 48.5%, 3차: 64.8%
[2025-10-24 08:43:02] INFO: 
[41] 엘앤씨바이오 (290650) 모니터링 중...
[2025-10-24 08:43:03] INFO:   [현재가] 현재가: 51,700원
[2025-10-24 08:43:03] INFO:   [저가] 저가: 51,600원
[2025-10-24 08:43:03] INFO:   [고가] 고가: 52,500원
[2025-10-24 08:43:03] INFO:   [매수선] 1차: 41,300원, 2차: 37,250원, 3차: 33,600원
[2025-10-24 08:43:03] INFO:   [이격도] 1차: 25.2%, 2차: 38.8%, 3차: 53.9%
[2025-10-24 08:43:03] INFO: 
[42] 한화엔진 (082740) 모니터링 중...
[2025-10-24 08:43:03] INFO:   [현재가] 현재가: 48,600원
[2025-10-24 08:43:03] INFO:   [저가] 저가: 48,600원
[2025-10-24 08:43:03] INFO:   [고가] 고가: 48,600원
[2025-10-24 08:43:03] INFO:   [매수선] 1차: 36,400원, 2차: 32,850원, 3차: 29,650원
[2025-10-24 08:43:03] INFO:   [이격도] 1차: 33.5%, 2차: 47.9%, 3차: 63.9%
[2025-10-24 08:43:03] INFO: 
[43] 현대힘스 (460930) 모니터링 중...
[2025-10-24 08:43:04] INFO:   [현재가] 현재가: 22,750원
[2025-10-24 08:43:04] INFO:   [저가] 저가: 22,750원
[2025-10-24 08:43:04] INFO:   [고가] 고가: 22,750원
[2025-10-24 08:43:04] INFO:   [매수선] 1차: 19,440원, 2차: 17,510원, 3차: 15,770원
[2025-10-24 08:43:04] INFO:   [이격도] 1차: 17.0%, 2차: 29.9%, 3차: 44.3%
[2025-10-24 08:43:04] INFO: 
[44] HD한국조선해양 (009540) 모니터링 중...
[2025-10-24 08:43:04] INFO:   [현재가] 현재가: 451,000원
[2025-10-24 08:43:04] INFO:   [저가] 저가: 448,500원
[2025-10-24 08:43:04] INFO:   [고가] 고가: 453,000원
[2025-10-24 08:43:04] INFO:   [매수선] 1차: 330,500원, 2차: 298,000원, 3차: 269,000원
[2025-10-24 08:43:04] INFO:   [이격도] 1차: 36.5%, 2차: 51.3%, 3차: 67.7%
[2025-10-24 08:43:04] INFO: 
[45] HD현대미포 (010620) 모니터링 중...
[2025-10-24 08:43:05] INFO:   [현재가] 현재가: 230,000원
[2025-10-24 08:43:05] INFO:   [저가] 저가: 228,000원
[2025-10-24 08:43:05] INFO:   [고가] 고가: 234,000원
[2025-10-24 08:43:05] INFO:   [매수선] 1차: 162,300원, 2차: 146,200원, 3차: 131,700원
[2025-10-24 08:43:05] INFO:   [이격도] 1차: 41.7%, 2차: 57.3%, 3차: 74.6%
[2025-10-24 08:43:05] INFO: 
[46] 삼성중공업 (010140) 모니터링 중...
[2025-10-24 08:43:05] INFO:   [현재가] 현재가: 24,400원
[2025-10-24 08:43:05] INFO:   [저가] 저가: 24,050원
[2025-10-24 08:43:05] INFO:   [고가] 고가: 24,500원
[2025-10-24 08:43:05] INFO:   [매수선] 1차: 17,540원, 2차: 15,800원, 3차: 14,230원
[2025-10-24 08:43:05] INFO:   [이격도] 1차: 39.1%, 2차: 54.4%, 3차: 71.5%
[2025-10-24 08:43:05] INFO: 
[47] 효성중공업 (298040) 모니터링 중...
[2025-10-24 08:43:06] INFO:   [현재가] 현재가: 1,882,000원
[2025-10-24 08:43:06] INFO:   [저가] 저가: 1,832,000원
[2025-10-24 08:43:06] INFO:   [고가] 고가: 1,886,000원
[2025-10-24 08:43:06] INFO:   [매수선] 1차: 1,190,000원, 2차: 1,072,000원, 3차: 966,000원
[2025-10-24 08:43:06] INFO:   [이격도] 1차: 58.2%, 2차: 75.6%, 3차: 94.8%
[2025-10-24 08:43:06] INFO: 
[48] LIG넥스원 (079550) 모니터링 중...
[2025-10-24 08:43:07] INFO:   [현재가] 현재가: 469,500원
[2025-10-24 08:43:07] INFO:   [저가] 저가: 462,500원
[2025-10-24 08:43:07] INFO:   [고가] 고가: 471,000원
[2025-10-24 08:43:07] INFO:   [매수선] 1차: 377,500원, 2차: 340,500원, 3차: 307,000원
[2025-10-24 08:43:07] INFO:   [이격도] 1차: 24.4%, 2차: 37.9%, 3차: 52.9%
[2025-10-24 08:43:07] INFO: 
[49] 에스엔시스 (0008Z0) 모니터링 중...
[2025-10-24 08:43:07] INFO:   [현재가] 현재가: 42,800원
[2025-10-24 08:43:07] INFO:   [저가] 저가: 42,800원
[2025-10-24 08:43:07] INFO:   [고가] 고가: 42,800원
[2025-10-24 08:43:07] INFO:   [매수선] 1차: 32,850원, 2차: 29,650원, 3차: 26,750원
[2025-10-24 08:43:07] INFO:   [이격도] 1차: 30.3%, 2차: 44.4%, 3차: 60.0%
[2025-10-24 08:43:07] INFO: 
[50] 삼양컴텍 (484590) 모니터링 중...
[2025-10-24 08:43:08] INFO:   [현재가] 현재가: 17,230원
[2025-10-24 08:43:08] INFO:   [저가] 저가: 17,230원
[2025-10-24 08:43:08] INFO:   [고가] 고가: 17,230원
[2025-10-24 08:43:08] INFO:   [매수선] 1차: 14,070원, 2차: 12,680원, 3차: 11,430원
[2025-10-24 08:43:08] INFO:   [이격도] 1차: 22.5%, 2차: 35.9%, 3차: 50.7%
[2025-10-24 08:43:08] INFO: 
[51] 에이비엘바이오 (298380) 모니터링 중...
[2025-10-24 08:43:08] INFO:   [현재가] 현재가: 85,700원
[2025-10-24 08:43:08] INFO:   [저가] 저가: 85,000원
[2025-10-24 08:43:08] INFO:   [고가] 고가: 86,400원
[2025-10-24 08:43:08] INFO:   [매수선] 1차: 73,300원, 2차: 66,100원, 3차: 59,600원
[2025-10-24 08:43:08] INFO:   [이격도] 1차: 16.9%, 2차: 29.7%, 3차: 43.8%
[2025-10-24 08:43:08] INFO: 
[52] LG디스플레이 (034220) 모니터링 중...
[2025-10-24 08:43:09] INFO:   [현재가] 현재가: 14,260원
[2025-10-24 08:43:09] INFO:   [저가] 저가: 14,200원
[2025-10-24 08:43:09] INFO:   [고가] 고가: 14,310원
[2025-10-24 08:43:09] INFO:   [매수선] 1차: 11,330원, 2차: 10,210원, 3차: 9,200원
[2025-10-24 08:43:09] INFO:   [이격도] 1차: 25.9%, 2차: 39.7%, 3차: 55.0%
[2025-10-24 08:43:09] INFO: 
[53] 대한조선 (439260) 모니터링 중...
[2025-10-24 08:43:10] INFO:   [현재가] 현재가: 77,400원
[2025-10-24 08:43:10] INFO:   [저가] 저가: 77,400원
[2025-10-24 08:43:10] INFO:   [고가] 고가: 77,400원
[2025-10-24 08:43:10] INFO:   [매수선] 1차: 62,500원, 2차: 56,400원, 3차: 50,900원
[2025-10-24 08:43:10] INFO:   [이격도] 1차: 23.8%, 2차: 37.2%, 3차: 52.1%
[2025-10-24 08:43:10] INFO: 
[54] 에이피알 (278470) 모니터링 중...
[2025-10-24 08:43:10] INFO:   [현재가] 현재가: 246,500원
[2025-10-24 08:43:10] INFO:   [저가] 저가: 244,000원
[2025-10-24 08:43:10] INFO:   [고가] 고가: 248,500원
[2025-10-24 08:43:10] INFO:   [매수선] 1차: 190,300원, 2차: 171,400원, 3차: 154,400원
[2025-10-24 08:43:10] INFO:   [이격도] 1차: 29.5%, 2차: 43.8%, 3차: 59.7%
[2025-10-24 08:43:10] INFO: 
[55] SK바이오팜 (326030) 모니터링 중...
[2025-10-24 08:43:11] INFO:   [현재가] 현재가: 106,900원
[2025-10-24 08:43:11] INFO:   [저가] 저가: 106,600원
[2025-10-24 08:43:11] INFO:   [고가] 고가: 107,300원
[2025-10-24 08:43:11] INFO:   [매수선] 1차: 82,800원, 2차: 74,700원, 3차: 67,400원
[2025-10-24 08:43:11] INFO:   [이격도] 1차: 29.1%, 2차: 43.1%, 3차: 58.6%
[2025-10-24 08:43:11] INFO: 
[56] 한화에어로스페이스 (012450) 모니터링 중...
[2025-10-24 08:43:11] INFO:   [현재가] 현재가: 1,043,000원
[2025-10-24 08:43:11] INFO:   [저가] 저가: 1,038,000원
[2025-10-24 08:43:11] INFO:   [고가] 고가: 1,054,000원
[2025-10-24 08:43:11] INFO:   [매수선] 1차: 805,000원, 2차: 726,000원, 3차: 655,000원
[2025-10-24 08:43:11] INFO:   [이격도] 1차: 29.6%, 2차: 43.7%, 3차: 59.2%
[2025-10-24 08:43:11] INFO: 
[57] 한화시스템 (272210) 모니터링 중...
[2025-10-24 08:43:12] INFO:   [현재가] 현재가: 56,100원
[2025-10-24 08:43:12] INFO:   [저가] 저가: 55,700원
[2025-10-24 08:43:12] INFO:   [고가] 고가: 57,000원
[2025-10-24 08:43:12] INFO:   [매수선] 1차: 44,850원, 2차: 40,450원, 3차: 36,500원
[2025-10-24 08:43:12] INFO:   [이격도] 1차: 25.1%, 2차: 38.7%, 3차: 53.7%
[2025-10-24 08:43:12] INFO: 
[58] 한화솔루션 (009830) 모니터링 중...
[2025-10-24 08:43:12] INFO:   [현재가] 현재가: 30,800원
[2025-10-24 08:43:12] INFO:   [저가] 저가: 30,550원
[2025-10-24 08:43:12] INFO:   [고가] 고가: 30,950원
[2025-10-24 08:43:12] INFO:   [매수선] 1차: 23,100원, 2차: 20,850원, 3차: 18,780원
[2025-10-24 08:43:12] INFO:   [이격도] 1차: 33.3%, 2차: 47.7%, 3차: 64.0%
[2025-10-24 08:43:12] INFO: 
[59] 삼성전기 (009150) 모니터링 중...
[2025-10-24 08:43:13] INFO:   [현재가] 현재가: 223,000원
[2025-10-24 08:43:13] INFO:   [저가] 저가: 221,000원
[2025-10-24 08:43:13] INFO:   [고가] 고가: 225,500원
[2025-10-24 08:43:13] INFO:   [매수선] 1차: 161,100원, 2차: 145,100원, 3차: 130,700원
[2025-10-24 08:43:13] INFO:   [이격도] 1차: 38.4%, 2차: 53.7%, 3차: 70.6%
[2025-10-24 08:43:13] INFO: 
[60] 한화비전 (489790) 모니터링 중...
[2025-10-24 08:43:14] INFO:   [현재가] 현재가: 52,300원
[2025-10-24 08:43:14] INFO:   [저가] 저가: 51,900원
[2025-10-24 08:43:14] INFO:   [고가] 고가: 52,500원
[2025-10-24 08:43:14] INFO:   [매수선] 1차: 42,750원, 2차: 38,550원, 3차: 34,750원
[2025-10-24 08:43:14] INFO:   [이격도] 1차: 22.3%, 2차: 35.7%, 3차: 50.5%
[2025-10-24 08:43:14] INFO: 
[61] HD현대인프라코어 (042670) 모니터링 중...
[2025-10-24 08:43:14] INFO:   [현재가] 현재가: 17,130원
[2025-10-24 08:43:14] INFO:   [저가] 저가: 16,990원
[2025-10-24 08:43:14] INFO:   [고가] 고가: 17,350원
[2025-10-24 08:43:14] INFO:   [매수선] 1차: 12,180원, 2차: 10,980원, 3차: 9,900원
[2025-10-24 08:43:14] INFO:   [이격도] 1차: 40.6%, 2차: 56.0%, 3차: 73.0%
[2025-10-24 08:43:14] INFO: 
[62] 도우인시스 (484120) 모니터링 중...
[2025-10-24 08:43:15] INFO:   [현재가] 현재가: 29,100원
[2025-10-24 08:43:15] INFO:   [저가] 저가: 29,000원
[2025-10-24 08:43:15] INFO:   [고가] 고가: 29,400원
[2025-10-24 08:43:15] INFO:   [매수선] 1차: 23,650원, 2차: 21,350원, 3차: 19,230원
[2025-10-24 08:43:15] INFO:   [이격도] 1차: 23.0%, 2차: 36.3%, 3차: 51.3%
[2025-10-24 08:43:15] INFO: 
[63] KBI동양철관 (008970) 모니터링 중...
[2025-10-24 08:43:15] INFO:   [현재가] 현재가: 2,720원
[2025-10-24 08:43:15] INFO:   [저가] 저가: 2,720원
[2025-10-24 08:43:15] INFO:   [고가] 고가: 2,720원
[2025-10-24 08:43:15] INFO:   [매수선] 1차: 2,045원, 2차: 1,842원, 3차: 1,659원
[2025-10-24 08:43:15] INFO:   [이격도] 1차: 33.0%, 2차: 47.7%, 3차: 64.0%
[2025-10-24 08:43:15] INFO: 
[64] YG PLUS (037270) 모니터링 중...
[2025-10-24 08:43:16] INFO:   [현재가] 현재가: 6,510원
[2025-10-24 08:43:16] INFO:   [저가] 저가: 6,510원
[2025-10-24 08:43:16] INFO:   [고가] 고가: 6,510원
[2025-10-24 08:43:16] INFO:   [매수선] 1차: 5,810원, 2차: 5,240원, 3차: 4,725원
[2025-10-24 08:43:16] INFO:   [이격도] 1차: 12.0%, 2차: 24.2%, 3차: 37.8%
[2025-10-24 08:43:16] INFO: 
[65] 리가켐바이오 (141080) 모니터링 중...
[2025-10-24 08:43:16] INFO:   [현재가] 현재가: 135,400원
[2025-10-24 08:43:16] INFO:   [저가] 저가: 134,200원
[2025-10-24 08:43:16] INFO:   [고가] 고가: 136,500원
[2025-10-24 08:43:16] INFO:   [매수선] 1차: 114,300원, 2차: 103,000원, 3차: 92,800원
[2025-10-24 08:43:16] INFO:   [이격도] 1차: 18.5%, 2차: 31.5%, 3차: 45.9%
[2025-10-24 08:43:16] INFO: 
[66] 쿠콘 (294570) 모니터링 중...
[2025-10-24 08:43:17] INFO:   [현재가] 현재가: 37,450원
[2025-10-24 08:43:17] INFO:   [저가] 저가: 37,050원
[2025-10-24 08:43:17] INFO:   [고가] 고가: 37,600원
[2025-10-24 08:43:17] INFO:   [매수선] 1차: 30,450원, 2차: 27,500원, 3차: 24,800원
[2025-10-24 08:43:17] INFO:   [이격도] 1차: 23.0%, 2차: 36.2%, 3차: 51.0%
[2025-10-24 08:43:17] INFO: 
[67] 파인엠텍 (441270) 모니터링 중...
[2025-10-24 08:43:18] INFO:   [현재가] 현재가: 9,010원
[2025-10-24 08:43:18] INFO:   [저가] 저가: 9,010원
[2025-10-24 08:43:18] INFO:   [고가] 고가: 9,010원
[2025-10-24 08:43:18] INFO:   [매수선] 1차: 8,250원, 2차: 7,440원, 3차: 6,710원
[2025-10-24 08:43:18] INFO:   [이격도] 1차: 9.2%, 2차: 21.1%, 3차: 34.3%
[2025-10-24 08:43:18] INFO: 
[68] SK스퀘어 (402340) 모니터링 중...
[2025-10-24 08:43:18] INFO:   [현재가] 현재가: 257,000원
[2025-10-24 08:43:18] INFO:   [저가] 저가: 253,000원
[2025-10-24 08:43:18] INFO:   [고가] 고가: 259,500원
[2025-10-24 08:43:18] INFO:   [매수선] 1차: 184,200원, 2차: 165,900원, 3차: 149,500원
[2025-10-24 08:43:18] INFO:   [이격도] 1차: 39.5%, 2차: 54.9%, 3차: 71.9%
[2025-10-24 08:43:18] INFO: 
[69] POSCO홀딩스 (005490) 모니터링 중...
[2025-10-24 08:43:19] INFO:   [현재가] 현재가: 311,500원
[2025-10-24 08:43:19] INFO:   [저가] 저가: 307,500원
[2025-10-24 08:43:19] INFO:   [고가] 고가: 314,000원
[2025-10-24 08:43:19] INFO:   [매수선] 1차: 224,000원, 2차: 202,500원, 3차: 182,400원
[2025-10-24 08:43:19] INFO:   [이격도] 1차: 39.1%, 2차: 53.8%, 3차: 70.8%
[2025-10-24 08:43:19] INFO: 
[70] HD현대건설기계 (267270) 모니터링 중...
[2025-10-24 08:43:19] INFO:   [현재가] 현재가: 114,900원
[2025-10-24 08:43:19] INFO:   [저가] 저가: 114,900원
[2025-10-24 08:43:19] INFO:   [고가] 고가: 114,900원
[2025-10-24 08:43:19] INFO:   [매수선] 1차: 76,600원, 2차: 69,100원, 3차: 62,300원
[2025-10-24 08:43:19] INFO:   [이격도] 1차: 50.0%, 2차: 66.3%, 3차: 84.4%
[2025-10-24 08:43:19] INFO: 
[71] 한화 (000880) 모니터링 중...
[2025-10-24 08:43:20] INFO:   [현재가] 현재가: 95,600원
[2025-10-24 08:43:20] INFO:   [저가] 저가: 93,000원
[2025-10-24 08:43:20] INFO:   [고가] 고가: 96,500원
[2025-10-24 08:43:20] INFO:   [매수선] 1차: 68,500원, 2차: 61,800원, 3차: 55,800원
[2025-10-24 08:43:20] INFO:   [이격도] 1차: 39.6%, 2차: 54.7%, 3차: 71.3%
[2025-10-24 08:43:20] INFO: 
[72] SK (034730) 모니터링 중...
[2025-10-24 08:43:20] INFO:   [현재가] 현재가: 232,500원
[2025-10-24 08:43:20] INFO:   [저가] 저가: 231,500원
[2025-10-24 08:43:20] INFO:   [고가] 고가: 234,500원
[2025-10-24 08:43:20] INFO:   [매수선] 1차: 174,200원, 2차: 156,900원, 3차: 141,400원
[2025-10-24 08:43:20] INFO:   [이격도] 1차: 33.5%, 2차: 48.2%, 3차: 64.4%
[2025-10-24 08:43:20] INFO: 
[73] SK이노베이션 (096770) 모니터링 중...
[2025-10-24 08:43:21] INFO:   [현재가] 현재가: 127,900원
[2025-10-24 08:43:21] INFO:   [저가] 저가: 126,000원
[2025-10-24 08:43:21] INFO:   [고가] 고가: 128,400원
[2025-10-24 08:43:21] INFO:   [매수선] 1차: 86,200원, 2차: 77,700원, 3차: 70,100원
[2025-10-24 08:43:21] INFO:   [이격도] 1차: 48.4%, 2차: 64.6%, 3차: 82.5%
[2025-10-24 08:43:21] INFO: 
================================================================================
[2025-10-24 08:43:21] INFO: [OK] 단순화된 모니터링 사이클 완료
[2025-10-24 08:43:21] INFO:   전체 종목: 73개
[2025-10-24 08:43:21] INFO:   체크한 종목: 73개
[2025-10-24 08:43:21] INFO:   전송 알람: 0개
[2025-10-24 08:43:21] INFO: ================================================================================
[2025-10-24 08:43:21] INFO: 
[간격] 60초 후 다음 사이클 실행...
[2025-10-24 08:43:21] INFO:    종료하려면 Ctrl+C를 누르세요.
[2025-10-24 08:44:21] INFO: 
================================================================================
[2025-10-24 08:44:21] INFO: [사이클 7] 2025-10-24 08:44:21
[2025-10-24 08:44:21] INFO: ================================================================================
[2025-10-24 08:44:21] INFO: [OK] Summary 탭에서 73개 종목 로드 (매수선 포함)
[2025-10-24 08:44:21] INFO: 
[1] 삼성전자 (005930) 모니터링 중...
[2025-10-24 08:44:21] INFO:   [현재가] 현재가: 97,900원
[2025-10-24 08:44:21] INFO:   [저가] 저가: 97,200원
[2025-10-24 08:44:21] INFO:   [고가] 고가: 98,300원
[2025-10-24 08:44:21] INFO:   [매수선] 1차: 72,000원, 2차: 64,900원, 3차: 58,600원
[2025-10-24 08:44:21] INFO:   [이격도] 1차: 36.0%, 2차: 50.8%, 3차: 67.1%
[2025-10-24 08:44:21] INFO: 
[2] SK하이닉스 (000660) 모니터링 중...
[2025-10-24 08:44:22] INFO:   [현재가] 현재가: 493,000원
[2025-10-24 08:44:22] INFO:   [저가] 저가: 487,000원
[2025-10-24 08:44:22] INFO:   [고가] 고가: 494,500원
[2025-10-24 08:44:22] INFO:   [매수선] 1차: 323,000원, 2차: 291,500원, 3차: 263,000원
[2025-10-24 08:44:22] INFO:   [이격도] 1차: 52.6%, 2차: 69.1%, 3차: 87.5%
[2025-10-24 08:44:22] INFO: 
[3] 두산에너빌리티 (034020) 모니터링 중...
[2025-10-24 08:44:22] INFO:   [현재가] 현재가: 78,000원
[2025-10-24 08:44:22] INFO:   [저가] 저가: 77,100원
[2025-10-24 08:44:22] INFO:   [고가] 고가: 78,400원
[2025-10-24 08:44:22] INFO:   [매수선] 1차: 56,900원, 2차: 51,400원, 3차: 46,350원
[2025-10-24 08:44:22] INFO:   [이격도] 1차: 37.1%, 2차: 51.8%, 3차: 68.3%
[2025-10-24 08:44:22] INFO: 
[4] NAVER (035420) 모니터링 중...
[2025-10-24 08:44:23] INFO:   [현재가] 현재가: 245,000원
[2025-10-24 08:44:23] INFO:   [저가] 저가: 243,000원
[2025-10-24 08:44:23] INFO:   [고가] 고가: 245,500원
[2025-10-24 08:44:23] INFO:   [매수선] 1차: 201,500원, 2차: 181,500원, 3차: 163,500원
[2025-10-24 08:44:23] INFO:   [이격도] 1차: 21.6%, 2차: 35.0%, 3차: 49.8%
[2025-10-24 08:44:23] INFO: 
[5] 한미반도체 (042700) 모니터링 중...
[2025-10-24 08:44:24] INFO:   [현재가] 현재가: 154,800원
[2025-10-24 08:44:24] INFO:   [저가] 저가: 151,000원
[2025-10-24 08:44:24] INFO:   [고가] 고가: 156,000원
[2025-10-24 08:44:24] INFO:   [매수선] 1차: 94,200원, 2차: 84,900원, 3차: 76,600원
[2025-10-24 08:44:24] INFO:   [이격도] 1차: 64.3%, 2차: 82.3%, 3차: 102.1%
[2025-10-24 08:44:24] INFO: 
[6] 에코프로 (086520) 모니터링 중...
[2025-10-24 08:44:25] INFO:   [현재가] 현재가: 81,500원
[2025-10-24 08:44:25] INFO:   [저가] 저가: 81,500원
[2025-10-24 08:44:25] INFO:   [고가] 고가: 81,500원
[2025-10-24 08:44:25] INFO:   [매수선] 1차: 45,350원, 2차: 40,900원, 3차: 36,900원
[2025-10-24 08:44:25] INFO:   [이격도] 1차: 79.7%, 2차: 99.3%, 3차: 120.9%
[2025-10-24 08:44:25] INFO: 
[7] 한화오션 (042660) 모니터링 중...
[2025-10-24 08:44:25] INFO:   [현재가] 현재가: 134,600원
[2025-10-24 08:44:25] INFO:   [저가] 저가: 132,600원
[2025-10-24 08:44:25] INFO:   [고가] 고가: 136,900원
[2025-10-24 08:44:25] INFO:   [매수선] 1차: 88,900원, 2차: 80,200원, 3차: 72,300원
[2025-10-24 08:44:25] INFO:   [이격도] 1차: 51.4%, 2차: 67.8%, 3차: 86.2%
[2025-10-24 08:44:25] INFO: 
[8] 현대차 (005380) 모니터링 중...
[2025-10-24 08:44:26] INFO:   [현재가] 현재가: 254,500원
[2025-10-24 08:44:26] INFO:   [저가] 저가: 249,500원
[2025-10-24 08:44:26] INFO:   [고가] 고가: 256,000원
[2025-10-24 08:44:26] INFO:   [매수선] 1차: 180,900원, 2차: 163,000원, 3차: 146,800원
[2025-10-24 08:44:26] INFO:   [이격도] 1차: 40.7%, 2차: 56.1%, 3차: 73.4%
[2025-10-24 08:44:26] INFO: 
[9] 에코프로비엠 (247540) 모니터링 중...
[2025-10-24 08:44:27] INFO:   [현재가] 현재가: 161,600원
[2025-10-24 08:44:27] INFO:   [저가] 저가: 160,400원
[2025-10-24 08:44:27] INFO:   [고가] 고가: 163,000원
[2025-10-24 08:44:27] INFO:   [매수선] 1차: 102,800원, 2차: 92,700원, 3차: 83,600원
[2025-10-24 08:44:27] INFO:   [이격도] 1차: 57.2%, 2차: 74.3%, 3차: 93.3%
[2025-10-24 08:44:27] INFO: 
[10] 삼성SDI (006400) 모니터링 중...
[2025-10-24 08:44:27] INFO:   [현재가] 현재가: 260,500원
[2025-10-24 08:44:27] INFO:   [저가] 저가: 258,000원
[2025-10-24 08:44:27] INFO:   [고가] 고가: 264,000원
[2025-10-24 08:44:27] INFO:   [매수선] 1차: 177,200원, 2차: 159,600원, 3차: 143,800원
[2025-10-24 08:44:27] INFO:   [이격도] 1차: 47.0%, 2차: 63.2%, 3차: 81.2%
[2025-10-24 08:44:27] INFO: 
[11] LG화학 (051910) 모니터링 중...
[2025-10-24 08:44:28] INFO:   [현재가] 현재가: 387,500원
[2025-10-24 08:44:28] INFO:   [저가] 저가: 380,500원
[2025-10-24 08:44:28] INFO:   [고가] 고가: 391,000원
[2025-10-24 08:44:28] INFO:   [매수선] 1차: 244,000원, 2차: 220,500원, 3차: 198,600원
[2025-10-24 08:44:28] INFO:   [이격도] 1차: 58.8%, 2차: 75.7%, 3차: 95.1%
[2025-10-24 08:44:28] INFO: 
[12] 에코프로머티 (450080) 모니터링 중...
[2025-10-24 08:44:28] INFO:   [현재가] 현재가: 66,400원
[2025-10-24 08:44:28] INFO:   [저가] 저가: 66,000원
[2025-10-24 08:44:28] INFO:   [고가] 고가: 67,000원
[2025-10-24 08:44:28] INFO:   [매수선] 1차: 42,900원, 2차: 38,700원, 3차: 34,900원
[2025-10-24 08:44:28] INFO:   [이격도] 1차: 54.8%, 2차: 71.6%, 3차: 90.3%
[2025-10-24 08:44:28] INFO: 
[13] LG에너지솔루션 (373220) 모니터링 중...
[2025-10-24 08:44:29] INFO:   [현재가] 현재가: 451,500원
[2025-10-24 08:44:29] INFO:   [저가] 저가: 446,000원
[2025-10-24 08:44:29] INFO:   [고가] 고가: 453,500원
[2025-10-24 08:44:29] INFO:   [매수선] 1차: 303,500원, 2차: 274,000원, 3차: 247,500원
[2025-10-24 08:44:29] INFO:   [이격도] 1차: 48.8%, 2차: 64.8%, 3차: 82.4%
[2025-10-24 08:44:29] INFO: 
[14] 한국전력 (015760) 모니터링 중...
[2025-10-24 08:44:30] INFO:   [현재가] 현재가: 42,800원
[2025-10-24 08:44:30] INFO:   [저가] 저가: 42,300원
[2025-10-24 08:44:30] INFO:   [고가] 고가: 42,900원
[2025-10-24 08:44:30] INFO:   [매수선] 1차: 30,400원, 2차: 27,450원, 3차: 24,800원
[2025-10-24 08:44:30] INFO:   [이격도] 1차: 40.8%, 2차: 55.9%, 3차: 72.6%
[2025-10-24 08:44:30] INFO: 
[15] 포스코퓨처엠 (003670) 모니터링 중...
[2025-10-24 08:44:30] INFO:   [현재가] 현재가: 206,500원
[2025-10-24 08:44:30] INFO:   [저가] 저가: 203,500원
[2025-10-24 08:44:30] INFO:   [고가] 고가: 207,500원
[2025-10-24 08:44:30] INFO:   [매수선] 1차: 130,200원, 2차: 117,300원, 3차: 105,700원
[2025-10-24 08:44:30] INFO:   [이격도] 1차: 58.6%, 2차: 76.0%, 3차: 95.4%
[2025-10-24 08:44:30] INFO: 
[16] 현대로템 (064350) 모니터링 중...
[2025-10-24 08:44:31] INFO:   [현재가] 현재가: 244,000원
[2025-10-24 08:44:31] INFO:   [저가] 저가: 238,000원
[2025-10-24 08:44:31] INFO:   [고가] 고가: 245,000원
[2025-10-24 08:44:31] INFO:   [매수선] 1차: 172,500원, 2차: 155,400원, 3차: 140,000원
[2025-10-24 08:44:31] INFO:   [이격도] 1차: 41.4%, 2차: 57.0%, 3차: 74.3%
[2025-10-24 08:44:31] INFO: 
[17] 카카오 (035720) 모니터링 중...
[2025-10-24 08:44:32] INFO:   [현재가] 현재가: 59,700원
[2025-10-24 08:44:32] INFO:   [저가] 저가: 59,200원
[2025-10-24 08:44:32] INFO:   [고가] 고가: 59,800원
[2025-10-24 08:44:32] INFO:   [매수선] 1차: 48,150원, 2차: 43,400원, 3차: 39,150원
[2025-10-24 08:44:32] INFO:   [이격도] 1차: 24.0%, 2차: 37.6%, 3차: 52.5%
[2025-10-24 08:44:32] INFO: 
[18] 엘앤에프 (066970) 모니터링 중...
[2025-10-24 08:44:32] INFO:   [현재가] 현재가: 114,900원
[2025-10-24 08:44:32] INFO:   [저가] 저가: 114,300원
[2025-10-24 08:44:32] INFO:   [고가] 고가: 115,900원
[2025-10-24 08:44:32] INFO:   [매수선] 1차: 68,600원, 2차: 61,900원, 3차: 55,900원
[2025-10-24 08:44:32] INFO:   [이격도] 1차: 67.5%, 2차: 85.6%, 3차: 105.5%
[2025-10-24 08:44:32] INFO: 
[19] 두산 (000150) 모니터링 중...
[2025-10-24 08:44:33] INFO:   [현재가] 현재가: 786,000원
[2025-10-24 08:44:33] INFO:   [저가] 저가: 783,000원
[2025-10-24 08:44:33] INFO:   [고가] 고가: 794,000원
[2025-10-24 08:44:33] INFO:   [매수선] 1차: 492,500원, 2차: 444,000원, 3차: 400,500원
[2025-10-24 08:44:33] INFO:   [이격도] 1차: 59.6%, 2차: 77.0%, 3차: 96.3%
[2025-10-24 08:44:33] INFO: 
[20] 한라캐스트 (125490) 모니터링 중...
[2025-10-24 08:44:34] INFO:   [현재가] 현재가: 13,350원
[2025-10-24 08:44:34] INFO:   [저가] 저가: 13,350원
[2025-10-24 08:44:34] INFO:   [고가] 고가: 13,350원
[2025-10-24 08:44:34] INFO:   [매수선] 1차: 7,740원, 2차: 6,980원, 3차: 6,300원
[2025-10-24 08:44:34] INFO:   [이격도] 1차: 72.5%, 2차: 91.3%, 3차: 111.9%
[2025-10-24 08:44:34] INFO: 
[21] 휴림로봇 (090710) 모니터링 중...
[2025-10-24 08:44:34] INFO:   [현재가] 현재가: 6,000원
[2025-10-24 08:44:34] INFO:   [저가] 저가: 6,000원
[2025-10-24 08:44:34] INFO:   [고가] 고가: 6,000원
[2025-10-24 08:44:34] INFO:   [매수선] 1차: 3,230원, 2차: 2,915원, 3차: 2,630원
[2025-10-24 08:44:34] INFO:   [이격도] 1차: 85.8%, 2차: 105.8%, 3차: 128.1%
[2025-10-24 08:44:34] INFO: 
[22] 클로봇 (466100) 모니터링 중...
[2025-10-24 08:44:35] INFO:   [현재가] 현재가: 38,800원
[2025-10-24 08:44:35] INFO:   [저가] 저가: 38,800원
[2025-10-24 08:44:35] INFO:   [고가] 고가: 38,800원
[2025-10-24 08:44:35] INFO:   [매수선] 1차: 28,000원, 2차: 25,250원, 3차: 22,800원
[2025-10-24 08:44:35] INFO:   [이격도] 1차: 38.6%, 2차: 53.7%, 3차: 70.2%
[2025-10-24 08:44:35] INFO: 
[23] 로보티즈 (108490) 모니터링 중...
[2025-10-24 08:44:35] INFO:   [현재가] 현재가: 187,000원
[2025-10-24 08:44:35] INFO:   [저가] 저가: 187,000원
[2025-10-24 08:44:35] INFO:   [고가] 고가: 187,000원
[2025-10-24 08:44:35] INFO:   [매수선] 1차: 137,100원, 2차: 123,500원, 3차: 111,300원
[2025-10-24 08:44:35] INFO:   [이격도] 1차: 36.4%, 2차: 51.4%, 3차: 68.0%
[2025-10-24 08:44:35] INFO: 
[24] 삼성전자우 (005935) 모니터링 중...
[2025-10-24 08:44:36] INFO:   [현재가] 현재가: 76,400원
[2025-10-24 08:44:36] INFO:   [저가] 저가: 76,400원
[2025-10-24 08:44:36] INFO:   [고가] 고가: 76,400원
[2025-10-24 08:44:36] INFO:   [매수선] 1차: 56,600원, 2차: 51,100원, 3차: 46,050원
[2025-10-24 08:44:36] INFO:   [이격도] 1차: 35.0%, 2차: 49.5%, 3차: 65.9%
[2025-10-24 08:44:36] INFO: 
[25] 일동제약 (249420) 모니터링 중...
[2025-10-24 08:44:37] INFO:   [현재가] 현재가: 20,600원
[2025-10-24 08:44:37] INFO:   [저가] 저가: 20,600원
[2025-10-24 08:44:37] INFO:   [고가] 고가: 20,600원
[2025-10-24 08:44:37] INFO:   [매수선] 1차: 20,150원, 2차: 18,150원, 3차: 16,350원
[2025-10-24 08:44:37] INFO:   [이격도] 1차: 2.2%, 2차: 13.5%, 3차: 26.0%
[2025-10-24 08:44:37] INFO: 
[26] 우리기술투자 (041190) 모니터링 중...
[2025-10-24 08:44:37] INFO:   [현재가] 현재가: 8,820원
[2025-10-24 08:44:37] INFO:   [저가] 저가: 8,740원
[2025-10-24 08:44:37] INFO:   [고가] 고가: 8,870원
[2025-10-24 08:44:37] INFO:   [매수선] 1차: 8,180원, 2차: 7,380원, 3차: 6,660원
[2025-10-24 08:44:37] INFO:   [이격도] 1차: 7.8%, 2차: 19.5%, 3차: 32.4%
[2025-10-24 08:44:37] INFO: 
[27] NHN KCP (060250) 모니터링 중...
[2025-10-24 08:44:38] INFO:   [현재가] 현재가: 16,190원
[2025-10-24 08:44:38] INFO:   [저가] 저가: 15,970원
[2025-10-24 08:44:38] INFO:   [고가] 고가: 16,240원
[2025-10-24 08:44:38] INFO:   [매수선] 1차: 13,620원, 2차: 12,270원, 3차: 11,060원
[2025-10-24 08:44:38] INFO:   [이격도] 1차: 18.9%, 2차: 31.9%, 3차: 46.4%
[2025-10-24 08:44:38] INFO: 
[28] 레인보우로보틱스 (277810) 모니터링 중...
[2025-10-24 08:44:39] INFO:   [현재가] 현재가: 336,000원
[2025-10-24 08:44:39] INFO:   [저가] 저가: 334,500원
[2025-10-24 08:44:39] INFO:   [고가] 고가: 343,500원
[2025-10-24 08:44:39] INFO:   [매수선] 1차: 258,000원, 2차: 233,000원, 3차: 210,500원
[2025-10-24 08:44:39] INFO:   [이격도] 1차: 30.2%, 2차: 44.2%, 3차: 59.6%
[2025-10-24 08:44:39] INFO: 
[29] 알테오젠 (196170) 모니터링 중...
[2025-10-24 08:44:39] INFO:   [현재가] 현재가: 455,000원
[2025-10-24 08:44:39] INFO:   [저가] 저가: 453,000원
[2025-10-24 08:44:39] INFO:   [고가] 고가: 458,500원
[2025-10-24 08:44:39] INFO:   [매수선] 1차: 361,500원, 2차: 326,000원, 3차: 294,000원
[2025-10-24 08:44:39] INFO:   [이격도] 1차: 25.9%, 2차: 39.6%, 3차: 54.8%
[2025-10-24 08:44:39] INFO: 
[30] 셀트리온 (068270) 모니터링 중...
[2025-10-24 08:44:40] INFO:   [현재가] 현재가: 173,900원
[2025-10-24 08:44:40] INFO:   [저가] 저가: 172,900원
[2025-10-24 08:44:40] INFO:   [고가] 고가: 174,300원
[2025-10-24 08:44:40] INFO:   [매수선] 1차: 138,700원, 2차: 125,000원, 3차: 112,600원
[2025-10-24 08:44:40] INFO:   [이격도] 1차: 25.4%, 2차: 39.1%, 3차: 54.4%
[2025-10-24 08:44:40] INFO: 
[31] 디앤디파마텍 (347850) 모니터링 중...
[2025-10-24 08:44:41] INFO:   [현재가] 현재가: 169,700원
[2025-10-24 08:44:41] INFO:   [저가] 저가: 169,700원
[2025-10-24 08:44:41] INFO:   [고가] 고가: 169,700원
[2025-10-24 08:44:41] INFO:   [매수선] 1차: 148,200원, 2차: 133,500원, 3차: 120,300원
[2025-10-24 08:44:41] INFO:   [이격도] 1차: 14.5%, 2차: 27.1%, 3차: 41.1%
[2025-10-24 08:44:41] INFO: 
[32] 삼천당제약 (000250) 모니터링 중...
[2025-10-24 08:44:41] INFO:   [현재가] 현재가: 199,500원
[2025-10-24 08:44:41] INFO:   [저가] 저가: 198,600원
[2025-10-24 08:44:41] INFO:   [고가] 고가: 202,500원
[2025-10-24 08:44:41] INFO:   [매수선] 1차: 171,000원, 2차: 154,000원, 3차: 138,700원
[2025-10-24 08:44:41] INFO:   [이격도] 1차: 16.7%, 2차: 29.5%, 3차: 43.8%
[2025-10-24 08:44:41] INFO: 
[33] 다날 (064260) 모니터링 중...
[2025-10-24 08:44:42] INFO:   [현재가] 현재가: 8,990원
[2025-10-24 08:44:42] INFO:   [저가] 저가: 8,990원
[2025-10-24 08:44:42] INFO:   [고가] 고가: 8,990원
[2025-10-24 08:44:42] INFO:   [매수선] 1차: 7,710원, 2차: 6,950원, 3차: 6,270원
[2025-10-24 08:44:42] INFO:   [이격도] 1차: 16.6%, 2차: 29.4%, 3차: 43.4%
[2025-10-24 08:44:42] INFO: 
[34] 로보스타 (090360) 모니터링 중...
[2025-10-24 08:44:42] INFO:   [현재가] 현재가: 67,600원
[2025-10-24 08:44:42] INFO:   [저가] 저가: 67,600원
[2025-10-24 08:44:42] INFO:   [고가] 고가: 67,600원
[2025-10-24 08:44:42] INFO:   [매수선] 1차: 43,950원, 2차: 39,650원, 3차: 35,750원
[2025-10-24 08:44:42] INFO:   [이격도] 1차: 53.8%, 2차: 70.5%, 3차: 89.1%
[2025-10-24 08:44:42] INFO: 
[35] 한국항공우주 (047810) 모니터링 중...
[2025-10-24 08:44:43] INFO:   [현재가] 현재가: 101,500원
[2025-10-24 08:44:43] INFO:   [저가] 저가: 100,500원
[2025-10-24 08:44:43] INFO:   [고가] 고가: 102,000원
[2025-10-24 08:44:43] INFO:   [매수선] 1차: 82,100원, 2차: 74,000원, 3차: 66,700원
[2025-10-24 08:44:43] INFO:   [이격도] 1차: 23.6%, 2차: 37.2%, 3차: 52.2%
[2025-10-24 08:44:43] INFO: 
[36] 지투지바이오 (456160) 모니터링 중...
[2025-10-24 08:44:44] INFO:   [현재가] 현재가: 179,700원
[2025-10-24 08:44:44] INFO:   [저가] 저가: 179,700원
[2025-10-24 08:44:44] INFO:   [고가] 고가: 179,700원
[2025-10-24 08:44:44] INFO:   [매수선] 1차: 155,200원, 2차: 139,800원, 3차: 126,000원
[2025-10-24 08:44:44] INFO:   [이격도] 1차: 15.8%, 2차: 28.5%, 3차: 42.6%
[2025-10-24 08:44:44] INFO: 
[37] 농심 (004370) 모니터링 중...
[2025-10-24 08:44:44] INFO:   [현재가] 현재가: 435,500원
[2025-10-24 08:44:44] INFO:   [저가] 저가: 434,000원
[2025-10-24 08:44:44] INFO:   [고가] 고가: 446,500원
[2025-10-24 08:44:44] INFO:   [매수선] 1차: 347,500원, 2차: 313,500원, 3차: 283,000원
[2025-10-24 08:44:44] INFO:   [이격도] 1차: 25.3%, 2차: 38.9%, 3차: 53.9%
[2025-10-24 08:44:44] INFO: 
[38] SK오션플랜트 (100090) 모니터링 중...
[2025-10-24 08:44:45] INFO:   [현재가] 현재가: 22,350원
[2025-10-24 08:44:45] INFO:   [저가] 저가: 22,350원
[2025-10-24 08:44:45] INFO:   [고가] 고가: 22,350원
[2025-10-24 08:44:45] INFO:   [매수선] 1차: 18,670원, 2차: 16,820원, 3차: 15,150원
[2025-10-24 08:44:45] INFO:   [이격도] 1차: 19.7%, 2차: 32.9%, 3차: 47.5%
[2025-10-24 08:44:45] INFO: 
[39] HJ중공업 (097230) 모니터링 중...
[2025-10-24 08:44:45] INFO:   [현재가] 현재가: 28,350원
[2025-10-24 08:44:45] INFO:   [저가] 저가: 28,350원
[2025-10-24 08:44:45] INFO:   [고가] 고가: 28,350원
[2025-10-24 08:44:45] INFO:   [매수선] 1차: 21,200원, 2차: 19,090원, 3차: 17,200원
[2025-10-24 08:44:45] INFO:   [이격도] 1차: 33.7%, 2차: 48.5%, 3차: 64.8%
[2025-10-24 08:44:45] INFO: 
[40] 세진중공업 (075580) 모니터링 중...
[2025-10-24 08:44:46] INFO:   [현재가] 현재가: 22,500원
[2025-10-24 08:44:46] INFO:   [저가] 저가: 22,500원
[2025-10-24 08:44:46] INFO:   [고가] 고가: 22,500원
[2025-10-24 08:44:46] INFO:   [매수선] 1차: 16,820원, 2차: 15,150원, 3차: 13,650원
[2025-10-24 08:44:46] INFO:   [이격도] 1차: 33.8%, 2차: 48.5%, 3차: 64.8%
[2025-10-24 08:44:46] INFO: 
[41] 엘앤씨바이오 (290650) 모니터링 중...
[2025-10-24 08:44:46] INFO:   [현재가] 현재가: 51,800원
[2025-10-24 08:44:46] INFO:   [저가] 저가: 51,600원
[2025-10-24 08:44:46] INFO:   [고가] 고가: 52,500원
[2025-10-24 08:44:46] INFO:   [매수선] 1차: 41,300원, 2차: 37,250원, 3차: 33,600원
[2025-10-24 08:44:46] INFO:   [이격도] 1차: 25.4%, 2차: 39.1%, 3차: 54.2%
[2025-10-24 08:44:46] INFO: 
[42] 한화엔진 (082740) 모니터링 중...
[2025-10-24 08:44:47] INFO:   [현재가] 현재가: 48,600원
[2025-10-24 08:44:47] INFO:   [저가] 저가: 48,600원
[2025-10-24 08:44:47] INFO:   [고가] 고가: 48,600원
[2025-10-24 08:44:47] INFO:   [매수선] 1차: 36,400원, 2차: 32,850원, 3차: 29,650원
[2025-10-24 08:44:47] INFO:   [이격도] 1차: 33.5%, 2차: 47.9%, 3차: 63.9%
[2025-10-24 08:44:47] INFO: 
[43] 현대힘스 (460930) 모니터링 중...
[2025-10-24 08:44:48] INFO:   [현재가] 현재가: 22,750원
[2025-10-24 08:44:48] INFO:   [저가] 저가: 22,750원
[2025-10-24 08:44:48] INFO:   [고가] 고가: 22,750원
[2025-10-24 08:44:48] INFO:   [매수선] 1차: 19,440원, 2차: 17,510원, 3차: 15,770원
[2025-10-24 08:44:48] INFO:   [이격도] 1차: 17.0%, 2차: 29.9%, 3차: 44.3%
[2025-10-24 08:44:48] INFO: 
[44] HD한국조선해양 (009540) 모니터링 중...
[2025-10-24 08:44:48] INFO:   [현재가] 현재가: 450,500원
[2025-10-24 08:44:48] INFO:   [저가] 저가: 448,500원
[2025-10-24 08:44:48] INFO:   [고가] 고가: 453,000원
[2025-10-24 08:44:48] INFO:   [매수선] 1차: 330,500원, 2차: 298,000원, 3차: 269,000원
[2025-10-24 08:44:48] INFO:   [이격도] 1차: 36.3%, 2차: 51.2%, 3차: 67.5%
[2025-10-24 08:44:48] INFO: 
[45] HD현대미포 (010620) 모니터링 중...
[2025-10-24 08:44:49] INFO:   [현재가] 현재가: 230,000원
[2025-10-24 08:44:49] INFO:   [저가] 저가: 228,000원
[2025-10-24 08:44:49] INFO:   [고가] 고가: 234,000원
[2025-10-24 08:44:49] INFO:   [매수선] 1차: 162,300원, 2차: 146,200원, 3차: 131,700원
[2025-10-24 08:44:49] INFO:   [이격도] 1차: 41.7%, 2차: 57.3%, 3차: 74.6%
[2025-10-24 08:44:49] INFO: 
[46] 삼성중공업 (010140) 모니터링 중...
[2025-10-24 08:44:49] INFO:   [현재가] 현재가: 24,400원
[2025-10-24 08:44:49] INFO:   [저가] 저가: 24,050원
[2025-10-24 08:44:49] INFO:   [고가] 고가: 24,500원
[2025-10-24 08:44:49] INFO:   [매수선] 1차: 17,540원, 2차: 15,800원, 3차: 14,230원
[2025-10-24 08:44:49] INFO:   [이격도] 1차: 39.1%, 2차: 54.4%, 3차: 71.5%
[2025-10-24 08:44:49] INFO: 
[47] 효성중공업 (298040) 모니터링 중...
[2025-10-24 08:44:50] INFO:   [현재가] 현재가: 1,883,000원
[2025-10-24 08:44:50] INFO:   [저가] 저가: 1,832,000원
[2025-10-24 08:44:50] INFO:   [고가] 고가: 1,886,000원
[2025-10-24 08:44:50] INFO:   [매수선] 1차: 1,190,000원, 2차: 1,072,000원, 3차: 966,000원
[2025-10-24 08:44:50] INFO:   [이격도] 1차: 58.2%, 2차: 75.7%, 3차: 94.9%
[2025-10-24 08:44:50] INFO: 
[48] LIG넥스원 (079550) 모니터링 중...
[2025-10-24 08:44:51] INFO:   [현재가] 현재가: 468,500원
[2025-10-24 08:44:51] INFO:   [저가] 저가: 462,500원
[2025-10-24 08:44:51] INFO:   [고가] 고가: 471,000원
[2025-10-24 08:44:51] INFO:   [매수선] 1차: 377,500원, 2차: 340,500원, 3차: 307,000원
[2025-10-24 08:44:51] INFO:   [이격도] 1차: 24.1%, 2차: 37.6%, 3차: 52.6%
[2025-10-24 08:44:51] INFO: 
[49] 에스엔시스 (0008Z0) 모니터링 중...
[2025-10-24 08:44:51] INFO:   [현재가] 현재가: 42,800원
[2025-10-24 08:44:51] INFO:   [저가] 저가: 42,800원
[2025-10-24 08:44:51] INFO:   [고가] 고가: 42,800원
[2025-10-24 08:44:51] INFO:   [매수선] 1차: 32,850원, 2차: 29,650원, 3차: 26,750원
[2025-10-24 08:44:51] INFO:   [이격도] 1차: 30.3%, 2차: 44.4%, 3차: 60.0%
[2025-10-24 08:44:51] INFO: 
[50] 삼양컴텍 (484590) 모니터링 중...
[2025-10-24 08:44:52] INFO:   [현재가] 현재가: 17,230원
[2025-10-24 08:44:52] INFO:   [저가] 저가: 17,230원
[2025-10-24 08:44:52] INFO:   [고가] 고가: 17,230원
[2025-10-24 08:44:52] INFO:   [매수선] 1차: 14,070원, 2차: 12,680원, 3차: 11,430원
[2025-10-24 08:44:52] INFO:   [이격도] 1차: 22.5%, 2차: 35.9%, 3차: 50.7%
[2025-10-24 08:44:52] INFO: 
[51] 에이비엘바이오 (298380) 모니터링 중...
[2025-10-24 08:44:53] INFO:   [현재가] 현재가: 86,000원
[2025-10-24 08:44:53] INFO:   [저가] 저가: 85,000원
[2025-10-24 08:44:53] INFO:   [고가] 고가: 86,400원
[2025-10-24 08:44:53] INFO:   [매수선] 1차: 73,300원, 2차: 66,100원, 3차: 59,600원
[2025-10-24 08:44:53] INFO:   [이격도] 1차: 17.3%, 2차: 30.1%, 3차: 44.3%
[2025-10-24 08:44:53] INFO: 
[52] LG디스플레이 (034220) 모니터링 중...
[2025-10-24 08:44:53] INFO:   [현재가] 현재가: 14,250원
[2025-10-24 08:44:53] INFO:   [저가] 저가: 14,200원
[2025-10-24 08:44:53] INFO:   [고가] 고가: 14,310원
[2025-10-24 08:44:53] INFO:   [매수선] 1차: 11,330원, 2차: 10,210원, 3차: 9,200원
[2025-10-24 08:44:53] INFO:   [이격도] 1차: 25.8%, 2차: 39.6%, 3차: 54.9%
[2025-10-24 08:44:53] INFO: 
[53] 대한조선 (439260) 모니터링 중...
[2025-10-24 08:44:54] INFO:   [현재가] 현재가: 77,400원
[2025-10-24 08:44:54] INFO:   [저가] 저가: 77,400원
[2025-10-24 08:44:54] INFO:   [고가] 고가: 77,400원
[2025-10-24 08:44:54] INFO:   [매수선] 1차: 62,500원, 2차: 56,400원, 3차: 50,900원
[2025-10-24 08:44:54] INFO:   [이격도] 1차: 23.8%, 2차: 37.2%, 3차: 52.1%
[2025-10-24 08:44:54] INFO: 
[54] 에이피알 (278470) 모니터링 중...
[2025-10-24 08:44:54] INFO:   [현재가] 현재가: 246,500원
[2025-10-24 08:44:54] INFO:   [저가] 저가: 244,000원
[2025-10-24 08:44:54] INFO:   [고가] 고가: 248,500원
[2025-10-24 08:44:54] INFO:   [매수선] 1차: 190,300원, 2차: 171,400원, 3차: 154,400원
[2025-10-24 08:44:54] INFO:   [이격도] 1차: 29.5%, 2차: 43.8%, 3차: 59.7%
[2025-10-24 08:44:54] INFO: 
[55] SK바이오팜 (326030) 모니터링 중...
[2025-10-24 08:44:55] INFO:   [현재가] 현재가: 106,900원
[2025-10-24 08:44:55] INFO:   [저가] 저가: 106,600원
[2025-10-24 08:44:55] INFO:   [고가] 고가: 107,300원
[2025-10-24 08:44:55] INFO:   [매수선] 1차: 82,800원, 2차: 74,700원, 3차: 67,400원
[2025-10-24 08:44:55] INFO:   [이격도] 1차: 29.1%, 2차: 43.1%, 3차: 58.6%
[2025-10-24 08:44:55] INFO: 
[56] 한화에어로스페이스 (012450) 모니터링 중...
[2025-10-24 08:44:56] INFO:   [현재가] 현재가: 1,043,000원
[2025-10-24 08:44:56] INFO:   [저가] 저가: 1,038,000원
[2025-10-24 08:44:56] INFO:   [고가] 고가: 1,054,000원
[2025-10-24 08:44:56] INFO:   [매수선] 1차: 805,000원, 2차: 726,000원, 3차: 655,000원
[2025-10-24 08:44:56] INFO:   [이격도] 1차: 29.6%, 2차: 43.7%, 3차: 59.2%
[2025-10-24 08:44:56] INFO: 
[57] 한화시스템 (272210) 모니터링 중...
[2025-10-24 08:44:56] INFO:   [현재가] 현재가: 56,100원
[2025-10-24 08:44:56] INFO:   [저가] 저가: 55,700원
[2025-10-24 08:44:56] INFO:   [고가] 고가: 57,000원
[2025-10-24 08:44:56] INFO:   [매수선] 1차: 44,850원, 2차: 40,450원, 3차: 36,500원
[2025-10-24 08:44:56] INFO:   [이격도] 1차: 25.1%, 2차: 38.7%, 3차: 53.7%
[2025-10-24 08:44:56] INFO: 
[58] 한화솔루션 (009830) 모니터링 중...
[2025-10-24 08:44:57] INFO:   [현재가] 현재가: 30,800원
[2025-10-24 08:44:57] INFO:   [저가] 저가: 30,550원
[2025-10-24 08:44:57] INFO:   [고가] 고가: 30,950원
[2025-10-24 08:44:57] INFO:   [매수선] 1차: 23,100원, 2차: 20,850원, 3차: 18,780원
[2025-10-24 08:44:57] INFO:   [이격도] 1차: 33.3%, 2차: 47.7%, 3차: 64.0%
[2025-10-24 08:44:57] INFO: 
[59] 삼성전기 (009150) 모니터링 중...
[2025-10-24 08:44:58] INFO:   [현재가] 현재가: 223,000원
[2025-10-24 08:44:58] INFO:   [저가] 저가: 221,000원
[2025-10-24 08:44:58] INFO:   [고가] 고가: 225,500원
[2025-10-24 08:44:58] INFO:   [매수선] 1차: 161,100원, 2차: 145,100원, 3차: 130,700원
[2025-10-24 08:44:58] INFO:   [이격도] 1차: 38.4%, 2차: 53.7%, 3차: 70.6%
[2025-10-24 08:44:58] INFO: 
[60] 한화비전 (489790) 모니터링 중...
[2025-10-24 08:44:58] INFO:   [현재가] 현재가: 52,300원
[2025-10-24 08:44:58] INFO:   [저가] 저가: 51,900원
[2025-10-24 08:44:58] INFO:   [고가] 고가: 52,500원
[2025-10-24 08:44:58] INFO:   [매수선] 1차: 42,750원, 2차: 38,550원, 3차: 34,750원
[2025-10-24 08:44:58] INFO:   [이격도] 1차: 22.3%, 2차: 35.7%, 3차: 50.5%
[2025-10-24 08:44:58] INFO: 
[61] HD현대인프라코어 (042670) 모니터링 중...
[2025-10-24 08:44:59] INFO:   [현재가] 현재가: 17,130원
[2025-10-24 08:44:59] INFO:   [저가] 저가: 16,990원
[2025-10-24 08:44:59] INFO:   [고가] 고가: 17,350원
[2025-10-24 08:44:59] INFO:   [매수선] 1차: 12,180원, 2차: 10,980원, 3차: 9,900원
[2025-10-24 08:44:59] INFO:   [이격도] 1차: 40.6%, 2차: 56.0%, 3차: 73.0%
[2025-10-24 08:44:59] INFO: 
[62] 도우인시스 (484120) 모니터링 중...
[2025-10-24 08:44:59] INFO:   [현재가] 현재가: 29,100원
[2025-10-24 08:44:59] INFO:   [저가] 저가: 29,000원
[2025-10-24 08:44:59] INFO:   [고가] 고가: 29,400원
[2025-10-24 08:44:59] INFO:   [매수선] 1차: 23,650원, 2차: 21,350원, 3차: 19,230원
[2025-10-24 08:44:59] INFO:   [이격도] 1차: 23.0%, 2차: 36.3%, 3차: 51.3%
[2025-10-24 08:44:59] INFO: 
[63] KBI동양철관 (008970) 모니터링 중...
[2025-10-24 08:45:00] INFO:   [현재가] 현재가: 2,720원
[2025-10-24 08:45:00] INFO:   [저가] 저가: 2,720원
[2025-10-24 08:45:00] INFO:   [고가] 고가: 2,720원
[2025-10-24 08:45:00] INFO:   [매수선] 1차: 2,045원, 2차: 1,842원, 3차: 1,659원
[2025-10-24 08:45:00] INFO:   [이격도] 1차: 33.0%, 2차: 47.7%, 3차: 64.0%
[2025-10-24 08:45:00] INFO: 
[64] YG PLUS (037270) 모니터링 중...
[2025-10-24 08:45:01] INFO:   [현재가] 현재가: 6,510원
[2025-10-24 08:45:01] INFO:   [저가] 저가: 6,510원
[2025-10-24 08:45:01] INFO:   [고가] 고가: 6,510원
[2025-10-24 08:45:01] INFO:   [매수선] 1차: 5,810원, 2차: 5,240원, 3차: 4,725원
[2025-10-24 08:45:01] INFO:   [이격도] 1차: 12.0%, 2차: 24.2%, 3차: 37.8%
[2025-10-24 08:45:01] INFO: 
[65] 리가켐바이오 (141080) 모니터링 중...
[2025-10-24 08:45:01] INFO:   [현재가] 현재가: 135,300원
[2025-10-24 08:45:01] INFO:   [저가] 저가: 134,200원
[2025-10-24 08:45:01] INFO:   [고가] 고가: 136,500원
[2025-10-24 08:45:01] INFO:   [매수선] 1차: 114,300원, 2차: 103,000원, 3차: 92,800원
[2025-10-24 08:45:01] INFO:   [이격도] 1차: 18.4%, 2차: 31.4%, 3차: 45.8%
[2025-10-24 08:45:01] INFO: 
[66] 쿠콘 (294570) 모니터링 중...
[2025-10-24 08:45:02] INFO:   [현재가] 현재가: 37,450원
[2025-10-24 08:45:02] INFO:   [저가] 저가: 37,050원
[2025-10-24 08:45:02] INFO:   [고가] 고가: 37,600원
[2025-10-24 08:45:02] INFO:   [매수선] 1차: 30,450원, 2차: 27,500원, 3차: 24,800원
[2025-10-24 08:45:02] INFO:   [이격도] 1차: 23.0%, 2차: 36.2%, 3차: 51.0%
[2025-10-24 08:45:02] INFO: 
[67] 파인엠텍 (441270) 모니터링 중...
[2025-10-24 08:45:03] INFO:   [현재가] 현재가: 9,010원
[2025-10-24 08:45:03] INFO:   [저가] 저가: 9,010원
[2025-10-24 08:45:03] INFO:   [고가] 고가: 9,010원
[2025-10-24 08:45:03] INFO:   [매수선] 1차: 8,250원, 2차: 7,440원, 3차: 6,710원
[2025-10-24 08:45:03] INFO:   [이격도] 1차: 9.2%, 2차: 21.1%, 3차: 34.3%
[2025-10-24 08:45:03] INFO: 
[68] SK스퀘어 (402340) 모니터링 중...
[2025-10-24 08:45:03] INFO:   [현재가] 현재가: 256,000원
[2025-10-24 08:45:03] INFO:   [저가] 저가: 253,000원
[2025-10-24 08:45:03] INFO:   [고가] 고가: 259,500원
[2025-10-24 08:45:03] INFO:   [매수선] 1차: 184,200원, 2차: 165,900원, 3차: 149,500원
[2025-10-24 08:45:03] INFO:   [이격도] 1차: 39.0%, 2차: 54.3%, 3차: 71.2%
[2025-10-24 08:45:03] INFO: 
[69] POSCO홀딩스 (005490) 모니터링 중...
[2025-10-24 08:45:04] INFO:   [현재가] 현재가: 311,500원
[2025-10-24 08:45:04] INFO:   [저가] 저가: 307,500원
[2025-10-24 08:45:04] INFO:   [고가] 고가: 314,000원
[2025-10-24 08:45:04] INFO:   [매수선] 1차: 224,000원, 2차: 202,500원, 3차: 182,400원
[2025-10-24 08:45:04] INFO:   [이격도] 1차: 39.1%, 2차: 53.8%, 3차: 70.8%
[2025-10-24 08:45:04] INFO: 
[70] HD현대건설기계 (267270) 모니터링 중...
[2025-10-24 08:45:05] INFO:   [현재가] 현재가: 114,900원
[2025-10-24 08:45:05] INFO:   [저가] 저가: 114,900원
[2025-10-24 08:45:05] INFO:   [고가] 고가: 114,900원
[2025-10-24 08:45:05] INFO:   [매수선] 1차: 76,600원, 2차: 69,100원, 3차: 62,300원
[2025-10-24 08:45:05] INFO:   [이격도] 1차: 50.0%, 2차: 66.3%, 3차: 84.4%
[2025-10-24 08:45:05] INFO: 
[71] 한화 (000880) 모니터링 중...
[2025-10-24 08:45:05] INFO:   [현재가] 현재가: 95,600원
[2025-10-24 08:45:05] INFO:   [저가] 저가: 93,000원
[2025-10-24 08:45:05] INFO:   [고가] 고가: 96,500원
[2025-10-24 08:45:05] INFO:   [매수선] 1차: 68,500원, 2차: 61,800원, 3차: 55,800원
[2025-10-24 08:45:05] INFO:   [이격도] 1차: 39.6%, 2차: 54.7%, 3차: 71.3%
[2025-10-24 08:45:05] INFO: 
[72] SK (034730) 모니터링 중...
[2025-10-24 08:45:06] INFO:   [현재가] 현재가: 233,000원
[2025-10-24 08:45:06] INFO:   [저가] 저가: 231,500원
[2025-10-24 08:45:06] INFO:   [고가] 고가: 234,500원
[2025-10-24 08:45:06] INFO:   [매수선] 1차: 174,200원, 2차: 156,900원, 3차: 141,400원
[2025-10-24 08:45:06] INFO:   [이격도] 1차: 33.8%, 2차: 48.5%, 3차: 64.8%
[2025-10-24 08:45:06] INFO: 
[73] SK이노베이션 (096770) 모니터링 중...
[2025-10-24 08:45:06] INFO:   [현재가] 현재가: 127,900원
[2025-10-24 08:45:06] INFO:   [저가] 저가: 126,000원
[2025-10-24 08:45:06] INFO:   [고가] 고가: 128,400원
[2025-10-24 08:45:06] INFO:   [매수선] 1차: 86,200원, 2차: 77,700원, 3차: 70,100원
[2025-10-24 08:45:06] INFO:   [이격도] 1차: 48.4%, 2차: 64.6%, 3차: 82.5%
[2025-10-24 08:45:06] INFO: 
================================================================================
[2025-10-24 08:45:06] INFO: [OK] 단순화된 모니터링 사이클 완료
[2025-10-24 08:45:06] INFO:   전체 종목: 73개
[2025-10-24 08:45:06] INFO:   체크한 종목: 73개
[2025-10-24 08:45:06] INFO:   전송 알람: 0개
[2025-10-24 08:45:06] INFO: ================================================================================
[2025-10-24 08:45:06] INFO: 
[간격] 60초 후 다음 사이클 실행...
[2025-10-24 08:45:06] INFO:    종료하려면 Ctrl+C를 누르세요.
[2025-10-24 08:46:06] INFO: 
================================================================================
[2025-10-24 08:46:06] INFO: [사이클 8] 2025-10-24 08:46:06
[2025-10-24 08:46:06] INFO: ================================================================================
[2025-10-24 08:46:06] INFO: [OK] Summary 탭에서 73개 종목 로드 (매수선 포함)
[2025-10-24 08:46:06] INFO: 
[1] 삼성전자 (005930) 모니터링 중...
[2025-10-24 08:46:06] INFO:   [현재가] 현재가: 97,800원
[2025-10-24 08:46:06] INFO:   [저가] 저가: 97,200원
[2025-10-24 08:46:06] INFO:   [고가] 고가: 98,300원
[2025-10-24 08:46:06] INFO:   [매수선] 1차: 72,000원, 2차: 64,900원, 3차: 58,600원
[2025-10-24 08:46:06] INFO:   [이격도] 1차: 35.8%, 2차: 50.7%, 3차: 66.9%
[2025-10-24 08:46:06] INFO: 
[2] SK하이닉스 (000660) 모니터링 중...
[2025-10-24 08:46:07] INFO:   [현재가] 현재가: 492,500원
[2025-10-24 08:46:07] INFO:   [저가] 저가: 487,000원
[2025-10-24 08:46:07] INFO:   [고가] 고가: 494,500원
[2025-10-24 08:46:07] INFO:   [매수선] 1차: 323,000원, 2차: 291,500원, 3차: 263,000원
[2025-10-24 08:46:07] INFO:   [이격도] 1차: 52.5%, 2차: 69.0%, 3차: 87.3%
[2025-10-24 08:46:07] INFO: 
[3] 두산에너빌리티 (034020) 모니터링 중...
[2025-10-24 08:46:08] INFO:   [현재가] 현재가: 78,200원
[2025-10-24 08:46:08] INFO:   [저가] 저가: 77,100원
[2025-10-24 08:46:08] INFO:   [고가] 고가: 78,400원
[2025-10-24 08:46:08] INFO:   [매수선] 1차: 56,900원, 2차: 51,400원, 3차: 46,350원
[2025-10-24 08:46:08] INFO:   [이격도] 1차: 37.4%, 2차: 52.1%, 3차: 68.7%
[2025-10-24 08:46:08] INFO: 
[4] NAVER (035420) 모니터링 중...
[2025-10-24 08:46:08] INFO:   [현재가] 현재가: 245,000원
[2025-10-24 08:46:08] INFO:   [저가] 저가: 243,000원
[2025-10-24 08:46:08] INFO:   [고가] 고가: 245,500원
[2025-10-24 08:46:08] INFO:   [매수선] 1차: 201,500원, 2차: 181,500원, 3차: 163,500원
[2025-10-24 08:46:08] INFO:   [이격도] 1차: 21.6%, 2차: 35.0%, 3차: 49.8%
[2025-10-24 08:46:08] INFO: 
[5] 한미반도체 (042700) 모니터링 중...
[2025-10-24 08:46:09] INFO:   [현재가] 현재가: 154,800원
[2025-10-24 08:46:09] INFO:   [저가] 저가: 151,000원
[2025-10-24 08:46:09] INFO:   [고가] 고가: 156,000원
[2025-10-24 08:46:09] INFO:   [매수선] 1차: 94,200원, 2차: 84,900원, 3차: 76,600원
[2025-10-24 08:46:09] INFO:   [이격도] 1차: 64.3%, 2차: 82.3%, 3차: 102.1%
[2025-10-24 08:46:09] INFO: 
[6] 에코프로 (086520) 모니터링 중...
[2025-10-24 08:46:09] INFO:   [현재가] 현재가: 81,500원
[2025-10-24 08:46:09] INFO:   [저가] 저가: 81,500원
[2025-10-24 08:46:09] INFO:   [고가] 고가: 81,500원
[2025-10-24 08:46:09] INFO:   [매수선] 1차: 45,350원, 2차: 40,900원, 3차: 36,900원
[2025-10-24 08:46:09] INFO:   [이격도] 1차: 79.7%, 2차: 99.3%, 3차: 120.9%
[2025-10-24 08:46:09] INFO: 
[7] 한화오션 (042660) 모니터링 중...
[2025-10-24 08:46:10] INFO:   [현재가] 현재가: 134,600원
[2025-10-24 08:46:10] INFO:   [저가] 저가: 132,600원
[2025-10-24 08:46:10] INFO:   [고가] 고가: 136,900원
[2025-10-24 08:46:10] INFO:   [매수선] 1차: 88,900원, 2차: 80,200원, 3차: 72,300원
[2025-10-24 08:46:10] INFO:   [이격도] 1차: 51.4%, 2차: 67.8%, 3차: 86.2%
[2025-10-24 08:46:10] INFO: 
[8] 현대차 (005380) 모니터링 중...
[2025-10-24 08:46:10] INFO:   [현재가] 현재가: 254,000원
[2025-10-24 08:46:10] INFO:   [저가] 저가: 249,500원
[2025-10-24 08:46:10] INFO:   [고가] 고가: 256,000원
[2025-10-24 08:46:10] INFO:   [매수선] 1차: 180,900원, 2차: 163,000원, 3차: 146,800원
[2025-10-24 08:46:10] INFO:   [이격도] 1차: 40.4%, 2차: 55.8%, 3차: 73.0%
[2025-10-24 08:46:10] INFO: 
[9] 에코프로비엠 (247540) 모니터링 중...
[2025-10-24 08:46:11] INFO:   [현재가] 현재가: 161,600원
[2025-10-24 08:46:11] INFO:   [저가] 저가: 160,400원
[2025-10-24 08:46:11] INFO:   [고가] 고가: 163,000원
[2025-10-24 08:46:11] INFO:   [매수선] 1차: 102,800원, 2차: 92,700원, 3차: 83,600원
[2025-10-24 08:46:11] INFO:   [이격도] 1차: 57.2%, 2차: 74.3%, 3차: 93.3%
[2025-10-24 08:46:11] INFO: 
[10] 삼성SDI (006400) 모니터링 중...
[2025-10-24 08:46:12] INFO:   [현재가] 현재가: 260,500원
[2025-10-24 08:46:12] INFO:   [저가] 저가: 258,000원
[2025-10-24 08:46:12] INFO:   [고가] 고가: 264,000원
[2025-10-24 08:46:12] INFO:   [매수선] 1차: 177,200원, 2차: 159,600원, 3차: 143,800원
[2025-10-24 08:46:12] INFO:   [이격도] 1차: 47.0%, 2차: 63.2%, 3차: 81.2%
[2025-10-24 08:46:12] INFO: 
[11] LG화학 (051910) 모니터링 중...
[2025-10-24 08:46:12] INFO:   [현재가] 현재가: 386,500원
[2025-10-24 08:46:12] INFO:   [저가] 저가: 380,500원
[2025-10-24 08:46:12] INFO:   [고가] 고가: 391,000원
[2025-10-24 08:46:12] INFO:   [매수선] 1차: 244,000원, 2차: 220,500원, 3차: 198,600원
[2025-10-24 08:46:12] INFO:   [이격도] 1차: 58.4%, 2차: 75.3%, 3차: 94.6%
[2025-10-24 08:46:12] INFO: 
[12] 에코프로머티 (450080) 모니터링 중...
[2025-10-24 08:46:13] INFO:   [현재가] 현재가: 66,400원
[2025-10-24 08:46:13] INFO:   [저가] 저가: 66,000원
[2025-10-24 08:46:13] INFO:   [고가] 고가: 67,000원
[2025-10-24 08:46:13] INFO:   [매수선] 1차: 42,900원, 2차: 38,700원, 3차: 34,900원
[2025-10-24 08:46:13] INFO:   [이격도] 1차: 54.8%, 2차: 71.6%, 3차: 90.3%
[2025-10-24 08:46:13] INFO: 
[13] LG에너지솔루션 (373220) 모니터링 중...
[2025-10-24 08:46:13] INFO:   [현재가] 현재가: 451,500원
[2025-10-24 08:46:13] INFO:   [저가] 저가: 446,000원
[2025-10-24 08:46:13] INFO:   [고가] 고가: 453,500원
[2025-10-24 08:46:13] INFO:   [매수선] 1차: 303,500원, 2차: 274,000원, 3차: 247,500원
[2025-10-24 08:46:13] INFO:   [이격도] 1차: 48.8%, 2차: 64.8%, 3차: 82.4%
[2025-10-24 08:46:13] INFO: 
[14] 한국전력 (015760) 모니터링 중...
[2025-10-24 08:46:14] INFO:   [현재가] 현재가: 42,800원
[2025-10-24 08:46:14] INFO:   [저가] 저가: 42,300원
[2025-10-24 08:46:14] INFO:   [고가] 고가: 42,900원
[2025-10-24 08:46:14] INFO:   [매수선] 1차: 30,400원, 2차: 27,450원, 3차: 24,800원
[2025-10-24 08:46:14] INFO:   [이격도] 1차: 40.8%, 2차: 55.9%, 3차: 72.6%
[2025-10-24 08:46:14] INFO: 
[15] 포스코퓨처엠 (003670) 모니터링 중...
[2025-10-24 08:46:14] INFO:   [현재가] 현재가: 207,000원
[2025-10-24 08:46:14] INFO:   [저가] 저가: 203,500원
[2025-10-24 08:46:14] INFO:   [고가] 고가: 207,500원
[2025-10-24 08:46:14] INFO:   [매수선] 1차: 130,200원, 2차: 117,300원, 3차: 105,700원
[2025-10-24 08:46:14] INFO:   [이격도] 1차: 59.0%, 2차: 76.5%, 3차: 95.8%
[2025-10-24 08:46:14] INFO: 
[16] 현대로템 (064350) 모니터링 중...
[2025-10-24 08:46:15] INFO:   [현재가] 현재가: 244,000원
[2025-10-24 08:46:15] INFO:   [저가] 저가: 238,000원
[2025-10-24 08:46:15] INFO:   [고가] 고가: 245,000원
[2025-10-24 08:46:15] INFO:   [매수선] 1차: 172,500원, 2차: 155,400원, 3차: 140,000원
[2025-10-24 08:46:15] INFO:   [이격도] 1차: 41.4%, 2차: 57.0%, 3차: 74.3%
[2025-10-24 08:46:15] INFO: 
[17] 카카오 (035720) 모니터링 중...
[2025-10-24 08:46:16] INFO:   [현재가] 현재가: 59,600원
[2025-10-24 08:46:16] INFO:   [저가] 저가: 59,200원
[2025-10-24 08:46:16] INFO:   [고가] 고가: 59,800원
[2025-10-24 08:46:16] INFO:   [매수선] 1차: 48,150원, 2차: 43,400원, 3차: 39,150원
[2025-10-24 08:46:16] INFO:   [이격도] 1차: 23.8%, 2차: 37.3%, 3차: 52.2%
[2025-10-24 08:46:16] INFO: 
[18] 엘앤에프 (066970) 모니터링 중...
[2025-10-24 08:46:16] INFO:   [현재가] 현재가: 115,000원
[2025-10-24 08:46:16] INFO:   [저가] 저가: 114,300원
[2025-10-24 08:46:16] INFO:   [고가] 고가: 115,900원
[2025-10-24 08:46:16] INFO:   [매수선] 1차: 68,600원, 2차: 61,900원, 3차: 55,900원
[2025-10-24 08:46:16] INFO:   [이격도] 1차: 67.6%, 2차: 85.8%, 3차: 105.7%
[2025-10-24 08:46:16] INFO: 
[19] 두산 (000150) 모니터링 중...
[2025-10-24 08:46:17] INFO:   [현재가] 현재가: 786,000원
[2025-10-24 08:46:17] INFO:   [저가] 저가: 783,000원
[2025-10-24 08:46:17] INFO:   [고가] 고가: 794,000원
[2025-10-24 08:46:17] INFO:   [매수선] 1차: 492,500원, 2차: 444,000원, 3차: 400,500원
[2025-10-24 08:46:17] INFO:   [이격도] 1차: 59.6%, 2차: 77.0%, 3차: 96.3%
[2025-10-24 08:46:17] INFO: 
[20] 한라캐스트 (125490) 모니터링 중...
[2025-10-24 08:46:17] INFO:   [현재가] 현재가: 13,350원
[2025-10-24 08:46:17] INFO:   [저가] 저가: 13,350원
[2025-10-24 08:46:17] INFO:   [고가] 고가: 13,350원
[2025-10-24 08:46:17] INFO:   [매수선] 1차: 7,740원, 2차: 6,980원, 3차: 6,300원
[2025-10-24 08:46:17] INFO:   [이격도] 1차: 72.5%, 2차: 91.3%, 3차: 111.9%
[2025-10-24 08:46:17] INFO: 
[21] 휴림로봇 (090710) 모니터링 중...
[2025-10-24 08:46:18] INFO:   [현재가] 현재가: 6,000원
[2025-10-24 08:46:18] INFO:   [저가] 저가: 6,000원
[2025-10-24 08:46:18] INFO:   [고가] 고가: 6,000원
[2025-10-24 08:46:18] INFO:   [매수선] 1차: 3,230원, 2차: 2,915원, 3차: 2,630원
[2025-10-24 08:46:18] INFO:   [이격도] 1차: 85.8%, 2차: 105.8%, 3차: 128.1%
[2025-10-24 08:46:18] INFO: 
[22] 클로봇 (466100) 모니터링 중...
[2025-10-24 08:46:18] INFO:   [현재가] 현재가: 38,800원
[2025-10-24 08:46:18] INFO:   [저가] 저가: 38,800원
[2025-10-24 08:46:18] INFO:   [고가] 고가: 38,800원
[2025-10-24 08:46:18] INFO:   [매수선] 1차: 28,000원, 2차: 25,250원, 3차: 22,800원
[2025-10-24 08:46:18] INFO:   [이격도] 1차: 38.6%, 2차: 53.7%, 3차: 70.2%
[2025-10-24 08:46:18] INFO: 
[23] 로보티즈 (108490) 모니터링 중...
[2025-10-24 08:46:19] INFO:   [현재가] 현재가: 187,000원
[2025-10-24 08:46:19] INFO:   [저가] 저가: 187,000원
[2025-10-24 08:46:19] INFO:   [고가] 고가: 187,000원
[2025-10-24 08:46:19] INFO:   [매수선] 1차: 137,100원, 2차: 123,500원, 3차: 111,300원
[2025-10-24 08:46:19] INFO:   [이격도] 1차: 36.4%, 2차: 51.4%, 3차: 68.0%
[2025-10-24 08:46:19] INFO: 
[24] 삼성전자우 (005935) 모니터링 중...
[2025-10-24 08:46:20] INFO:   [현재가] 현재가: 76,400원
[2025-10-24 08:46:20] INFO:   [저가] 저가: 76,400원
[2025-10-24 08:46:20] INFO:   [고가] 고가: 76,400원
[2025-10-24 08:46:20] INFO:   [매수선] 1차: 56,600원, 2차: 51,100원, 3차: 46,050원
[2025-10-24 08:46:20] INFO:   [이격도] 1차: 35.0%, 2차: 49.5%, 3차: 65.9%
[2025-10-24 08:46:20] INFO: 
[25] 일동제약 (249420) 모니터링 중...
[2025-10-24 08:46:20] INFO:   [현재가] 현재가: 20,600원
[2025-10-24 08:46:20] INFO:   [저가] 저가: 20,600원
[2025-10-24 08:46:20] INFO:   [고가] 고가: 20,600원
[2025-10-24 08:46:20] INFO:   [매수선] 1차: 20,150원, 2차: 18,150원, 3차: 16,350원
[2025-10-24 08:46:20] INFO:   [이격도] 1차: 2.2%, 2차: 13.5%, 3차: 26.0%
[2025-10-24 08:46:20] INFO: 
[26] 우리기술투자 (041190) 모니터링 중...
[2025-10-24 08:46:21] INFO:   [현재가] 현재가: 8,840원
[2025-10-24 08:46:21] INFO:   [저가] 저가: 8,740원
[2025-10-24 08:46:21] INFO:   [고가] 고가: 8,870원
[2025-10-24 08:46:21] INFO:   [매수선] 1차: 8,180원, 2차: 7,380원, 3차: 6,660원
[2025-10-24 08:46:21] INFO:   [이격도] 1차: 8.1%, 2차: 19.8%, 3차: 32.7%
[2025-10-24 08:46:21] INFO: 
[27] NHN KCP (060250) 모니터링 중...
[2025-10-24 08:46:21] INFO:   [현재가] 현재가: 16,190원
[2025-10-24 08:46:21] INFO:   [저가] 저가: 15,970원
[2025-10-24 08:46:21] INFO:   [고가] 고가: 16,240원
[2025-10-24 08:46:21] INFO:   [매수선] 1차: 13,620원, 2차: 12,270원, 3차: 11,060원
[2025-10-24 08:46:21] INFO:   [이격도] 1차: 18.9%, 2차: 31.9%, 3차: 46.4%
[2025-10-24 08:46:21] INFO: 
[28] 레인보우로보틱스 (277810) 모니터링 중...
[2025-10-24 08:46:22] INFO:   [현재가] 현재가: 336,000원
[2025-10-24 08:46:22] INFO:   [저가] 저가: 334,500원
[2025-10-24 08:46:22] INFO:   [고가] 고가: 343,500원
[2025-10-24 08:46:22] INFO:   [매수선] 1차: 258,000원, 2차: 233,000원, 3차: 210,500원
[2025-10-24 08:46:22] INFO:   [이격도] 1차: 30.2%, 2차: 44.2%, 3차: 59.6%
[2025-10-24 08:46:22] INFO: 
[29] 알테오젠 (196170) 모니터링 중...
[2025-10-24 08:46:23] INFO:   [현재가] 현재가: 454,500원
[2025-10-24 08:46:23] INFO:   [저가] 저가: 453,000원
[2025-10-24 08:46:23] INFO:   [고가] 고가: 458,500원
[2025-10-24 08:46:23] INFO:   [매수선] 1차: 361,500원, 2차: 326,000원, 3차: 294,000원
[2025-10-24 08:46:23] INFO:   [이격도] 1차: 25.7%, 2차: 39.4%, 3차: 54.6%
[2025-10-24 08:46:23] INFO: 
[30] 셀트리온 (068270) 모니터링 중...
[2025-10-24 08:46:23] INFO:   [현재가] 현재가: 173,900원
[2025-10-24 08:46:23] INFO:   [저가] 저가: 172,900원
[2025-10-24 08:46:23] INFO:   [고가] 고가: 174,300원
[2025-10-24 08:46:23] INFO:   [매수선] 1차: 138,700원, 2차: 125,000원, 3차: 112,600원
[2025-10-24 08:46:23] INFO:   [이격도] 1차: 25.4%, 2차: 39.1%, 3차: 54.4%
[2025-10-24 08:46:23] INFO: 
[31] 디앤디파마텍 (347850) 모니터링 중...
[2025-10-24 08:46:24] INFO:   [현재가] 현재가: 169,700원
[2025-10-24 08:46:24] INFO:   [저가] 저가: 169,700원
[2025-10-24 08:46:24] INFO:   [고가] 고가: 169,700원
[2025-10-24 08:46:24] INFO:   [매수선] 1차: 148,200원, 2차: 133,500원, 3차: 120,300원
[2025-10-24 08:46:24] INFO:   [이격도] 1차: 14.5%, 2차: 27.1%, 3차: 41.1%
[2025-10-24 08:46:24] INFO: 
[32] 삼천당제약 (000250) 모니터링 중...
[2025-10-24 08:46:24] INFO:   [현재가] 현재가: 199,500원
[2025-10-24 08:46:24] INFO:   [저가] 저가: 198,600원
[2025-10-24 08:46:24] INFO:   [고가] 고가: 202,500원
[2025-10-24 08:46:24] INFO:   [매수선] 1차: 171,000원, 2차: 154,000원, 3차: 138,700원
[2025-10-24 08:46:24] INFO:   [이격도] 1차: 16.7%, 2차: 29.5%, 3차: 43.8%
[2025-10-24 08:46:24] INFO: 
[33] 다날 (064260) 모니터링 중...
[2025-10-24 08:46:25] INFO:   [현재가] 현재가: 8,990원
[2025-10-24 08:46:25] INFO:   [저가] 저가: 8,990원
[2025-10-24 08:46:25] INFO:   [고가] 고가: 8,990원
[2025-10-24 08:46:25] INFO:   [매수선] 1차: 7,710원, 2차: 6,950원, 3차: 6,270원
[2025-10-24 08:46:25] INFO:   [이격도] 1차: 16.6%, 2차: 29.4%, 3차: 43.4%
[2025-10-24 08:46:25] INFO: 
[34] 로보스타 (090360) 모니터링 중...
[2025-10-24 08:46:25] INFO:   [현재가] 현재가: 67,600원
[2025-10-24 08:46:25] INFO:   [저가] 저가: 67,600원
[2025-10-24 08:46:25] INFO:   [고가] 고가: 67,600원
[2025-10-24 08:46:25] INFO:   [매수선] 1차: 43,950원, 2차: 39,650원, 3차: 35,750원
[2025-10-24 08:46:25] INFO:   [이격도] 1차: 53.8%, 2차: 70.5%, 3차: 89.1%
[2025-10-24 08:46:25] INFO: 
[35] 한국항공우주 (047810) 모니터링 중...
[2025-10-24 08:46:26] INFO:   [현재가] 현재가: 101,700원
[2025-10-24 08:46:26] INFO:   [저가] 저가: 100,500원
[2025-10-24 08:46:26] INFO:   [고가] 고가: 102,000원
[2025-10-24 08:46:26] INFO:   [매수선] 1차: 82,100원, 2차: 74,000원, 3차: 66,700원
[2025-10-24 08:46:26] INFO:   [이격도] 1차: 23.9%, 2차: 37.4%, 3차: 52.5%
[2025-10-24 08:46:26] INFO: 
[36] 지투지바이오 (456160) 모니터링 중...
[2025-10-24 08:46:26] INFO:   [현재가] 현재가: 179,700원
[2025-10-24 08:46:26] INFO:   [저가] 저가: 179,700원
[2025-10-24 08:46:26] INFO:   [고가] 고가: 179,700원
[2025-10-24 08:46:26] INFO:   [매수선] 1차: 155,200원, 2차: 139,800원, 3차: 126,000원
[2025-10-24 08:46:26] INFO:   [이격도] 1차: 15.8%, 2차: 28.5%, 3차: 42.6%
[2025-10-24 08:46:26] INFO: 
[37] 농심 (004370) 모니터링 중...
[2025-10-24 08:46:27] INFO:   [현재가] 현재가: 435,500원
[2025-10-24 08:46:27] INFO:   [저가] 저가: 434,000원
[2025-10-24 08:46:27] INFO:   [고가] 고가: 446,500원
[2025-10-24 08:46:27] INFO:   [매수선] 1차: 347,500원, 2차: 313,500원, 3차: 283,000원
[2025-10-24 08:46:27] INFO:   [이격도] 1차: 25.3%, 2차: 38.9%, 3차: 53.9%
[2025-10-24 08:46:27] INFO: 
[38] SK오션플랜트 (100090) 모니터링 중...
[2025-10-24 08:46:28] INFO:   [현재가] 현재가: 22,350원
[2025-10-24 08:46:28] INFO:   [저가] 저가: 22,350원
[2025-10-24 08:46:28] INFO:   [고가] 고가: 22,350원
[2025-10-24 08:46:28] INFO:   [매수선] 1차: 18,670원, 2차: 16,820원, 3차: 15,150원
[2025-10-24 08:46:28] INFO:   [이격도] 1차: 19.7%, 2차: 32.9%, 3차: 47.5%
[2025-10-24 08:46:28] INFO: 
[39] HJ중공업 (097230) 모니터링 중...
[2025-10-24 08:46:28] INFO:   [현재가] 현재가: 28,350원
[2025-10-24 08:46:28] INFO:   [저가] 저가: 28,350원
[2025-10-24 08:46:28] INFO:   [고가] 고가: 28,350원
[2025-10-24 08:46:28] INFO:   [매수선] 1차: 21,200원, 2차: 19,090원, 3차: 17,200원
[2025-10-24 08:46:28] INFO:   [이격도] 1차: 33.7%, 2차: 48.5%, 3차: 64.8%
[2025-10-24 08:46:28] INFO: 
[40] 세진중공업 (075580) 모니터링 중...
[2025-10-24 08:46:29] INFO:   [현재가] 현재가: 22,500원
[2025-10-24 08:46:29] INFO:   [저가] 저가: 22,500원
[2025-10-24 08:46:29] INFO:   [고가] 고가: 22,500원
[2025-10-24 08:46:29] INFO:   [매수선] 1차: 16,820원, 2차: 15,150원, 3차: 13,650원
[2025-10-24 08:46:29] INFO:   [이격도] 1차: 33.8%, 2차: 48.5%, 3차: 64.8%
[2025-10-24 08:46:29] INFO: 
[41] 엘앤씨바이오 (290650) 모니터링 중...
[2025-10-24 08:46:29] INFO:   [현재가] 현재가: 51,900원
[2025-10-24 08:46:29] INFO:   [저가] 저가: 51,600원
[2025-10-24 08:46:29] INFO:   [고가] 고가: 52,500원
[2025-10-24 08:46:29] INFO:   [매수선] 1차: 41,300원, 2차: 37,250원, 3차: 33,600원
[2025-10-24 08:46:29] INFO:   [이격도] 1차: 25.7%, 2차: 39.3%, 3차: 54.5%
[2025-10-24 08:46:29] INFO: 
[42] 한화엔진 (082740) 모니터링 중...
[2025-10-24 08:46:30] INFO:   [현재가] 현재가: 48,600원
[2025-10-24 08:46:30] INFO:   [저가] 저가: 48,600원
[2025-10-24 08:46:30] INFO:   [고가] 고가: 48,600원
[2025-10-24 08:46:30] INFO:   [매수선] 1차: 36,400원, 2차: 32,850원, 3차: 29,650원
[2025-10-24 08:46:30] INFO:   [이격도] 1차: 33.5%, 2차: 47.9%, 3차: 63.9%
[2025-10-24 08:46:30] INFO: 
[43] 현대힘스 (460930) 모니터링 중...
[2025-10-24 08:46:31] INFO:   [현재가] 현재가: 22,750원
[2025-10-24 08:46:31] INFO:   [저가] 저가: 22,750원
[2025-10-24 08:46:31] INFO:   [고가] 고가: 22,750원
[2025-10-24 08:46:31] INFO:   [매수선] 1차: 19,440원, 2차: 17,510원, 3차: 15,770원
[2025-10-24 08:46:31] INFO:   [이격도] 1차: 17.0%, 2차: 29.9%, 3차: 44.3%
[2025-10-24 08:46:31] INFO: 
[44] HD한국조선해양 (009540) 모니터링 중...
[2025-10-24 08:46:31] INFO:   [현재가] 현재가: 450,500원
[2025-10-24 08:46:31] INFO:   [저가] 저가: 448,500원
[2025-10-24 08:46:31] INFO:   [고가] 고가: 453,000원
[2025-10-24 08:46:31] INFO:   [매수선] 1차: 330,500원, 2차: 298,000원, 3차: 269,000원
[2025-10-24 08:46:31] INFO:   [이격도] 1차: 36.3%, 2차: 51.2%, 3차: 67.5%
[2025-10-24 08:46:31] INFO: 
[45] HD현대미포 (010620) 모니터링 중...
[2025-10-24 08:46:32] INFO:   [현재가] 현재가: 230,000원
[2025-10-24 08:46:32] INFO:   [저가] 저가: 228,000원
[2025-10-24 08:46:32] INFO:   [고가] 고가: 234,000원
[2025-10-24 08:46:32] INFO:   [매수선] 1차: 162,300원, 2차: 146,200원, 3차: 131,700원
[2025-10-24 08:46:32] INFO:   [이격도] 1차: 41.7%, 2차: 57.3%, 3차: 74.6%
[2025-10-24 08:46:32] INFO: 
[46] 삼성중공업 (010140) 모니터링 중...
[2025-10-24 08:46:32] INFO:   [현재가] 현재가: 24,350원
[2025-10-24 08:46:32] INFO:   [저가] 저가: 24,050원
[2025-10-24 08:46:32] INFO:   [고가] 고가: 24,500원
[2025-10-24 08:46:32] INFO:   [매수선] 1차: 17,540원, 2차: 15,800원, 3차: 14,230원
[2025-10-24 08:46:32] INFO:   [이격도] 1차: 38.8%, 2차: 54.1%, 3차: 71.1%
[2025-10-24 08:46:32] INFO: 
[47] 효성중공업 (298040) 모니터링 중...
[2025-10-24 08:46:33] INFO:   [현재가] 현재가: 1,882,000원
[2025-10-24 08:46:33] INFO:   [저가] 저가: 1,832,000원
[2025-10-24 08:46:33] INFO:   [고가] 고가: 1,886,000원
[2025-10-24 08:46:33] INFO:   [매수선] 1차: 1,190,000원, 2차: 1,072,000원, 3차: 966,000원
[2025-10-24 08:46:33] INFO:   [이격도] 1차: 58.2%, 2차: 75.6%, 3차: 94.8%
[2025-10-24 08:46:33] INFO: 
[48] LIG넥스원 (079550) 모니터링 중...
[2025-10-24 08:46:33] INFO:   [현재가] 현재가: 468,500원
[2025-10-24 08:46:33] INFO:   [저가] 저가: 462,500원
[2025-10-24 08:46:33] INFO:   [고가] 고가: 471,000원
[2025-10-24 08:46:33] INFO:   [매수선] 1차: 377,500원, 2차: 340,500원, 3차: 307,000원
[2025-10-24 08:46:33] INFO:   [이격도] 1차: 24.1%, 2차: 37.6%, 3차: 52.6%
[2025-10-24 08:46:33] INFO: 
[49] 에스엔시스 (0008Z0) 모니터링 중...
[2025-10-24 08:46:34] INFO:   [현재가] 현재가: 42,800원
[2025-10-24 08:46:34] INFO:   [저가] 저가: 42,800원
[2025-10-24 08:46:34] INFO:   [고가] 고가: 42,800원
[2025-10-24 08:46:34] INFO:   [매수선] 1차: 32,850원, 2차: 29,650원, 3차: 26,750원
[2025-10-24 08:46:34] INFO:   [이격도] 1차: 30.3%, 2차: 44.4%, 3차: 60.0%
[2025-10-24 08:46:34] INFO: 
[50] 삼양컴텍 (484590) 모니터링 중...
[2025-10-24 08:46:34] INFO:   [현재가] 현재가: 17,230원
[2025-10-24 08:46:34] INFO:   [저가] 저가: 17,230원
[2025-10-24 08:46:34] INFO:   [고가] 고가: 17,230원
[2025-10-24 08:46:34] INFO:   [매수선] 1차: 14,070원, 2차: 12,680원, 3차: 11,430원
[2025-10-24 08:46:34] INFO:   [이격도] 1차: 22.5%, 2차: 35.9%, 3차: 50.7%
[2025-10-24 08:46:34] INFO: 
[51] 에이비엘바이오 (298380) 모니터링 중...
[2025-10-24 08:46:35] INFO:   [현재가] 현재가: 86,400원
[2025-10-24 08:46:35] INFO:   [저가] 저가: 85,000원
[2025-10-24 08:46:35] INFO:   [고가] 고가: 86,400원
[2025-10-24 08:46:35] INFO:   [매수선] 1차: 73,300원, 2차: 66,100원, 3차: 59,600원
[2025-10-24 08:46:35] INFO:   [이격도] 1차: 17.9%, 2차: 30.7%, 3차: 45.0%
[2025-10-24 08:46:35] INFO: 
[52] LG디스플레이 (034220) 모니터링 중...
[2025-10-24 08:46:36] INFO:   [현재가] 현재가: 14,250원
[2025-10-24 08:46:36] INFO:   [저가] 저가: 14,200원
[2025-10-24 08:46:36] INFO:   [고가] 고가: 14,310원
[2025-10-24 08:46:36] INFO:   [매수선] 1차: 11,330원, 2차: 10,210원, 3차: 9,200원
[2025-10-24 08:46:36] INFO:   [이격도] 1차: 25.8%, 2차: 39.6%, 3차: 54.9%
[2025-10-24 08:46:36] INFO: 
[53] 대한조선 (439260) 모니터링 중...
[2025-10-24 08:46:36] INFO:   [현재가] 현재가: 77,400원
[2025-10-24 08:46:36] INFO:   [저가] 저가: 77,400원
[2025-10-24 08:46:36] INFO:   [고가] 고가: 77,400원
[2025-10-24 08:46:36] INFO:   [매수선] 1차: 62,500원, 2차: 56,400원, 3차: 50,900원
[2025-10-24 08:46:36] INFO:   [이격도] 1차: 23.8%, 2차: 37.2%, 3차: 52.1%
[2025-10-24 08:46:36] INFO: 
[54] 에이피알 (278470) 모니터링 중...
[2025-10-24 08:46:37] INFO:   [현재가] 현재가: 247,500원
[2025-10-24 08:46:37] INFO:   [저가] 저가: 244,000원
[2025-10-24 08:46:37] INFO:   [고가] 고가: 248,500원
[2025-10-24 08:46:37] INFO:   [매수선] 1차: 190,300원, 2차: 171,400원, 3차: 154,400원
[2025-10-24 08:46:37] INFO:   [이격도] 1차: 30.1%, 2차: 44.4%, 3차: 60.3%
[2025-10-24 08:46:37] INFO: 
[55] SK바이오팜 (326030) 모니터링 중...
[2025-10-24 08:46:37] INFO:   [현재가] 현재가: 106,800원
[2025-10-24 08:46:37] INFO:   [저가] 저가: 106,600원
[2025-10-24 08:46:37] INFO:   [고가] 고가: 107,300원
[2025-10-24 08:46:37] INFO:   [매수선] 1차: 82,800원, 2차: 74,700원, 3차: 67,400원
[2025-10-24 08:46:37] INFO:   [이격도] 1차: 29.0%, 2차: 43.0%, 3차: 58.5%
[2025-10-24 08:46:37] INFO: 
[56] 한화에어로스페이스 (012450) 모니터링 중...
[2025-10-24 08:46:38] INFO:   [현재가] 현재가: 1,044,000원
[2025-10-24 08:46:38] INFO:   [저가] 저가: 1,038,000원
[2025-10-24 08:46:38] INFO:   [고가] 고가: 1,054,000원
[2025-10-24 08:46:38] INFO:   [매수선] 1차: 805,000원, 2차: 726,000원, 3차: 655,000원
[2025-10-24 08:46:38] INFO:   [이격도] 1차: 29.7%, 2차: 43.8%, 3차: 59.4%
[2025-10-24 08:46:38] INFO: 
[57] 한화시스템 (272210) 모니터링 중...
[2025-10-24 08:46:39] INFO:   [현재가] 현재가: 56,100원
[2025-10-24 08:46:39] INFO:   [저가] 저가: 55,700원
[2025-10-24 08:46:39] INFO:   [고가] 고가: 57,000원
[2025-10-24 08:46:39] INFO:   [매수선] 1차: 44,850원, 2차: 40,450원, 3차: 36,500원
[2025-10-24 08:46:39] INFO:   [이격도] 1차: 25.1%, 2차: 38.7%, 3차: 53.7%
[2025-10-24 08:46:39] INFO: 
[58] 한화솔루션 (009830) 모니터링 중...
[2025-10-24 08:46:39] INFO:   [현재가] 현재가: 30,750원
[2025-10-24 08:46:39] INFO:   [저가] 저가: 30,550원
[2025-10-24 08:46:39] INFO:   [고가] 고가: 30,950원
[2025-10-24 08:46:39] INFO:   [매수선] 1차: 23,100원, 2차: 20,850원, 3차: 18,780원
[2025-10-24 08:46:39] INFO:   [이격도] 1차: 33.1%, 2차: 47.5%, 3차: 63.7%
[2025-10-24 08:46:39] INFO: 
[59] 삼성전기 (009150) 모니터링 중...
[2025-10-24 08:46:40] INFO:   [현재가] 현재가: 222,500원
[2025-10-24 08:46:40] INFO:   [저가] 저가: 221,000원
[2025-10-24 08:46:40] INFO:   [고가] 고가: 225,500원
[2025-10-24 08:46:40] INFO:   [매수선] 1차: 161,100원, 2차: 145,100원, 3차: 130,700원
[2025-10-24 08:46:40] INFO:   [이격도] 1차: 38.1%, 2차: 53.3%, 3차: 70.2%
[2025-10-24 08:46:40] INFO: 
[60] 한화비전 (489790) 모니터링 중...
[2025-10-24 08:46:40] INFO:   [현재가] 현재가: 52,400원
[2025-10-24 08:46:40] INFO:   [저가] 저가: 51,900원
[2025-10-24 08:46:40] INFO:   [고가] 고가: 52,500원
[2025-10-24 08:46:40] INFO:   [매수선] 1차: 42,750원, 2차: 38,550원, 3차: 34,750원
[2025-10-24 08:46:40] INFO:   [이격도] 1차: 22.6%, 2차: 35.9%, 3차: 50.8%
[2025-10-24 08:46:40] INFO: 
[61] HD현대인프라코어 (042670) 모니터링 중...
[2025-10-24 08:46:41] INFO:   [현재가] 현재가: 17,110원
[2025-10-24 08:46:41] INFO:   [저가] 저가: 16,990원
[2025-10-24 08:46:41] INFO:   [고가] 고가: 17,350원
[2025-10-24 08:46:41] INFO:   [매수선] 1차: 12,180원, 2차: 10,980원, 3차: 9,900원
[2025-10-24 08:46:41] INFO:   [이격도] 1차: 40.5%, 2차: 55.8%, 3차: 72.8%
[2025-10-24 08:46:41] INFO: 
[62] 도우인시스 (484120) 모니터링 중...
[2025-10-24 08:46:41] INFO:   [현재가] 현재가: 29,200원
[2025-10-24 08:46:41] INFO:   [저가] 저가: 29,000원
[2025-10-24 08:46:41] INFO:   [고가] 고가: 29,400원
[2025-10-24 08:46:41] INFO:   [매수선] 1차: 23,650원, 2차: 21,350원, 3차: 19,230원
[2025-10-24 08:46:41] INFO:   [이격도] 1차: 23.5%, 2차: 36.8%, 3차: 51.8%
[2025-10-24 08:46:41] INFO: 
[63] KBI동양철관 (008970) 모니터링 중...
[2025-10-24 08:46:42] INFO:   [현재가] 현재가: 2,720원
[2025-10-24 08:46:42] INFO:   [저가] 저가: 2,720원
[2025-10-24 08:46:42] INFO:   [고가] 고가: 2,720원
[2025-10-24 08:46:42] INFO:   [매수선] 1차: 2,045원, 2차: 1,842원, 3차: 1,659원
[2025-10-24 08:46:42] INFO:   [이격도] 1차: 33.0%, 2차: 47.7%, 3차: 64.0%
[2025-10-24 08:46:42] INFO: 
[64] YG PLUS (037270) 모니터링 중...
[2025-10-24 08:46:42] INFO:   [현재가] 현재가: 6,510원
[2025-10-24 08:46:42] INFO:   [저가] 저가: 6,510원
[2025-10-24 08:46:42] INFO:   [고가] 고가: 6,510원
[2025-10-24 08:46:42] INFO:   [매수선] 1차: 5,810원, 2차: 5,240원, 3차: 4,725원
[2025-10-24 08:46:42] INFO:   [이격도] 1차: 12.0%, 2차: 24.2%, 3차: 37.8%
[2025-10-24 08:46:42] INFO: 
[65] 리가켐바이오 (141080) 모니터링 중...
[2025-10-24 08:46:43] INFO:   [현재가] 현재가: 135,400원
[2025-10-24 08:46:43] INFO:   [저가] 저가: 134,200원
[2025-10-24 08:46:43] INFO:   [고가] 고가: 136,500원
[2025-10-24 08:46:43] INFO:   [매수선] 1차: 114,300원, 2차: 103,000원, 3차: 92,800원
[2025-10-24 08:46:43] INFO:   [이격도] 1차: 18.5%, 2차: 31.5%, 3차: 45.9%
[2025-10-24 08:46:43] INFO: 
[66] 쿠콘 (294570) 모니터링 중...
[2025-10-24 08:46:44] INFO:   [현재가] 현재가: 37,400원
[2025-10-24 08:46:44] INFO:   [저가] 저가: 37,050원
[2025-10-24 08:46:44] INFO:   [고가] 고가: 37,600원
[2025-10-24 08:46:44] INFO:   [매수선] 1차: 30,450원, 2차: 27,500원, 3차: 24,800원
[2025-10-24 08:46:44] INFO:   [이격도] 1차: 22.8%, 2차: 36.0%, 3차: 50.8%
[2025-10-24 08:46:44] INFO: 
[67] 파인엠텍 (441270) 모니터링 중...
[2025-10-24 08:46:44] INFO:   [현재가] 현재가: 9,010원
[2025-10-24 08:46:44] INFO:   [저가] 저가: 9,010원
[2025-10-24 08:46:44] INFO:   [고가] 고가: 9,010원
[2025-10-24 08:46:44] INFO:   [매수선] 1차: 8,250원, 2차: 7,440원, 3차: 6,710원
[2025-10-24 08:46:44] INFO:   [이격도] 1차: 9.2%, 2차: 21.1%, 3차: 34.3%
[2025-10-24 08:46:44] INFO: 
[68] SK스퀘어 (402340) 모니터링 중...
[2025-10-24 08:46:45] INFO:   [현재가] 현재가: 257,500원
[2025-10-24 08:46:45] INFO:   [저가] 저가: 253,000원
[2025-10-24 08:46:45] INFO:   [고가] 고가: 259,500원
[2025-10-24 08:46:45] INFO:   [매수선] 1차: 184,200원, 2차: 165,900원, 3차: 149,500원
[2025-10-24 08:46:45] INFO:   [이격도] 1차: 39.8%, 2차: 55.2%, 3차: 72.2%
[2025-10-24 08:46:45] INFO: 
[69] POSCO홀딩스 (005490) 모니터링 중...
[2025-10-24 08:46:45] INFO:   [현재가] 현재가: 311,500원
[2025-10-24 08:46:45] INFO:   [저가] 저가: 307,500원
[2025-10-24 08:46:45] INFO:   [고가] 고가: 314,000원
[2025-10-24 08:46:45] INFO:   [매수선] 1차: 224,000원, 2차: 202,500원, 3차: 182,400원
[2025-10-24 08:46:45] INFO:   [이격도] 1차: 39.1%, 2차: 53.8%, 3차: 70.8%
[2025-10-24 08:46:45] INFO: 
[70] HD현대건설기계 (267270) 모니터링 중...
[2025-10-24 08:46:46] INFO:   [현재가] 현재가: 114,900원
[2025-10-24 08:46:46] INFO:   [저가] 저가: 114,900원
[2025-10-24 08:46:46] INFO:   [고가] 고가: 114,900원
[2025-10-24 08:46:46] INFO:   [매수선] 1차: 76,600원, 2차: 69,100원, 3차: 62,300원
[2025-10-24 08:46:46] INFO:   [이격도] 1차: 50.0%, 2차: 66.3%, 3차: 84.4%
[2025-10-24 08:46:46] INFO: 
[71] 한화 (000880) 모니터링 중...
[2025-10-24 08:46:47] INFO:   [현재가] 현재가: 95,900원
[2025-10-24 08:46:47] INFO:   [저가] 저가: 93,000원
[2025-10-24 08:46:47] INFO:   [고가] 고가: 96,500원
[2025-10-24 08:46:47] INFO:   [매수선] 1차: 68,500원, 2차: 61,800원, 3차: 55,800원
[2025-10-24 08:46:47] INFO:   [이격도] 1차: 40.0%, 2차: 55.2%, 3차: 71.9%
[2025-10-24 08:46:47] INFO: 
[72] SK (034730) 모니터링 중...
