[2025-10-16 05:19:37] INFO: ================================================================================
[2025-10-16 05:19:37] INFO: 🔍 실시간 주식 모니터링 시작 (개선된 버전)
[2025-10-16 05:19:37] INFO: ⏰ 기본 모니터링 간격: 10초 (0분)
[2025-10-16 05:19:37] INFO: 🕐 모니터링 시간: 08:00-20:00
[2025-10-16 05:19:37] INFO: 📊 동적 간격: 1% 이내(1분), 3% 이내(3분), 10% 이내(10분)
[2025-10-16 05:19:37] INFO: 🎯 저가 기준 터치 감지 활성화
[2025-10-16 05:19:37] INFO: ================================================================================
[2025-10-16 05:19:37] INFO: 
[사이클 1] 모니터링 시간대가 아닙니다 (08:00-20:00)
[2025-10-16 05:19:37] INFO: ⏰ 0분 후 재확인...
[2025-10-16 05:19:47] INFO: 
[사이클 2] 모니터링 시간대가 아닙니다 (08:00-20:00)
[2025-10-16 05:19:47] INFO: ⏰ 0분 후 재확인...
[2025-10-16 05:19:57] INFO: 
[사이클 3] 모니터링 시간대가 아닙니다 (08:00-20:00)
[2025-10-16 05:19:57] INFO: ⏰ 0분 후 재확인...
[2025-10-16 05:20:07] INFO: 
[사이클 4] 모니터링 시간대가 아닙니다 (08:00-20:00)
[2025-10-16 05:20:07] INFO: ⏰ 0분 후 재확인...
[2025-10-16 05:20:17] INFO: 
[사이클 5] 모니터링 시간대가 아닙니다 (08:00-20:00)
[2025-10-16 05:20:17] INFO: ⏰ 0분 후 재확인...
[2025-10-16 05:20:27] INFO: 
[사이클 6] 모니터링 시간대가 아닙니다 (08:00-20:00)
[2025-10-16 05:20:27] INFO: ⏰ 0분 후 재확인...
[2025-10-16 05:20:37] INFO: 
[사이클 7] 모니터링 시간대가 아닙니다 (08:00-20:00)
[2025-10-16 05:20:37] INFO: ⏰ 0분 후 재확인...
[2025-10-16 05:20:47] INFO: 
[사이클 8] 모니터링 시간대가 아닙니다 (08:00-20:00)
[2025-10-16 05:20:47] INFO: ⏰ 0분 후 재확인...
[2025-10-16 05:20:57] INFO: 
[사이클 9] 모니터링 시간대가 아닙니다 (08:00-20:00)
[2025-10-16 05:20:57] INFO: ⏰ 0분 후 재확인...
[2025-10-16 05:21:07] INFO: 
[사이클 10] 모니터링 시간대가 아닙니다 (08:00-20:00)
[2025-10-16 05:21:07] INFO: ⏰ 0분 후 재확인...
[2025-10-16 05:21:17] INFO: 
[사이클 11] 모니터링 시간대가 아닙니다 (08:00-20:00)
[2025-10-16 05:21:17] INFO: ⏰ 0분 후 재확인...
[2025-10-16 05:21:27] INFO: 
[사이클 12] 모니터링 시간대가 아닙니다 (08:00-20:00)
[2025-10-16 05:21:27] INFO: ⏰ 0분 후 재확인...
[2025-10-16 05:21:37] INFO: 
[사이클 13] 모니터링 시간대가 아닙니다 (08:00-20:00)
[2025-10-16 05:21:37] INFO: ⏰ 0분 후 재확인...
[2025-10-16 05:21:47] INFO: 
[사이클 14] 모니터링 시간대가 아닙니다 (08:00-20:00)
[2025-10-16 05:21:47] INFO: ⏰ 0분 후 재확인...
[2025-10-16 05:21:57] INFO: 
[사이클 15] 모니터링 시간대가 아닙니다 (08:00-20:00)
[2025-10-16 05:21:57] INFO: ⏰ 0분 후 재확인...
[2025-10-16 05:22:07] INFO: 
[사이클 16] 모니터링 시간대가 아닙니다 (08:00-20:00)
[2025-10-16 05:22:07] INFO: ⏰ 0분 후 재확인...
[2025-10-16 05:22:17] INFO: 
[사이클 17] 모니터링 시간대가 아닙니다 (08:00-20:00)
[2025-10-16 05:22:17] INFO: ⏰ 0분 후 재확인...
[2025-10-16 05:22:27] INFO: 
[사이클 18] 모니터링 시간대가 아닙니다 (08:00-20:00)
[2025-10-16 05:22:27] INFO: ⏰ 0분 후 재확인...
[2025-10-16 05:22:37] INFO: 
[사이클 19] 모니터링 시간대가 아닙니다 (08:00-20:00)
[2025-10-16 05:22:37] INFO: ⏰ 0분 후 재확인...
[2025-10-16 05:22:47] INFO: 
[사이클 20] 모니터링 시간대가 아닙니다 (08:00-20:00)
[2025-10-16 05:22:47] INFO: ⏰ 0분 후 재확인...
[2025-10-16 05:22:57] INFO: 
[사이클 21] 모니터링 시간대가 아닙니다 (08:00-20:00)
[2025-10-16 05:22:57] INFO: ⏰ 0분 후 재확인...
[2025-10-16 05:23:07] INFO: 
[사이클 22] 모니터링 시간대가 아닙니다 (08:00-20:00)
[2025-10-16 05:23:07] INFO: ⏰ 0분 후 재확인...
[2025-10-16 05:23:17] INFO: 
[사이클 23] 모니터링 시간대가 아닙니다 (08:00-20:00)
[2025-10-16 05:23:17] INFO: ⏰ 0분 후 재확인...
[2025-10-16 05:23:27] INFO: 
[사이클 24] 모니터링 시간대가 아닙니다 (08:00-20:00)
[2025-10-16 05:23:27] INFO: ⏰ 0분 후 재확인...
[2025-10-16 05:23:37] INFO: 
[사이클 25] 모니터링 시간대가 아닙니다 (08:00-20:00)
[2025-10-16 05:23:37] INFO: ⏰ 0분 후 재확인...
[2025-10-16 05:23:47] INFO: 
[사이클 26] 모니터링 시간대가 아닙니다 (08:00-20:00)
[2025-10-16 05:23:47] INFO: ⏰ 0분 후 재확인...
[2025-10-16 05:23:57] INFO: 
[사이클 27] 모니터링 시간대가 아닙니다 (08:00-20:00)
[2025-10-16 05:23:57] INFO: ⏰ 0분 후 재확인...
[2025-10-16 05:24:07] INFO: 
[사이클 28] 모니터링 시간대가 아닙니다 (08:00-20:00)
[2025-10-16 05:24:07] INFO: ⏰ 0분 후 재확인...
[2025-10-16 05:24:17] INFO: 
[사이클 29] 모니터링 시간대가 아닙니다 (08:00-20:00)
[2025-10-16 05:24:17] INFO: ⏰ 0분 후 재확인...
[2025-10-16 05:24:27] INFO: 
[사이클 30] 모니터링 시간대가 아닙니다 (08:00-20:00)
[2025-10-16 05:24:27] INFO: ⏰ 0분 후 재확인...
[2025-10-16 05:24:37] INFO: 
[사이클 31] 모니터링 시간대가 아닙니다 (08:00-20:00)
[2025-10-16 05:24:37] INFO: ⏰ 0분 후 재확인...
[2025-10-16 05:24:47] INFO: 
[사이클 32] 모니터링 시간대가 아닙니다 (08:00-20:00)
[2025-10-16 05:24:47] INFO: ⏰ 0분 후 재확인...
[2025-10-16 05:24:57] INFO: 
[사이클 33] 모니터링 시간대가 아닙니다 (08:00-20:00)
[2025-10-16 05:24:57] INFO: ⏰ 0분 후 재확인...
[2025-10-16 05:25:07] INFO: 
[사이클 34] 모니터링 시간대가 아닙니다 (08:00-20:00)
[2025-10-16 05:25:07] INFO: ⏰ 0분 후 재확인...
[2025-10-16 05:25:17] INFO: 
[사이클 35] 모니터링 시간대가 아닙니다 (08:00-20:00)
[2025-10-16 05:25:17] INFO: ⏰ 0분 후 재확인...
[2025-10-16 05:25:27] INFO: 
[사이클 36] 모니터링 시간대가 아닙니다 (08:00-20:00)
[2025-10-16 05:25:27] INFO: ⏰ 0분 후 재확인...
[2025-10-16 05:25:37] INFO: 
[사이클 37] 모니터링 시간대가 아닙니다 (08:00-20:00)
[2025-10-16 05:25:37] INFO: ⏰ 0분 후 재확인...
[2025-10-16 05:25:47] INFO: 
[사이클 38] 모니터링 시간대가 아닙니다 (08:00-20:00)
[2025-10-16 05:25:47] INFO: ⏰ 0분 후 재확인...
[2025-10-16 05:25:57] INFO: 
[사이클 39] 모니터링 시간대가 아닙니다 (08:00-20:00)
[2025-10-16 05:25:57] INFO: ⏰ 0분 후 재확인...
[2025-10-16 05:26:07] INFO: 
[사이클 40] 모니터링 시간대가 아닙니다 (08:00-20:00)
[2025-10-16 05:26:07] INFO: ⏰ 0분 후 재확인...
[2025-10-16 05:26:17] INFO: 
[사이클 41] 모니터링 시간대가 아닙니다 (08:00-20:00)
[2025-10-16 05:26:17] INFO: ⏰ 0분 후 재확인...
[2025-10-16 05:26:27] INFO: 
[사이클 42] 모니터링 시간대가 아닙니다 (08:00-20:00)
[2025-10-16 05:26:27] INFO: ⏰ 0분 후 재확인...
[2025-10-16 05:26:37] INFO: 
[사이클 43] 모니터링 시간대가 아닙니다 (08:00-20:00)
[2025-10-16 05:26:37] INFO: ⏰ 0분 후 재확인...
[2025-10-16 05:26:47] INFO: 
[사이클 44] 모니터링 시간대가 아닙니다 (08:00-20:00)
[2025-10-16 05:26:47] INFO: ⏰ 0분 후 재확인...
[2025-10-16 05:26:57] INFO: 
[사이클 45] 모니터링 시간대가 아닙니다 (08:00-20:00)
[2025-10-16 05:26:57] INFO: ⏰ 0분 후 재확인...
[2025-10-16 05:27:07] INFO: 
[사이클 46] 모니터링 시간대가 아닙니다 (08:00-20:00)
[2025-10-16 05:27:07] INFO: ⏰ 0분 후 재확인...
[2025-10-16 05:27:17] INFO: 
[사이클 47] 모니터링 시간대가 아닙니다 (08:00-20:00)
[2025-10-16 05:27:17] INFO: ⏰ 0분 후 재확인...
[2025-10-16 05:27:27] INFO: 
[사이클 48] 모니터링 시간대가 아닙니다 (08:00-20:00)
[2025-10-16 05:27:27] INFO: ⏰ 0분 후 재확인...
[2025-10-16 05:27:37] INFO: 
[사이클 49] 모니터링 시간대가 아닙니다 (08:00-20:00)
[2025-10-16 05:27:37] INFO: ⏰ 0분 후 재확인...
[2025-10-16 05:27:47] INFO: 
[사이클 50] 모니터링 시간대가 아닙니다 (08:00-20:00)
[2025-10-16 05:27:47] INFO: ⏰ 0분 후 재확인...
[2025-10-16 05:27:57] INFO: 
[사이클 51] 모니터링 시간대가 아닙니다 (08:00-20:00)
[2025-10-16 05:27:57] INFO: ⏰ 0분 후 재확인...
[2025-10-16 05:28:07] INFO: 
[사이클 52] 모니터링 시간대가 아닙니다 (08:00-20:00)
[2025-10-16 05:28:07] INFO: ⏰ 0분 후 재확인...
[2025-10-16 05:28:17] INFO: 
[사이클 53] 모니터링 시간대가 아닙니다 (08:00-20:00)
[2025-10-16 05:28:17] INFO: ⏰ 0분 후 재확인...
[2025-10-16 05:28:27] INFO: 
[사이클 54] 모니터링 시간대가 아닙니다 (08:00-20:00)
[2025-10-16 05:28:27] INFO: ⏰ 0분 후 재확인...
[2025-10-16 05:28:37] INFO: 
[사이클 55] 모니터링 시간대가 아닙니다 (08:00-20:00)
[2025-10-16 05:28:37] INFO: ⏰ 0분 후 재확인...
[2025-10-16 05:28:47] INFO: 
[사이클 56] 모니터링 시간대가 아닙니다 (08:00-20:00)
[2025-10-16 05:28:47] INFO: ⏰ 0분 후 재확인...
[2025-10-16 05:28:57] INFO: 
[사이클 57] 모니터링 시간대가 아닙니다 (08:00-20:00)
[2025-10-16 05:28:57] INFO: ⏰ 0분 후 재확인...
[2025-10-16 05:29:07] INFO: 
[사이클 58] 모니터링 시간대가 아닙니다 (08:00-20:00)
[2025-10-16 05:29:07] INFO: ⏰ 0분 후 재확인...
[2025-10-16 05:29:17] INFO: 
[사이클 59] 모니터링 시간대가 아닙니다 (08:00-20:00)
[2025-10-16 05:29:17] INFO: ⏰ 0분 후 재확인...
[2025-10-16 05:29:27] INFO: 
[사이클 60] 모니터링 시간대가 아닙니다 (08:00-20:00)
[2025-10-16 05:29:27] INFO: ⏰ 0분 후 재확인...
[2025-10-16 05:29:37] INFO: 
[사이클 61] 모니터링 시간대가 아닙니다 (08:00-20:00)
[2025-10-16 05:29:37] INFO: ⏰ 0분 후 재확인...
[2025-10-16 05:29:47] INFO: 
[사이클 62] 모니터링 시간대가 아닙니다 (08:00-20:00)
[2025-10-16 05:29:47] INFO: ⏰ 0분 후 재확인...
[2025-10-16 05:29:57] INFO: 
[사이클 63] 모니터링 시간대가 아닙니다 (08:00-20:00)
[2025-10-16 05:29:57] INFO: ⏰ 0분 후 재확인...
[2025-10-16 05:30:07] INFO: 
[사이클 64] 모니터링 시간대가 아닙니다 (08:00-20:00)
[2025-10-16 05:30:07] INFO: ⏰ 0분 후 재확인...
[2025-10-16 05:30:17] INFO: 
[사이클 65] 모니터링 시간대가 아닙니다 (08:00-20:00)
[2025-10-16 05:30:17] INFO: ⏰ 0분 후 재확인...
[2025-10-16 05:30:27] INFO: 
[사이클 66] 모니터링 시간대가 아닙니다 (08:00-20:00)
[2025-10-16 05:30:27] INFO: ⏰ 0분 후 재확인...
[2025-10-16 05:30:37] INFO: 
[사이클 67] 모니터링 시간대가 아닙니다 (08:00-20:00)
[2025-10-16 05:30:37] INFO: ⏰ 0분 후 재확인...
[2025-10-16 05:30:47] INFO: 
[사이클 68] 모니터링 시간대가 아닙니다 (08:00-20:00)
[2025-10-16 05:30:47] INFO: ⏰ 0분 후 재확인...
[2025-10-16 05:30:57] INFO: 
[사이클 69] 모니터링 시간대가 아닙니다 (08:00-20:00)
[2025-10-16 05:30:57] INFO: ⏰ 0분 후 재확인...
[2025-10-16 05:31:07] INFO: 
[사이클 70] 모니터링 시간대가 아닙니다 (08:00-20:00)
[2025-10-16 05:31:07] INFO: ⏰ 0분 후 재확인...
[2025-10-16 05:31:17] INFO: 
[사이클 71] 모니터링 시간대가 아닙니다 (08:00-20:00)
[2025-10-16 05:31:17] INFO: ⏰ 0분 후 재확인...
[2025-10-16 05:31:27] INFO: 
[사이클 72] 모니터링 시간대가 아닙니다 (08:00-20:00)
[2025-10-16 05:31:27] INFO: ⏰ 0분 후 재확인...
[2025-10-16 05:31:37] INFO: 
[사이클 73] 모니터링 시간대가 아닙니다 (08:00-20:00)
[2025-10-16 05:31:37] INFO: ⏰ 0분 후 재확인...
[2025-10-16 05:31:47] INFO: 
[사이클 74] 모니터링 시간대가 아닙니다 (08:00-20:00)
[2025-10-16 05:31:47] INFO: ⏰ 0분 후 재확인...
[2025-10-16 05:31:57] INFO: 
[사이클 75] 모니터링 시간대가 아닙니다 (08:00-20:00)
[2025-10-16 05:31:57] INFO: ⏰ 0분 후 재확인...
[2025-10-16 05:32:07] INFO: 
[사이클 76] 모니터링 시간대가 아닙니다 (08:00-20:00)
[2025-10-16 05:32:07] INFO: ⏰ 0분 후 재확인...
[2025-10-16 05:32:17] INFO: 
[사이클 77] 모니터링 시간대가 아닙니다 (08:00-20:00)
[2025-10-16 05:32:17] INFO: ⏰ 0분 후 재확인...
[2025-10-16 05:32:27] INFO: 
[사이클 78] 모니터링 시간대가 아닙니다 (08:00-20:00)
[2025-10-16 05:32:27] INFO: ⏰ 0분 후 재확인...
[2025-10-16 05:32:37] INFO: 
[사이클 79] 모니터링 시간대가 아닙니다 (08:00-20:00)
[2025-10-16 05:32:37] INFO: ⏰ 0분 후 재확인...
[2025-10-16 05:32:47] INFO: 
[사이클 80] 모니터링 시간대가 아닙니다 (08:00-20:00)
[2025-10-16 05:32:47] INFO: ⏰ 0분 후 재확인...
[2025-10-16 05:32:57] INFO: 
[사이클 81] 모니터링 시간대가 아닙니다 (08:00-20:00)
[2025-10-16 05:32:57] INFO: ⏰ 0분 후 재확인...
[2025-10-16 05:33:07] INFO: 
[사이클 82] 모니터링 시간대가 아닙니다 (08:00-20:00)
[2025-10-16 05:33:07] INFO: ⏰ 0분 후 재확인...
[2025-10-16 05:33:17] INFO: 
[사이클 83] 모니터링 시간대가 아닙니다 (08:00-20:00)
[2025-10-16 05:33:17] INFO: ⏰ 0분 후 재확인...
[2025-10-16 05:33:27] INFO: 
[사이클 84] 모니터링 시간대가 아닙니다 (08:00-20:00)
[2025-10-16 05:33:27] INFO: ⏰ 0분 후 재확인...
[2025-10-16 05:33:37] INFO: 
[사이클 85] 모니터링 시간대가 아닙니다 (08:00-20:00)
[2025-10-16 05:33:37] INFO: ⏰ 0분 후 재확인...
[2025-10-16 05:33:47] INFO: 
[사이클 86] 모니터링 시간대가 아닙니다 (08:00-20:00)
[2025-10-16 05:33:47] INFO: ⏰ 0분 후 재확인...
[2025-10-16 05:33:57] INFO: 
[사이클 87] 모니터링 시간대가 아닙니다 (08:00-20:00)
[2025-10-16 05:33:57] INFO: ⏰ 0분 후 재확인...
[2025-10-16 05:34:07] INFO: 
[사이클 88] 모니터링 시간대가 아닙니다 (08:00-20:00)
[2025-10-16 05:34:07] INFO: ⏰ 0분 후 재확인...
[2025-10-16 05:34:17] INFO: 
[사이클 89] 모니터링 시간대가 아닙니다 (08:00-20:00)
[2025-10-16 05:34:17] INFO: ⏰ 0분 후 재확인...
[2025-10-16 05:34:27] INFO: 
[사이클 90] 모니터링 시간대가 아닙니다 (08:00-20:00)
[2025-10-16 05:34:27] INFO: ⏰ 0분 후 재확인...
[2025-10-16 05:34:37] INFO: 
[사이클 91] 모니터링 시간대가 아닙니다 (08:00-20:00)
[2025-10-16 05:34:37] INFO: ⏰ 0분 후 재확인...
[2025-10-16 05:34:47] INFO: 
[사이클 92] 모니터링 시간대가 아닙니다 (08:00-20:00)
[2025-10-16 05:34:47] INFO: ⏰ 0분 후 재확인...
[2025-10-16 05:34:57] INFO: 
[사이클 93] 모니터링 시간대가 아닙니다 (08:00-20:00)
[2025-10-16 05:34:57] INFO: ⏰ 0분 후 재확인...
[2025-10-16 05:35:07] INFO: 
[사이클 94] 모니터링 시간대가 아닙니다 (08:00-20:00)
[2025-10-16 05:35:07] INFO: ⏰ 0분 후 재확인...
[2025-10-16 05:35:17] INFO: 
[사이클 95] 모니터링 시간대가 아닙니다 (08:00-20:00)
[2025-10-16 05:35:17] INFO: ⏰ 0분 후 재확인...
[2025-10-16 05:35:27] INFO: 
[사이클 96] 모니터링 시간대가 아닙니다 (08:00-20:00)
[2025-10-16 05:35:27] INFO: ⏰ 0분 후 재확인...
[2025-10-16 05:35:37] INFO: 
[사이클 97] 모니터링 시간대가 아닙니다 (08:00-20:00)
[2025-10-16 05:35:37] INFO: ⏰ 0분 후 재확인...
[2025-10-16 05:35:47] INFO: 
[사이클 98] 모니터링 시간대가 아닙니다 (08:00-20:00)
[2025-10-16 05:35:47] INFO: ⏰ 0분 후 재확인...
[2025-10-16 05:35:57] INFO: 
[사이클 99] 모니터링 시간대가 아닙니다 (08:00-20:00)
[2025-10-16 05:35:57] INFO: ⏰ 0분 후 재확인...
[2025-10-16 05:36:07] INFO: 
[사이클 100] 모니터링 시간대가 아닙니다 (08:00-20:00)
[2025-10-16 05:36:07] INFO: ⏰ 0분 후 재확인...
[2025-10-16 05:36:17] INFO: 
[사이클 101] 모니터링 시간대가 아닙니다 (08:00-20:00)
[2025-10-16 05:36:17] INFO: ⏰ 0분 후 재확인...
[2025-10-16 05:36:27] INFO: 
[사이클 102] 모니터링 시간대가 아닙니다 (08:00-20:00)
[2025-10-16 05:36:27] INFO: ⏰ 0분 후 재확인...
[2025-10-16 05:36:37] INFO: 
[사이클 103] 모니터링 시간대가 아닙니다 (08:00-20:00)
[2025-10-16 05:36:37] INFO: ⏰ 0분 후 재확인...
[2025-10-16 05:36:47] INFO: 
[사이클 104] 모니터링 시간대가 아닙니다 (08:00-20:00)
[2025-10-16 05:36:47] INFO: ⏰ 0분 후 재확인...
[2025-10-16 05:36:57] INFO: 
[사이클 105] 모니터링 시간대가 아닙니다 (08:00-20:00)
[2025-10-16 05:36:57] INFO: ⏰ 0분 후 재확인...
[2025-10-16 05:37:07] INFO: 
[사이클 106] 모니터링 시간대가 아닙니다 (08:00-20:00)
[2025-10-16 05:37:07] INFO: ⏰ 0분 후 재확인...
[2025-10-16 05:37:17] INFO: 
[사이클 107] 모니터링 시간대가 아닙니다 (08:00-20:00)
[2025-10-16 05:37:17] INFO: ⏰ 0분 후 재확인...
[2025-10-16 05:37:27] INFO: 
[사이클 108] 모니터링 시간대가 아닙니다 (08:00-20:00)
[2025-10-16 05:37:27] INFO: ⏰ 0분 후 재확인...
[2025-10-16 05:37:37] INFO: 
[사이클 109] 모니터링 시간대가 아닙니다 (08:00-20:00)
[2025-10-16 05:37:37] INFO: ⏰ 0분 후 재확인...
[2025-10-16 05:37:47] INFO: 
[사이클 110] 모니터링 시간대가 아닙니다 (08:00-20:00)
[2025-10-16 05:37:47] INFO: ⏰ 0분 후 재확인...
[2025-10-16 05:37:57] INFO: 
[사이클 111] 모니터링 시간대가 아닙니다 (08:00-20:00)
[2025-10-16 05:37:57] INFO: ⏰ 0분 후 재확인...
[2025-10-16 05:38:07] INFO: 
[사이클 112] 모니터링 시간대가 아닙니다 (08:00-20:00)
[2025-10-16 05:38:07] INFO: ⏰ 0분 후 재확인...
[2025-10-16 05:38:17] INFO: 
[사이클 113] 모니터링 시간대가 아닙니다 (08:00-20:00)
[2025-10-16 05:38:17] INFO: ⏰ 0분 후 재확인...
[2025-10-16 05:38:27] INFO: 
[사이클 114] 모니터링 시간대가 아닙니다 (08:00-20:00)
[2025-10-16 05:38:27] INFO: ⏰ 0분 후 재확인...
[2025-10-16 05:38:37] INFO: 
[사이클 115] 모니터링 시간대가 아닙니다 (08:00-20:00)
[2025-10-16 05:38:37] INFO: ⏰ 0분 후 재확인...
[2025-10-16 05:38:47] INFO: 
[사이클 116] 모니터링 시간대가 아닙니다 (08:00-20:00)
[2025-10-16 05:38:47] INFO: ⏰ 0분 후 재확인...
[2025-10-16 05:38:57] INFO: 
[사이클 117] 모니터링 시간대가 아닙니다 (08:00-20:00)
[2025-10-16 05:38:57] INFO: ⏰ 0분 후 재확인...
[2025-10-16 05:39:07] INFO: 
[사이클 118] 모니터링 시간대가 아닙니다 (08:00-20:00)
[2025-10-16 05:39:07] INFO: ⏰ 0분 후 재확인...
[2025-10-16 05:39:17] INFO: 
[사이클 119] 모니터링 시간대가 아닙니다 (08:00-20:00)
[2025-10-16 05:39:17] INFO: ⏰ 0분 후 재확인...
[2025-10-16 05:39:27] INFO: 
[사이클 120] 모니터링 시간대가 아닙니다 (08:00-20:00)
[2025-10-16 05:39:27] INFO: ⏰ 0분 후 재확인...
[2025-10-16 05:39:37] INFO: 
[사이클 121] 모니터링 시간대가 아닙니다 (08:00-20:00)
[2025-10-16 05:39:37] INFO: ⏰ 0분 후 재확인...
[2025-10-16 05:39:47] INFO: 
[사이클 122] 모니터링 시간대가 아닙니다 (08:00-20:00)
[2025-10-16 05:39:47] INFO: ⏰ 0분 후 재확인...
[2025-10-16 05:39:57] INFO: 
[사이클 123] 모니터링 시간대가 아닙니다 (08:00-20:00)
[2025-10-16 05:39:57] INFO: ⏰ 0분 후 재확인...
[2025-10-16 05:40:07] INFO: 
[사이클 124] 모니터링 시간대가 아닙니다 (08:00-20:00)
[2025-10-16 05:40:07] INFO: ⏰ 0분 후 재확인...
[2025-10-16 05:40:17] INFO: 
[사이클 125] 모니터링 시간대가 아닙니다 (08:00-20:00)
[2025-10-16 05:40:17] INFO: ⏰ 0분 후 재확인...
[2025-10-16 05:40:27] INFO: 
[사이클 126] 모니터링 시간대가 아닙니다 (08:00-20:00)
[2025-10-16 05:40:27] INFO: ⏰ 0분 후 재확인...
[2025-10-16 05:40:37] INFO: 
[사이클 127] 모니터링 시간대가 아닙니다 (08:00-20:00)
[2025-10-16 05:40:37] INFO: ⏰ 0분 후 재확인...
[2025-10-16 05:40:47] INFO: 
[사이클 128] 모니터링 시간대가 아닙니다 (08:00-20:00)
[2025-10-16 05:40:47] INFO: ⏰ 0분 후 재확인...
[2025-10-16 05:40:57] INFO: 
[사이클 129] 모니터링 시간대가 아닙니다 (08:00-20:00)
[2025-10-16 05:40:57] INFO: ⏰ 0분 후 재확인...
[2025-10-16 05:41:07] INFO: 
[사이클 130] 모니터링 시간대가 아닙니다 (08:00-20:00)
[2025-10-16 05:41:07] INFO: ⏰ 0분 후 재확인...
[2025-10-16 05:41:17] INFO: 
[사이클 131] 모니터링 시간대가 아닙니다 (08:00-20:00)
[2025-10-16 05:41:17] INFO: ⏰ 0분 후 재확인...
[2025-10-16 05:41:27] INFO: 
[사이클 132] 모니터링 시간대가 아닙니다 (08:00-20:00)
[2025-10-16 05:41:27] INFO: ⏰ 0분 후 재확인...
[2025-10-16 05:41:37] INFO: 
[사이클 133] 모니터링 시간대가 아닙니다 (08:00-20:00)
[2025-10-16 05:41:37] INFO: ⏰ 0분 후 재확인...
[2025-10-16 05:41:47] INFO: 
[사이클 134] 모니터링 시간대가 아닙니다 (08:00-20:00)
[2025-10-16 05:41:47] INFO: ⏰ 0분 후 재확인...
[2025-10-16 05:41:57] INFO: 
[사이클 135] 모니터링 시간대가 아닙니다 (08:00-20:00)
[2025-10-16 05:41:57] INFO: ⏰ 0분 후 재확인...
[2025-10-16 05:42:07] INFO: 
[사이클 136] 모니터링 시간대가 아닙니다 (08:00-20:00)
[2025-10-16 05:42:07] INFO: ⏰ 0분 후 재확인...
[2025-10-16 05:42:17] INFO: 
[사이클 137] 모니터링 시간대가 아닙니다 (08:00-20:00)
[2025-10-16 05:42:17] INFO: ⏰ 0분 후 재확인...
[2025-10-16 05:42:27] INFO: 
[사이클 138] 모니터링 시간대가 아닙니다 (08:00-20:00)
[2025-10-16 05:42:27] INFO: ⏰ 0분 후 재확인...
[2025-10-16 05:42:37] INFO: 
[사이클 139] 모니터링 시간대가 아닙니다 (08:00-20:00)
[2025-10-16 05:42:37] INFO: ⏰ 0분 후 재확인...
[2025-10-16 05:42:47] INFO: 
[사이클 140] 모니터링 시간대가 아닙니다 (08:00-20:00)
[2025-10-16 05:42:47] INFO: ⏰ 0분 후 재확인...
[2025-10-16 05:42:57] INFO: 
[사이클 141] 모니터링 시간대가 아닙니다 (08:00-20:00)
[2025-10-16 05:42:57] INFO: ⏰ 0분 후 재확인...
[2025-10-16 05:43:07] INFO: 
[사이클 142] 모니터링 시간대가 아닙니다 (08:00-20:00)
[2025-10-16 05:43:07] INFO: ⏰ 0분 후 재확인...
[2025-10-16 05:43:17] INFO: 
[사이클 143] 모니터링 시간대가 아닙니다 (08:00-20:00)
[2025-10-16 05:43:17] INFO: ⏰ 0분 후 재확인...
[2025-10-16 05:43:27] INFO: 
[사이클 144] 모니터링 시간대가 아닙니다 (08:00-20:00)
[2025-10-16 05:43:27] INFO: ⏰ 0분 후 재확인...
[2025-10-16 05:43:37] INFO: 
[사이클 145] 모니터링 시간대가 아닙니다 (08:00-20:00)
[2025-10-16 05:43:37] INFO: ⏰ 0분 후 재확인...
[2025-10-16 05:43:47] INFO: 
[사이클 146] 모니터링 시간대가 아닙니다 (08:00-20:00)
[2025-10-16 05:43:47] INFO: ⏰ 0분 후 재확인...
[2025-10-16 05:43:57] INFO: 
[사이클 147] 모니터링 시간대가 아닙니다 (08:00-20:00)
[2025-10-16 05:43:57] INFO: ⏰ 0분 후 재확인...
[2025-10-16 05:44:07] INFO: 
[사이클 148] 모니터링 시간대가 아닙니다 (08:00-20:00)
[2025-10-16 05:44:07] INFO: ⏰ 0분 후 재확인...
[2025-10-16 05:44:17] INFO: 
[사이클 149] 모니터링 시간대가 아닙니다 (08:00-20:00)
[2025-10-16 05:44:17] INFO: ⏰ 0분 후 재확인...
[2025-10-16 05:44:27] INFO: 
[사이클 150] 모니터링 시간대가 아닙니다 (08:00-20:00)
[2025-10-16 05:44:27] INFO: ⏰ 0분 후 재확인...
[2025-10-16 05:44:37] INFO: 
[사이클 151] 모니터링 시간대가 아닙니다 (08:00-20:00)
[2025-10-16 05:44:37] INFO: ⏰ 0분 후 재확인...
[2025-10-16 05:44:47] INFO: 
[사이클 152] 모니터링 시간대가 아닙니다 (08:00-20:00)
[2025-10-16 05:44:47] INFO: ⏰ 0분 후 재확인...
[2025-10-16 05:44:57] INFO: 
[사이클 153] 모니터링 시간대가 아닙니다 (08:00-20:00)
[2025-10-16 05:44:57] INFO: ⏰ 0분 후 재확인...
[2025-10-16 05:45:07] INFO: 
[사이클 154] 모니터링 시간대가 아닙니다 (08:00-20:00)
[2025-10-16 05:45:07] INFO: ⏰ 0분 후 재확인...
[2025-10-16 05:45:17] INFO: 
[사이클 155] 모니터링 시간대가 아닙니다 (08:00-20:00)
[2025-10-16 05:45:17] INFO: ⏰ 0분 후 재확인...
[2025-10-16 05:45:27] INFO: 
[사이클 156] 모니터링 시간대가 아닙니다 (08:00-20:00)
[2025-10-16 05:45:27] INFO: ⏰ 0분 후 재확인...
[2025-10-16 05:45:37] INFO: 
[사이클 157] 모니터링 시간대가 아닙니다 (08:00-20:00)
[2025-10-16 05:45:37] INFO: ⏰ 0분 후 재확인...
[2025-10-16 05:45:47] INFO: 
[사이클 158] 모니터링 시간대가 아닙니다 (08:00-20:00)
[2025-10-16 05:45:47] INFO: ⏰ 0분 후 재확인...
[2025-10-16 05:45:57] INFO: 
[사이클 159] 모니터링 시간대가 아닙니다 (08:00-20:00)
[2025-10-16 05:45:57] INFO: ⏰ 0분 후 재확인...
[2025-10-16 05:46:07] INFO: 
[사이클 160] 모니터링 시간대가 아닙니다 (08:00-20:00)
[2025-10-16 05:46:07] INFO: ⏰ 0분 후 재확인...
[2025-10-16 05:46:17] INFO: 
[사이클 161] 모니터링 시간대가 아닙니다 (08:00-20:00)
[2025-10-16 05:46:17] INFO: ⏰ 0분 후 재확인...
[2025-10-16 05:46:27] INFO: 
[사이클 162] 모니터링 시간대가 아닙니다 (08:00-20:00)
[2025-10-16 05:46:27] INFO: ⏰ 0분 후 재확인...
[2025-10-16 05:46:37] INFO: 
[사이클 163] 모니터링 시간대가 아닙니다 (08:00-20:00)
[2025-10-16 05:46:37] INFO: ⏰ 0분 후 재확인...
[2025-10-16 05:46:47] INFO: 
[사이클 164] 모니터링 시간대가 아닙니다 (08:00-20:00)
[2025-10-16 05:46:47] INFO: ⏰ 0분 후 재확인...
[2025-10-16 05:46:58] INFO: 
[사이클 165] 모니터링 시간대가 아닙니다 (08:00-20:00)
[2025-10-16 05:46:58] INFO: ⏰ 0분 후 재확인...
[2025-10-16 05:47:08] INFO: 
[사이클 166] 모니터링 시간대가 아닙니다 (08:00-20:00)
[2025-10-16 05:47:08] INFO: ⏰ 0분 후 재확인...
[2025-10-16 05:47:18] INFO: 
[사이클 167] 모니터링 시간대가 아닙니다 (08:00-20:00)
[2025-10-16 05:47:18] INFO: ⏰ 0분 후 재확인...
[2025-10-16 05:47:28] INFO: 
[사이클 168] 모니터링 시간대가 아닙니다 (08:00-20:00)
[2025-10-16 05:47:28] INFO: ⏰ 0분 후 재확인...
[2025-10-16 05:47:38] INFO: 
[사이클 169] 모니터링 시간대가 아닙니다 (08:00-20:00)
[2025-10-16 05:47:38] INFO: ⏰ 0분 후 재확인...
[2025-10-16 05:47:48] INFO: 
[사이클 170] 모니터링 시간대가 아닙니다 (08:00-20:00)
[2025-10-16 05:47:48] INFO: ⏰ 0분 후 재확인...
[2025-10-16 05:47:58] INFO: 
[사이클 171] 모니터링 시간대가 아닙니다 (08:00-20:00)
[2025-10-16 05:47:58] INFO: ⏰ 0분 후 재확인...
[2025-10-16 05:48:08] INFO: 
[사이클 172] 모니터링 시간대가 아닙니다 (08:00-20:00)
[2025-10-16 05:48:08] INFO: ⏰ 0분 후 재확인...
[2025-10-16 05:48:18] INFO: 
[사이클 173] 모니터링 시간대가 아닙니다 (08:00-20:00)
[2025-10-16 05:48:18] INFO: ⏰ 0분 후 재확인...
[2025-10-16 05:48:28] INFO: 
[사이클 174] 모니터링 시간대가 아닙니다 (08:00-20:00)
[2025-10-16 05:48:28] INFO: ⏰ 0분 후 재확인...
[2025-10-16 05:48:38] INFO: 
[사이클 175] 모니터링 시간대가 아닙니다 (08:00-20:00)
[2025-10-16 05:48:38] INFO: ⏰ 0분 후 재확인...
[2025-10-16 05:48:48] INFO: 
[사이클 176] 모니터링 시간대가 아닙니다 (08:00-20:00)
[2025-10-16 05:48:48] INFO: ⏰ 0분 후 재확인...
[2025-10-16 05:48:58] INFO: 
[사이클 177] 모니터링 시간대가 아닙니다 (08:00-20:00)
[2025-10-16 05:48:58] INFO: ⏰ 0분 후 재확인...
[2025-10-16 05:49:08] INFO: 
[사이클 178] 모니터링 시간대가 아닙니다 (08:00-20:00)
[2025-10-16 05:49:08] INFO: ⏰ 0분 후 재확인...
[2025-10-16 05:49:18] INFO: 
[사이클 179] 모니터링 시간대가 아닙니다 (08:00-20:00)
[2025-10-16 05:49:18] INFO: ⏰ 0분 후 재확인...
[2025-10-16 05:49:28] INFO: 
[사이클 180] 모니터링 시간대가 아닙니다 (08:00-20:00)
[2025-10-16 05:49:28] INFO: ⏰ 0분 후 재확인...
[2025-10-16 05:49:38] INFO: 
[사이클 181] 모니터링 시간대가 아닙니다 (08:00-20:00)
[2025-10-16 05:49:38] INFO: ⏰ 0분 후 재확인...
[2025-10-16 05:49:48] INFO: 
[사이클 182] 모니터링 시간대가 아닙니다 (08:00-20:00)
[2025-10-16 05:49:48] INFO: ⏰ 0분 후 재확인...
[2025-10-16 05:49:58] INFO: 
[사이클 183] 모니터링 시간대가 아닙니다 (08:00-20:00)
[2025-10-16 05:49:58] INFO: ⏰ 0분 후 재확인...
[2025-10-16 05:50:08] INFO: 
[사이클 184] 모니터링 시간대가 아닙니다 (08:00-20:00)
[2025-10-16 05:50:08] INFO: ⏰ 0분 후 재확인...
[2025-10-16 05:50:18] INFO: 
[사이클 185] 모니터링 시간대가 아닙니다 (08:00-20:00)
[2025-10-16 05:50:18] INFO: ⏰ 0분 후 재확인...
[2025-10-16 05:50:28] INFO: 
[사이클 186] 모니터링 시간대가 아닙니다 (08:00-20:00)
[2025-10-16 05:50:28] INFO: ⏰ 0분 후 재확인...
[2025-10-16 05:50:38] INFO: 
[사이클 187] 모니터링 시간대가 아닙니다 (08:00-20:00)
[2025-10-16 05:50:38] INFO: ⏰ 0분 후 재확인...
[2025-10-16 05:50:48] INFO: 
[사이클 188] 모니터링 시간대가 아닙니다 (08:00-20:00)
[2025-10-16 05:50:48] INFO: ⏰ 0분 후 재확인...
[2025-10-16 05:50:58] INFO: 
[사이클 189] 모니터링 시간대가 아닙니다 (08:00-20:00)
[2025-10-16 05:50:58] INFO: ⏰ 0분 후 재확인...
[2025-10-16 05:51:08] INFO: 
[사이클 190] 모니터링 시간대가 아닙니다 (08:00-20:00)
[2025-10-16 05:51:08] INFO: ⏰ 0분 후 재확인...
[2025-10-16 05:51:18] INFO: 
[사이클 191] 모니터링 시간대가 아닙니다 (08:00-20:00)
[2025-10-16 05:51:18] INFO: ⏰ 0분 후 재확인...
[2025-10-16 05:51:28] INFO: 
[사이클 192] 모니터링 시간대가 아닙니다 (08:00-20:00)
[2025-10-16 05:51:28] INFO: ⏰ 0분 후 재확인...
[2025-10-16 05:51:38] INFO: 
[사이클 193] 모니터링 시간대가 아닙니다 (08:00-20:00)
[2025-10-16 05:51:38] INFO: ⏰ 0분 후 재확인...
[2025-10-16 05:51:48] INFO: 
[사이클 194] 모니터링 시간대가 아닙니다 (08:00-20:00)
[2025-10-16 05:51:48] INFO: ⏰ 0분 후 재확인...
[2025-10-16 05:51:58] INFO: 
[사이클 195] 모니터링 시간대가 아닙니다 (08:00-20:00)
[2025-10-16 05:51:58] INFO: ⏰ 0분 후 재확인...
[2025-10-16 05:52:08] INFO: 
[사이클 196] 모니터링 시간대가 아닙니다 (08:00-20:00)
[2025-10-16 05:52:08] INFO: ⏰ 0분 후 재확인...
[2025-10-16 05:52:18] INFO: 
[사이클 197] 모니터링 시간대가 아닙니다 (08:00-20:00)
[2025-10-16 05:52:18] INFO: ⏰ 0분 후 재확인...
[2025-10-16 05:52:28] INFO: 
[사이클 198] 모니터링 시간대가 아닙니다 (08:00-20:00)
[2025-10-16 05:52:28] INFO: ⏰ 0분 후 재확인...
[2025-10-16 05:52:38] INFO: 
[사이클 199] 모니터링 시간대가 아닙니다 (08:00-20:00)
[2025-10-16 05:52:38] INFO: ⏰ 0분 후 재확인...
[2025-10-16 05:52:48] INFO: 
[사이클 200] 모니터링 시간대가 아닙니다 (08:00-20:00)
[2025-10-16 05:52:48] INFO: ⏰ 0분 후 재확인...
[2025-10-16 05:52:58] INFO: 
[사이클 201] 모니터링 시간대가 아닙니다 (08:00-20:00)
[2025-10-16 05:52:58] INFO: ⏰ 0분 후 재확인...
[2025-10-16 05:53:08] INFO: 
[사이클 202] 모니터링 시간대가 아닙니다 (08:00-20:00)
[2025-10-16 05:53:08] INFO: ⏰ 0분 후 재확인...
[2025-10-16 05:53:18] INFO: 
[사이클 203] 모니터링 시간대가 아닙니다 (08:00-20:00)
[2025-10-16 05:53:18] INFO: ⏰ 0분 후 재확인...
[2025-10-16 05:53:28] INFO: 
[사이클 204] 모니터링 시간대가 아닙니다 (08:00-20:00)
[2025-10-16 05:53:28] INFO: ⏰ 0분 후 재확인...
[2025-10-16 05:53:38] INFO: 
[사이클 205] 모니터링 시간대가 아닙니다 (08:00-20:00)
[2025-10-16 05:53:38] INFO: ⏰ 0분 후 재확인...
[2025-10-16 05:53:48] INFO: 
[사이클 206] 모니터링 시간대가 아닙니다 (08:00-20:00)
[2025-10-16 05:53:48] INFO: ⏰ 0분 후 재확인...
[2025-10-16 05:53:58] INFO: 
[사이클 207] 모니터링 시간대가 아닙니다 (08:00-20:00)
[2025-10-16 05:53:58] INFO: ⏰ 0분 후 재확인...
[2025-10-16 05:54:08] INFO: 
[사이클 208] 모니터링 시간대가 아닙니다 (08:00-20:00)
[2025-10-16 05:54:08] INFO: ⏰ 0분 후 재확인...
[2025-10-16 05:54:18] INFO: 
[사이클 209] 모니터링 시간대가 아닙니다 (08:00-20:00)
[2025-10-16 05:54:18] INFO: ⏰ 0분 후 재확인...
[2025-10-16 05:54:28] INFO: 
[사이클 210] 모니터링 시간대가 아닙니다 (08:00-20:00)
[2025-10-16 05:54:28] INFO: ⏰ 0분 후 재확인...
[2025-10-16 05:54:38] INFO: 
[사이클 211] 모니터링 시간대가 아닙니다 (08:00-20:00)
[2025-10-16 05:54:38] INFO: ⏰ 0분 후 재확인...
[2025-10-16 05:54:48] INFO: 
[사이클 212] 모니터링 시간대가 아닙니다 (08:00-20:00)
[2025-10-16 05:54:48] INFO: ⏰ 0분 후 재확인...
[2025-10-16 05:54:58] INFO: 
[사이클 213] 모니터링 시간대가 아닙니다 (08:00-20:00)
[2025-10-16 05:54:58] INFO: ⏰ 0분 후 재확인...
[2025-10-16 05:55:08] INFO: 
[사이클 214] 모니터링 시간대가 아닙니다 (08:00-20:00)
[2025-10-16 05:55:08] INFO: ⏰ 0분 후 재확인...
[2025-10-16 05:55:18] INFO: 
[사이클 215] 모니터링 시간대가 아닙니다 (08:00-20:00)
[2025-10-16 05:55:18] INFO: ⏰ 0분 후 재확인...
[2025-10-16 05:55:28] INFO: 
[사이클 216] 모니터링 시간대가 아닙니다 (08:00-20:00)
[2025-10-16 05:55:28] INFO: ⏰ 0분 후 재확인...
[2025-10-16 05:55:38] INFO: 
[사이클 217] 모니터링 시간대가 아닙니다 (08:00-20:00)
[2025-10-16 05:55:38] INFO: ⏰ 0분 후 재확인...
[2025-10-16 05:55:48] INFO: 
[사이클 218] 모니터링 시간대가 아닙니다 (08:00-20:00)
[2025-10-16 05:55:48] INFO: ⏰ 0분 후 재확인...
[2025-10-16 05:55:58] INFO: 
[사이클 219] 모니터링 시간대가 아닙니다 (08:00-20:00)
[2025-10-16 05:55:58] INFO: ⏰ 0분 후 재확인...
[2025-10-16 05:56:08] INFO: 
[사이클 220] 모니터링 시간대가 아닙니다 (08:00-20:00)
[2025-10-16 05:56:08] INFO: ⏰ 0분 후 재확인...
[2025-10-16 05:56:18] INFO: 
[사이클 221] 모니터링 시간대가 아닙니다 (08:00-20:00)
[2025-10-16 05:56:18] INFO: ⏰ 0분 후 재확인...
[2025-10-16 05:56:28] INFO: 
[사이클 222] 모니터링 시간대가 아닙니다 (08:00-20:00)
[2025-10-16 05:56:28] INFO: ⏰ 0분 후 재확인...
[2025-10-16 05:56:38] INFO: 
[사이클 223] 모니터링 시간대가 아닙니다 (08:00-20:00)
[2025-10-16 05:56:38] INFO: ⏰ 0분 후 재확인...
[2025-10-16 05:56:48] INFO: 
[사이클 224] 모니터링 시간대가 아닙니다 (08:00-20:00)
[2025-10-16 05:56:48] INFO: ⏰ 0분 후 재확인...
[2025-10-16 05:56:58] INFO: 
[사이클 225] 모니터링 시간대가 아닙니다 (08:00-20:00)
[2025-10-16 05:56:58] INFO: ⏰ 0분 후 재확인...
[2025-10-16 05:57:08] INFO: 
[사이클 226] 모니터링 시간대가 아닙니다 (08:00-20:00)
[2025-10-16 05:57:08] INFO: ⏰ 0분 후 재확인...
[2025-10-16 05:57:18] INFO: 
[사이클 227] 모니터링 시간대가 아닙니다 (08:00-20:00)
[2025-10-16 05:57:18] INFO: ⏰ 0분 후 재확인...
[2025-10-16 05:57:28] INFO: 
[사이클 228] 모니터링 시간대가 아닙니다 (08:00-20:00)
[2025-10-16 05:57:28] INFO: ⏰ 0분 후 재확인...
[2025-10-16 05:57:38] INFO: 
[사이클 229] 모니터링 시간대가 아닙니다 (08:00-20:00)
[2025-10-16 05:57:38] INFO: ⏰ 0분 후 재확인...
[2025-10-16 05:57:48] INFO: 
[사이클 230] 모니터링 시간대가 아닙니다 (08:00-20:00)
[2025-10-16 05:57:48] INFO: ⏰ 0분 후 재확인...
[2025-10-16 05:57:58] INFO: 
[사이클 231] 모니터링 시간대가 아닙니다 (08:00-20:00)
[2025-10-16 05:57:58] INFO: ⏰ 0분 후 재확인...
[2025-10-16 05:58:08] INFO: 
[사이클 232] 모니터링 시간대가 아닙니다 (08:00-20:00)
[2025-10-16 05:58:08] INFO: ⏰ 0분 후 재확인...
[2025-10-16 05:58:18] INFO: 
[사이클 233] 모니터링 시간대가 아닙니다 (08:00-20:00)
[2025-10-16 05:58:18] INFO: ⏰ 0분 후 재확인...
[2025-10-16 05:58:28] INFO: 
[사이클 234] 모니터링 시간대가 아닙니다 (08:00-20:00)
[2025-10-16 05:58:28] INFO: ⏰ 0분 후 재확인...
[2025-10-16 05:58:38] INFO: 
[사이클 235] 모니터링 시간대가 아닙니다 (08:00-20:00)
[2025-10-16 05:58:38] INFO: ⏰ 0분 후 재확인...
[2025-10-16 05:58:48] INFO: 
[사이클 236] 모니터링 시간대가 아닙니다 (08:00-20:00)
[2025-10-16 05:58:48] INFO: ⏰ 0분 후 재확인...
[2025-10-16 05:58:58] INFO: 
[사이클 237] 모니터링 시간대가 아닙니다 (08:00-20:00)
[2025-10-16 05:58:58] INFO: ⏰ 0분 후 재확인...
[2025-10-16 05:59:08] INFO: 
[사이클 238] 모니터링 시간대가 아닙니다 (08:00-20:00)
[2025-10-16 05:59:08] INFO: ⏰ 0분 후 재확인...
[2025-10-16 05:59:18] INFO: 
[사이클 239] 모니터링 시간대가 아닙니다 (08:00-20:00)
[2025-10-16 05:59:18] INFO: ⏰ 0분 후 재확인...
[2025-10-16 05:59:28] INFO: 
[사이클 240] 모니터링 시간대가 아닙니다 (08:00-20:00)
[2025-10-16 05:59:28] INFO: ⏰ 0분 후 재확인...
[2025-10-16 05:59:38] INFO: 
[사이클 241] 모니터링 시간대가 아닙니다 (08:00-20:00)
[2025-10-16 05:59:38] INFO: ⏰ 0분 후 재확인...
[2025-10-16 05:59:48] INFO: 
[사이클 242] 모니터링 시간대가 아닙니다 (08:00-20:00)
[2025-10-16 05:59:48] INFO: ⏰ 0분 후 재확인...
[2025-10-16 05:59:58] INFO: 
[사이클 243] 모니터링 시간대가 아닙니다 (08:00-20:00)
[2025-10-16 05:59:58] INFO: ⏰ 0분 후 재확인...
[2025-10-16 06:00:08] INFO: 
[사이클 244] 모니터링 시간대가 아닙니다 (08:00-20:00)
[2025-10-16 06:00:08] INFO: ⏰ 0분 후 재확인...
[2025-10-16 06:00:18] INFO: 
[사이클 245] 모니터링 시간대가 아닙니다 (08:00-20:00)
[2025-10-16 06:00:18] INFO: ⏰ 0분 후 재확인...
[2025-10-16 06:00:28] INFO: 
[사이클 246] 모니터링 시간대가 아닙니다 (08:00-20:00)
[2025-10-16 06:00:28] INFO: ⏰ 0분 후 재확인...
[2025-10-16 06:00:38] INFO: 
[사이클 247] 모니터링 시간대가 아닙니다 (08:00-20:00)
[2025-10-16 06:00:38] INFO: ⏰ 0분 후 재확인...
[2025-10-16 06:00:48] INFO: 
[사이클 248] 모니터링 시간대가 아닙니다 (08:00-20:00)
[2025-10-16 06:00:48] INFO: ⏰ 0분 후 재확인...
[2025-10-16 06:00:58] INFO: 
[사이클 249] 모니터링 시간대가 아닙니다 (08:00-20:00)
[2025-10-16 06:00:58] INFO: ⏰ 0분 후 재확인...
[2025-10-16 06:01:08] INFO: 
[사이클 250] 모니터링 시간대가 아닙니다 (08:00-20:00)
[2025-10-16 06:01:08] INFO: ⏰ 0분 후 재확인...
[2025-10-16 06:01:18] INFO: 
[사이클 251] 모니터링 시간대가 아닙니다 (08:00-20:00)
[2025-10-16 06:01:18] INFO: ⏰ 0분 후 재확인...
[2025-10-16 06:01:28] INFO: 
[사이클 252] 모니터링 시간대가 아닙니다 (08:00-20:00)
[2025-10-16 06:01:28] INFO: ⏰ 0분 후 재확인...
[2025-10-16 06:01:38] INFO: 
[사이클 253] 모니터링 시간대가 아닙니다 (08:00-20:00)
[2025-10-16 06:01:38] INFO: ⏰ 0분 후 재확인...
[2025-10-16 06:01:48] INFO: 
[사이클 254] 모니터링 시간대가 아닙니다 (08:00-20:00)
[2025-10-16 06:01:48] INFO: ⏰ 0분 후 재확인...
[2025-10-16 06:01:58] INFO: 
[사이클 255] 모니터링 시간대가 아닙니다 (08:00-20:00)
[2025-10-16 06:01:58] INFO: ⏰ 0분 후 재확인...
[2025-10-16 06:02:08] INFO: 
[사이클 256] 모니터링 시간대가 아닙니다 (08:00-20:00)
[2025-10-16 06:02:08] INFO: ⏰ 0분 후 재확인...
[2025-10-16 06:02:18] INFO: 
[사이클 257] 모니터링 시간대가 아닙니다 (08:00-20:00)
[2025-10-16 06:02:18] INFO: ⏰ 0분 후 재확인...
[2025-10-16 06:02:28] INFO: 
[사이클 258] 모니터링 시간대가 아닙니다 (08:00-20:00)
[2025-10-16 06:02:28] INFO: ⏰ 0분 후 재확인...
[2025-10-16 06:02:38] INFO: 
[사이클 259] 모니터링 시간대가 아닙니다 (08:00-20:00)
[2025-10-16 06:02:38] INFO: ⏰ 0분 후 재확인...
[2025-10-16 06:02:48] INFO: 
[사이클 260] 모니터링 시간대가 아닙니다 (08:00-20:00)
[2025-10-16 06:02:48] INFO: ⏰ 0분 후 재확인...
[2025-10-16 06:02:58] INFO: 
[사이클 261] 모니터링 시간대가 아닙니다 (08:00-20:00)
[2025-10-16 06:02:58] INFO: ⏰ 0분 후 재확인...
[2025-10-16 06:03:08] INFO: 
[사이클 262] 모니터링 시간대가 아닙니다 (08:00-20:00)
[2025-10-16 06:03:08] INFO: ⏰ 0분 후 재확인...
[2025-10-16 06:03:18] INFO: 
[사이클 263] 모니터링 시간대가 아닙니다 (08:00-20:00)
[2025-10-16 06:03:18] INFO: ⏰ 0분 후 재확인...
[2025-10-16 06:03:28] INFO: 
[사이클 264] 모니터링 시간대가 아닙니다 (08:00-20:00)
[2025-10-16 06:03:28] INFO: ⏰ 0분 후 재확인...
[2025-10-16 06:03:38] INFO: 
[사이클 265] 모니터링 시간대가 아닙니다 (08:00-20:00)
[2025-10-16 06:03:38] INFO: ⏰ 0분 후 재확인...
[2025-10-16 06:03:48] INFO: 
[사이클 266] 모니터링 시간대가 아닙니다 (08:00-20:00)
[2025-10-16 06:03:48] INFO: ⏰ 0분 후 재확인...
[2025-10-16 06:03:58] INFO: 
[사이클 267] 모니터링 시간대가 아닙니다 (08:00-20:00)
[2025-10-16 06:03:58] INFO: ⏰ 0분 후 재확인...
[2025-10-16 06:04:08] INFO: 
[사이클 268] 모니터링 시간대가 아닙니다 (08:00-20:00)
[2025-10-16 06:04:08] INFO: ⏰ 0분 후 재확인...
[2025-10-16 06:04:18] INFO: 
[사이클 269] 모니터링 시간대가 아닙니다 (08:00-20:00)
[2025-10-16 06:04:18] INFO: ⏰ 0분 후 재확인...
[2025-10-16 06:04:28] INFO: 
[사이클 270] 모니터링 시간대가 아닙니다 (08:00-20:00)
[2025-10-16 06:04:28] INFO: ⏰ 0분 후 재확인...
[2025-10-16 06:04:38] INFO: 
[사이클 271] 모니터링 시간대가 아닙니다 (08:00-20:00)
[2025-10-16 06:04:38] INFO: ⏰ 0분 후 재확인...
[2025-10-16 06:04:48] INFO: 
[사이클 272] 모니터링 시간대가 아닙니다 (08:00-20:00)
[2025-10-16 06:04:48] INFO: ⏰ 0분 후 재확인...
[2025-10-16 06:04:58] INFO: 
[사이클 273] 모니터링 시간대가 아닙니다 (08:00-20:00)
[2025-10-16 06:04:58] INFO: ⏰ 0분 후 재확인...
[2025-10-16 06:05:08] INFO: 
[사이클 274] 모니터링 시간대가 아닙니다 (08:00-20:00)
[2025-10-16 06:05:08] INFO: ⏰ 0분 후 재확인...
[2025-10-16 06:05:18] INFO: 
[사이클 275] 모니터링 시간대가 아닙니다 (08:00-20:00)
[2025-10-16 06:05:18] INFO: ⏰ 0분 후 재확인...
[2025-10-16 06:05:28] INFO: 
[사이클 276] 모니터링 시간대가 아닙니다 (08:00-20:00)
[2025-10-16 06:05:28] INFO: ⏰ 0분 후 재확인...
[2025-10-16 06:05:38] INFO: 
[사이클 277] 모니터링 시간대가 아닙니다 (08:00-20:00)
[2025-10-16 06:05:38] INFO: ⏰ 0분 후 재확인...
[2025-10-16 06:05:48] INFO: 
[사이클 278] 모니터링 시간대가 아닙니다 (08:00-20:00)
[2025-10-16 06:05:48] INFO: ⏰ 0분 후 재확인...
[2025-10-16 06:05:58] INFO: 
[사이클 279] 모니터링 시간대가 아닙니다 (08:00-20:00)
[2025-10-16 06:05:58] INFO: ⏰ 0분 후 재확인...
[2025-10-16 06:06:08] INFO: 
[사이클 280] 모니터링 시간대가 아닙니다 (08:00-20:00)
[2025-10-16 06:06:08] INFO: ⏰ 0분 후 재확인...
[2025-10-16 06:06:18] INFO: 
[사이클 281] 모니터링 시간대가 아닙니다 (08:00-20:00)
[2025-10-16 06:06:18] INFO: ⏰ 0분 후 재확인...
[2025-10-16 06:06:28] INFO: 
[사이클 282] 모니터링 시간대가 아닙니다 (08:00-20:00)
[2025-10-16 06:06:28] INFO: ⏰ 0분 후 재확인...
[2025-10-16 06:06:38] INFO: 
[사이클 283] 모니터링 시간대가 아닙니다 (08:00-20:00)
[2025-10-16 06:06:38] INFO: ⏰ 0분 후 재확인...
[2025-10-16 06:06:48] INFO: 
[사이클 284] 모니터링 시간대가 아닙니다 (08:00-20:00)
[2025-10-16 06:06:48] INFO: ⏰ 0분 후 재확인...
[2025-10-16 06:06:58] INFO: 
[사이클 285] 모니터링 시간대가 아닙니다 (08:00-20:00)
[2025-10-16 06:06:58] INFO: ⏰ 0분 후 재확인...
[2025-10-16 06:07:08] INFO: 
[사이클 286] 모니터링 시간대가 아닙니다 (08:00-20:00)
[2025-10-16 06:07:08] INFO: ⏰ 0분 후 재확인...
[2025-10-16 06:07:18] INFO: 
[사이클 287] 모니터링 시간대가 아닙니다 (08:00-20:00)
[2025-10-16 06:07:18] INFO: ⏰ 0분 후 재확인...
[2025-10-16 06:07:28] INFO: 
[사이클 288] 모니터링 시간대가 아닙니다 (08:00-20:00)
[2025-10-16 06:07:28] INFO: ⏰ 0분 후 재확인...
[2025-10-16 06:07:38] INFO: 
[사이클 289] 모니터링 시간대가 아닙니다 (08:00-20:00)
[2025-10-16 06:07:38] INFO: ⏰ 0분 후 재확인...
[2025-10-16 06:07:48] INFO: 
[사이클 290] 모니터링 시간대가 아닙니다 (08:00-20:00)
[2025-10-16 06:07:48] INFO: ⏰ 0분 후 재확인...
[2025-10-16 06:07:58] INFO: 
[사이클 291] 모니터링 시간대가 아닙니다 (08:00-20:00)
[2025-10-16 06:07:58] INFO: ⏰ 0분 후 재확인...
[2025-10-16 06:08:08] INFO: 
[사이클 292] 모니터링 시간대가 아닙니다 (08:00-20:00)
[2025-10-16 06:08:08] INFO: ⏰ 0분 후 재확인...
[2025-10-16 06:08:18] INFO: 
[사이클 293] 모니터링 시간대가 아닙니다 (08:00-20:00)
[2025-10-16 06:08:18] INFO: ⏰ 0분 후 재확인...
[2025-10-16 06:08:28] INFO: 
[사이클 294] 모니터링 시간대가 아닙니다 (08:00-20:00)
[2025-10-16 06:08:28] INFO: ⏰ 0분 후 재확인...
[2025-10-16 06:08:38] INFO: 
[사이클 295] 모니터링 시간대가 아닙니다 (08:00-20:00)
[2025-10-16 06:08:38] INFO: ⏰ 0분 후 재확인...
[2025-10-16 06:08:48] INFO: 
[사이클 296] 모니터링 시간대가 아닙니다 (08:00-20:00)
[2025-10-16 06:08:48] INFO: ⏰ 0분 후 재확인...
[2025-10-16 06:08:58] INFO: 
[사이클 297] 모니터링 시간대가 아닙니다 (08:00-20:00)
[2025-10-16 06:08:58] INFO: ⏰ 0분 후 재확인...
[2025-10-16 06:09:08] INFO: 
[사이클 298] 모니터링 시간대가 아닙니다 (08:00-20:00)
[2025-10-16 06:09:08] INFO: ⏰ 0분 후 재확인...
[2025-10-16 06:09:18] INFO: 
[사이클 299] 모니터링 시간대가 아닙니다 (08:00-20:00)
[2025-10-16 06:09:18] INFO: ⏰ 0분 후 재확인...
[2025-10-16 06:09:28] INFO: 
[사이클 300] 모니터링 시간대가 아닙니다 (08:00-20:00)
[2025-10-16 06:09:28] INFO: ⏰ 0분 후 재확인...
[2025-10-16 06:09:38] INFO: 
[사이클 301] 모니터링 시간대가 아닙니다 (08:00-20:00)
[2025-10-16 06:09:38] INFO: ⏰ 0분 후 재확인...
[2025-10-16 06:09:48] INFO: 
[사이클 302] 모니터링 시간대가 아닙니다 (08:00-20:00)
[2025-10-16 06:09:48] INFO: ⏰ 0분 후 재확인...
[2025-10-16 06:09:58] INFO: 
[사이클 303] 모니터링 시간대가 아닙니다 (08:00-20:00)
[2025-10-16 06:09:58] INFO: ⏰ 0분 후 재확인...
[2025-10-16 06:10:08] INFO: 
[사이클 304] 모니터링 시간대가 아닙니다 (08:00-20:00)
[2025-10-16 06:10:08] INFO: ⏰ 0분 후 재확인...
[2025-10-16 06:10:18] INFO: 
[사이클 305] 모니터링 시간대가 아닙니다 (08:00-20:00)
[2025-10-16 06:10:18] INFO: ⏰ 0분 후 재확인...
[2025-10-16 06:10:28] INFO: 
[사이클 306] 모니터링 시간대가 아닙니다 (08:00-20:00)
[2025-10-16 06:10:28] INFO: ⏰ 0분 후 재확인...
[2025-10-16 06:10:38] INFO: 
[사이클 307] 모니터링 시간대가 아닙니다 (08:00-20:00)
[2025-10-16 06:10:38] INFO: ⏰ 0분 후 재확인...
[2025-10-16 06:10:48] INFO: 
[사이클 308] 모니터링 시간대가 아닙니다 (08:00-20:00)
[2025-10-16 06:10:48] INFO: ⏰ 0분 후 재확인...
[2025-10-16 06:10:58] INFO: 
[사이클 309] 모니터링 시간대가 아닙니다 (08:00-20:00)
[2025-10-16 06:10:58] INFO: ⏰ 0분 후 재확인...
[2025-10-16 06:11:08] INFO: 
[사이클 310] 모니터링 시간대가 아닙니다 (08:00-20:00)
[2025-10-16 06:11:08] INFO: ⏰ 0분 후 재확인...
[2025-10-16 06:11:18] INFO: 
[사이클 311] 모니터링 시간대가 아닙니다 (08:00-20:00)
[2025-10-16 06:11:18] INFO: ⏰ 0분 후 재확인...
[2025-10-16 06:11:28] INFO: 
[사이클 312] 모니터링 시간대가 아닙니다 (08:00-20:00)
[2025-10-16 06:11:28] INFO: ⏰ 0분 후 재확인...
[2025-10-16 06:11:38] INFO: 
[사이클 313] 모니터링 시간대가 아닙니다 (08:00-20:00)
[2025-10-16 06:11:38] INFO: ⏰ 0분 후 재확인...
[2025-10-16 06:11:48] INFO: 
[사이클 314] 모니터링 시간대가 아닙니다 (08:00-20:00)
[2025-10-16 06:11:48] INFO: ⏰ 0분 후 재확인...
[2025-10-16 06:11:58] INFO: 
[사이클 315] 모니터링 시간대가 아닙니다 (08:00-20:00)
[2025-10-16 06:11:58] INFO: ⏰ 0분 후 재확인...
[2025-10-16 06:12:08] INFO: 
[사이클 316] 모니터링 시간대가 아닙니다 (08:00-20:00)
[2025-10-16 06:12:08] INFO: ⏰ 0분 후 재확인...
[2025-10-16 06:12:18] INFO: 
[사이클 317] 모니터링 시간대가 아닙니다 (08:00-20:00)
[2025-10-16 06:12:18] INFO: ⏰ 0분 후 재확인...
[2025-10-16 06:12:28] INFO: 
[사이클 318] 모니터링 시간대가 아닙니다 (08:00-20:00)
[2025-10-16 06:12:28] INFO: ⏰ 0분 후 재확인...
[2025-10-16 06:12:38] INFO: 
[사이클 319] 모니터링 시간대가 아닙니다 (08:00-20:00)
[2025-10-16 06:12:38] INFO: ⏰ 0분 후 재확인...
[2025-10-16 06:12:48] INFO: 
[사이클 320] 모니터링 시간대가 아닙니다 (08:00-20:00)
[2025-10-16 06:12:48] INFO: ⏰ 0분 후 재확인...
[2025-10-16 06:12:58] INFO: 
[사이클 321] 모니터링 시간대가 아닙니다 (08:00-20:00)
[2025-10-16 06:12:58] INFO: ⏰ 0분 후 재확인...
[2025-10-16 06:13:08] INFO: 
[사이클 322] 모니터링 시간대가 아닙니다 (08:00-20:00)
[2025-10-16 06:13:08] INFO: ⏰ 0분 후 재확인...
[2025-10-16 06:13:18] INFO: 
[사이클 323] 모니터링 시간대가 아닙니다 (08:00-20:00)
[2025-10-16 06:13:18] INFO: ⏰ 0분 후 재확인...
[2025-10-16 06:13:28] INFO: 
[사이클 324] 모니터링 시간대가 아닙니다 (08:00-20:00)
[2025-10-16 06:13:28] INFO: ⏰ 0분 후 재확인...
[2025-10-16 06:13:38] INFO: 
[사이클 325] 모니터링 시간대가 아닙니다 (08:00-20:00)
[2025-10-16 06:13:38] INFO: ⏰ 0분 후 재확인...
[2025-10-16 06:13:48] INFO: 
[사이클 326] 모니터링 시간대가 아닙니다 (08:00-20:00)
[2025-10-16 06:13:48] INFO: ⏰ 0분 후 재확인...
[2025-10-16 06:13:58] INFO: 
[사이클 327] 모니터링 시간대가 아닙니다 (08:00-20:00)
[2025-10-16 06:13:58] INFO: ⏰ 0분 후 재확인...
[2025-10-16 06:14:08] INFO: 
[사이클 328] 모니터링 시간대가 아닙니다 (08:00-20:00)
[2025-10-16 06:14:08] INFO: ⏰ 0분 후 재확인...
[2025-10-16 06:14:18] INFO: 
[사이클 329] 모니터링 시간대가 아닙니다 (08:00-20:00)
[2025-10-16 06:14:18] INFO: ⏰ 0분 후 재확인...
[2025-10-16 06:14:28] INFO: 
[사이클 330] 모니터링 시간대가 아닙니다 (08:00-20:00)
[2025-10-16 06:14:28] INFO: ⏰ 0분 후 재확인...
[2025-10-16 06:14:38] INFO: 
[사이클 331] 모니터링 시간대가 아닙니다 (08:00-20:00)
[2025-10-16 06:14:38] INFO: ⏰ 0분 후 재확인...
[2025-10-16 06:14:48] INFO: 
[사이클 332] 모니터링 시간대가 아닙니다 (08:00-20:00)
[2025-10-16 06:14:48] INFO: ⏰ 0분 후 재확인...
[2025-10-16 06:14:58] INFO: 
[사이클 333] 모니터링 시간대가 아닙니다 (08:00-20:00)
[2025-10-16 06:14:58] INFO: ⏰ 0분 후 재확인...
[2025-10-16 06:15:08] INFO: 
[사이클 334] 모니터링 시간대가 아닙니다 (08:00-20:00)
[2025-10-16 06:15:08] INFO: ⏰ 0분 후 재확인...
[2025-10-16 06:15:18] INFO: 
[사이클 335] 모니터링 시간대가 아닙니다 (08:00-20:00)
[2025-10-16 06:15:18] INFO: ⏰ 0분 후 재확인...
[2025-10-16 06:15:28] INFO: 
[사이클 336] 모니터링 시간대가 아닙니다 (08:00-20:00)
[2025-10-16 06:15:28] INFO: ⏰ 0분 후 재확인...
[2025-10-16 06:15:38] INFO: 
[사이클 337] 모니터링 시간대가 아닙니다 (08:00-20:00)
[2025-10-16 06:15:38] INFO: ⏰ 0분 후 재확인...
[2025-10-16 06:15:48] INFO: 
[사이클 338] 모니터링 시간대가 아닙니다 (08:00-20:00)
[2025-10-16 06:15:48] INFO: ⏰ 0분 후 재확인...
[2025-10-16 06:15:58] INFO: 
[사이클 339] 모니터링 시간대가 아닙니다 (08:00-20:00)
[2025-10-16 06:15:58] INFO: ⏰ 0분 후 재확인...
[2025-10-16 06:16:08] INFO: 
[사이클 340] 모니터링 시간대가 아닙니다 (08:00-20:00)
[2025-10-16 06:16:08] INFO: ⏰ 0분 후 재확인...
[2025-10-16 06:16:18] INFO: 
[사이클 341] 모니터링 시간대가 아닙니다 (08:00-20:00)
[2025-10-16 06:16:18] INFO: ⏰ 0분 후 재확인...
[2025-10-16 06:16:28] INFO: 
[사이클 342] 모니터링 시간대가 아닙니다 (08:00-20:00)
[2025-10-16 06:16:28] INFO: ⏰ 0분 후 재확인...
[2025-10-16 06:16:38] INFO: 
[사이클 343] 모니터링 시간대가 아닙니다 (08:00-20:00)
[2025-10-16 06:16:38] INFO: ⏰ 0분 후 재확인...
[2025-10-16 06:16:48] INFO: 
[사이클 344] 모니터링 시간대가 아닙니다 (08:00-20:00)
[2025-10-16 06:16:48] INFO: ⏰ 0분 후 재확인...
[2025-10-16 06:16:58] INFO: 
[사이클 345] 모니터링 시간대가 아닙니다 (08:00-20:00)
[2025-10-16 06:16:58] INFO: ⏰ 0분 후 재확인...
[2025-10-16 06:17:08] INFO: 
[사이클 346] 모니터링 시간대가 아닙니다 (08:00-20:00)
[2025-10-16 06:17:08] INFO: ⏰ 0분 후 재확인...
[2025-10-16 06:17:18] INFO: 
[사이클 347] 모니터링 시간대가 아닙니다 (08:00-20:00)
[2025-10-16 06:17:18] INFO: ⏰ 0분 후 재확인...
[2025-10-16 06:17:28] INFO: 
[사이클 348] 모니터링 시간대가 아닙니다 (08:00-20:00)
[2025-10-16 06:17:28] INFO: ⏰ 0분 후 재확인...
[2025-10-16 06:17:38] INFO: 
[사이클 349] 모니터링 시간대가 아닙니다 (08:00-20:00)
[2025-10-16 06:17:38] INFO: ⏰ 0분 후 재확인...
[2025-10-16 06:17:48] INFO: 
[사이클 350] 모니터링 시간대가 아닙니다 (08:00-20:00)
[2025-10-16 06:17:48] INFO: ⏰ 0분 후 재확인...
[2025-10-16 06:17:58] INFO: 
[사이클 351] 모니터링 시간대가 아닙니다 (08:00-20:00)
[2025-10-16 06:17:58] INFO: ⏰ 0분 후 재확인...
[2025-10-16 06:18:08] INFO: 
[사이클 352] 모니터링 시간대가 아닙니다 (08:00-20:00)
[2025-10-16 06:18:08] INFO: ⏰ 0분 후 재확인...
[2025-10-16 06:18:18] INFO: 
[사이클 353] 모니터링 시간대가 아닙니다 (08:00-20:00)
[2025-10-16 06:18:18] INFO: ⏰ 0분 후 재확인...
[2025-10-16 06:18:28] INFO: 
[사이클 354] 모니터링 시간대가 아닙니다 (08:00-20:00)
[2025-10-16 06:18:28] INFO: ⏰ 0분 후 재확인...
[2025-10-16 06:18:38] INFO: 
[사이클 355] 모니터링 시간대가 아닙니다 (08:00-20:00)
[2025-10-16 06:18:38] INFO: ⏰ 0분 후 재확인...
[2025-10-16 06:18:48] INFO: 
[사이클 356] 모니터링 시간대가 아닙니다 (08:00-20:00)
[2025-10-16 06:18:48] INFO: ⏰ 0분 후 재확인...
[2025-10-16 06:18:58] INFO: 
[사이클 357] 모니터링 시간대가 아닙니다 (08:00-20:00)
[2025-10-16 06:18:58] INFO: ⏰ 0분 후 재확인...
[2025-10-16 06:19:08] INFO: 
[사이클 358] 모니터링 시간대가 아닙니다 (08:00-20:00)
[2025-10-16 06:19:08] INFO: ⏰ 0분 후 재확인...
[2025-10-16 06:19:18] INFO: 
[사이클 359] 모니터링 시간대가 아닙니다 (08:00-20:00)
[2025-10-16 06:19:18] INFO: ⏰ 0분 후 재확인...
[2025-10-16 06:19:28] INFO: 
[사이클 360] 모니터링 시간대가 아닙니다 (08:00-20:00)
[2025-10-16 06:19:28] INFO: ⏰ 0분 후 재확인...
[2025-10-16 06:19:38] INFO: 
[사이클 361] 모니터링 시간대가 아닙니다 (08:00-20:00)
[2025-10-16 06:19:38] INFO: ⏰ 0분 후 재확인...
[2025-10-16 06:19:48] INFO: 
[사이클 362] 모니터링 시간대가 아닙니다 (08:00-20:00)
[2025-10-16 06:19:48] INFO: ⏰ 0분 후 재확인...
[2025-10-16 06:19:58] INFO: 
[사이클 363] 모니터링 시간대가 아닙니다 (08:00-20:00)
[2025-10-16 06:19:58] INFO: ⏰ 0분 후 재확인...
[2025-10-16 06:20:08] INFO: 
[사이클 364] 모니터링 시간대가 아닙니다 (08:00-20:00)
[2025-10-16 06:20:08] INFO: ⏰ 0분 후 재확인...
[2025-10-16 06:20:18] INFO: 
[사이클 365] 모니터링 시간대가 아닙니다 (08:00-20:00)
[2025-10-16 06:20:18] INFO: ⏰ 0분 후 재확인...
[2025-10-16 06:20:28] INFO: 
[사이클 366] 모니터링 시간대가 아닙니다 (08:00-20:00)
[2025-10-16 06:20:28] INFO: ⏰ 0분 후 재확인...
[2025-10-16 06:20:38] INFO: 
[사이클 367] 모니터링 시간대가 아닙니다 (08:00-20:00)
[2025-10-16 06:20:38] INFO: ⏰ 0분 후 재확인...
[2025-10-16 06:20:48] INFO: 
[사이클 368] 모니터링 시간대가 아닙니다 (08:00-20:00)
[2025-10-16 06:20:48] INFO: ⏰ 0분 후 재확인...
[2025-10-16 06:20:58] INFO: 
[사이클 369] 모니터링 시간대가 아닙니다 (08:00-20:00)
[2025-10-16 06:20:58] INFO: ⏰ 0분 후 재확인...
[2025-10-16 06:21:08] INFO: 
[사이클 370] 모니터링 시간대가 아닙니다 (08:00-20:00)
[2025-10-16 06:21:08] INFO: ⏰ 0분 후 재확인...
[2025-10-16 06:21:18] INFO: 
[사이클 371] 모니터링 시간대가 아닙니다 (08:00-20:00)
[2025-10-16 06:21:18] INFO: ⏰ 0분 후 재확인...
[2025-10-16 06:21:28] INFO: 
[사이클 372] 모니터링 시간대가 아닙니다 (08:00-20:00)
[2025-10-16 06:21:28] INFO: ⏰ 0분 후 재확인...
[2025-10-16 06:21:38] INFO: 
[사이클 373] 모니터링 시간대가 아닙니다 (08:00-20:00)
[2025-10-16 06:21:38] INFO: ⏰ 0분 후 재확인...
[2025-10-16 06:21:48] INFO: 
[사이클 374] 모니터링 시간대가 아닙니다 (08:00-20:00)
[2025-10-16 06:21:48] INFO: ⏰ 0분 후 재확인...
[2025-10-16 06:21:58] INFO: 
[사이클 375] 모니터링 시간대가 아닙니다 (08:00-20:00)
[2025-10-16 06:21:58] INFO: ⏰ 0분 후 재확인...
[2025-10-16 06:22:08] INFO: 
[사이클 376] 모니터링 시간대가 아닙니다 (08:00-20:00)
[2025-10-16 06:22:08] INFO: ⏰ 0분 후 재확인...
[2025-10-16 06:22:18] INFO: 
[사이클 377] 모니터링 시간대가 아닙니다 (08:00-20:00)
[2025-10-16 06:22:18] INFO: ⏰ 0분 후 재확인...
[2025-10-16 06:22:28] INFO: 
[사이클 378] 모니터링 시간대가 아닙니다 (08:00-20:00)
[2025-10-16 06:22:28] INFO: ⏰ 0분 후 재확인...
[2025-10-16 06:22:38] INFO: 
[사이클 379] 모니터링 시간대가 아닙니다 (08:00-20:00)
[2025-10-16 06:22:38] INFO: ⏰ 0분 후 재확인...
[2025-10-16 06:22:48] INFO: 
[사이클 380] 모니터링 시간대가 아닙니다 (08:00-20:00)
[2025-10-16 06:22:48] INFO: ⏰ 0분 후 재확인...
[2025-10-16 06:22:58] INFO: 
[사이클 381] 모니터링 시간대가 아닙니다 (08:00-20:00)
[2025-10-16 06:22:58] INFO: ⏰ 0분 후 재확인...
[2025-10-16 06:23:08] INFO: 
[사이클 382] 모니터링 시간대가 아닙니다 (08:00-20:00)
[2025-10-16 06:23:08] INFO: ⏰ 0분 후 재확인...
[2025-10-16 06:23:18] INFO: 
[사이클 383] 모니터링 시간대가 아닙니다 (08:00-20:00)
[2025-10-16 06:23:18] INFO: ⏰ 0분 후 재확인...
[2025-10-16 06:23:28] INFO: 
[사이클 384] 모니터링 시간대가 아닙니다 (08:00-20:00)
[2025-10-16 06:23:28] INFO: ⏰ 0분 후 재확인...
[2025-10-16 06:23:38] INFO: 
[사이클 385] 모니터링 시간대가 아닙니다 (08:00-20:00)
[2025-10-16 06:23:38] INFO: ⏰ 0분 후 재확인...
[2025-10-16 06:23:48] INFO: 
[사이클 386] 모니터링 시간대가 아닙니다 (08:00-20:00)
[2025-10-16 06:23:48] INFO: ⏰ 0분 후 재확인...
[2025-10-16 06:23:58] INFO: 
[사이클 387] 모니터링 시간대가 아닙니다 (08:00-20:00)
[2025-10-16 06:23:58] INFO: ⏰ 0분 후 재확인...
[2025-10-16 06:24:01] INFO: ================================================================================
[2025-10-16 06:24:01] INFO: 🔍 실시간 주식 모니터링 시작
[2025-10-16 06:24:01] INFO: ⏰ 모니터링 간격: 60분
[2025-10-16 06:24:01] INFO: 🕐 모니터링 시간: 08:00-20:00
[2025-10-16 06:24:01] INFO: ================================================================================
[2025-10-16 06:24:01] INFO: 
[사이클 1] 모니터링 시간대가 아닙니다 (08:00-20:00)
[2025-10-16 06:24:01] INFO: ⏰ 60분 후 재확인...
[2025-10-16 06:24:08] INFO: 
[사이클 388] 모니터링 시간대가 아닙니다 (08:00-20:00)
[2025-10-16 06:24:08] INFO: ⏰ 0분 후 재확인...
[2025-10-16 06:24:18] INFO: 
[사이클 389] 모니터링 시간대가 아닙니다 (08:00-20:00)
[2025-10-16 06:24:18] INFO: ⏰ 0분 후 재확인...
[2025-10-16 06:24:28] INFO: 
[사이클 390] 모니터링 시간대가 아닙니다 (08:00-20:00)
[2025-10-16 06:24:28] INFO: ⏰ 0분 후 재확인...
[2025-10-16 06:24:38] INFO: 
[사이클 391] 모니터링 시간대가 아닙니다 (08:00-20:00)
[2025-10-16 06:24:38] INFO: ⏰ 0분 후 재확인...
[2025-10-16 06:24:48] INFO: 
[사이클 392] 모니터링 시간대가 아닙니다 (08:00-20:00)
[2025-10-16 06:24:48] INFO: ⏰ 0분 후 재확인...
[2025-10-16 06:24:58] INFO: 
[사이클 393] 모니터링 시간대가 아닙니다 (08:00-20:00)
[2025-10-16 06:24:58] INFO: ⏰ 0분 후 재확인...
[2025-10-16 06:25:08] INFO: 
[사이클 394] 모니터링 시간대가 아닙니다 (08:00-20:00)
[2025-10-16 06:25:08] INFO: ⏰ 0분 후 재확인...
[2025-10-16 06:25:18] INFO: 
[사이클 395] 모니터링 시간대가 아닙니다 (08:00-20:00)
[2025-10-16 06:25:18] INFO: ⏰ 0분 후 재확인...
[2025-10-16 06:25:28] INFO: 
[사이클 396] 모니터링 시간대가 아닙니다 (08:00-20:00)
[2025-10-16 06:25:28] INFO: ⏰ 0분 후 재확인...
[2025-10-16 06:25:38] INFO: 
[사이클 397] 모니터링 시간대가 아닙니다 (08:00-20:00)
[2025-10-16 06:25:38] INFO: ⏰ 0분 후 재확인...
[2025-10-16 06:25:48] INFO: 
[사이클 398] 모니터링 시간대가 아닙니다 (08:00-20:00)
[2025-10-16 06:25:48] INFO: ⏰ 0분 후 재확인...
[2025-10-16 06:25:58] INFO: 
[사이클 399] 모니터링 시간대가 아닙니다 (08:00-20:00)
[2025-10-16 06:25:58] INFO: ⏰ 0분 후 재확인...
[2025-10-16 06:26:08] INFO: 
[사이클 400] 모니터링 시간대가 아닙니다 (08:00-20:00)
[2025-10-16 06:26:08] INFO: ⏰ 0분 후 재확인...
[2025-10-16 06:26:18] INFO: 
[사이클 401] 모니터링 시간대가 아닙니다 (08:00-20:00)
[2025-10-16 06:26:18] INFO: ⏰ 0분 후 재확인...
[2025-10-16 06:26:28] INFO: 
[사이클 402] 모니터링 시간대가 아닙니다 (08:00-20:00)
[2025-10-16 06:26:28] INFO: ⏰ 0분 후 재확인...
[2025-10-16 06:26:38] INFO: 
[사이클 403] 모니터링 시간대가 아닙니다 (08:00-20:00)
[2025-10-16 06:26:38] INFO: ⏰ 0분 후 재확인...
[2025-10-16 06:26:48] INFO: 
[사이클 404] 모니터링 시간대가 아닙니다 (08:00-20:00)
[2025-10-16 06:26:48] INFO: ⏰ 0분 후 재확인...
[2025-10-16 06:26:58] INFO: 
[사이클 405] 모니터링 시간대가 아닙니다 (08:00-20:00)
[2025-10-16 06:26:58] INFO: ⏰ 0분 후 재확인...
[2025-10-16 06:27:08] INFO: 
[사이클 406] 모니터링 시간대가 아닙니다 (08:00-20:00)
[2025-10-16 06:27:08] INFO: ⏰ 0분 후 재확인...
[2025-10-16 06:27:18] INFO: 
[사이클 407] 모니터링 시간대가 아닙니다 (08:00-20:00)
[2025-10-16 06:27:18] INFO: ⏰ 0분 후 재확인...
[2025-10-16 06:27:28] INFO: 
[사이클 408] 모니터링 시간대가 아닙니다 (08:00-20:00)
[2025-10-16 06:27:28] INFO: ⏰ 0분 후 재확인...
[2025-10-16 06:27:38] INFO: 
[사이클 409] 모니터링 시간대가 아닙니다 (08:00-20:00)
[2025-10-16 06:27:38] INFO: ⏰ 0분 후 재확인...
[2025-10-16 06:27:48] INFO: 
[사이클 410] 모니터링 시간대가 아닙니다 (08:00-20:00)
[2025-10-16 06:27:48] INFO: ⏰ 0분 후 재확인...
[2025-10-16 06:27:58] INFO: 
[사이클 411] 모니터링 시간대가 아닙니다 (08:00-20:00)
[2025-10-16 06:27:58] INFO: ⏰ 0분 후 재확인...
[2025-10-16 06:28:08] INFO: 
[사이클 412] 모니터링 시간대가 아닙니다 (08:00-20:00)
[2025-10-16 06:28:08] INFO: ⏰ 0분 후 재확인...
[2025-10-16 06:28:18] INFO: 
[사이클 413] 모니터링 시간대가 아닙니다 (08:00-20:00)
[2025-10-16 06:28:18] INFO: ⏰ 0분 후 재확인...
[2025-10-16 06:28:28] INFO: 
[사이클 414] 모니터링 시간대가 아닙니다 (08:00-20:00)
[2025-10-16 06:28:28] INFO: ⏰ 0분 후 재확인...
[2025-10-16 06:28:38] INFO: 
[사이클 415] 모니터링 시간대가 아닙니다 (08:00-20:00)
[2025-10-16 06:28:38] INFO: ⏰ 0분 후 재확인...
[2025-10-16 06:28:48] INFO: 
[사이클 416] 모니터링 시간대가 아닙니다 (08:00-20:00)
[2025-10-16 06:28:48] INFO: ⏰ 0분 후 재확인...
[2025-10-16 06:28:58] INFO: 
[사이클 417] 모니터링 시간대가 아닙니다 (08:00-20:00)
[2025-10-16 06:28:58] INFO: ⏰ 0분 후 재확인...
[2025-10-16 06:29:08] INFO: 
[사이클 418] 모니터링 시간대가 아닙니다 (08:00-20:00)
[2025-10-16 06:29:08] INFO: ⏰ 0분 후 재확인...
[2025-10-16 06:29:18] INFO: 
[사이클 419] 모니터링 시간대가 아닙니다 (08:00-20:00)
[2025-10-16 06:29:18] INFO: ⏰ 0분 후 재확인...
[2025-10-16 06:29:28] INFO: 
[사이클 420] 모니터링 시간대가 아닙니다 (08:00-20:00)
[2025-10-16 06:29:28] INFO: ⏰ 0분 후 재확인...
[2025-10-16 06:29:38] INFO: 
[사이클 421] 모니터링 시간대가 아닙니다 (08:00-20:00)
[2025-10-16 06:29:38] INFO: ⏰ 0분 후 재확인...
[2025-10-16 06:29:48] INFO: 
[사이클 422] 모니터링 시간대가 아닙니다 (08:00-20:00)
[2025-10-16 06:29:48] INFO: ⏰ 0분 후 재확인...
[2025-10-16 06:29:58] INFO: 
[사이클 423] 모니터링 시간대가 아닙니다 (08:00-20:00)
[2025-10-16 06:29:58] INFO: ⏰ 0분 후 재확인...
[2025-10-16 06:30:08] INFO: 
[사이클 424] 모니터링 시간대가 아닙니다 (08:00-20:00)
[2025-10-16 06:30:08] INFO: ⏰ 0분 후 재확인...
[2025-10-16 06:30:18] INFO: 
[사이클 425] 모니터링 시간대가 아닙니다 (08:00-20:00)
[2025-10-16 06:30:18] INFO: ⏰ 0분 후 재확인...
[2025-10-16 06:30:28] INFO: 
[사이클 426] 모니터링 시간대가 아닙니다 (08:00-20:00)
[2025-10-16 06:30:28] INFO: ⏰ 0분 후 재확인...
[2025-10-16 06:30:38] INFO: 
[사이클 427] 모니터링 시간대가 아닙니다 (08:00-20:00)
[2025-10-16 06:30:38] INFO: ⏰ 0분 후 재확인...
[2025-10-16 06:30:48] INFO: 
[사이클 428] 모니터링 시간대가 아닙니다 (08:00-20:00)
[2025-10-16 06:30:48] INFO: ⏰ 0분 후 재확인...
[2025-10-16 06:30:58] INFO: 
[사이클 429] 모니터링 시간대가 아닙니다 (08:00-20:00)
[2025-10-16 06:30:58] INFO: ⏰ 0분 후 재확인...
[2025-10-16 06:31:08] INFO: 
[사이클 430] 모니터링 시간대가 아닙니다 (08:00-20:00)
[2025-10-16 06:31:08] INFO: ⏰ 0분 후 재확인...
[2025-10-16 06:31:18] INFO: 
[사이클 431] 모니터링 시간대가 아닙니다 (08:00-20:00)
[2025-10-16 06:31:18] INFO: ⏰ 0분 후 재확인...
[2025-10-16 06:31:28] INFO: 
[사이클 432] 모니터링 시간대가 아닙니다 (08:00-20:00)
[2025-10-16 06:31:28] INFO: ⏰ 0분 후 재확인...
[2025-10-16 06:31:38] INFO: 
[사이클 433] 모니터링 시간대가 아닙니다 (08:00-20:00)
[2025-10-16 06:31:38] INFO: ⏰ 0분 후 재확인...
[2025-10-16 06:31:48] INFO: 
[사이클 434] 모니터링 시간대가 아닙니다 (08:00-20:00)
[2025-10-16 06:31:48] INFO: ⏰ 0분 후 재확인...
[2025-10-16 06:31:58] INFO: 
[사이클 435] 모니터링 시간대가 아닙니다 (08:00-20:00)
[2025-10-16 06:31:58] INFO: ⏰ 0분 후 재확인...
[2025-10-16 06:32:08] INFO: 
[사이클 436] 모니터링 시간대가 아닙니다 (08:00-20:00)
[2025-10-16 06:32:08] INFO: ⏰ 0분 후 재확인...
[2025-10-16 06:32:18] INFO: 
[사이클 437] 모니터링 시간대가 아닙니다 (08:00-20:00)
[2025-10-16 06:32:18] INFO: ⏰ 0분 후 재확인...
[2025-10-16 06:32:28] INFO: 
[사이클 438] 모니터링 시간대가 아닙니다 (08:00-20:00)
[2025-10-16 06:32:28] INFO: ⏰ 0분 후 재확인...
[2025-10-16 06:32:38] INFO: 
[사이클 439] 모니터링 시간대가 아닙니다 (08:00-20:00)
[2025-10-16 06:32:38] INFO: ⏰ 0분 후 재확인...
[2025-10-16 06:32:48] INFO: 
[사이클 440] 모니터링 시간대가 아닙니다 (08:00-20:00)
[2025-10-16 06:32:48] INFO: ⏰ 0분 후 재확인...
[2025-10-16 06:32:58] INFO: 
[사이클 441] 모니터링 시간대가 아닙니다 (08:00-20:00)
[2025-10-16 06:32:58] INFO: ⏰ 0분 후 재확인...
[2025-10-16 06:33:08] INFO: 
[사이클 442] 모니터링 시간대가 아닙니다 (08:00-20:00)
[2025-10-16 06:33:08] INFO: ⏰ 0분 후 재확인...
[2025-10-16 06:33:18] INFO: 
[사이클 443] 모니터링 시간대가 아닙니다 (08:00-20:00)
[2025-10-16 06:33:18] INFO: ⏰ 0분 후 재확인...
[2025-10-16 06:33:28] INFO: 
[사이클 444] 모니터링 시간대가 아닙니다 (08:00-20:00)
[2025-10-16 06:33:28] INFO: ⏰ 0분 후 재확인...
[2025-10-16 06:33:38] INFO: 
[사이클 445] 모니터링 시간대가 아닙니다 (08:00-20:00)
[2025-10-16 06:33:38] INFO: ⏰ 0분 후 재확인...
[2025-10-16 06:33:48] INFO: 
[사이클 446] 모니터링 시간대가 아닙니다 (08:00-20:00)
[2025-10-16 06:33:48] INFO: ⏰ 0분 후 재확인...
[2025-10-16 06:33:58] INFO: 
[사이클 447] 모니터링 시간대가 아닙니다 (08:00-20:00)
[2025-10-16 06:33:58] INFO: ⏰ 0분 후 재확인...
[2025-10-16 06:34:08] INFO: 
[사이클 448] 모니터링 시간대가 아닙니다 (08:00-20:00)
[2025-10-16 06:34:08] INFO: ⏰ 0분 후 재확인...
[2025-10-16 06:34:18] INFO: 
[사이클 449] 모니터링 시간대가 아닙니다 (08:00-20:00)
[2025-10-16 06:34:18] INFO: ⏰ 0분 후 재확인...
[2025-10-16 06:34:28] INFO: 
[사이클 450] 모니터링 시간대가 아닙니다 (08:00-20:00)
[2025-10-16 06:34:28] INFO: ⏰ 0분 후 재확인...
[2025-10-16 06:34:38] INFO: 
[사이클 451] 모니터링 시간대가 아닙니다 (08:00-20:00)
[2025-10-16 06:34:38] INFO: ⏰ 0분 후 재확인...
[2025-10-16 06:34:48] INFO: 
[사이클 452] 모니터링 시간대가 아닙니다 (08:00-20:00)
[2025-10-16 06:34:48] INFO: ⏰ 0분 후 재확인...
[2025-10-16 06:34:58] INFO: 
[사이클 453] 모니터링 시간대가 아닙니다 (08:00-20:00)
[2025-10-16 06:34:58] INFO: ⏰ 0분 후 재확인...
[2025-10-16 06:35:08] INFO: 
[사이클 454] 모니터링 시간대가 아닙니다 (08:00-20:00)
[2025-10-16 06:35:08] INFO: ⏰ 0분 후 재확인...
[2025-10-16 06:35:18] INFO: 
[사이클 455] 모니터링 시간대가 아닙니다 (08:00-20:00)
[2025-10-16 06:35:18] INFO: ⏰ 0분 후 재확인...
[2025-10-16 06:35:28] INFO: 
[사이클 456] 모니터링 시간대가 아닙니다 (08:00-20:00)
[2025-10-16 06:35:28] INFO: ⏰ 0분 후 재확인...
[2025-10-16 06:35:38] INFO: 
[사이클 457] 모니터링 시간대가 아닙니다 (08:00-20:00)
[2025-10-16 06:35:38] INFO: ⏰ 0분 후 재확인...
[2025-10-16 06:35:48] INFO: 
[사이클 458] 모니터링 시간대가 아닙니다 (08:00-20:00)
[2025-10-16 06:35:48] INFO: ⏰ 0분 후 재확인...
[2025-10-16 06:35:58] INFO: 
[사이클 459] 모니터링 시간대가 아닙니다 (08:00-20:00)
[2025-10-16 06:35:58] INFO: ⏰ 0분 후 재확인...
[2025-10-16 06:36:08] INFO: 
[사이클 460] 모니터링 시간대가 아닙니다 (08:00-20:00)
[2025-10-16 06:36:08] INFO: ⏰ 0분 후 재확인...
[2025-10-16 06:36:18] INFO: 
[사이클 461] 모니터링 시간대가 아닙니다 (08:00-20:00)
[2025-10-16 06:36:18] INFO: ⏰ 0분 후 재확인...
[2025-10-16 06:36:28] INFO: 
[사이클 462] 모니터링 시간대가 아닙니다 (08:00-20:00)
[2025-10-16 06:36:28] INFO: ⏰ 0분 후 재확인...
[2025-10-16 06:36:38] INFO: 
[사이클 463] 모니터링 시간대가 아닙니다 (08:00-20:00)
[2025-10-16 06:36:38] INFO: ⏰ 0분 후 재확인...
[2025-10-16 06:36:48] INFO: 
[사이클 464] 모니터링 시간대가 아닙니다 (08:00-20:00)
[2025-10-16 06:36:48] INFO: ⏰ 0분 후 재확인...
[2025-10-16 06:36:58] INFO: 
[사이클 465] 모니터링 시간대가 아닙니다 (08:00-20:00)
[2025-10-16 06:36:58] INFO: ⏰ 0분 후 재확인...
[2025-10-16 06:37:08] INFO: 
[사이클 466] 모니터링 시간대가 아닙니다 (08:00-20:00)
[2025-10-16 06:37:08] INFO: ⏰ 0분 후 재확인...
[2025-10-16 06:37:18] INFO: 
[사이클 467] 모니터링 시간대가 아닙니다 (08:00-20:00)
[2025-10-16 06:37:18] INFO: ⏰ 0분 후 재확인...
[2025-10-16 06:37:28] INFO: 
[사이클 468] 모니터링 시간대가 아닙니다 (08:00-20:00)
[2025-10-16 06:37:28] INFO: ⏰ 0분 후 재확인...
[2025-10-16 06:37:38] INFO: 
[사이클 469] 모니터링 시간대가 아닙니다 (08:00-20:00)
[2025-10-16 06:37:38] INFO: ⏰ 0분 후 재확인...
[2025-10-16 06:37:48] INFO: 
[사이클 470] 모니터링 시간대가 아닙니다 (08:00-20:00)
[2025-10-16 06:37:48] INFO: ⏰ 0분 후 재확인...
[2025-10-16 06:37:58] INFO: 
[사이클 471] 모니터링 시간대가 아닙니다 (08:00-20:00)
[2025-10-16 06:37:58] INFO: ⏰ 0분 후 재확인...
[2025-10-16 06:38:08] INFO: 
[사이클 472] 모니터링 시간대가 아닙니다 (08:00-20:00)
[2025-10-16 06:38:08] INFO: ⏰ 0분 후 재확인...
[2025-10-16 06:38:18] INFO: 
[사이클 473] 모니터링 시간대가 아닙니다 (08:00-20:00)
[2025-10-16 06:38:18] INFO: ⏰ 0분 후 재확인...
[2025-10-16 06:38:28] INFO: 
[사이클 474] 모니터링 시간대가 아닙니다 (08:00-20:00)
[2025-10-16 06:38:28] INFO: ⏰ 0분 후 재확인...
[2025-10-16 06:38:38] INFO: 
[사이클 475] 모니터링 시간대가 아닙니다 (08:00-20:00)
[2025-10-16 06:38:38] INFO: ⏰ 0분 후 재확인...
[2025-10-16 06:38:48] INFO: 
[사이클 476] 모니터링 시간대가 아닙니다 (08:00-20:00)
[2025-10-16 06:38:48] INFO: ⏰ 0분 후 재확인...
[2025-10-16 06:38:58] INFO: 
[사이클 477] 모니터링 시간대가 아닙니다 (08:00-20:00)
[2025-10-16 06:38:58] INFO: ⏰ 0분 후 재확인...
[2025-10-16 06:39:08] INFO: 
[사이클 478] 모니터링 시간대가 아닙니다 (08:00-20:00)
[2025-10-16 06:39:08] INFO: ⏰ 0분 후 재확인...
[2025-10-16 06:39:18] INFO: 
[사이클 479] 모니터링 시간대가 아닙니다 (08:00-20:00)
[2025-10-16 06:39:18] INFO: ⏰ 0분 후 재확인...
[2025-10-16 06:39:28] INFO: 
[사이클 480] 모니터링 시간대가 아닙니다 (08:00-20:00)
[2025-10-16 06:39:28] INFO: ⏰ 0분 후 재확인...
[2025-10-16 06:39:38] INFO: 
[사이클 481] 모니터링 시간대가 아닙니다 (08:00-20:00)
[2025-10-16 06:39:38] INFO: ⏰ 0분 후 재확인...
[2025-10-16 06:39:48] INFO: 
[사이클 482] 모니터링 시간대가 아닙니다 (08:00-20:00)
[2025-10-16 06:39:48] INFO: ⏰ 0분 후 재확인...
[2025-10-16 06:39:58] INFO: 
[사이클 483] 모니터링 시간대가 아닙니다 (08:00-20:00)
[2025-10-16 06:39:58] INFO: ⏰ 0분 후 재확인...
[2025-10-16 06:40:08] INFO: 
[사이클 484] 모니터링 시간대가 아닙니다 (08:00-20:00)
[2025-10-16 06:40:08] INFO: ⏰ 0분 후 재확인...
[2025-10-16 06:40:18] INFO: 
[사이클 485] 모니터링 시간대가 아닙니다 (08:00-20:00)
[2025-10-16 06:40:18] INFO: ⏰ 0분 후 재확인...
[2025-10-16 06:40:28] INFO: 
[사이클 486] 모니터링 시간대가 아닙니다 (08:00-20:00)
[2025-10-16 06:40:28] INFO: ⏰ 0분 후 재확인...
[2025-10-16 06:40:38] INFO: 
[사이클 487] 모니터링 시간대가 아닙니다 (08:00-20:00)
[2025-10-16 06:40:38] INFO: ⏰ 0분 후 재확인...
[2025-10-16 06:40:48] INFO: 
[사이클 488] 모니터링 시간대가 아닙니다 (08:00-20:00)
[2025-10-16 06:40:48] INFO: ⏰ 0분 후 재확인...
[2025-10-16 06:40:58] INFO: 
[사이클 489] 모니터링 시간대가 아닙니다 (08:00-20:00)
[2025-10-16 06:40:58] INFO: ⏰ 0분 후 재확인...
[2025-10-16 06:41:08] INFO: 
[사이클 490] 모니터링 시간대가 아닙니다 (08:00-20:00)
[2025-10-16 06:41:08] INFO: ⏰ 0분 후 재확인...
[2025-10-16 06:41:18] INFO: 
[사이클 491] 모니터링 시간대가 아닙니다 (08:00-20:00)
[2025-10-16 06:41:18] INFO: ⏰ 0분 후 재확인...
[2025-10-16 06:41:28] INFO: 
[사이클 492] 모니터링 시간대가 아닙니다 (08:00-20:00)
[2025-10-16 06:41:28] INFO: ⏰ 0분 후 재확인...
[2025-10-16 06:41:38] INFO: 
[사이클 493] 모니터링 시간대가 아닙니다 (08:00-20:00)
[2025-10-16 06:41:38] INFO: ⏰ 0분 후 재확인...
[2025-10-16 06:41:48] INFO: 
[사이클 494] 모니터링 시간대가 아닙니다 (08:00-20:00)
[2025-10-16 06:41:48] INFO: ⏰ 0분 후 재확인...
[2025-10-16 06:41:55] INFO: ================================================================================
[2025-10-16 06:41:55] INFO: 🔍 실시간 주식 모니터링 시작 (개선된 버전)
[2025-10-16 06:41:55] INFO: ⏰ 기본 모니터링 간격: 60초 (1분)
[2025-10-16 06:41:55] INFO: 📊 동적 간격: 1% 이내(1분), 3% 이내(3분), 10% 이내(10분)
[2025-10-16 06:41:55] INFO: 🎯 저가 기준 터치 감지 활성화
[2025-10-16 06:41:55] INFO: 🕐 모니터링 시간: 08:00-20:00
[2025-10-16 06:41:55] INFO: ================================================================================
[2025-10-16 06:41:55] INFO: 
[사이클 1] 모니터링 시간대가 아닙니다 (08:00-20:00)
[2025-10-16 06:41:55] INFO: ⏰ 60초 후 재확인...
[2025-10-16 06:42:55] INFO: 
[사이클 2] 모니터링 시간대가 아닙니다 (08:00-20:00)
[2025-10-16 06:42:55] INFO: ⏰ 60초 후 재확인...
[2025-10-16 06:43:55] INFO: 
[사이클 3] 모니터링 시간대가 아닙니다 (08:00-20:00)
[2025-10-16 06:43:55] INFO: ⏰ 60초 후 재확인...
[2025-10-16 06:44:55] INFO: 
[사이클 4] 모니터링 시간대가 아닙니다 (08:00-20:00)
[2025-10-16 06:44:55] INFO: ⏰ 60초 후 재확인...
[2025-10-16 06:45:55] INFO: 
[사이클 5] 모니터링 시간대가 아닙니다 (08:00-20:00)
[2025-10-16 06:45:55] INFO: ⏰ 60초 후 재확인...
[2025-10-16 06:46:55] INFO: 
[사이클 6] 모니터링 시간대가 아닙니다 (08:00-20:00)
[2025-10-16 06:46:55] INFO: ⏰ 60초 후 재확인...
[2025-10-16 06:47:55] INFO: 
[사이클 7] 모니터링 시간대가 아닙니다 (08:00-20:00)
[2025-10-16 06:47:55] INFO: ⏰ 60초 후 재확인...
[2025-10-16 06:48:55] INFO: 
[사이클 8] 모니터링 시간대가 아닙니다 (08:00-20:00)
[2025-10-16 06:48:55] INFO: ⏰ 60초 후 재확인...
[2025-10-16 06:49:55] INFO: 
[사이클 9] 모니터링 시간대가 아닙니다 (08:00-20:00)
[2025-10-16 06:49:55] INFO: ⏰ 60초 후 재확인...
[2025-10-16 06:50:55] INFO: 
[사이클 10] 모니터링 시간대가 아닙니다 (08:00-20:00)
[2025-10-16 06:50:55] INFO: ⏰ 60초 후 재확인...
[2025-10-16 06:51:55] INFO: 
[사이클 11] 모니터링 시간대가 아닙니다 (08:00-20:00)
[2025-10-16 06:51:55] INFO: ⏰ 60초 후 재확인...
[2025-10-16 06:52:55] INFO: 
[사이클 12] 모니터링 시간대가 아닙니다 (08:00-20:00)
[2025-10-16 06:52:55] INFO: ⏰ 60초 후 재확인...
[2025-10-16 06:53:55] INFO: 
[사이클 13] 모니터링 시간대가 아닙니다 (08:00-20:00)
[2025-10-16 06:53:55] INFO: ⏰ 60초 후 재확인...
[2025-10-16 06:54:55] INFO: 
[사이클 14] 모니터링 시간대가 아닙니다 (08:00-20:00)
[2025-10-16 06:54:55] INFO: ⏰ 60초 후 재확인...
[2025-10-16 06:55:55] INFO: 
[사이클 15] 모니터링 시간대가 아닙니다 (08:00-20:00)
[2025-10-16 06:55:55] INFO: ⏰ 60초 후 재확인...
[2025-10-16 06:56:55] INFO: 
[사이클 16] 모니터링 시간대가 아닙니다 (08:00-20:00)
[2025-10-16 06:56:55] INFO: ⏰ 60초 후 재확인...
[2025-10-16 06:57:55] INFO: 
[사이클 17] 모니터링 시간대가 아닙니다 (08:00-20:00)
[2025-10-16 06:57:55] INFO: ⏰ 60초 후 재확인...
[2025-10-16 06:58:55] INFO: 
[사이클 18] 모니터링 시간대가 아닙니다 (08:00-20:00)
[2025-10-16 06:58:55] INFO: ⏰ 60초 후 재확인...
[2025-10-16 06:59:55] INFO: 
[사이클 19] 모니터링 시간대가 아닙니다 (08:00-20:00)
[2025-10-16 06:59:55] INFO: ⏰ 60초 후 재확인...
[2025-10-16 07:00:55] INFO: 
[사이클 20] 모니터링 시간대가 아닙니다 (08:00-20:00)
[2025-10-16 07:00:55] INFO: ⏰ 60초 후 재확인...
[2025-10-16 07:01:55] INFO: 
[사이클 21] 모니터링 시간대가 아닙니다 (08:00-20:00)
[2025-10-16 07:01:55] INFO: ⏰ 60초 후 재확인...
[2025-10-16 07:02:55] INFO: 
[사이클 22] 모니터링 시간대가 아닙니다 (08:00-20:00)
[2025-10-16 07:02:55] INFO: ⏰ 60초 후 재확인...
[2025-10-16 07:03:55] INFO: 
[사이클 23] 모니터링 시간대가 아닙니다 (08:00-20:00)
[2025-10-16 07:03:55] INFO: ⏰ 60초 후 재확인...
[2025-10-16 07:04:55] INFO: 
[사이클 24] 모니터링 시간대가 아닙니다 (08:00-20:00)
[2025-10-16 07:04:55] INFO: ⏰ 60초 후 재확인...
[2025-10-16 07:05:55] INFO: 
[사이클 25] 모니터링 시간대가 아닙니다 (08:00-20:00)
[2025-10-16 07:05:55] INFO: ⏰ 60초 후 재확인...
[2025-10-16 07:06:55] INFO: 
[사이클 26] 모니터링 시간대가 아닙니다 (08:00-20:00)
[2025-10-16 07:06:55] INFO: ⏰ 60초 후 재확인...
[2025-10-16 07:07:55] INFO: 
[사이클 27] 모니터링 시간대가 아닙니다 (08:00-20:00)
[2025-10-16 07:07:55] INFO: ⏰ 60초 후 재확인...
[2025-10-16 07:08:55] INFO: 
[사이클 28] 모니터링 시간대가 아닙니다 (08:00-20:00)
[2025-10-16 07:08:55] INFO: ⏰ 60초 후 재확인...
[2025-10-16 07:09:55] INFO: 
[사이클 29] 모니터링 시간대가 아닙니다 (08:00-20:00)
[2025-10-16 07:09:55] INFO: ⏰ 60초 후 재확인...
[2025-10-16 07:10:55] INFO: 
[사이클 30] 모니터링 시간대가 아닙니다 (08:00-20:00)
[2025-10-16 07:10:55] INFO: ⏰ 60초 후 재확인...
[2025-10-16 07:11:55] INFO: 
[사이클 31] 모니터링 시간대가 아닙니다 (08:00-20:00)
[2025-10-16 07:11:55] INFO: ⏰ 60초 후 재확인...
[2025-10-16 07:12:55] INFO: 
[사이클 32] 모니터링 시간대가 아닙니다 (08:00-20:00)
[2025-10-16 07:12:55] INFO: ⏰ 60초 후 재확인...
[2025-10-16 07:13:55] INFO: 
[사이클 33] 모니터링 시간대가 아닙니다 (08:00-20:00)
[2025-10-16 07:13:55] INFO: ⏰ 60초 후 재확인...
[2025-10-16 07:14:55] INFO: 
[사이클 34] 모니터링 시간대가 아닙니다 (08:00-20:00)
[2025-10-16 07:14:55] INFO: ⏰ 60초 후 재확인...
[2025-10-16 07:15:55] INFO: 
[사이클 35] 모니터링 시간대가 아닙니다 (08:00-20:00)
[2025-10-16 07:15:55] INFO: ⏰ 60초 후 재확인...
[2025-10-16 07:16:55] INFO: 
[사이클 36] 모니터링 시간대가 아닙니다 (08:00-20:00)
[2025-10-16 07:16:55] INFO: ⏰ 60초 후 재확인...
[2025-10-16 07:17:55] INFO: 
[사이클 37] 모니터링 시간대가 아닙니다 (08:00-20:00)
[2025-10-16 07:17:55] INFO: ⏰ 60초 후 재확인...
[2025-10-16 07:18:55] INFO: 
[사이클 38] 모니터링 시간대가 아닙니다 (08:00-20:00)
[2025-10-16 07:18:55] INFO: ⏰ 60초 후 재확인...
[2025-10-16 07:19:55] INFO: 
[사이클 39] 모니터링 시간대가 아닙니다 (08:00-20:00)
[2025-10-16 07:19:55] INFO: ⏰ 60초 후 재확인...
[2025-10-16 07:20:55] INFO: 
[사이클 40] 모니터링 시간대가 아닙니다 (08:00-20:00)
[2025-10-16 07:20:55] INFO: ⏰ 60초 후 재확인...
[2025-10-16 07:21:55] INFO: 
[사이클 41] 모니터링 시간대가 아닙니다 (08:00-20:00)
[2025-10-16 07:21:55] INFO: ⏰ 60초 후 재확인...
[2025-10-16 07:22:55] INFO: 
[사이클 42] 모니터링 시간대가 아닙니다 (08:00-20:00)
[2025-10-16 07:22:55] INFO: ⏰ 60초 후 재확인...
[2025-10-16 07:23:55] INFO: 
[사이클 43] 모니터링 시간대가 아닙니다 (08:00-20:00)
[2025-10-16 07:23:55] INFO: ⏰ 60초 후 재확인...
[2025-10-16 07:24:55] INFO: 
[사이클 44] 모니터링 시간대가 아닙니다 (08:00-20:00)
[2025-10-16 07:24:55] INFO: ⏰ 60초 후 재확인...
[2025-10-16 07:25:55] INFO: 
[사이클 45] 모니터링 시간대가 아닙니다 (08:00-20:00)
[2025-10-16 07:25:55] INFO: ⏰ 60초 후 재확인...
[2025-10-16 07:26:55] INFO: 
[사이클 46] 모니터링 시간대가 아닙니다 (08:00-20:00)
[2025-10-16 07:26:55] INFO: ⏰ 60초 후 재확인...
[2025-10-16 07:27:55] INFO: 
[사이클 47] 모니터링 시간대가 아닙니다 (08:00-20:00)
[2025-10-16 07:27:55] INFO: ⏰ 60초 후 재확인...
[2025-10-16 07:28:55] INFO: 
[사이클 48] 모니터링 시간대가 아닙니다 (08:00-20:00)
[2025-10-16 07:28:55] INFO: ⏰ 60초 후 재확인...
[2025-10-16 07:29:55] INFO: 
[사이클 49] 모니터링 시간대가 아닙니다 (08:00-20:00)
[2025-10-16 07:29:55] INFO: ⏰ 60초 후 재확인...
[2025-10-16 07:30:55] INFO: 
[사이클 50] 모니터링 시간대가 아닙니다 (08:00-20:00)
[2025-10-16 07:30:55] INFO: ⏰ 60초 후 재확인...
[2025-10-16 07:31:55] INFO: 
[사이클 51] 모니터링 시간대가 아닙니다 (08:00-20:00)
[2025-10-16 07:31:55] INFO: ⏰ 60초 후 재확인...
[2025-10-16 07:32:55] INFO: 
[사이클 52] 모니터링 시간대가 아닙니다 (08:00-20:00)
[2025-10-16 07:32:55] INFO: ⏰ 60초 후 재확인...
[2025-10-16 07:33:55] INFO: 
[사이클 53] 모니터링 시간대가 아닙니다 (08:00-20:00)
[2025-10-16 07:33:55] INFO: ⏰ 60초 후 재확인...
[2025-10-16 07:34:55] INFO: 
[사이클 54] 모니터링 시간대가 아닙니다 (08:00-20:00)
[2025-10-16 07:34:55] INFO: ⏰ 60초 후 재확인...
[2025-10-16 07:35:55] INFO: 
[사이클 55] 모니터링 시간대가 아닙니다 (08:00-20:00)
[2025-10-16 07:35:55] INFO: ⏰ 60초 후 재확인...
[2025-10-16 07:36:55] INFO: 
[사이클 56] 모니터링 시간대가 아닙니다 (08:00-20:00)
[2025-10-16 07:36:55] INFO: ⏰ 60초 후 재확인...
[2025-10-16 07:37:55] INFO: 
[사이클 57] 모니터링 시간대가 아닙니다 (08:00-20:00)
[2025-10-16 07:37:55] INFO: ⏰ 60초 후 재확인...
[2025-10-16 07:38:55] INFO: 
[사이클 58] 모니터링 시간대가 아닙니다 (08:00-20:00)
[2025-10-16 07:38:55] INFO: ⏰ 60초 후 재확인...
[2025-10-16 07:39:55] INFO: 
[사이클 59] 모니터링 시간대가 아닙니다 (08:00-20:00)
[2025-10-16 07:39:55] INFO: ⏰ 60초 후 재확인...
[2025-10-16 07:40:55] INFO: 
[사이클 60] 모니터링 시간대가 아닙니다 (08:00-20:00)
[2025-10-16 07:40:55] INFO: ⏰ 60초 후 재확인...
[2025-10-16 07:41:55] INFO: 
[사이클 61] 모니터링 시간대가 아닙니다 (08:00-20:00)
[2025-10-16 07:41:55] INFO: ⏰ 60초 후 재확인...
[2025-10-16 07:42:55] INFO: 
[사이클 62] 모니터링 시간대가 아닙니다 (08:00-20:00)
[2025-10-16 07:42:55] INFO: ⏰ 60초 후 재확인...
[2025-10-16 07:43:55] INFO: 
[사이클 63] 모니터링 시간대가 아닙니다 (08:00-20:00)
[2025-10-16 07:43:55] INFO: ⏰ 60초 후 재확인...
[2025-10-16 07:44:55] INFO: 
[사이클 64] 모니터링 시간대가 아닙니다 (08:00-20:00)
[2025-10-16 07:44:55] INFO: ⏰ 60초 후 재확인...
[2025-10-16 07:45:55] INFO: 
[사이클 65] 모니터링 시간대가 아닙니다 (08:00-20:00)
[2025-10-16 07:45:55] INFO: ⏰ 60초 후 재확인...
[2025-10-16 07:46:55] INFO: 
[사이클 66] 모니터링 시간대가 아닙니다 (08:00-20:00)
[2025-10-16 07:46:55] INFO: ⏰ 60초 후 재확인...
[2025-10-16 07:47:55] INFO: 
[사이클 67] 모니터링 시간대가 아닙니다 (08:00-20:00)
[2025-10-16 07:47:55] INFO: ⏰ 60초 후 재확인...
[2025-10-16 07:48:55] INFO: 
[사이클 68] 모니터링 시간대가 아닙니다 (08:00-20:00)
[2025-10-16 07:48:55] INFO: ⏰ 60초 후 재확인...
[2025-10-16 07:49:55] INFO: 
[사이클 69] 모니터링 시간대가 아닙니다 (08:00-20:00)
[2025-10-16 07:49:55] INFO: ⏰ 60초 후 재확인...
[2025-10-16 07:50:55] INFO: 
[사이클 70] 모니터링 시간대가 아닙니다 (08:00-20:00)
[2025-10-16 07:50:55] INFO: ⏰ 60초 후 재확인...
[2025-10-16 07:51:55] INFO: 
[사이클 71] 모니터링 시간대가 아닙니다 (08:00-20:00)
[2025-10-16 07:51:55] INFO: ⏰ 60초 후 재확인...
[2025-10-16 07:52:55] INFO: 
[사이클 72] 모니터링 시간대가 아닙니다 (08:00-20:00)
[2025-10-16 07:52:55] INFO: ⏰ 60초 후 재확인...
[2025-10-16 07:53:55] INFO: 
[사이클 73] 모니터링 시간대가 아닙니다 (08:00-20:00)
[2025-10-16 07:53:55] INFO: ⏰ 60초 후 재확인...
[2025-10-16 07:54:55] INFO: 
[사이클 74] 모니터링 시간대가 아닙니다 (08:00-20:00)
[2025-10-16 07:54:55] INFO: ⏰ 60초 후 재확인...
[2025-10-16 07:55:55] INFO: 
[사이클 75] 모니터링 시간대가 아닙니다 (08:00-20:00)
[2025-10-16 07:55:55] INFO: ⏰ 60초 후 재확인...
[2025-10-16 07:56:55] INFO: 
[사이클 76] 모니터링 시간대가 아닙니다 (08:00-20:00)
[2025-10-16 07:56:55] INFO: ⏰ 60초 후 재확인...
[2025-10-16 07:57:55] INFO: 
[사이클 77] 모니터링 시간대가 아닙니다 (08:00-20:00)
[2025-10-16 07:57:55] INFO: ⏰ 60초 후 재확인...
[2025-10-16 07:58:55] INFO: 
[사이클 78] 모니터링 시간대가 아닙니다 (08:00-20:00)
[2025-10-16 07:58:55] INFO: ⏰ 60초 후 재확인...
[2025-10-16 07:59:55] INFO: 
[사이클 79] 모니터링 시간대가 아닙니다 (08:00-20:00)
[2025-10-16 07:59:55] INFO: ⏰ 60초 후 재확인...
[2025-10-16 08:00:55] INFO: 
================================================================================
[2025-10-16 08:00:55] INFO: [사이클 80] 2025-10-16 08:00:55
[2025-10-16 08:00:55] INFO: ================================================================================
[2025-10-16 08:00:55] INFO: ✓ 접근 토큰 발급 성공
[2025-10-16 08:00:55] WARNING: ⚠ trading_signals.xlsx 파일이 없습니다.
[2025-10-16 08:00:55] INFO: ℹ 모니터링 대상 종목이 없습니다.
[2025-10-16 08:00:55] INFO: 
⏰ 60초 후 다음 사이클 실행...
[2025-10-16 08:00:55] INFO:    종료하려면 Ctrl+C를 누르세요.
[2025-10-16 08:01:55] INFO: 
================================================================================
[2025-10-16 08:01:55] INFO: [사이클 81] 2025-10-16 08:01:55
[2025-10-16 08:01:55] INFO: ================================================================================
[2025-10-16 08:01:55] WARNING: ⚠ trading_signals.xlsx 파일이 없습니다.
[2025-10-16 08:01:55] INFO: ℹ 모니터링 대상 종목이 없습니다.
[2025-10-16 08:01:55] INFO: 
⏰ 60초 후 다음 사이클 실행...
[2025-10-16 08:01:55] INFO:    종료하려면 Ctrl+C를 누르세요.
[2025-10-16 08:02:55] INFO: 
================================================================================
[2025-10-16 08:02:55] INFO: [사이클 82] 2025-10-16 08:02:55
[2025-10-16 08:02:55] INFO: ================================================================================
[2025-10-16 08:02:55] WARNING: ⚠ trading_signals.xlsx 파일이 없습니다.
[2025-10-16 08:02:55] INFO: ℹ 모니터링 대상 종목이 없습니다.
[2025-10-16 08:02:55] INFO: 
⏰ 60초 후 다음 사이클 실행...
[2025-10-16 08:02:55] INFO:    종료하려면 Ctrl+C를 누르세요.
[2025-10-16 08:03:55] INFO: 
================================================================================
[2025-10-16 08:03:55] INFO: [사이클 83] 2025-10-16 08:03:55
[2025-10-16 08:03:55] INFO: ================================================================================
[2025-10-16 08:03:55] WARNING: ⚠ trading_signals.xlsx 파일이 없습니다.
[2025-10-16 08:03:55] INFO: ℹ 모니터링 대상 종목이 없습니다.
[2025-10-16 08:03:55] INFO: 
⏰ 60초 후 다음 사이클 실행...
[2025-10-16 08:03:55] INFO:    종료하려면 Ctrl+C를 누르세요.
[2025-10-16 08:04:55] INFO: 
================================================================================
[2025-10-16 08:04:55] INFO: [사이클 84] 2025-10-16 08:04:55
[2025-10-16 08:04:55] INFO: ================================================================================
[2025-10-16 08:04:55] WARNING: ⚠ trading_signals.xlsx 파일이 없습니다.
[2025-10-16 08:04:55] INFO: ℹ 모니터링 대상 종목이 없습니다.
[2025-10-16 08:04:55] INFO: 
⏰ 60초 후 다음 사이클 실행...
[2025-10-16 08:04:55] INFO:    종료하려면 Ctrl+C를 누르세요.
[2025-10-16 08:05:55] INFO: 
================================================================================
[2025-10-16 08:05:55] INFO: [사이클 85] 2025-10-16 08:05:55
[2025-10-16 08:05:55] INFO: ================================================================================
[2025-10-16 08:05:55] WARNING: ⚠ trading_signals.xlsx 파일이 없습니다.
[2025-10-16 08:05:55] INFO: ℹ 모니터링 대상 종목이 없습니다.
[2025-10-16 08:05:55] INFO: 
⏰ 60초 후 다음 사이클 실행...
[2025-10-16 08:05:55] INFO:    종료하려면 Ctrl+C를 누르세요.
[2025-10-16 08:06:55] INFO: 
================================================================================
[2025-10-16 08:06:55] INFO: [사이클 86] 2025-10-16 08:06:55
[2025-10-16 08:06:55] INFO: ================================================================================
[2025-10-16 08:06:55] WARNING: ⚠ trading_signals.xlsx 파일이 없습니다.
[2025-10-16 08:06:55] INFO: ℹ 모니터링 대상 종목이 없습니다.
[2025-10-16 08:06:55] INFO: 
⏰ 60초 후 다음 사이클 실행...
[2025-10-16 08:06:55] INFO:    종료하려면 Ctrl+C를 누르세요.
[2025-10-16 08:07:55] INFO: 
================================================================================
[2025-10-16 08:07:55] INFO: [사이클 87] 2025-10-16 08:07:55
[2025-10-16 08:07:55] INFO: ================================================================================
[2025-10-16 08:07:55] WARNING: ⚠ trading_signals.xlsx 파일이 없습니다.
[2025-10-16 08:07:55] INFO: ℹ 모니터링 대상 종목이 없습니다.
[2025-10-16 08:07:55] INFO: 
⏰ 60초 후 다음 사이클 실행...
[2025-10-16 08:07:55] INFO:    종료하려면 Ctrl+C를 누르세요.
[2025-10-16 08:08:55] INFO: 
================================================================================
[2025-10-16 08:08:55] INFO: [사이클 88] 2025-10-16 08:08:55
[2025-10-16 08:08:55] INFO: ================================================================================
[2025-10-16 08:08:55] WARNING: ⚠ trading_signals.xlsx 파일이 없습니다.
[2025-10-16 08:08:55] INFO: ℹ 모니터링 대상 종목이 없습니다.
[2025-10-16 08:08:55] INFO: 
⏰ 60초 후 다음 사이클 실행...
[2025-10-16 08:08:55] INFO:    종료하려면 Ctrl+C를 누르세요.
[2025-10-16 08:09:55] INFO: 
================================================================================
[2025-10-16 08:09:55] INFO: [사이클 89] 2025-10-16 08:09:55
[2025-10-16 08:09:55] INFO: ================================================================================
[2025-10-16 08:09:55] WARNING: ⚠ trading_signals.xlsx 파일이 없습니다.
[2025-10-16 08:09:55] INFO: ℹ 모니터링 대상 종목이 없습니다.
[2025-10-16 08:09:55] INFO: 
⏰ 60초 후 다음 사이클 실행...
[2025-10-16 08:09:55] INFO:    종료하려면 Ctrl+C를 누르세요.
[2025-10-16 08:10:55] INFO: 
================================================================================
[2025-10-16 08:10:55] INFO: [사이클 90] 2025-10-16 08:10:55
[2025-10-16 08:10:55] INFO: ================================================================================
[2025-10-16 08:10:55] WARNING: ⚠ trading_signals.xlsx 파일이 없습니다.
[2025-10-16 08:10:55] INFO: ℹ 모니터링 대상 종목이 없습니다.
[2025-10-16 08:10:55] INFO: 
⏰ 60초 후 다음 사이클 실행...
[2025-10-16 08:10:55] INFO:    종료하려면 Ctrl+C를 누르세요.
[2025-10-16 08:11:55] INFO: 
================================================================================
[2025-10-16 08:11:55] INFO: [사이클 91] 2025-10-16 08:11:55
[2025-10-16 08:11:55] INFO: ================================================================================
[2025-10-16 08:11:55] WARNING: ⚠ trading_signals.xlsx 파일이 없습니다.
[2025-10-16 08:11:55] INFO: ℹ 모니터링 대상 종목이 없습니다.
[2025-10-16 08:11:55] INFO: 
⏰ 60초 후 다음 사이클 실행...
[2025-10-16 08:11:55] INFO:    종료하려면 Ctrl+C를 누르세요.
[2025-10-16 08:12:55] INFO: 
================================================================================
[2025-10-16 08:12:55] INFO: [사이클 92] 2025-10-16 08:12:55
[2025-10-16 08:12:55] INFO: ================================================================================
[2025-10-16 08:12:55] WARNING: ⚠ trading_signals.xlsx 파일이 없습니다.
[2025-10-16 08:12:55] INFO: ℹ 모니터링 대상 종목이 없습니다.
[2025-10-16 08:12:55] INFO: 
⏰ 60초 후 다음 사이클 실행...
[2025-10-16 08:12:55] INFO:    종료하려면 Ctrl+C를 누르세요.
[2025-10-16 08:13:55] INFO: 
================================================================================
[2025-10-16 08:13:55] INFO: [사이클 93] 2025-10-16 08:13:55
[2025-10-16 08:13:55] INFO: ================================================================================
[2025-10-16 08:13:55] WARNING: ⚠ trading_signals.xlsx 파일이 없습니다.
[2025-10-16 08:13:55] INFO: ℹ 모니터링 대상 종목이 없습니다.
[2025-10-16 08:13:55] INFO: 
⏰ 60초 후 다음 사이클 실행...
[2025-10-16 08:13:55] INFO:    종료하려면 Ctrl+C를 누르세요.
[2025-10-16 08:14:55] INFO: 
================================================================================
[2025-10-16 08:14:55] INFO: [사이클 94] 2025-10-16 08:14:55
[2025-10-16 08:14:55] INFO: ================================================================================
[2025-10-16 08:14:55] WARNING: ⚠ trading_signals.xlsx 파일이 없습니다.
[2025-10-16 08:14:55] INFO: ℹ 모니터링 대상 종목이 없습니다.
[2025-10-16 08:14:55] INFO: 
⏰ 60초 후 다음 사이클 실행...
[2025-10-16 08:14:55] INFO:    종료하려면 Ctrl+C를 누르세요.
[2025-10-16 08:15:55] INFO: 
================================================================================
[2025-10-16 08:15:55] INFO: [사이클 95] 2025-10-16 08:15:55
[2025-10-16 08:15:55] INFO: ================================================================================
[2025-10-16 08:15:55] WARNING: ⚠ trading_signals.xlsx 파일이 없습니다.
[2025-10-16 08:15:55] INFO: ℹ 모니터링 대상 종목이 없습니다.
[2025-10-16 08:15:55] INFO: 
⏰ 60초 후 다음 사이클 실행...
[2025-10-16 08:15:55] INFO:    종료하려면 Ctrl+C를 누르세요.
[2025-10-16 08:16:55] INFO: 
================================================================================
[2025-10-16 08:16:55] INFO: [사이클 96] 2025-10-16 08:16:55
[2025-10-16 08:16:55] INFO: ================================================================================
[2025-10-16 08:16:55] WARNING: ⚠ trading_signals.xlsx 파일이 없습니다.
[2025-10-16 08:16:55] INFO: ℹ 모니터링 대상 종목이 없습니다.
[2025-10-16 08:16:55] INFO: 
⏰ 60초 후 다음 사이클 실행...
[2025-10-16 08:16:55] INFO:    종료하려면 Ctrl+C를 누르세요.
[2025-10-16 08:17:55] INFO: 
================================================================================
[2025-10-16 08:17:55] INFO: [사이클 97] 2025-10-16 08:17:55
[2025-10-16 08:17:55] INFO: ================================================================================
[2025-10-16 08:17:55] WARNING: ⚠ trading_signals.xlsx 파일이 없습니다.
[2025-10-16 08:17:55] INFO: ℹ 모니터링 대상 종목이 없습니다.
[2025-10-16 08:17:55] INFO: 
⏰ 60초 후 다음 사이클 실행...
[2025-10-16 08:17:55] INFO:    종료하려면 Ctrl+C를 누르세요.
[2025-10-16 08:18:55] INFO: 
================================================================================
[2025-10-16 08:18:55] INFO: [사이클 98] 2025-10-16 08:18:55
[2025-10-16 08:18:55] INFO: ================================================================================
[2025-10-16 08:18:55] WARNING: ⚠ trading_signals.xlsx 파일이 없습니다.
[2025-10-16 08:18:55] INFO: ℹ 모니터링 대상 종목이 없습니다.
[2025-10-16 08:18:55] INFO: 
⏰ 60초 후 다음 사이클 실행...
[2025-10-16 08:18:55] INFO:    종료하려면 Ctrl+C를 누르세요.
[2025-10-16 08:19:55] INFO: 
================================================================================
[2025-10-16 08:19:55] INFO: [사이클 99] 2025-10-16 08:19:55
[2025-10-16 08:19:55] INFO: ================================================================================
[2025-10-16 08:19:55] WARNING: ⚠ trading_signals.xlsx 파일이 없습니다.
[2025-10-16 08:19:55] INFO: ℹ 모니터링 대상 종목이 없습니다.
[2025-10-16 08:19:55] INFO: 
⏰ 60초 후 다음 사이클 실행...
[2025-10-16 08:19:55] INFO:    종료하려면 Ctrl+C를 누르세요.
[2025-10-16 08:20:55] INFO: 
================================================================================
[2025-10-16 08:20:55] INFO: [사이클 100] 2025-10-16 08:20:55
[2025-10-16 08:20:55] INFO: ================================================================================
[2025-10-16 08:20:55] WARNING: ⚠ trading_signals.xlsx 파일이 없습니다.
[2025-10-16 08:20:55] INFO: ℹ 모니터링 대상 종목이 없습니다.
[2025-10-16 08:20:55] INFO: 
⏰ 60초 후 다음 사이클 실행...
[2025-10-16 08:20:55] INFO:    종료하려면 Ctrl+C를 누르세요.
[2025-10-16 08:21:55] INFO: 
================================================================================
[2025-10-16 08:21:55] INFO: [사이클 101] 2025-10-16 08:21:55
[2025-10-16 08:21:55] INFO: ================================================================================
[2025-10-16 08:21:55] WARNING: ⚠ trading_signals.xlsx 파일이 없습니다.
[2025-10-16 08:21:55] INFO: ℹ 모니터링 대상 종목이 없습니다.
[2025-10-16 08:21:55] INFO: 
⏰ 60초 후 다음 사이클 실행...
[2025-10-16 08:21:55] INFO:    종료하려면 Ctrl+C를 누르세요.
[2025-10-16 08:22:55] INFO: 
================================================================================
[2025-10-16 08:22:55] INFO: [사이클 102] 2025-10-16 08:22:55
[2025-10-16 08:22:55] INFO: ================================================================================
[2025-10-16 08:22:55] WARNING: ⚠ trading_signals.xlsx 파일이 없습니다.
[2025-10-16 08:22:55] INFO: ℹ 모니터링 대상 종목이 없습니다.
[2025-10-16 08:22:55] INFO: 
⏰ 60초 후 다음 사이클 실행...
[2025-10-16 08:22:55] INFO:    종료하려면 Ctrl+C를 누르세요.
[2025-10-16 08:23:55] INFO: 
================================================================================
[2025-10-16 08:23:55] INFO: [사이클 103] 2025-10-16 08:23:55
[2025-10-16 08:23:55] INFO: ================================================================================
[2025-10-16 08:23:55] WARNING: ⚠ trading_signals.xlsx 파일이 없습니다.
[2025-10-16 08:23:55] INFO: ℹ 모니터링 대상 종목이 없습니다.
[2025-10-16 08:23:55] INFO: 
⏰ 60초 후 다음 사이클 실행...
[2025-10-16 08:23:55] INFO:    종료하려면 Ctrl+C를 누르세요.
[2025-10-16 08:24:55] INFO: 
================================================================================
[2025-10-16 08:24:55] INFO: [사이클 104] 2025-10-16 08:24:55
[2025-10-16 08:24:55] INFO: ================================================================================
[2025-10-16 08:24:55] WARNING: ⚠ trading_signals.xlsx 파일이 없습니다.
[2025-10-16 08:24:55] INFO: ℹ 모니터링 대상 종목이 없습니다.
[2025-10-16 08:24:55] INFO: 
⏰ 60초 후 다음 사이클 실행...
[2025-10-16 08:24:55] INFO:    종료하려면 Ctrl+C를 누르세요.
[2025-10-16 08:25:55] INFO: 
================================================================================
[2025-10-16 08:25:55] INFO: [사이클 105] 2025-10-16 08:25:55
[2025-10-16 08:25:55] INFO: ================================================================================
[2025-10-16 08:25:55] WARNING: ⚠ trading_signals.xlsx 파일이 없습니다.
[2025-10-16 08:25:55] INFO: ℹ 모니터링 대상 종목이 없습니다.
[2025-10-16 08:25:55] INFO: 
⏰ 60초 후 다음 사이클 실행...
[2025-10-16 08:25:55] INFO:    종료하려면 Ctrl+C를 누르세요.
[2025-10-16 08:26:55] INFO: 
================================================================================
[2025-10-16 08:26:55] INFO: [사이클 106] 2025-10-16 08:26:55
[2025-10-16 08:26:55] INFO: ================================================================================
[2025-10-16 08:26:55] WARNING: ⚠ trading_signals.xlsx 파일이 없습니다.
[2025-10-16 08:26:55] INFO: ℹ 모니터링 대상 종목이 없습니다.
[2025-10-16 08:26:55] INFO: 
⏰ 60초 후 다음 사이클 실행...
[2025-10-16 08:26:55] INFO:    종료하려면 Ctrl+C를 누르세요.
[2025-10-16 08:27:55] INFO: 
================================================================================
[2025-10-16 08:27:55] INFO: [사이클 107] 2025-10-16 08:27:55
[2025-10-16 08:27:55] INFO: ================================================================================
[2025-10-16 08:27:55] WARNING: ⚠ trading_signals.xlsx 파일이 없습니다.
[2025-10-16 08:27:55] INFO: ℹ 모니터링 대상 종목이 없습니다.
[2025-10-16 08:27:55] INFO: 
⏰ 60초 후 다음 사이클 실행...
[2025-10-16 08:27:55] INFO:    종료하려면 Ctrl+C를 누르세요.
[2025-10-16 08:28:55] INFO: 
================================================================================
[2025-10-16 08:28:55] INFO: [사이클 108] 2025-10-16 08:28:55
[2025-10-16 08:28:55] INFO: ================================================================================
[2025-10-16 08:28:55] WARNING: ⚠ trading_signals.xlsx 파일이 없습니다.
[2025-10-16 08:28:55] INFO: ℹ 모니터링 대상 종목이 없습니다.
[2025-10-16 08:28:55] INFO: 
⏰ 60초 후 다음 사이클 실행...
[2025-10-16 08:28:55] INFO:    종료하려면 Ctrl+C를 누르세요.
[2025-10-16 08:29:55] INFO: 
================================================================================
[2025-10-16 08:29:55] INFO: [사이클 109] 2025-10-16 08:29:55
[2025-10-16 08:29:55] INFO: ================================================================================
[2025-10-16 08:29:55] WARNING: ⚠ trading_signals.xlsx 파일이 없습니다.
[2025-10-16 08:29:55] INFO: ℹ 모니터링 대상 종목이 없습니다.
[2025-10-16 08:29:55] INFO: 
⏰ 60초 후 다음 사이클 실행...
[2025-10-16 08:29:55] INFO:    종료하려면 Ctrl+C를 누르세요.
[2025-10-16 08:30:55] INFO: 
================================================================================
[2025-10-16 08:30:55] INFO: [사이클 110] 2025-10-16 08:30:55
[2025-10-16 08:30:55] INFO: ================================================================================
[2025-10-16 08:30:55] WARNING: ⚠ trading_signals.xlsx 파일이 없습니다.
[2025-10-16 08:30:55] INFO: ℹ 모니터링 대상 종목이 없습니다.
[2025-10-16 08:30:55] INFO: 
⏰ 60초 후 다음 사이클 실행...
[2025-10-16 08:30:55] INFO:    종료하려면 Ctrl+C를 누르세요.
[2025-10-16 08:31:55] INFO: 
================================================================================
[2025-10-16 08:31:55] INFO: [사이클 111] 2025-10-16 08:31:55
[2025-10-16 08:31:55] INFO: ================================================================================
[2025-10-16 08:31:55] WARNING: ⚠ trading_signals.xlsx 파일이 없습니다.
[2025-10-16 08:31:55] INFO: ℹ 모니터링 대상 종목이 없습니다.
[2025-10-16 08:31:55] INFO: 
⏰ 60초 후 다음 사이클 실행...
[2025-10-16 08:31:55] INFO:    종료하려면 Ctrl+C를 누르세요.
[2025-10-16 08:32:55] INFO: 
================================================================================
[2025-10-16 08:32:55] INFO: [사이클 112] 2025-10-16 08:32:55
[2025-10-16 08:32:55] INFO: ================================================================================
[2025-10-16 08:32:55] WARNING: ⚠ trading_signals.xlsx 파일이 없습니다.
[2025-10-16 08:32:55] INFO: ℹ 모니터링 대상 종목이 없습니다.
[2025-10-16 08:32:55] INFO: 
⏰ 60초 후 다음 사이클 실행...
[2025-10-16 08:32:55] INFO:    종료하려면 Ctrl+C를 누르세요.
[2025-10-16 08:33:55] INFO: 
================================================================================
[2025-10-16 08:33:55] INFO: [사이클 113] 2025-10-16 08:33:55
[2025-10-16 08:33:55] INFO: ================================================================================
[2025-10-16 08:33:55] WARNING: ⚠ trading_signals.xlsx 파일이 없습니다.
[2025-10-16 08:33:55] INFO: ℹ 모니터링 대상 종목이 없습니다.
[2025-10-16 08:33:55] INFO: 
⏰ 60초 후 다음 사이클 실행...
[2025-10-16 08:33:55] INFO:    종료하려면 Ctrl+C를 누르세요.
[2025-10-16 08:34:55] INFO: 
================================================================================
[2025-10-16 08:34:55] INFO: [사이클 114] 2025-10-16 08:34:55
[2025-10-16 08:34:55] INFO: ================================================================================
[2025-10-16 08:34:55] WARNING: ⚠ trading_signals.xlsx 파일이 없습니다.
[2025-10-16 08:34:55] INFO: ℹ 모니터링 대상 종목이 없습니다.
[2025-10-16 08:34:55] INFO: 
⏰ 60초 후 다음 사이클 실행...
[2025-10-16 08:34:55] INFO:    종료하려면 Ctrl+C를 누르세요.
[2025-10-16 08:35:55] INFO: 
================================================================================
[2025-10-16 08:35:55] INFO: [사이클 115] 2025-10-16 08:35:55
[2025-10-16 08:35:55] INFO: ================================================================================
[2025-10-16 08:35:55] WARNING: ⚠ trading_signals.xlsx 파일이 없습니다.
[2025-10-16 08:35:55] INFO: ℹ 모니터링 대상 종목이 없습니다.
[2025-10-16 08:35:55] INFO: 
⏰ 60초 후 다음 사이클 실행...
[2025-10-16 08:35:55] INFO:    종료하려면 Ctrl+C를 누르세요.
[2025-10-16 08:36:55] INFO: 
================================================================================
[2025-10-16 08:36:55] INFO: [사이클 116] 2025-10-16 08:36:55
[2025-10-16 08:36:55] INFO: ================================================================================
[2025-10-16 08:36:55] WARNING: ⚠ trading_signals.xlsx 파일이 없습니다.
[2025-10-16 08:36:55] INFO: ℹ 모니터링 대상 종목이 없습니다.
[2025-10-16 08:36:55] INFO: 
⏰ 60초 후 다음 사이클 실행...
[2025-10-16 08:36:55] INFO:    종료하려면 Ctrl+C를 누르세요.
[2025-10-16 08:37:55] INFO: 
================================================================================
[2025-10-16 08:37:55] INFO: [사이클 117] 2025-10-16 08:37:55
[2025-10-16 08:37:55] INFO: ================================================================================
[2025-10-16 08:37:55] WARNING: ⚠ trading_signals.xlsx 파일이 없습니다.
[2025-10-16 08:37:55] INFO: ℹ 모니터링 대상 종목이 없습니다.
[2025-10-16 08:37:55] INFO: 
⏰ 60초 후 다음 사이클 실행...
[2025-10-16 08:37:55] INFO:    종료하려면 Ctrl+C를 누르세요.
[2025-10-16 08:38:55] INFO: 
================================================================================
[2025-10-16 08:38:55] INFO: [사이클 118] 2025-10-16 08:38:55
[2025-10-16 08:38:55] INFO: ================================================================================
[2025-10-16 08:38:55] WARNING: ⚠ trading_signals.xlsx 파일이 없습니다.
[2025-10-16 08:38:55] INFO: ℹ 모니터링 대상 종목이 없습니다.
[2025-10-16 08:38:55] INFO: 
⏰ 60초 후 다음 사이클 실행...
[2025-10-16 08:38:55] INFO:    종료하려면 Ctrl+C를 누르세요.
[2025-10-16 08:39:55] INFO: 
================================================================================
[2025-10-16 08:39:55] INFO: [사이클 119] 2025-10-16 08:39:55
[2025-10-16 08:39:55] INFO: ================================================================================
[2025-10-16 08:39:55] WARNING: ⚠ trading_signals.xlsx 파일이 없습니다.
[2025-10-16 08:39:55] INFO: ℹ 모니터링 대상 종목이 없습니다.
[2025-10-16 08:39:55] INFO: 
⏰ 60초 후 다음 사이클 실행...
[2025-10-16 08:39:55] INFO:    종료하려면 Ctrl+C를 누르세요.
[2025-10-16 08:40:55] INFO: 
================================================================================
[2025-10-16 08:40:55] INFO: [사이클 120] 2025-10-16 08:40:55
[2025-10-16 08:40:55] INFO: ================================================================================
[2025-10-16 08:40:55] WARNING: ⚠ trading_signals.xlsx 파일이 없습니다.
[2025-10-16 08:40:55] INFO: ℹ 모니터링 대상 종목이 없습니다.
[2025-10-16 08:40:55] INFO: 
⏰ 60초 후 다음 사이클 실행...
[2025-10-16 08:40:55] INFO:    종료하려면 Ctrl+C를 누르세요.
[2025-10-16 08:41:55] INFO: 
================================================================================
[2025-10-16 08:41:55] INFO: [사이클 121] 2025-10-16 08:41:55
[2025-10-16 08:41:55] INFO: ================================================================================
[2025-10-16 08:41:55] WARNING: ⚠ trading_signals.xlsx 파일이 없습니다.
[2025-10-16 08:41:55] INFO: ℹ 모니터링 대상 종목이 없습니다.
[2025-10-16 08:41:55] INFO: 
⏰ 60초 후 다음 사이클 실행...
[2025-10-16 08:41:55] INFO:    종료하려면 Ctrl+C를 누르세요.
[2025-10-16 08:42:55] INFO: 
================================================================================
[2025-10-16 08:42:55] INFO: [사이클 122] 2025-10-16 08:42:55
[2025-10-16 08:42:55] INFO: ================================================================================
[2025-10-16 08:42:55] WARNING: ⚠ trading_signals.xlsx 파일이 없습니다.
[2025-10-16 08:42:55] INFO: ℹ 모니터링 대상 종목이 없습니다.
[2025-10-16 08:42:55] INFO: 
⏰ 60초 후 다음 사이클 실행...
[2025-10-16 08:42:55] INFO:    종료하려면 Ctrl+C를 누르세요.
[2025-10-16 08:43:55] INFO: 
================================================================================
[2025-10-16 08:43:55] INFO: [사이클 123] 2025-10-16 08:43:55
[2025-10-16 08:43:55] INFO: ================================================================================
[2025-10-16 08:43:55] WARNING: ⚠ trading_signals.xlsx 파일이 없습니다.
[2025-10-16 08:43:55] INFO: ℹ 모니터링 대상 종목이 없습니다.
[2025-10-16 08:43:55] INFO: 
⏰ 60초 후 다음 사이클 실행...
[2025-10-16 08:43:55] INFO:    종료하려면 Ctrl+C를 누르세요.
[2025-10-16 08:44:55] INFO: 
================================================================================
[2025-10-16 08:44:55] INFO: [사이클 124] 2025-10-16 08:44:55
[2025-10-16 08:44:55] INFO: ================================================================================
[2025-10-16 08:44:55] WARNING: ⚠ trading_signals.xlsx 파일이 없습니다.
[2025-10-16 08:44:55] INFO: ℹ 모니터링 대상 종목이 없습니다.
[2025-10-16 08:44:55] INFO: 
⏰ 60초 후 다음 사이클 실행...
[2025-10-16 08:44:55] INFO:    종료하려면 Ctrl+C를 누르세요.
[2025-10-16 08:45:55] INFO: 
================================================================================
[2025-10-16 08:45:55] INFO: [사이클 125] 2025-10-16 08:45:55
[2025-10-16 08:45:55] INFO: ================================================================================
[2025-10-16 08:45:55] WARNING: ⚠ trading_signals.xlsx 파일이 없습니다.
[2025-10-16 08:45:55] INFO: ℹ 모니터링 대상 종목이 없습니다.
[2025-10-16 08:45:55] INFO: 
⏰ 60초 후 다음 사이클 실행...
[2025-10-16 08:45:55] INFO:    종료하려면 Ctrl+C를 누르세요.
[2025-10-16 08:46:55] INFO: 
================================================================================
[2025-10-16 08:46:55] INFO: [사이클 126] 2025-10-16 08:46:55
[2025-10-16 08:46:55] INFO: ================================================================================
[2025-10-16 08:46:55] WARNING: ⚠ trading_signals.xlsx 파일이 없습니다.
[2025-10-16 08:46:55] INFO: ℹ 모니터링 대상 종목이 없습니다.
[2025-10-16 08:46:55] INFO: 
⏰ 60초 후 다음 사이클 실행...
[2025-10-16 08:46:55] INFO:    종료하려면 Ctrl+C를 누르세요.
[2025-10-16 08:47:55] INFO: 
================================================================================
[2025-10-16 08:47:55] INFO: [사이클 127] 2025-10-16 08:47:55
[2025-10-16 08:47:55] INFO: ================================================================================
[2025-10-16 08:47:55] WARNING: ⚠ trading_signals.xlsx 파일이 없습니다.
[2025-10-16 08:47:55] INFO: ℹ 모니터링 대상 종목이 없습니다.
[2025-10-16 08:47:55] INFO: 
⏰ 60초 후 다음 사이클 실행...
[2025-10-16 08:47:55] INFO:    종료하려면 Ctrl+C를 누르세요.
[2025-10-16 08:48:55] INFO: 
================================================================================
[2025-10-16 08:48:55] INFO: [사이클 128] 2025-10-16 08:48:55
[2025-10-16 08:48:55] INFO: ================================================================================
[2025-10-16 08:48:55] WARNING: ⚠ trading_signals.xlsx 파일이 없습니다.
[2025-10-16 08:48:55] INFO: ℹ 모니터링 대상 종목이 없습니다.
[2025-10-16 08:48:55] INFO: 
⏰ 60초 후 다음 사이클 실행...
[2025-10-16 08:48:55] INFO:    종료하려면 Ctrl+C를 누르세요.
[2025-10-16 08:49:55] INFO: 
================================================================================
[2025-10-16 08:49:55] INFO: [사이클 129] 2025-10-16 08:49:55
[2025-10-16 08:49:55] INFO: ================================================================================
[2025-10-16 08:49:55] WARNING: ⚠ trading_signals.xlsx 파일이 없습니다.
[2025-10-16 08:49:55] INFO: ℹ 모니터링 대상 종목이 없습니다.
[2025-10-16 08:49:55] INFO: 
⏰ 60초 후 다음 사이클 실행...
[2025-10-16 08:49:55] INFO:    종료하려면 Ctrl+C를 누르세요.
[2025-10-16 08:50:55] INFO: 
================================================================================
[2025-10-16 08:50:55] INFO: [사이클 130] 2025-10-16 08:50:55
[2025-10-16 08:50:55] INFO: ================================================================================
[2025-10-16 08:50:55] WARNING: ⚠ trading_signals.xlsx 파일이 없습니다.
[2025-10-16 08:50:55] INFO: ℹ 모니터링 대상 종목이 없습니다.
[2025-10-16 08:50:55] INFO: 
⏰ 60초 후 다음 사이클 실행...
[2025-10-16 08:50:55] INFO:    종료하려면 Ctrl+C를 누르세요.
[2025-10-16 08:51:55] INFO: 
================================================================================
[2025-10-16 08:51:55] INFO: [사이클 131] 2025-10-16 08:51:55
[2025-10-16 08:51:55] INFO: ================================================================================
[2025-10-16 08:51:55] WARNING: ⚠ trading_signals.xlsx 파일이 없습니다.
[2025-10-16 08:51:55] INFO: ℹ 모니터링 대상 종목이 없습니다.
[2025-10-16 08:51:55] INFO: 
⏰ 60초 후 다음 사이클 실행...
[2025-10-16 08:51:55] INFO:    종료하려면 Ctrl+C를 누르세요.
[2025-10-16 08:52:55] INFO: 
================================================================================
[2025-10-16 08:52:55] INFO: [사이클 132] 2025-10-16 08:52:55
[2025-10-16 08:52:55] INFO: ================================================================================
[2025-10-16 08:52:55] WARNING: ⚠ trading_signals.xlsx 파일이 없습니다.
[2025-10-16 08:52:55] INFO: ℹ 모니터링 대상 종목이 없습니다.
[2025-10-16 08:52:55] INFO: 
⏰ 60초 후 다음 사이클 실행...
[2025-10-16 08:52:55] INFO:    종료하려면 Ctrl+C를 누르세요.
[2025-10-16 08:53:55] INFO: 
================================================================================
[2025-10-16 08:53:55] INFO: [사이클 133] 2025-10-16 08:53:55
[2025-10-16 08:53:55] INFO: ================================================================================
[2025-10-16 08:53:55] WARNING: ⚠ trading_signals.xlsx 파일이 없습니다.
[2025-10-16 08:53:55] INFO: ℹ 모니터링 대상 종목이 없습니다.
[2025-10-16 08:53:55] INFO: 
⏰ 60초 후 다음 사이클 실행...
[2025-10-16 08:53:55] INFO:    종료하려면 Ctrl+C를 누르세요.
[2025-10-16 08:54:55] INFO: 
================================================================================
[2025-10-16 08:54:55] INFO: [사이클 134] 2025-10-16 08:54:55
[2025-10-16 08:54:55] INFO: ================================================================================
[2025-10-16 08:54:55] WARNING: ⚠ trading_signals.xlsx 파일이 없습니다.
[2025-10-16 08:54:55] INFO: ℹ 모니터링 대상 종목이 없습니다.
[2025-10-16 08:54:55] INFO: 
⏰ 60초 후 다음 사이클 실행...
[2025-10-16 08:54:55] INFO:    종료하려면 Ctrl+C를 누르세요.
[2025-10-16 08:55:55] INFO: 
================================================================================
[2025-10-16 08:55:55] INFO: [사이클 135] 2025-10-16 08:55:55
[2025-10-16 08:55:55] INFO: ================================================================================
[2025-10-16 08:55:55] WARNING: ⚠ trading_signals.xlsx 파일이 없습니다.
[2025-10-16 08:55:55] INFO: ℹ 모니터링 대상 종목이 없습니다.
[2025-10-16 08:55:55] INFO: 
⏰ 60초 후 다음 사이클 실행...
[2025-10-16 08:55:55] INFO:    종료하려면 Ctrl+C를 누르세요.
[2025-10-16 08:56:55] INFO: 
================================================================================
[2025-10-16 08:56:55] INFO: [사이클 136] 2025-10-16 08:56:55
[2025-10-16 08:56:55] INFO: ================================================================================
[2025-10-16 08:56:55] WARNING: ⚠ trading_signals.xlsx 파일이 없습니다.
[2025-10-16 08:56:55] INFO: ℹ 모니터링 대상 종목이 없습니다.
[2025-10-16 08:56:55] INFO: 
⏰ 60초 후 다음 사이클 실행...
[2025-10-16 08:56:55] INFO:    종료하려면 Ctrl+C를 누르세요.
[2025-10-16 08:57:55] INFO: 
================================================================================
[2025-10-16 08:57:55] INFO: [사이클 137] 2025-10-16 08:57:55
[2025-10-16 08:57:55] INFO: ================================================================================
[2025-10-16 08:57:55] WARNING: ⚠ trading_signals.xlsx 파일이 없습니다.
[2025-10-16 08:57:55] INFO: ℹ 모니터링 대상 종목이 없습니다.
[2025-10-16 08:57:55] INFO: 
⏰ 60초 후 다음 사이클 실행...
[2025-10-16 08:57:55] INFO:    종료하려면 Ctrl+C를 누르세요.
[2025-10-16 08:58:55] INFO: 
================================================================================
[2025-10-16 08:58:55] INFO: [사이클 138] 2025-10-16 08:58:55
[2025-10-16 08:58:55] INFO: ================================================================================
[2025-10-16 08:58:55] WARNING: ⚠ trading_signals.xlsx 파일이 없습니다.
[2025-10-16 08:58:55] INFO: ℹ 모니터링 대상 종목이 없습니다.
[2025-10-16 08:58:55] INFO: 
⏰ 60초 후 다음 사이클 실행...
[2025-10-16 08:58:55] INFO:    종료하려면 Ctrl+C를 누르세요.
[2025-10-16 08:59:55] INFO: 
================================================================================
[2025-10-16 08:59:55] INFO: [사이클 139] 2025-10-16 08:59:55
[2025-10-16 08:59:55] INFO: ================================================================================
[2025-10-16 08:59:55] WARNING: ⚠ trading_signals.xlsx 파일이 없습니다.
[2025-10-16 08:59:55] INFO: ℹ 모니터링 대상 종목이 없습니다.
[2025-10-16 08:59:55] INFO: 
⏰ 60초 후 다음 사이클 실행...
[2025-10-16 08:59:55] INFO:    종료하려면 Ctrl+C를 누르세요.
[2025-10-16 09:00:55] INFO: 
================================================================================
[2025-10-16 09:00:55] INFO: [사이클 140] 2025-10-16 09:00:55
[2025-10-16 09:00:55] INFO: ================================================================================
[2025-10-16 09:00:55] WARNING: ⚠ trading_signals.xlsx 파일이 없습니다.
[2025-10-16 09:00:55] INFO: ℹ 모니터링 대상 종목이 없습니다.
[2025-10-16 09:00:55] INFO: 
⏰ 60초 후 다음 사이클 실행...
[2025-10-16 09:00:55] INFO:    종료하려면 Ctrl+C를 누르세요.
[2025-10-16 09:01:55] INFO: 
================================================================================
[2025-10-16 09:01:55] INFO: [사이클 141] 2025-10-16 09:01:55
[2025-10-16 09:01:55] INFO: ================================================================================
[2025-10-16 09:01:55] WARNING: ⚠ trading_signals.xlsx 파일이 없습니다.
[2025-10-16 09:01:55] INFO: ℹ 모니터링 대상 종목이 없습니다.
[2025-10-16 09:01:55] INFO: 
⏰ 60초 후 다음 사이클 실행...
[2025-10-16 09:01:55] INFO:    종료하려면 Ctrl+C를 누르세요.
[2025-10-16 09:02:55] INFO: 
================================================================================
[2025-10-16 09:02:55] INFO: [사이클 142] 2025-10-16 09:02:55
[2025-10-16 09:02:55] INFO: ================================================================================
[2025-10-16 09:02:55] WARNING: ⚠ trading_signals.xlsx 파일이 없습니다.
[2025-10-16 09:02:55] INFO: ℹ 모니터링 대상 종목이 없습니다.
[2025-10-16 09:02:55] INFO: 
⏰ 60초 후 다음 사이클 실행...
[2025-10-16 09:02:55] INFO:    종료하려면 Ctrl+C를 누르세요.
[2025-10-16 09:03:55] INFO: 
================================================================================
[2025-10-16 09:03:55] INFO: [사이클 143] 2025-10-16 09:03:55
[2025-10-16 09:03:55] INFO: ================================================================================
[2025-10-16 09:03:55] WARNING: ⚠ trading_signals.xlsx 파일이 없습니다.
[2025-10-16 09:03:55] INFO: ℹ 모니터링 대상 종목이 없습니다.
[2025-10-16 09:03:55] INFO: 
⏰ 60초 후 다음 사이클 실행...
[2025-10-16 09:03:55] INFO:    종료하려면 Ctrl+C를 누르세요.
[2025-10-16 09:04:55] INFO: 
================================================================================
[2025-10-16 09:04:55] INFO: [사이클 144] 2025-10-16 09:04:55
[2025-10-16 09:04:55] INFO: ================================================================================
[2025-10-16 09:04:55] WARNING: ⚠ trading_signals.xlsx 파일이 없습니다.
[2025-10-16 09:04:55] INFO: ℹ 모니터링 대상 종목이 없습니다.
[2025-10-16 09:04:55] INFO: 
⏰ 60초 후 다음 사이클 실행...
[2025-10-16 09:04:55] INFO:    종료하려면 Ctrl+C를 누르세요.
[2025-10-16 09:05:55] INFO: 
================================================================================
[2025-10-16 09:05:55] INFO: [사이클 145] 2025-10-16 09:05:55
[2025-10-16 09:05:55] INFO: ================================================================================
[2025-10-16 09:05:55] WARNING: ⚠ trading_signals.xlsx 파일이 없습니다.
[2025-10-16 09:05:55] INFO: ℹ 모니터링 대상 종목이 없습니다.
[2025-10-16 09:05:55] INFO: 
⏰ 60초 후 다음 사이클 실행...
[2025-10-16 09:05:55] INFO:    종료하려면 Ctrl+C를 누르세요.
[2025-10-16 09:06:55] INFO: 
================================================================================
[2025-10-16 09:06:55] INFO: [사이클 146] 2025-10-16 09:06:55
[2025-10-16 09:06:55] INFO: ================================================================================
[2025-10-16 09:06:55] WARNING: ⚠ trading_signals.xlsx 파일이 없습니다.
[2025-10-16 09:06:55] INFO: ℹ 모니터링 대상 종목이 없습니다.
[2025-10-16 09:06:55] INFO: 
⏰ 60초 후 다음 사이클 실행...
[2025-10-16 09:06:55] INFO:    종료하려면 Ctrl+C를 누르세요.
[2025-10-16 09:07:55] INFO: 
================================================================================
[2025-10-16 09:07:55] INFO: [사이클 147] 2025-10-16 09:07:55
[2025-10-16 09:07:55] INFO: ================================================================================
[2025-10-16 09:07:55] WARNING: ⚠ trading_signals.xlsx 파일이 없습니다.
[2025-10-16 09:07:55] INFO: ℹ 모니터링 대상 종목이 없습니다.
[2025-10-16 09:07:55] INFO: 
⏰ 60초 후 다음 사이클 실행...
[2025-10-16 09:07:55] INFO:    종료하려면 Ctrl+C를 누르세요.
[2025-10-16 09:08:55] INFO: 
================================================================================
[2025-10-16 09:08:55] INFO: [사이클 148] 2025-10-16 09:08:55
[2025-10-16 09:08:55] INFO: ================================================================================
[2025-10-16 09:08:55] WARNING: ⚠ trading_signals.xlsx 파일이 없습니다.
[2025-10-16 09:08:55] INFO: ℹ 모니터링 대상 종목이 없습니다.
[2025-10-16 09:08:55] INFO: 
⏰ 60초 후 다음 사이클 실행...
[2025-10-16 09:08:55] INFO:    종료하려면 Ctrl+C를 누르세요.
[2025-10-16 09:09:55] INFO: 
================================================================================
[2025-10-16 09:09:55] INFO: [사이클 149] 2025-10-16 09:09:55
[2025-10-16 09:09:55] INFO: ================================================================================
[2025-10-16 09:09:55] WARNING: ⚠ trading_signals.xlsx 파일이 없습니다.
[2025-10-16 09:09:55] INFO: ℹ 모니터링 대상 종목이 없습니다.
[2025-10-16 09:09:55] INFO: 
⏰ 60초 후 다음 사이클 실행...
[2025-10-16 09:09:55] INFO:    종료하려면 Ctrl+C를 누르세요.
[2025-10-16 09:10:55] INFO: 
================================================================================
[2025-10-16 09:10:55] INFO: [사이클 150] 2025-10-16 09:10:55
[2025-10-16 09:10:55] INFO: ================================================================================
[2025-10-16 09:10:55] WARNING: ⚠ trading_signals.xlsx 파일이 없습니다.
[2025-10-16 09:10:55] INFO: ℹ 모니터링 대상 종목이 없습니다.
[2025-10-16 09:10:55] INFO: 
⏰ 60초 후 다음 사이클 실행...
[2025-10-16 09:10:55] INFO:    종료하려면 Ctrl+C를 누르세요.
[2025-10-16 09:11:55] INFO: 
================================================================================
[2025-10-16 09:11:55] INFO: [사이클 151] 2025-10-16 09:11:55
[2025-10-16 09:11:55] INFO: ================================================================================
[2025-10-16 09:11:55] WARNING: ⚠ trading_signals.xlsx 파일이 없습니다.
[2025-10-16 09:11:55] INFO: ℹ 모니터링 대상 종목이 없습니다.
[2025-10-16 09:11:55] INFO: 
⏰ 60초 후 다음 사이클 실행...
[2025-10-16 09:11:55] INFO:    종료하려면 Ctrl+C를 누르세요.
[2025-10-16 09:12:55] INFO: 
================================================================================
[2025-10-16 09:12:55] INFO: [사이클 152] 2025-10-16 09:12:55
[2025-10-16 09:12:55] INFO: ================================================================================
[2025-10-16 09:12:55] WARNING: ⚠ trading_signals.xlsx 파일이 없습니다.
[2025-10-16 09:12:55] INFO: ℹ 모니터링 대상 종목이 없습니다.
[2025-10-16 09:12:55] INFO: 
⏰ 60초 후 다음 사이클 실행...
[2025-10-16 09:12:55] INFO:    종료하려면 Ctrl+C를 누르세요.
[2025-10-16 09:13:55] INFO: 
================================================================================
[2025-10-16 09:13:55] INFO: [사이클 153] 2025-10-16 09:13:55
[2025-10-16 09:13:55] INFO: ================================================================================
[2025-10-16 09:13:55] WARNING: ⚠ trading_signals.xlsx 파일이 없습니다.
[2025-10-16 09:13:55] INFO: ℹ 모니터링 대상 종목이 없습니다.
[2025-10-16 09:13:55] INFO: 
⏰ 60초 후 다음 사이클 실행...
[2025-10-16 09:13:55] INFO:    종료하려면 Ctrl+C를 누르세요.
[2025-10-16 09:14:55] INFO: 
================================================================================
[2025-10-16 09:14:55] INFO: [사이클 154] 2025-10-16 09:14:55
[2025-10-16 09:14:55] INFO: ================================================================================
[2025-10-16 09:14:55] WARNING: ⚠ trading_signals.xlsx 파일이 없습니다.
[2025-10-16 09:14:55] INFO: ℹ 모니터링 대상 종목이 없습니다.
[2025-10-16 09:14:55] INFO: 
⏰ 60초 후 다음 사이클 실행...
[2025-10-16 09:14:55] INFO:    종료하려면 Ctrl+C를 누르세요.
[2025-10-16 09:15:55] INFO: 
================================================================================
[2025-10-16 09:15:55] INFO: [사이클 155] 2025-10-16 09:15:55
[2025-10-16 09:15:55] INFO: ================================================================================
[2025-10-16 09:15:55] WARNING: ⚠ trading_signals.xlsx 파일이 없습니다.
[2025-10-16 09:15:55] INFO: ℹ 모니터링 대상 종목이 없습니다.
[2025-10-16 09:15:55] INFO: 
⏰ 60초 후 다음 사이클 실행...
[2025-10-16 09:15:55] INFO:    종료하려면 Ctrl+C를 누르세요.
[2025-10-16 09:16:55] INFO: 
================================================================================
[2025-10-16 09:16:55] INFO: [사이클 156] 2025-10-16 09:16:55
[2025-10-16 09:16:55] INFO: ================================================================================
[2025-10-16 09:16:55] WARNING: ⚠ trading_signals.xlsx 파일이 없습니다.
[2025-10-16 09:16:55] INFO: ℹ 모니터링 대상 종목이 없습니다.
[2025-10-16 09:16:55] INFO: 
⏰ 60초 후 다음 사이클 실행...
[2025-10-16 09:16:55] INFO:    종료하려면 Ctrl+C를 누르세요.
[2025-10-16 09:17:55] INFO: 
================================================================================
[2025-10-16 09:17:55] INFO: [사이클 157] 2025-10-16 09:17:55
[2025-10-16 09:17:55] INFO: ================================================================================
[2025-10-16 09:17:55] WARNING: ⚠ trading_signals.xlsx 파일이 없습니다.
[2025-10-16 09:17:55] INFO: ℹ 모니터링 대상 종목이 없습니다.
[2025-10-16 09:17:55] INFO: 
⏰ 60초 후 다음 사이클 실행...
[2025-10-16 09:17:55] INFO:    종료하려면 Ctrl+C를 누르세요.
[2025-10-16 09:18:55] INFO: 
================================================================================
[2025-10-16 09:18:55] INFO: [사이클 158] 2025-10-16 09:18:55
[2025-10-16 09:18:55] INFO: ================================================================================
[2025-10-16 09:18:55] WARNING: ⚠ trading_signals.xlsx 파일이 없습니다.
[2025-10-16 09:18:55] INFO: ℹ 모니터링 대상 종목이 없습니다.
[2025-10-16 09:18:55] INFO: 
⏰ 60초 후 다음 사이클 실행...
[2025-10-16 09:18:55] INFO:    종료하려면 Ctrl+C를 누르세요.
[2025-10-16 09:19:55] INFO: 
================================================================================
[2025-10-16 09:19:55] INFO: [사이클 159] 2025-10-16 09:19:55
[2025-10-16 09:19:55] INFO: ================================================================================
[2025-10-16 09:19:55] WARNING: ⚠ trading_signals.xlsx 파일이 없습니다.
[2025-10-16 09:19:55] INFO: ℹ 모니터링 대상 종목이 없습니다.
[2025-10-16 09:19:55] INFO: 
⏰ 60초 후 다음 사이클 실행...
[2025-10-16 09:19:55] INFO:    종료하려면 Ctrl+C를 누르세요.
[2025-10-16 09:20:55] INFO: 
================================================================================
[2025-10-16 09:20:55] INFO: [사이클 160] 2025-10-16 09:20:55
[2025-10-16 09:20:55] INFO: ================================================================================
[2025-10-16 09:20:55] WARNING: ⚠ trading_signals.xlsx 파일이 없습니다.
[2025-10-16 09:20:55] INFO: ℹ 모니터링 대상 종목이 없습니다.
[2025-10-16 09:20:55] INFO: 
⏰ 60초 후 다음 사이클 실행...
[2025-10-16 09:20:55] INFO:    종료하려면 Ctrl+C를 누르세요.
[2025-10-16 09:21:55] INFO: 
================================================================================
[2025-10-16 09:21:55] INFO: [사이클 161] 2025-10-16 09:21:55
[2025-10-16 09:21:55] INFO: ================================================================================
[2025-10-16 09:21:55] WARNING: ⚠ trading_signals.xlsx 파일이 없습니다.
[2025-10-16 09:21:55] INFO: ℹ 모니터링 대상 종목이 없습니다.
[2025-10-16 09:21:55] INFO: 
⏰ 60초 후 다음 사이클 실행...
[2025-10-16 09:21:55] INFO:    종료하려면 Ctrl+C를 누르세요.
[2025-10-16 09:22:55] INFO: 
================================================================================
[2025-10-16 09:22:55] INFO: [사이클 162] 2025-10-16 09:22:55
[2025-10-16 09:22:55] INFO: ================================================================================
[2025-10-16 09:22:55] WARNING: ⚠ trading_signals.xlsx 파일이 없습니다.
[2025-10-16 09:22:55] INFO: ℹ 모니터링 대상 종목이 없습니다.
[2025-10-16 09:22:55] INFO: 
⏰ 60초 후 다음 사이클 실행...
[2025-10-16 09:22:55] INFO:    종료하려면 Ctrl+C를 누르세요.
[2025-10-16 09:23:55] INFO: 
================================================================================
[2025-10-16 09:23:55] INFO: [사이클 163] 2025-10-16 09:23:55
[2025-10-16 09:23:55] INFO: ================================================================================
[2025-10-16 09:23:55] WARNING: ⚠ trading_signals.xlsx 파일이 없습니다.
[2025-10-16 09:23:55] INFO: ℹ 모니터링 대상 종목이 없습니다.
[2025-10-16 09:23:55] INFO: 
⏰ 60초 후 다음 사이클 실행...
[2025-10-16 09:23:55] INFO:    종료하려면 Ctrl+C를 누르세요.
[2025-10-16 09:24:55] INFO: 
================================================================================
[2025-10-16 09:24:55] INFO: [사이클 164] 2025-10-16 09:24:55
[2025-10-16 09:24:55] INFO: ================================================================================
[2025-10-16 09:24:55] WARNING: ⚠ trading_signals.xlsx 파일이 없습니다.
[2025-10-16 09:24:55] INFO: ℹ 모니터링 대상 종목이 없습니다.
[2025-10-16 09:24:55] INFO: 
⏰ 60초 후 다음 사이클 실행...
[2025-10-16 09:24:55] INFO:    종료하려면 Ctrl+C를 누르세요.
[2025-10-16 09:25:55] INFO: 
================================================================================
[2025-10-16 09:25:55] INFO: [사이클 165] 2025-10-16 09:25:55
[2025-10-16 09:25:55] INFO: ================================================================================
[2025-10-16 09:25:55] WARNING: ⚠ trading_signals.xlsx 파일이 없습니다.
[2025-10-16 09:25:55] INFO: ℹ 모니터링 대상 종목이 없습니다.
[2025-10-16 09:25:55] INFO: 
⏰ 60초 후 다음 사이클 실행...
[2025-10-16 09:25:55] INFO:    종료하려면 Ctrl+C를 누르세요.
[2025-10-16 09:26:55] INFO: 
================================================================================
[2025-10-16 09:26:55] INFO: [사이클 166] 2025-10-16 09:26:55
[2025-10-16 09:26:55] INFO: ================================================================================
[2025-10-16 09:26:55] WARNING: ⚠ trading_signals.xlsx 파일이 없습니다.
[2025-10-16 09:26:55] INFO: ℹ 모니터링 대상 종목이 없습니다.
[2025-10-16 09:26:55] INFO: 
⏰ 60초 후 다음 사이클 실행...
[2025-10-16 09:26:55] INFO:    종료하려면 Ctrl+C를 누르세요.
[2025-10-16 09:27:55] INFO: 
================================================================================
[2025-10-16 09:27:55] INFO: [사이클 167] 2025-10-16 09:27:55
[2025-10-16 09:27:55] INFO: ================================================================================
[2025-10-16 09:27:55] WARNING: ⚠ trading_signals.xlsx 파일이 없습니다.
[2025-10-16 09:27:55] INFO: ℹ 모니터링 대상 종목이 없습니다.
[2025-10-16 09:27:55] INFO: 
⏰ 60초 후 다음 사이클 실행...
[2025-10-16 09:27:55] INFO:    종료하려면 Ctrl+C를 누르세요.
[2025-10-16 09:28:55] INFO: 
================================================================================
[2025-10-16 09:28:55] INFO: [사이클 168] 2025-10-16 09:28:55
[2025-10-16 09:28:55] INFO: ================================================================================
[2025-10-16 09:28:55] WARNING: ⚠ trading_signals.xlsx 파일이 없습니다.
[2025-10-16 09:28:55] INFO: ℹ 모니터링 대상 종목이 없습니다.
[2025-10-16 09:28:55] INFO: 
⏰ 60초 후 다음 사이클 실행...
[2025-10-16 09:28:55] INFO:    종료하려면 Ctrl+C를 누르세요.
[2025-10-16 09:29:55] INFO: 
================================================================================
[2025-10-16 09:29:55] INFO: [사이클 169] 2025-10-16 09:29:55
[2025-10-16 09:29:55] INFO: ================================================================================
[2025-10-16 09:29:55] WARNING: ⚠ trading_signals.xlsx 파일이 없습니다.
[2025-10-16 09:29:55] INFO: ℹ 모니터링 대상 종목이 없습니다.
[2025-10-16 09:29:55] INFO: 
⏰ 60초 후 다음 사이클 실행...
[2025-10-16 09:29:55] INFO:    종료하려면 Ctrl+C를 누르세요.
[2025-10-16 09:30:55] INFO: 
================================================================================
[2025-10-16 09:30:55] INFO: [사이클 170] 2025-10-16 09:30:55
[2025-10-16 09:30:55] INFO: ================================================================================
[2025-10-16 09:30:55] WARNING: ⚠ trading_signals.xlsx 파일이 없습니다.
[2025-10-16 09:30:55] INFO: ℹ 모니터링 대상 종목이 없습니다.
[2025-10-16 09:30:55] INFO: 
⏰ 60초 후 다음 사이클 실행...
[2025-10-16 09:30:55] INFO:    종료하려면 Ctrl+C를 누르세요.
[2025-10-16 09:31:55] INFO: 
================================================================================
[2025-10-16 09:31:55] INFO: [사이클 171] 2025-10-16 09:31:55
[2025-10-16 09:31:55] INFO: ================================================================================
[2025-10-16 09:31:55] WARNING: ⚠ trading_signals.xlsx 파일이 없습니다.
[2025-10-16 09:31:55] INFO: ℹ 모니터링 대상 종목이 없습니다.
[2025-10-16 09:31:55] INFO: 
⏰ 60초 후 다음 사이클 실행...
[2025-10-16 09:31:55] INFO:    종료하려면 Ctrl+C를 누르세요.
[2025-10-16 09:32:55] INFO: 
================================================================================
[2025-10-16 09:32:55] INFO: [사이클 172] 2025-10-16 09:32:55
[2025-10-16 09:32:55] INFO: ================================================================================
[2025-10-16 09:32:55] WARNING: ⚠ trading_signals.xlsx 파일이 없습니다.
[2025-10-16 09:32:55] INFO: ℹ 모니터링 대상 종목이 없습니다.
[2025-10-16 09:32:55] INFO: 
⏰ 60초 후 다음 사이클 실행...
[2025-10-16 09:32:55] INFO:    종료하려면 Ctrl+C를 누르세요.
[2025-10-16 09:33:55] INFO: 
================================================================================
[2025-10-16 09:33:55] INFO: [사이클 173] 2025-10-16 09:33:55
[2025-10-16 09:33:55] INFO: ================================================================================
[2025-10-16 09:33:55] WARNING: ⚠ trading_signals.xlsx 파일이 없습니다.
[2025-10-16 09:33:55] INFO: ℹ 모니터링 대상 종목이 없습니다.
[2025-10-16 09:33:55] INFO: 
⏰ 60초 후 다음 사이클 실행...
[2025-10-16 09:33:55] INFO:    종료하려면 Ctrl+C를 누르세요.
[2025-10-16 09:34:55] INFO: 
================================================================================
[2025-10-16 09:34:55] INFO: [사이클 174] 2025-10-16 09:34:55
[2025-10-16 09:34:55] INFO: ================================================================================
[2025-10-16 09:34:55] WARNING: ⚠ trading_signals.xlsx 파일이 없습니다.
[2025-10-16 09:34:55] INFO: ℹ 모니터링 대상 종목이 없습니다.
[2025-10-16 09:34:55] INFO: 
⏰ 60초 후 다음 사이클 실행...
[2025-10-16 09:34:55] INFO:    종료하려면 Ctrl+C를 누르세요.
[2025-10-16 09:35:55] INFO: 
================================================================================
[2025-10-16 09:35:55] INFO: [사이클 175] 2025-10-16 09:35:55
[2025-10-16 09:35:55] INFO: ================================================================================
[2025-10-16 09:35:55] WARNING: ⚠ trading_signals.xlsx 파일이 없습니다.
[2025-10-16 09:35:55] INFO: ℹ 모니터링 대상 종목이 없습니다.
[2025-10-16 09:35:55] INFO: 
⏰ 60초 후 다음 사이클 실행...
[2025-10-16 09:35:55] INFO:    종료하려면 Ctrl+C를 누르세요.
[2025-10-16 09:36:55] INFO: 
================================================================================
[2025-10-16 09:36:55] INFO: [사이클 176] 2025-10-16 09:36:55
[2025-10-16 09:36:55] INFO: ================================================================================
[2025-10-16 09:36:55] WARNING: ⚠ trading_signals.xlsx 파일이 없습니다.
[2025-10-16 09:36:55] INFO: ℹ 모니터링 대상 종목이 없습니다.
[2025-10-16 09:36:55] INFO: 
⏰ 60초 후 다음 사이클 실행...
[2025-10-16 09:36:55] INFO:    종료하려면 Ctrl+C를 누르세요.
[2025-10-16 09:37:55] INFO: 
================================================================================
[2025-10-16 09:37:55] INFO: [사이클 177] 2025-10-16 09:37:55
[2025-10-16 09:37:55] INFO: ================================================================================
[2025-10-16 09:37:55] WARNING: ⚠ trading_signals.xlsx 파일이 없습니다.
[2025-10-16 09:37:55] INFO: ℹ 모니터링 대상 종목이 없습니다.
[2025-10-16 09:37:55] INFO: 
⏰ 60초 후 다음 사이클 실행...
[2025-10-16 09:37:55] INFO:    종료하려면 Ctrl+C를 누르세요.
[2025-10-16 09:38:55] INFO: 
================================================================================
[2025-10-16 09:38:55] INFO: [사이클 178] 2025-10-16 09:38:55
[2025-10-16 09:38:55] INFO: ================================================================================
[2025-10-16 09:38:55] WARNING: ⚠ trading_signals.xlsx 파일이 없습니다.
[2025-10-16 09:38:55] INFO: ℹ 모니터링 대상 종목이 없습니다.
[2025-10-16 09:38:55] INFO: 
⏰ 60초 후 다음 사이클 실행...
[2025-10-16 09:38:55] INFO:    종료하려면 Ctrl+C를 누르세요.
[2025-10-16 09:39:55] INFO: 
================================================================================
[2025-10-16 09:39:55] INFO: [사이클 179] 2025-10-16 09:39:55
[2025-10-16 09:39:55] INFO: ================================================================================
[2025-10-16 09:39:55] WARNING: ⚠ trading_signals.xlsx 파일이 없습니다.
[2025-10-16 09:39:55] INFO: ℹ 모니터링 대상 종목이 없습니다.
[2025-10-16 09:39:55] INFO: 
⏰ 60초 후 다음 사이클 실행...
[2025-10-16 09:39:55] INFO:    종료하려면 Ctrl+C를 누르세요.
[2025-10-16 09:40:55] INFO: 
================================================================================
[2025-10-16 09:40:55] INFO: [사이클 180] 2025-10-16 09:40:55
[2025-10-16 09:40:55] INFO: ================================================================================
[2025-10-16 09:40:55] WARNING: ⚠ trading_signals.xlsx 파일이 없습니다.
[2025-10-16 09:40:55] INFO: ℹ 모니터링 대상 종목이 없습니다.
[2025-10-16 09:40:55] INFO: 
⏰ 60초 후 다음 사이클 실행...
[2025-10-16 09:40:55] INFO:    종료하려면 Ctrl+C를 누르세요.
[2025-10-16 09:41:55] INFO: 
================================================================================
[2025-10-16 09:41:55] INFO: [사이클 181] 2025-10-16 09:41:55
[2025-10-16 09:41:55] INFO: ================================================================================
[2025-10-16 09:41:55] WARNING: ⚠ trading_signals.xlsx 파일이 없습니다.
[2025-10-16 09:41:55] INFO: ℹ 모니터링 대상 종목이 없습니다.
[2025-10-16 09:41:55] INFO: 
⏰ 60초 후 다음 사이클 실행...
[2025-10-16 09:41:55] INFO:    종료하려면 Ctrl+C를 누르세요.
[2025-10-16 09:42:55] INFO: 
================================================================================
[2025-10-16 09:42:55] INFO: [사이클 182] 2025-10-16 09:42:55
[2025-10-16 09:42:55] INFO: ================================================================================
[2025-10-16 09:42:55] WARNING: ⚠ trading_signals.xlsx 파일이 없습니다.
[2025-10-16 09:42:55] INFO: ℹ 모니터링 대상 종목이 없습니다.
[2025-10-16 09:42:55] INFO: 
⏰ 60초 후 다음 사이클 실행...
[2025-10-16 09:42:55] INFO:    종료하려면 Ctrl+C를 누르세요.
[2025-10-16 09:43:55] INFO: 
================================================================================
[2025-10-16 09:43:55] INFO: [사이클 183] 2025-10-16 09:43:55
[2025-10-16 09:43:55] INFO: ================================================================================
[2025-10-16 09:43:55] WARNING: ⚠ trading_signals.xlsx 파일이 없습니다.
[2025-10-16 09:43:55] INFO: ℹ 모니터링 대상 종목이 없습니다.
[2025-10-16 09:43:55] INFO: 
⏰ 60초 후 다음 사이클 실행...
[2025-10-16 09:43:55] INFO:    종료하려면 Ctrl+C를 누르세요.
[2025-10-16 09:44:55] INFO: 
================================================================================
[2025-10-16 09:44:55] INFO: [사이클 184] 2025-10-16 09:44:55
[2025-10-16 09:44:55] INFO: ================================================================================
[2025-10-16 09:44:55] WARNING: ⚠ trading_signals.xlsx 파일이 없습니다.
[2025-10-16 09:44:55] INFO: ℹ 모니터링 대상 종목이 없습니다.
[2025-10-16 09:44:55] INFO: 
⏰ 60초 후 다음 사이클 실행...
[2025-10-16 09:44:55] INFO:    종료하려면 Ctrl+C를 누르세요.
[2025-10-16 09:45:55] INFO: 
================================================================================
[2025-10-16 09:45:55] INFO: [사이클 185] 2025-10-16 09:45:55
[2025-10-16 09:45:55] INFO: ================================================================================
[2025-10-16 09:45:55] WARNING: ⚠ trading_signals.xlsx 파일이 없습니다.
[2025-10-16 09:45:55] INFO: ℹ 모니터링 대상 종목이 없습니다.
[2025-10-16 09:45:55] INFO: 
⏰ 60초 후 다음 사이클 실행...
[2025-10-16 09:45:55] INFO:    종료하려면 Ctrl+C를 누르세요.
[2025-10-16 09:46:55] INFO: 
================================================================================
[2025-10-16 09:46:55] INFO: [사이클 186] 2025-10-16 09:46:55
[2025-10-16 09:46:55] INFO: ================================================================================
[2025-10-16 09:46:55] WARNING: ⚠ trading_signals.xlsx 파일이 없습니다.
[2025-10-16 09:46:55] INFO: ℹ 모니터링 대상 종목이 없습니다.
[2025-10-16 09:46:55] INFO: 
⏰ 60초 후 다음 사이클 실행...
[2025-10-16 09:46:55] INFO:    종료하려면 Ctrl+C를 누르세요.
[2025-10-16 09:47:55] INFO: 
================================================================================
[2025-10-16 09:47:55] INFO: [사이클 187] 2025-10-16 09:47:55
[2025-10-16 09:47:55] INFO: ================================================================================
[2025-10-16 09:47:55] WARNING: ⚠ trading_signals.xlsx 파일이 없습니다.
[2025-10-16 09:47:55] INFO: ℹ 모니터링 대상 종목이 없습니다.
[2025-10-16 09:47:55] INFO: 
⏰ 60초 후 다음 사이클 실행...
[2025-10-16 09:47:55] INFO:    종료하려면 Ctrl+C를 누르세요.
[2025-10-16 09:48:55] INFO: 
================================================================================
[2025-10-16 09:48:55] INFO: [사이클 188] 2025-10-16 09:48:55
[2025-10-16 09:48:55] INFO: ================================================================================
[2025-10-16 09:48:55] WARNING: ⚠ trading_signals.xlsx 파일이 없습니다.
[2025-10-16 09:48:55] INFO: ℹ 모니터링 대상 종목이 없습니다.
[2025-10-16 09:48:55] INFO: 
⏰ 60초 후 다음 사이클 실행...
[2025-10-16 09:48:55] INFO:    종료하려면 Ctrl+C를 누르세요.
[2025-10-16 09:49:55] INFO: 
================================================================================
[2025-10-16 09:49:55] INFO: [사이클 189] 2025-10-16 09:49:55
[2025-10-16 09:49:55] INFO: ================================================================================
[2025-10-16 09:49:55] WARNING: ⚠ trading_signals.xlsx 파일이 없습니다.
[2025-10-16 09:49:55] INFO: ℹ 모니터링 대상 종목이 없습니다.
[2025-10-16 09:49:55] INFO: 
⏰ 60초 후 다음 사이클 실행...
[2025-10-16 09:49:55] INFO:    종료하려면 Ctrl+C를 누르세요.
[2025-10-16 09:50:55] INFO: 
================================================================================
[2025-10-16 09:50:55] INFO: [사이클 190] 2025-10-16 09:50:55
[2025-10-16 09:50:55] INFO: ================================================================================
[2025-10-16 09:50:55] WARNING: ⚠ trading_signals.xlsx 파일이 없습니다.
[2025-10-16 09:50:55] INFO: ℹ 모니터링 대상 종목이 없습니다.
[2025-10-16 09:50:55] INFO: 
⏰ 60초 후 다음 사이클 실행...
[2025-10-16 09:50:55] INFO:    종료하려면 Ctrl+C를 누르세요.
[2025-10-16 09:51:55] INFO: 
================================================================================
[2025-10-16 09:51:55] INFO: [사이클 191] 2025-10-16 09:51:55
[2025-10-16 09:51:55] INFO: ================================================================================
[2025-10-16 09:51:55] WARNING: ⚠ trading_signals.xlsx 파일이 없습니다.
[2025-10-16 09:51:55] INFO: ℹ 모니터링 대상 종목이 없습니다.
[2025-10-16 09:51:55] INFO: 
⏰ 60초 후 다음 사이클 실행...
[2025-10-16 09:51:55] INFO:    종료하려면 Ctrl+C를 누르세요.
[2025-10-16 09:52:55] INFO: 
================================================================================
[2025-10-16 09:52:55] INFO: [사이클 192] 2025-10-16 09:52:55
[2025-10-16 09:52:55] INFO: ================================================================================
[2025-10-16 09:52:55] WARNING: ⚠ trading_signals.xlsx 파일이 없습니다.
[2025-10-16 09:52:55] INFO: ℹ 모니터링 대상 종목이 없습니다.
[2025-10-16 09:52:55] INFO: 
⏰ 60초 후 다음 사이클 실행...
[2025-10-16 09:52:55] INFO:    종료하려면 Ctrl+C를 누르세요.
[2025-10-16 09:53:55] INFO: 
================================================================================
[2025-10-16 09:53:55] INFO: [사이클 193] 2025-10-16 09:53:55
[2025-10-16 09:53:55] INFO: ================================================================================
[2025-10-16 09:53:55] WARNING: ⚠ trading_signals.xlsx 파일이 없습니다.
[2025-10-16 09:53:55] INFO: ℹ 모니터링 대상 종목이 없습니다.
[2025-10-16 09:53:55] INFO: 
⏰ 60초 후 다음 사이클 실행...
[2025-10-16 09:53:55] INFO:    종료하려면 Ctrl+C를 누르세요.
[2025-10-16 09:54:55] INFO: 
================================================================================
[2025-10-16 09:54:55] INFO: [사이클 194] 2025-10-16 09:54:55
[2025-10-16 09:54:55] INFO: ================================================================================
[2025-10-16 09:54:55] WARNING: ⚠ trading_signals.xlsx 파일이 없습니다.
[2025-10-16 09:54:55] INFO: ℹ 모니터링 대상 종목이 없습니다.
[2025-10-16 09:54:55] INFO: 
⏰ 60초 후 다음 사이클 실행...
[2025-10-16 09:54:55] INFO:    종료하려면 Ctrl+C를 누르세요.
[2025-10-16 09:55:55] INFO: 
================================================================================
[2025-10-16 09:55:55] INFO: [사이클 195] 2025-10-16 09:55:55
[2025-10-16 09:55:55] INFO: ================================================================================
[2025-10-16 09:55:55] WARNING: ⚠ trading_signals.xlsx 파일이 없습니다.
[2025-10-16 09:55:55] INFO: ℹ 모니터링 대상 종목이 없습니다.
[2025-10-16 09:55:55] INFO: 
⏰ 60초 후 다음 사이클 실행...
[2025-10-16 09:55:55] INFO:    종료하려면 Ctrl+C를 누르세요.
[2025-10-16 09:56:55] INFO: 
================================================================================
[2025-10-16 09:56:55] INFO: [사이클 196] 2025-10-16 09:56:55
[2025-10-16 09:56:55] INFO: ================================================================================
[2025-10-16 09:56:55] WARNING: ⚠ trading_signals.xlsx 파일이 없습니다.
[2025-10-16 09:56:55] INFO: ℹ 모니터링 대상 종목이 없습니다.
[2025-10-16 09:56:55] INFO: 
⏰ 60초 후 다음 사이클 실행...
[2025-10-16 09:56:55] INFO:    종료하려면 Ctrl+C를 누르세요.
[2025-10-16 09:57:55] INFO: 
================================================================================
[2025-10-16 09:57:55] INFO: [사이클 197] 2025-10-16 09:57:55
[2025-10-16 09:57:55] INFO: ================================================================================
[2025-10-16 09:57:55] WARNING: ⚠ trading_signals.xlsx 파일이 없습니다.
[2025-10-16 09:57:55] INFO: ℹ 모니터링 대상 종목이 없습니다.
[2025-10-16 09:57:55] INFO: 
⏰ 60초 후 다음 사이클 실행...
[2025-10-16 09:57:55] INFO:    종료하려면 Ctrl+C를 누르세요.
[2025-10-16 09:58:55] INFO: 
================================================================================
[2025-10-16 09:58:55] INFO: [사이클 198] 2025-10-16 09:58:55
[2025-10-16 09:58:55] INFO: ================================================================================
[2025-10-16 09:58:55] WARNING: ⚠ trading_signals.xlsx 파일이 없습니다.
[2025-10-16 09:58:55] INFO: ℹ 모니터링 대상 종목이 없습니다.
[2025-10-16 09:58:55] INFO: 
⏰ 60초 후 다음 사이클 실행...
[2025-10-16 09:58:55] INFO:    종료하려면 Ctrl+C를 누르세요.
[2025-10-16 09:59:55] INFO: 
================================================================================
[2025-10-16 09:59:55] INFO: [사이클 199] 2025-10-16 09:59:55
[2025-10-16 09:59:55] INFO: ================================================================================
[2025-10-16 09:59:55] WARNING: ⚠ trading_signals.xlsx 파일이 없습니다.
[2025-10-16 09:59:55] INFO: ℹ 모니터링 대상 종목이 없습니다.
[2025-10-16 09:59:55] INFO: 
⏰ 60초 후 다음 사이클 실행...
[2025-10-16 09:59:55] INFO:    종료하려면 Ctrl+C를 누르세요.
[2025-10-16 10:00:55] INFO: 
================================================================================
[2025-10-16 10:00:55] INFO: [사이클 200] 2025-10-16 10:00:55
[2025-10-16 10:00:55] INFO: ================================================================================
[2025-10-16 10:00:55] WARNING: ⚠ trading_signals.xlsx 파일이 없습니다.
[2025-10-16 10:00:55] INFO: ℹ 모니터링 대상 종목이 없습니다.
[2025-10-16 10:00:55] INFO: 
⏰ 60초 후 다음 사이클 실행...
[2025-10-16 10:00:55] INFO:    종료하려면 Ctrl+C를 누르세요.
[2025-10-16 10:01:55] INFO: 
================================================================================
[2025-10-16 10:01:55] INFO: [사이클 201] 2025-10-16 10:01:55
[2025-10-16 10:01:55] INFO: ================================================================================
[2025-10-16 10:01:55] WARNING: ⚠ trading_signals.xlsx 파일이 없습니다.
[2025-10-16 10:01:55] INFO: ℹ 모니터링 대상 종목이 없습니다.
[2025-10-16 10:01:55] INFO: 
⏰ 60초 후 다음 사이클 실행...
[2025-10-16 10:01:55] INFO:    종료하려면 Ctrl+C를 누르세요.
[2025-10-16 10:02:55] INFO: 
================================================================================
[2025-10-16 10:02:55] INFO: [사이클 202] 2025-10-16 10:02:55
[2025-10-16 10:02:55] INFO: ================================================================================
[2025-10-16 10:02:55] WARNING: ⚠ trading_signals.xlsx 파일이 없습니다.
[2025-10-16 10:02:55] INFO: ℹ 모니터링 대상 종목이 없습니다.
[2025-10-16 10:02:55] INFO: 
⏰ 60초 후 다음 사이클 실행...
[2025-10-16 10:02:55] INFO:    종료하려면 Ctrl+C를 누르세요.
[2025-10-16 10:03:55] INFO: 
================================================================================
[2025-10-16 10:03:55] INFO: [사이클 203] 2025-10-16 10:03:55
[2025-10-16 10:03:55] INFO: ================================================================================
[2025-10-16 10:03:55] WARNING: ⚠ trading_signals.xlsx 파일이 없습니다.
[2025-10-16 10:03:55] INFO: ℹ 모니터링 대상 종목이 없습니다.
[2025-10-16 10:03:55] INFO: 
⏰ 60초 후 다음 사이클 실행...
[2025-10-16 10:03:55] INFO:    종료하려면 Ctrl+C를 누르세요.
[2025-10-16 10:04:55] INFO: 
================================================================================
[2025-10-16 10:04:55] INFO: [사이클 204] 2025-10-16 10:04:55
[2025-10-16 10:04:55] INFO: ================================================================================
[2025-10-16 10:04:55] WARNING: ⚠ trading_signals.xlsx 파일이 없습니다.
[2025-10-16 10:04:55] INFO: ℹ 모니터링 대상 종목이 없습니다.
[2025-10-16 10:04:55] INFO: 
⏰ 60초 후 다음 사이클 실행...
[2025-10-16 10:04:55] INFO:    종료하려면 Ctrl+C를 누르세요.
[2025-10-16 10:05:55] INFO: 
================================================================================
[2025-10-16 10:05:55] INFO: [사이클 205] 2025-10-16 10:05:55
[2025-10-16 10:05:55] INFO: ================================================================================
[2025-10-16 10:05:55] WARNING: ⚠ trading_signals.xlsx 파일이 없습니다.
[2025-10-16 10:05:55] INFO: ℹ 모니터링 대상 종목이 없습니다.
[2025-10-16 10:05:55] INFO: 
⏰ 60초 후 다음 사이클 실행...
[2025-10-16 10:05:55] INFO:    종료하려면 Ctrl+C를 누르세요.
[2025-10-16 10:06:55] INFO: 
================================================================================
[2025-10-16 10:06:55] INFO: [사이클 206] 2025-10-16 10:06:55
[2025-10-16 10:06:55] INFO: ================================================================================
[2025-10-16 10:06:55] WARNING: ⚠ trading_signals.xlsx 파일이 없습니다.
[2025-10-16 10:06:55] INFO: ℹ 모니터링 대상 종목이 없습니다.
[2025-10-16 10:06:55] INFO: 
⏰ 60초 후 다음 사이클 실행...
[2025-10-16 10:06:55] INFO:    종료하려면 Ctrl+C를 누르세요.
[2025-10-16 10:07:55] INFO: 
================================================================================
[2025-10-16 10:07:55] INFO: [사이클 207] 2025-10-16 10:07:55
[2025-10-16 10:07:55] INFO: ================================================================================
[2025-10-16 10:07:55] WARNING: ⚠ trading_signals.xlsx 파일이 없습니다.
[2025-10-16 10:07:55] INFO: ℹ 모니터링 대상 종목이 없습니다.
[2025-10-16 10:07:55] INFO: 
⏰ 60초 후 다음 사이클 실행...
[2025-10-16 10:07:55] INFO:    종료하려면 Ctrl+C를 누르세요.
[2025-10-16 10:08:55] INFO: 
================================================================================
[2025-10-16 10:08:55] INFO: [사이클 208] 2025-10-16 10:08:55
[2025-10-16 10:08:55] INFO: ================================================================================
[2025-10-16 10:08:55] WARNING: ⚠ trading_signals.xlsx 파일이 없습니다.
[2025-10-16 10:08:55] INFO: ℹ 모니터링 대상 종목이 없습니다.
[2025-10-16 10:08:55] INFO: 
⏰ 60초 후 다음 사이클 실행...
[2025-10-16 10:08:55] INFO:    종료하려면 Ctrl+C를 누르세요.
[2025-10-16 10:09:55] INFO: 
================================================================================
[2025-10-16 10:09:55] INFO: [사이클 209] 2025-10-16 10:09:55
[2025-10-16 10:09:55] INFO: ================================================================================
[2025-10-16 10:09:55] WARNING: ⚠ trading_signals.xlsx 파일이 없습니다.
[2025-10-16 10:09:55] INFO: ℹ 모니터링 대상 종목이 없습니다.
[2025-10-16 10:09:55] INFO: 
⏰ 60초 후 다음 사이클 실행...
[2025-10-16 10:09:55] INFO:    종료하려면 Ctrl+C를 누르세요.
[2025-10-16 10:10:55] INFO: 
================================================================================
[2025-10-16 10:10:55] INFO: [사이클 210] 2025-10-16 10:10:55
[2025-10-16 10:10:55] INFO: ================================================================================
[2025-10-16 10:10:55] WARNING: ⚠ trading_signals.xlsx 파일이 없습니다.
[2025-10-16 10:10:55] INFO: ℹ 모니터링 대상 종목이 없습니다.
[2025-10-16 10:10:55] INFO: 
⏰ 60초 후 다음 사이클 실행...
[2025-10-16 10:10:55] INFO:    종료하려면 Ctrl+C를 누르세요.
[2025-10-16 10:11:55] INFO: 
================================================================================
[2025-10-16 10:11:55] INFO: [사이클 211] 2025-10-16 10:11:55
[2025-10-16 10:11:55] INFO: ================================================================================
[2025-10-16 10:11:55] WARNING: ⚠ trading_signals.xlsx 파일이 없습니다.
[2025-10-16 10:11:55] INFO: ℹ 모니터링 대상 종목이 없습니다.
[2025-10-16 10:11:55] INFO: 
⏰ 60초 후 다음 사이클 실행...
[2025-10-16 10:11:55] INFO:    종료하려면 Ctrl+C를 누르세요.
[2025-10-16 10:12:55] INFO: 
================================================================================
[2025-10-16 10:12:55] INFO: [사이클 212] 2025-10-16 10:12:55
[2025-10-16 10:12:55] INFO: ================================================================================
[2025-10-16 10:12:55] WARNING: ⚠ trading_signals.xlsx 파일이 없습니다.
[2025-10-16 10:12:55] INFO: ℹ 모니터링 대상 종목이 없습니다.
[2025-10-16 10:12:55] INFO: 
⏰ 60초 후 다음 사이클 실행...
[2025-10-16 10:12:55] INFO:    종료하려면 Ctrl+C를 누르세요.
[2025-10-16 10:13:55] INFO: 
================================================================================
[2025-10-16 10:13:55] INFO: [사이클 213] 2025-10-16 10:13:55
[2025-10-16 10:13:55] INFO: ================================================================================
[2025-10-16 10:13:55] WARNING: ⚠ trading_signals.xlsx 파일이 없습니다.
[2025-10-16 10:13:55] INFO: ℹ 모니터링 대상 종목이 없습니다.
[2025-10-16 10:13:55] INFO: 
⏰ 60초 후 다음 사이클 실행...
[2025-10-16 10:13:55] INFO:    종료하려면 Ctrl+C를 누르세요.
[2025-10-16 10:14:55] INFO: 
================================================================================
[2025-10-16 10:14:55] INFO: [사이클 214] 2025-10-16 10:14:55
[2025-10-16 10:14:55] INFO: ================================================================================
[2025-10-16 10:14:55] WARNING: ⚠ trading_signals.xlsx 파일이 없습니다.
[2025-10-16 10:14:55] INFO: ℹ 모니터링 대상 종목이 없습니다.
[2025-10-16 10:14:55] INFO: 
⏰ 60초 후 다음 사이클 실행...
[2025-10-16 10:14:55] INFO:    종료하려면 Ctrl+C를 누르세요.
[2025-10-16 10:15:55] INFO: 
================================================================================
[2025-10-16 10:15:55] INFO: [사이클 215] 2025-10-16 10:15:55
[2025-10-16 10:15:55] INFO: ================================================================================
[2025-10-16 10:15:55] WARNING: ⚠ trading_signals.xlsx 파일이 없습니다.
[2025-10-16 10:15:55] INFO: ℹ 모니터링 대상 종목이 없습니다.
[2025-10-16 10:15:55] INFO: 
⏰ 60초 후 다음 사이클 실행...
[2025-10-16 10:15:55] INFO:    종료하려면 Ctrl+C를 누르세요.
[2025-10-16 10:16:55] INFO: 
================================================================================
[2025-10-16 10:16:55] INFO: [사이클 216] 2025-10-16 10:16:55
[2025-10-16 10:16:55] INFO: ================================================================================
[2025-10-16 10:16:55] WARNING: ⚠ trading_signals.xlsx 파일이 없습니다.
[2025-10-16 10:16:55] INFO: ℹ 모니터링 대상 종목이 없습니다.
[2025-10-16 10:16:55] INFO: 
⏰ 60초 후 다음 사이클 실행...
[2025-10-16 10:16:55] INFO:    종료하려면 Ctrl+C를 누르세요.
[2025-10-16 10:17:55] INFO: 
================================================================================
[2025-10-16 10:17:55] INFO: [사이클 217] 2025-10-16 10:17:55
[2025-10-16 10:17:55] INFO: ================================================================================
[2025-10-16 10:17:55] WARNING: ⚠ trading_signals.xlsx 파일이 없습니다.
[2025-10-16 10:17:55] INFO: ℹ 모니터링 대상 종목이 없습니다.
[2025-10-16 10:17:55] INFO: 
⏰ 60초 후 다음 사이클 실행...
[2025-10-16 10:17:55] INFO:    종료하려면 Ctrl+C를 누르세요.
[2025-10-16 10:18:55] INFO: 
================================================================================
[2025-10-16 10:18:55] INFO: [사이클 218] 2025-10-16 10:18:55
[2025-10-16 10:18:55] INFO: ================================================================================
[2025-10-16 10:18:55] WARNING: ⚠ trading_signals.xlsx 파일이 없습니다.
[2025-10-16 10:18:55] INFO: ℹ 모니터링 대상 종목이 없습니다.
[2025-10-16 10:18:55] INFO: 
⏰ 60초 후 다음 사이클 실행...
[2025-10-16 10:18:55] INFO:    종료하려면 Ctrl+C를 누르세요.
[2025-10-16 10:19:55] INFO: 
================================================================================
[2025-10-16 10:19:55] INFO: [사이클 219] 2025-10-16 10:19:55
[2025-10-16 10:19:55] INFO: ================================================================================
[2025-10-16 10:19:55] WARNING: ⚠ trading_signals.xlsx 파일이 없습니다.
[2025-10-16 10:19:55] INFO: ℹ 모니터링 대상 종목이 없습니다.
[2025-10-16 10:19:55] INFO: 
⏰ 60초 후 다음 사이클 실행...
[2025-10-16 10:19:55] INFO:    종료하려면 Ctrl+C를 누르세요.
[2025-10-16 10:20:55] INFO: 
================================================================================
[2025-10-16 10:20:55] INFO: [사이클 220] 2025-10-16 10:20:55
[2025-10-16 10:20:55] INFO: ================================================================================
[2025-10-16 10:20:55] WARNING: ⚠ trading_signals.xlsx 파일이 없습니다.
[2025-10-16 10:20:55] INFO: ℹ 모니터링 대상 종목이 없습니다.
[2025-10-16 10:20:55] INFO: 
⏰ 60초 후 다음 사이클 실행...
[2025-10-16 10:20:55] INFO:    종료하려면 Ctrl+C를 누르세요.
[2025-10-16 10:21:55] INFO: 
================================================================================
[2025-10-16 10:21:55] INFO: [사이클 221] 2025-10-16 10:21:55
[2025-10-16 10:21:55] INFO: ================================================================================
[2025-10-16 10:21:55] WARNING: ⚠ trading_signals.xlsx 파일이 없습니다.
[2025-10-16 10:21:55] INFO: ℹ 모니터링 대상 종목이 없습니다.
[2025-10-16 10:21:55] INFO: 
⏰ 60초 후 다음 사이클 실행...
[2025-10-16 10:21:55] INFO:    종료하려면 Ctrl+C를 누르세요.
[2025-10-16 10:22:55] INFO: 
================================================================================
[2025-10-16 10:22:55] INFO: [사이클 222] 2025-10-16 10:22:55
[2025-10-16 10:22:55] INFO: ================================================================================
[2025-10-16 10:22:55] WARNING: ⚠ trading_signals.xlsx 파일이 없습니다.
[2025-10-16 10:22:55] INFO: ℹ 모니터링 대상 종목이 없습니다.
[2025-10-16 10:22:55] INFO: 
⏰ 60초 후 다음 사이클 실행...
[2025-10-16 10:22:55] INFO:    종료하려면 Ctrl+C를 누르세요.
[2025-10-16 10:23:55] INFO: 
================================================================================
[2025-10-16 10:23:55] INFO: [사이클 223] 2025-10-16 10:23:55
[2025-10-16 10:23:55] INFO: ================================================================================
[2025-10-16 10:23:55] WARNING: ⚠ trading_signals.xlsx 파일이 없습니다.
[2025-10-16 10:23:55] INFO: ℹ 모니터링 대상 종목이 없습니다.
[2025-10-16 10:23:55] INFO: 
⏰ 60초 후 다음 사이클 실행...
[2025-10-16 10:23:55] INFO:    종료하려면 Ctrl+C를 누르세요.
[2025-10-16 10:24:55] INFO: 
================================================================================
[2025-10-16 10:24:55] INFO: [사이클 224] 2025-10-16 10:24:55
[2025-10-16 10:24:55] INFO: ================================================================================
[2025-10-16 10:24:55] WARNING: ⚠ trading_signals.xlsx 파일이 없습니다.
[2025-10-16 10:24:55] INFO: ℹ 모니터링 대상 종목이 없습니다.
[2025-10-16 10:24:55] INFO: 
⏰ 60초 후 다음 사이클 실행...
[2025-10-16 10:24:55] INFO:    종료하려면 Ctrl+C를 누르세요.
[2025-10-16 10:25:55] INFO: 
================================================================================
[2025-10-16 10:25:55] INFO: [사이클 225] 2025-10-16 10:25:55
[2025-10-16 10:25:55] INFO: ================================================================================
[2025-10-16 10:25:55] WARNING: ⚠ trading_signals.xlsx 파일이 없습니다.
[2025-10-16 10:25:55] INFO: ℹ 모니터링 대상 종목이 없습니다.
[2025-10-16 10:25:55] INFO: 
⏰ 60초 후 다음 사이클 실행...
[2025-10-16 10:25:55] INFO:    종료하려면 Ctrl+C를 누르세요.
[2025-10-16 10:26:55] INFO: 
================================================================================
[2025-10-16 10:26:55] INFO: [사이클 226] 2025-10-16 10:26:55
[2025-10-16 10:26:55] INFO: ================================================================================
[2025-10-16 10:26:55] WARNING: ⚠ trading_signals.xlsx 파일이 없습니다.
[2025-10-16 10:26:55] INFO: ℹ 모니터링 대상 종목이 없습니다.
[2025-10-16 10:26:55] INFO: 
⏰ 60초 후 다음 사이클 실행...
[2025-10-16 10:26:55] INFO:    종료하려면 Ctrl+C를 누르세요.
[2025-10-16 10:27:55] INFO: 
================================================================================
[2025-10-16 10:27:55] INFO: [사이클 227] 2025-10-16 10:27:55
[2025-10-16 10:27:55] INFO: ================================================================================
[2025-10-16 10:27:55] WARNING: ⚠ trading_signals.xlsx 파일이 없습니다.
[2025-10-16 10:27:55] INFO: ℹ 모니터링 대상 종목이 없습니다.
[2025-10-16 10:27:55] INFO: 
⏰ 60초 후 다음 사이클 실행...
[2025-10-16 10:27:55] INFO:    종료하려면 Ctrl+C를 누르세요.
[2025-10-16 10:28:55] INFO: 
================================================================================
[2025-10-16 10:28:55] INFO: [사이클 228] 2025-10-16 10:28:55
[2025-10-16 10:28:55] INFO: ================================================================================
[2025-10-16 10:28:55] WARNING: ⚠ trading_signals.xlsx 파일이 없습니다.
[2025-10-16 10:28:55] INFO: ℹ 모니터링 대상 종목이 없습니다.
[2025-10-16 10:28:55] INFO: 
⏰ 60초 후 다음 사이클 실행...
[2025-10-16 10:28:55] INFO:    종료하려면 Ctrl+C를 누르세요.
[2025-10-16 10:29:55] INFO: 
================================================================================
[2025-10-16 10:29:55] INFO: [사이클 229] 2025-10-16 10:29:55
[2025-10-16 10:29:55] INFO: ================================================================================
[2025-10-16 10:29:55] WARNING: ⚠ trading_signals.xlsx 파일이 없습니다.
[2025-10-16 10:29:55] INFO: ℹ 모니터링 대상 종목이 없습니다.
[2025-10-16 10:29:55] INFO: 
⏰ 60초 후 다음 사이클 실행...
[2025-10-16 10:29:55] INFO:    종료하려면 Ctrl+C를 누르세요.
[2025-10-16 10:30:55] INFO: 
================================================================================
[2025-10-16 10:30:55] INFO: [사이클 230] 2025-10-16 10:30:55
[2025-10-16 10:30:55] INFO: ================================================================================
[2025-10-16 10:30:55] WARNING: ⚠ trading_signals.xlsx 파일이 없습니다.
[2025-10-16 10:30:55] INFO: ℹ 모니터링 대상 종목이 없습니다.
[2025-10-16 10:30:55] INFO: 
⏰ 60초 후 다음 사이클 실행...
[2025-10-16 10:30:55] INFO:    종료하려면 Ctrl+C를 누르세요.
[2025-10-16 10:31:55] INFO: 
================================================================================
[2025-10-16 10:31:55] INFO: [사이클 231] 2025-10-16 10:31:55
[2025-10-16 10:31:55] INFO: ================================================================================
[2025-10-16 10:31:55] WARNING: ⚠ trading_signals.xlsx 파일이 없습니다.
[2025-10-16 10:31:55] INFO: ℹ 모니터링 대상 종목이 없습니다.
[2025-10-16 10:31:55] INFO: 
⏰ 60초 후 다음 사이클 실행...
[2025-10-16 10:31:55] INFO:    종료하려면 Ctrl+C를 누르세요.
[2025-10-16 10:32:55] INFO: 
================================================================================
[2025-10-16 10:32:55] INFO: [사이클 232] 2025-10-16 10:32:55
[2025-10-16 10:32:55] INFO: ================================================================================
[2025-10-16 10:32:55] WARNING: ⚠ trading_signals.xlsx 파일이 없습니다.
[2025-10-16 10:32:55] INFO: ℹ 모니터링 대상 종목이 없습니다.
[2025-10-16 10:32:55] INFO: 
⏰ 60초 후 다음 사이클 실행...
[2025-10-16 10:32:55] INFO:    종료하려면 Ctrl+C를 누르세요.
[2025-10-16 10:33:55] INFO: 
================================================================================
[2025-10-16 10:33:55] INFO: [사이클 233] 2025-10-16 10:33:55
[2025-10-16 10:33:55] INFO: ================================================================================
[2025-10-16 10:33:55] WARNING: ⚠ trading_signals.xlsx 파일이 없습니다.
[2025-10-16 10:33:55] INFO: ℹ 모니터링 대상 종목이 없습니다.
[2025-10-16 10:33:55] INFO: 
⏰ 60초 후 다음 사이클 실행...
[2025-10-16 10:33:55] INFO:    종료하려면 Ctrl+C를 누르세요.
[2025-10-16 10:34:55] INFO: 
================================================================================
[2025-10-16 10:34:55] INFO: [사이클 234] 2025-10-16 10:34:55
[2025-10-16 10:34:55] INFO: ================================================================================
[2025-10-16 10:34:55] WARNING: ⚠ trading_signals.xlsx 파일이 없습니다.
[2025-10-16 10:34:55] INFO: ℹ 모니터링 대상 종목이 없습니다.
[2025-10-16 10:34:55] INFO: 
⏰ 60초 후 다음 사이클 실행...
[2025-10-16 10:34:55] INFO:    종료하려면 Ctrl+C를 누르세요.
[2025-10-16 10:35:55] INFO: 
================================================================================
[2025-10-16 10:35:55] INFO: [사이클 235] 2025-10-16 10:35:55
[2025-10-16 10:35:55] INFO: ================================================================================
[2025-10-16 10:35:55] WARNING: ⚠ trading_signals.xlsx 파일이 없습니다.
[2025-10-16 10:35:55] INFO: ℹ 모니터링 대상 종목이 없습니다.
[2025-10-16 10:35:55] INFO: 
⏰ 60초 후 다음 사이클 실행...
[2025-10-16 10:35:55] INFO:    종료하려면 Ctrl+C를 누르세요.
[2025-10-16 10:36:55] INFO: 
================================================================================
[2025-10-16 10:36:55] INFO: [사이클 236] 2025-10-16 10:36:55
[2025-10-16 10:36:55] INFO: ================================================================================
[2025-10-16 10:36:55] WARNING: ⚠ trading_signals.xlsx 파일이 없습니다.
[2025-10-16 10:36:55] INFO: ℹ 모니터링 대상 종목이 없습니다.
[2025-10-16 10:36:55] INFO: 
⏰ 60초 후 다음 사이클 실행...
[2025-10-16 10:36:55] INFO:    종료하려면 Ctrl+C를 누르세요.
[2025-10-16 10:37:55] INFO: 
================================================================================
[2025-10-16 10:37:55] INFO: [사이클 237] 2025-10-16 10:37:55
[2025-10-16 10:37:55] INFO: ================================================================================
[2025-10-16 10:37:55] WARNING: ⚠ trading_signals.xlsx 파일이 없습니다.
[2025-10-16 10:37:55] INFO: ℹ 모니터링 대상 종목이 없습니다.
[2025-10-16 10:37:55] INFO: 
⏰ 60초 후 다음 사이클 실행...
[2025-10-16 10:37:55] INFO:    종료하려면 Ctrl+C를 누르세요.
[2025-10-16 10:38:55] INFO: 
================================================================================
[2025-10-16 10:38:55] INFO: [사이클 238] 2025-10-16 10:38:55
[2025-10-16 10:38:55] INFO: ================================================================================
[2025-10-16 10:38:55] WARNING: ⚠ trading_signals.xlsx 파일이 없습니다.
[2025-10-16 10:38:55] INFO: ℹ 모니터링 대상 종목이 없습니다.
[2025-10-16 10:38:55] INFO: 
⏰ 60초 후 다음 사이클 실행...
[2025-10-16 10:38:55] INFO:    종료하려면 Ctrl+C를 누르세요.
[2025-10-16 10:39:55] INFO: 
================================================================================
[2025-10-16 10:39:55] INFO: [사이클 239] 2025-10-16 10:39:55
[2025-10-16 10:39:55] INFO: ================================================================================
[2025-10-16 10:39:55] WARNING: ⚠ trading_signals.xlsx 파일이 없습니다.
[2025-10-16 10:39:55] INFO: ℹ 모니터링 대상 종목이 없습니다.
[2025-10-16 10:39:55] INFO: 
⏰ 60초 후 다음 사이클 실행...
[2025-10-16 10:39:55] INFO:    종료하려면 Ctrl+C를 누르세요.
[2025-10-16 10:40:55] INFO: 
================================================================================
[2025-10-16 10:40:55] INFO: [사이클 240] 2025-10-16 10:40:55
[2025-10-16 10:40:55] INFO: ================================================================================
[2025-10-16 10:40:55] WARNING: ⚠ trading_signals.xlsx 파일이 없습니다.
[2025-10-16 10:40:55] INFO: ℹ 모니터링 대상 종목이 없습니다.
[2025-10-16 10:40:55] INFO: 
⏰ 60초 후 다음 사이클 실행...
[2025-10-16 10:40:55] INFO:    종료하려면 Ctrl+C를 누르세요.
[2025-10-16 10:41:55] INFO: 
================================================================================
[2025-10-16 10:41:55] INFO: [사이클 241] 2025-10-16 10:41:55
[2025-10-16 10:41:55] INFO: ================================================================================
[2025-10-16 10:41:55] WARNING: ⚠ trading_signals.xlsx 파일이 없습니다.
[2025-10-16 10:41:55] INFO: ℹ 모니터링 대상 종목이 없습니다.
[2025-10-16 10:41:55] INFO: 
⏰ 60초 후 다음 사이클 실행...
[2025-10-16 10:41:55] INFO:    종료하려면 Ctrl+C를 누르세요.
[2025-10-16 10:42:55] INFO: 
================================================================================
[2025-10-16 10:42:55] INFO: [사이클 242] 2025-10-16 10:42:55
[2025-10-16 10:42:55] INFO: ================================================================================
[2025-10-16 10:42:55] WARNING: ⚠ trading_signals.xlsx 파일이 없습니다.
[2025-10-16 10:42:55] INFO: ℹ 모니터링 대상 종목이 없습니다.
[2025-10-16 10:42:55] INFO: 
⏰ 60초 후 다음 사이클 실행...
[2025-10-16 10:42:55] INFO:    종료하려면 Ctrl+C를 누르세요.
[2025-10-16 10:43:55] INFO: 
================================================================================
[2025-10-16 10:43:55] INFO: [사이클 243] 2025-10-16 10:43:55
[2025-10-16 10:43:55] INFO: ================================================================================
[2025-10-16 10:43:55] WARNING: ⚠ trading_signals.xlsx 파일이 없습니다.
[2025-10-16 10:43:55] INFO: ℹ 모니터링 대상 종목이 없습니다.
[2025-10-16 10:43:55] INFO: 
⏰ 60초 후 다음 사이클 실행...
[2025-10-16 10:43:55] INFO:    종료하려면 Ctrl+C를 누르세요.
[2025-10-16 10:44:55] INFO: 
================================================================================
[2025-10-16 10:44:55] INFO: [사이클 244] 2025-10-16 10:44:55
[2025-10-16 10:44:55] INFO: ================================================================================
[2025-10-16 10:44:55] WARNING: ⚠ trading_signals.xlsx 파일이 없습니다.
[2025-10-16 10:44:55] INFO: ℹ 모니터링 대상 종목이 없습니다.
[2025-10-16 10:44:55] INFO: 
⏰ 60초 후 다음 사이클 실행...
[2025-10-16 10:44:55] INFO:    종료하려면 Ctrl+C를 누르세요.
[2025-10-16 10:45:55] INFO: 
================================================================================
[2025-10-16 10:45:55] INFO: [사이클 245] 2025-10-16 10:45:55
[2025-10-16 10:45:55] INFO: ================================================================================
[2025-10-16 10:45:55] WARNING: ⚠ trading_signals.xlsx 파일이 없습니다.
[2025-10-16 10:45:55] INFO: ℹ 모니터링 대상 종목이 없습니다.
[2025-10-16 10:45:55] INFO: 
⏰ 60초 후 다음 사이클 실행...
[2025-10-16 10:45:55] INFO:    종료하려면 Ctrl+C를 누르세요.
[2025-10-16 10:46:55] INFO: 
================================================================================
[2025-10-16 10:46:55] INFO: [사이클 246] 2025-10-16 10:46:55
[2025-10-16 10:46:55] INFO: ================================================================================
[2025-10-16 10:46:55] WARNING: ⚠ trading_signals.xlsx 파일이 없습니다.
[2025-10-16 10:46:55] INFO: ℹ 모니터링 대상 종목이 없습니다.
[2025-10-16 10:46:55] INFO: 
⏰ 60초 후 다음 사이클 실행...
[2025-10-16 10:46:55] INFO:    종료하려면 Ctrl+C를 누르세요.
[2025-10-16 10:47:55] INFO: 
================================================================================
[2025-10-16 10:47:55] INFO: [사이클 247] 2025-10-16 10:47:55
[2025-10-16 10:47:55] INFO: ================================================================================
[2025-10-16 10:47:55] WARNING: ⚠ trading_signals.xlsx 파일이 없습니다.
[2025-10-16 10:47:55] INFO: ℹ 모니터링 대상 종목이 없습니다.
[2025-10-16 10:47:55] INFO: 
⏰ 60초 후 다음 사이클 실행...
[2025-10-16 10:47:55] INFO:    종료하려면 Ctrl+C를 누르세요.
[2025-10-16 10:48:55] INFO: 
================================================================================
[2025-10-16 10:48:55] INFO: [사이클 248] 2025-10-16 10:48:55
[2025-10-16 10:48:55] INFO: ================================================================================
[2025-10-16 10:48:55] WARNING: ⚠ trading_signals.xlsx 파일이 없습니다.
[2025-10-16 10:48:55] INFO: ℹ 모니터링 대상 종목이 없습니다.
[2025-10-16 10:48:55] INFO: 
⏰ 60초 후 다음 사이클 실행...
[2025-10-16 10:48:55] INFO:    종료하려면 Ctrl+C를 누르세요.
[2025-10-16 10:49:55] INFO: 
================================================================================
[2025-10-16 10:49:55] INFO: [사이클 249] 2025-10-16 10:49:55
[2025-10-16 10:49:55] INFO: ================================================================================
[2025-10-16 10:49:55] WARNING: ⚠ trading_signals.xlsx 파일이 없습니다.
[2025-10-16 10:49:55] INFO: ℹ 모니터링 대상 종목이 없습니다.
[2025-10-16 10:49:55] INFO: 
⏰ 60초 후 다음 사이클 실행...
[2025-10-16 10:49:55] INFO:    종료하려면 Ctrl+C를 누르세요.
[2025-10-16 10:50:55] INFO: 
================================================================================
[2025-10-16 10:50:55] INFO: [사이클 250] 2025-10-16 10:50:55
[2025-10-16 10:50:55] INFO: ================================================================================
[2025-10-16 10:50:55] WARNING: ⚠ trading_signals.xlsx 파일이 없습니다.
[2025-10-16 10:50:55] INFO: ℹ 모니터링 대상 종목이 없습니다.
[2025-10-16 10:50:55] INFO: 
⏰ 60초 후 다음 사이클 실행...
[2025-10-16 10:50:55] INFO:    종료하려면 Ctrl+C를 누르세요.
[2025-10-16 10:51:55] INFO: 
================================================================================
[2025-10-16 10:51:55] INFO: [사이클 251] 2025-10-16 10:51:55
[2025-10-16 10:51:55] INFO: ================================================================================
[2025-10-16 10:51:55] WARNING: ⚠ trading_signals.xlsx 파일이 없습니다.
[2025-10-16 10:51:55] INFO: ℹ 모니터링 대상 종목이 없습니다.
[2025-10-16 10:51:55] INFO: 
⏰ 60초 후 다음 사이클 실행...
[2025-10-16 10:51:55] INFO:    종료하려면 Ctrl+C를 누르세요.
[2025-10-16 10:52:55] INFO: 
================================================================================
[2025-10-16 10:52:55] INFO: [사이클 252] 2025-10-16 10:52:55
[2025-10-16 10:52:55] INFO: ================================================================================
[2025-10-16 10:52:55] WARNING: ⚠ trading_signals.xlsx 파일이 없습니다.
[2025-10-16 10:52:55] INFO: ℹ 모니터링 대상 종목이 없습니다.
[2025-10-16 10:52:55] INFO: 
⏰ 60초 후 다음 사이클 실행...
[2025-10-16 10:52:55] INFO:    종료하려면 Ctrl+C를 누르세요.
[2025-10-16 10:53:55] INFO: 
================================================================================
[2025-10-16 10:53:55] INFO: [사이클 253] 2025-10-16 10:53:55
[2025-10-16 10:53:55] INFO: ================================================================================
[2025-10-16 10:53:55] WARNING: ⚠ trading_signals.xlsx 파일이 없습니다.
[2025-10-16 10:53:55] INFO: ℹ 모니터링 대상 종목이 없습니다.
[2025-10-16 10:53:55] INFO: 
⏰ 60초 후 다음 사이클 실행...
[2025-10-16 10:53:55] INFO:    종료하려면 Ctrl+C를 누르세요.
[2025-10-16 10:54:55] INFO: 
================================================================================
[2025-10-16 10:54:55] INFO: [사이클 254] 2025-10-16 10:54:55
[2025-10-16 10:54:55] INFO: ================================================================================
[2025-10-16 10:54:55] WARNING: ⚠ trading_signals.xlsx 파일이 없습니다.
[2025-10-16 10:54:55] INFO: ℹ 모니터링 대상 종목이 없습니다.
[2025-10-16 10:54:55] INFO: 
⏰ 60초 후 다음 사이클 실행...
[2025-10-16 10:54:55] INFO:    종료하려면 Ctrl+C를 누르세요.
[2025-10-16 10:55:55] INFO: 
================================================================================
[2025-10-16 10:55:55] INFO: [사이클 255] 2025-10-16 10:55:55
[2025-10-16 10:55:55] INFO: ================================================================================
[2025-10-16 10:55:55] WARNING: ⚠ trading_signals.xlsx 파일이 없습니다.
[2025-10-16 10:55:55] INFO: ℹ 모니터링 대상 종목이 없습니다.
[2025-10-16 10:55:55] INFO: 
⏰ 60초 후 다음 사이클 실행...
[2025-10-16 10:55:55] INFO:    종료하려면 Ctrl+C를 누르세요.
[2025-10-16 10:56:55] INFO: 
================================================================================
[2025-10-16 10:56:55] INFO: [사이클 256] 2025-10-16 10:56:55
[2025-10-16 10:56:55] INFO: ================================================================================
[2025-10-16 10:56:55] WARNING: ⚠ trading_signals.xlsx 파일이 없습니다.
[2025-10-16 10:56:55] INFO: ℹ 모니터링 대상 종목이 없습니다.
[2025-10-16 10:56:55] INFO: 
⏰ 60초 후 다음 사이클 실행...
[2025-10-16 10:56:55] INFO:    종료하려면 Ctrl+C를 누르세요.
[2025-10-16 10:57:55] INFO: 
================================================================================
[2025-10-16 10:57:55] INFO: [사이클 257] 2025-10-16 10:57:55
[2025-10-16 10:57:55] INFO: ================================================================================
[2025-10-16 10:57:55] WARNING: ⚠ trading_signals.xlsx 파일이 없습니다.
[2025-10-16 10:57:55] INFO: ℹ 모니터링 대상 종목이 없습니다.
[2025-10-16 10:57:55] INFO: 
⏰ 60초 후 다음 사이클 실행...
[2025-10-16 10:57:55] INFO:    종료하려면 Ctrl+C를 누르세요.
[2025-10-16 10:58:55] INFO: 
================================================================================
[2025-10-16 10:58:55] INFO: [사이클 258] 2025-10-16 10:58:55
[2025-10-16 10:58:55] INFO: ================================================================================
[2025-10-16 10:58:55] WARNING: ⚠ trading_signals.xlsx 파일이 없습니다.
[2025-10-16 10:58:55] INFO: ℹ 모니터링 대상 종목이 없습니다.
[2025-10-16 10:58:55] INFO: 
⏰ 60초 후 다음 사이클 실행...
[2025-10-16 10:58:55] INFO:    종료하려면 Ctrl+C를 누르세요.
[2025-10-16 10:59:55] INFO: 
================================================================================
[2025-10-16 10:59:55] INFO: [사이클 259] 2025-10-16 10:59:55
[2025-10-16 10:59:55] INFO: ================================================================================
[2025-10-16 10:59:55] WARNING: ⚠ trading_signals.xlsx 파일이 없습니다.
[2025-10-16 10:59:55] INFO: ℹ 모니터링 대상 종목이 없습니다.
[2025-10-16 10:59:55] INFO: 
⏰ 60초 후 다음 사이클 실행...
[2025-10-16 10:59:55] INFO:    종료하려면 Ctrl+C를 누르세요.
[2025-10-16 11:00:55] INFO: 
================================================================================
[2025-10-16 11:00:55] INFO: [사이클 260] 2025-10-16 11:00:55
[2025-10-16 11:00:55] INFO: ================================================================================
[2025-10-16 11:00:55] WARNING: ⚠ trading_signals.xlsx 파일이 없습니다.
[2025-10-16 11:00:55] INFO: ℹ 모니터링 대상 종목이 없습니다.
[2025-10-16 11:00:55] INFO: 
⏰ 60초 후 다음 사이클 실행...
[2025-10-16 11:00:55] INFO:    종료하려면 Ctrl+C를 누르세요.
[2025-10-16 11:01:55] INFO: 
================================================================================
[2025-10-16 11:01:55] INFO: [사이클 261] 2025-10-16 11:01:55
[2025-10-16 11:01:55] INFO: ================================================================================
[2025-10-16 11:01:55] WARNING: ⚠ trading_signals.xlsx 파일이 없습니다.
[2025-10-16 11:01:55] INFO: ℹ 모니터링 대상 종목이 없습니다.
[2025-10-16 11:01:55] INFO: 
⏰ 60초 후 다음 사이클 실행...
[2025-10-16 11:01:55] INFO:    종료하려면 Ctrl+C를 누르세요.
[2025-10-16 11:02:55] INFO: 
================================================================================
[2025-10-16 11:02:55] INFO: [사이클 262] 2025-10-16 11:02:55
[2025-10-16 11:02:55] INFO: ================================================================================
[2025-10-16 11:02:55] WARNING: ⚠ trading_signals.xlsx 파일이 없습니다.
[2025-10-16 11:02:55] INFO: ℹ 모니터링 대상 종목이 없습니다.
[2025-10-16 11:02:55] INFO: 
⏰ 60초 후 다음 사이클 실행...
[2025-10-16 11:02:55] INFO:    종료하려면 Ctrl+C를 누르세요.
[2025-10-16 11:03:55] INFO: 
================================================================================
[2025-10-16 11:03:55] INFO: [사이클 263] 2025-10-16 11:03:55
[2025-10-16 11:03:55] INFO: ================================================================================
[2025-10-16 11:03:55] WARNING: ⚠ trading_signals.xlsx 파일이 없습니다.
[2025-10-16 11:03:55] INFO: ℹ 모니터링 대상 종목이 없습니다.
[2025-10-16 11:03:55] INFO: 
⏰ 60초 후 다음 사이클 실행...
[2025-10-16 11:03:55] INFO:    종료하려면 Ctrl+C를 누르세요.
[2025-10-16 11:04:55] INFO: 
================================================================================
[2025-10-16 11:04:55] INFO: [사이클 264] 2025-10-16 11:04:55
[2025-10-16 11:04:55] INFO: ================================================================================
[2025-10-16 11:04:55] WARNING: ⚠ trading_signals.xlsx 파일이 없습니다.
[2025-10-16 11:04:55] INFO: ℹ 모니터링 대상 종목이 없습니다.
[2025-10-16 11:04:55] INFO: 
⏰ 60초 후 다음 사이클 실행...
[2025-10-16 11:04:55] INFO:    종료하려면 Ctrl+C를 누르세요.
[2025-10-16 11:05:55] INFO: 
================================================================================
[2025-10-16 11:05:55] INFO: [사이클 265] 2025-10-16 11:05:55
[2025-10-16 11:05:55] INFO: ================================================================================
[2025-10-16 11:05:55] WARNING: ⚠ trading_signals.xlsx 파일이 없습니다.
[2025-10-16 11:05:55] INFO: ℹ 모니터링 대상 종목이 없습니다.
[2025-10-16 11:05:55] INFO: 
⏰ 60초 후 다음 사이클 실행...
[2025-10-16 11:05:55] INFO:    종료하려면 Ctrl+C를 누르세요.
[2025-10-16 11:06:55] INFO: 
================================================================================
[2025-10-16 11:06:55] INFO: [사이클 266] 2025-10-16 11:06:55
[2025-10-16 11:06:55] INFO: ================================================================================
[2025-10-16 11:06:55] WARNING: ⚠ trading_signals.xlsx 파일이 없습니다.
[2025-10-16 11:06:55] INFO: ℹ 모니터링 대상 종목이 없습니다.
[2025-10-16 11:06:55] INFO: 
⏰ 60초 후 다음 사이클 실행...
[2025-10-16 11:06:55] INFO:    종료하려면 Ctrl+C를 누르세요.
[2025-10-16 11:07:55] INFO: 
================================================================================
[2025-10-16 11:07:55] INFO: [사이클 267] 2025-10-16 11:07:55
[2025-10-16 11:07:55] INFO: ================================================================================
[2025-10-16 11:07:55] WARNING: ⚠ trading_signals.xlsx 파일이 없습니다.
[2025-10-16 11:07:55] INFO: ℹ 모니터링 대상 종목이 없습니다.
[2025-10-16 11:07:55] INFO: 
⏰ 60초 후 다음 사이클 실행...
[2025-10-16 11:07:55] INFO:    종료하려면 Ctrl+C를 누르세요.
[2025-10-16 11:08:55] INFO: 
================================================================================
[2025-10-16 11:08:55] INFO: [사이클 268] 2025-10-16 11:08:55
[2025-10-16 11:08:55] INFO: ================================================================================
[2025-10-16 11:08:55] WARNING: ⚠ trading_signals.xlsx 파일이 없습니다.
[2025-10-16 11:08:55] INFO: ℹ 모니터링 대상 종목이 없습니다.
[2025-10-16 11:08:55] INFO: 
⏰ 60초 후 다음 사이클 실행...
[2025-10-16 11:08:55] INFO:    종료하려면 Ctrl+C를 누르세요.
[2025-10-16 11:09:55] INFO: 
================================================================================
[2025-10-16 11:09:55] INFO: [사이클 269] 2025-10-16 11:09:55
[2025-10-16 11:09:55] INFO: ================================================================================
[2025-10-16 11:09:55] WARNING: ⚠ trading_signals.xlsx 파일이 없습니다.
[2025-10-16 11:09:55] INFO: ℹ 모니터링 대상 종목이 없습니다.
[2025-10-16 11:09:55] INFO: 
⏰ 60초 후 다음 사이클 실행...
[2025-10-16 11:09:55] INFO:    종료하려면 Ctrl+C를 누르세요.
[2025-10-16 11:10:55] INFO: 
================================================================================
[2025-10-16 11:10:55] INFO: [사이클 270] 2025-10-16 11:10:55
[2025-10-16 11:10:55] INFO: ================================================================================
[2025-10-16 11:10:55] WARNING: ⚠ trading_signals.xlsx 파일이 없습니다.
[2025-10-16 11:10:55] INFO: ℹ 모니터링 대상 종목이 없습니다.
[2025-10-16 11:10:55] INFO: 
⏰ 60초 후 다음 사이클 실행...
[2025-10-16 11:10:55] INFO:    종료하려면 Ctrl+C를 누르세요.
[2025-10-16 11:11:55] INFO: 
================================================================================
[2025-10-16 11:11:55] INFO: [사이클 271] 2025-10-16 11:11:55
[2025-10-16 11:11:55] INFO: ================================================================================
[2025-10-16 11:11:55] WARNING: ⚠ trading_signals.xlsx 파일이 없습니다.
[2025-10-16 11:11:55] INFO: ℹ 모니터링 대상 종목이 없습니다.
[2025-10-16 11:11:55] INFO: 
⏰ 60초 후 다음 사이클 실행...
[2025-10-16 11:11:55] INFO:    종료하려면 Ctrl+C를 누르세요.
[2025-10-16 11:12:55] INFO: 
================================================================================
[2025-10-16 11:12:55] INFO: [사이클 272] 2025-10-16 11:12:55
[2025-10-16 11:12:55] INFO: ================================================================================
[2025-10-16 11:12:55] WARNING: ⚠ trading_signals.xlsx 파일이 없습니다.
[2025-10-16 11:12:55] INFO: ℹ 모니터링 대상 종목이 없습니다.
[2025-10-16 11:12:55] INFO: 
⏰ 60초 후 다음 사이클 실행...
[2025-10-16 11:12:55] INFO:    종료하려면 Ctrl+C를 누르세요.
[2025-10-16 11:13:55] INFO: 
================================================================================
[2025-10-16 11:13:55] INFO: [사이클 273] 2025-10-16 11:13:55
[2025-10-16 11:13:55] INFO: ================================================================================
[2025-10-16 11:13:55] WARNING: ⚠ trading_signals.xlsx 파일이 없습니다.
[2025-10-16 11:13:55] INFO: ℹ 모니터링 대상 종목이 없습니다.
[2025-10-16 11:13:55] INFO: 
⏰ 60초 후 다음 사이클 실행...
[2025-10-16 11:13:55] INFO:    종료하려면 Ctrl+C를 누르세요.
[2025-10-16 11:14:55] INFO: 
================================================================================
[2025-10-16 11:14:55] INFO: [사이클 274] 2025-10-16 11:14:55
[2025-10-16 11:14:55] INFO: ================================================================================
[2025-10-16 11:14:55] WARNING: ⚠ trading_signals.xlsx 파일이 없습니다.
[2025-10-16 11:14:55] INFO: ℹ 모니터링 대상 종목이 없습니다.
[2025-10-16 11:14:55] INFO: 
⏰ 60초 후 다음 사이클 실행...
[2025-10-16 11:14:55] INFO:    종료하려면 Ctrl+C를 누르세요.
[2025-10-16 11:15:55] INFO: 
================================================================================
[2025-10-16 11:15:55] INFO: [사이클 275] 2025-10-16 11:15:55
[2025-10-16 11:15:55] INFO: ================================================================================
[2025-10-16 11:15:55] WARNING: ⚠ trading_signals.xlsx 파일이 없습니다.
[2025-10-16 11:15:55] INFO: ℹ 모니터링 대상 종목이 없습니다.
[2025-10-16 11:15:55] INFO: 
⏰ 60초 후 다음 사이클 실행...
[2025-10-16 11:15:55] INFO:    종료하려면 Ctrl+C를 누르세요.
[2025-10-16 11:16:55] INFO: 
================================================================================
[2025-10-16 11:16:55] INFO: [사이클 276] 2025-10-16 11:16:55
[2025-10-16 11:16:55] INFO: ================================================================================
[2025-10-16 11:16:55] WARNING: ⚠ trading_signals.xlsx 파일이 없습니다.
[2025-10-16 11:16:55] INFO: ℹ 모니터링 대상 종목이 없습니다.
[2025-10-16 11:16:55] INFO: 
⏰ 60초 후 다음 사이클 실행...
[2025-10-16 11:16:55] INFO:    종료하려면 Ctrl+C를 누르세요.
[2025-10-16 11:17:55] INFO: 
================================================================================
[2025-10-16 11:17:55] INFO: [사이클 277] 2025-10-16 11:17:55
[2025-10-16 11:17:55] INFO: ================================================================================
[2025-10-16 11:17:55] WARNING: ⚠ trading_signals.xlsx 파일이 없습니다.
[2025-10-16 11:17:55] INFO: ℹ 모니터링 대상 종목이 없습니다.
[2025-10-16 11:17:55] INFO: 
⏰ 60초 후 다음 사이클 실행...
[2025-10-16 11:17:55] INFO:    종료하려면 Ctrl+C를 누르세요.
[2025-10-16 11:18:55] INFO: 
================================================================================
[2025-10-16 11:18:55] INFO: [사이클 278] 2025-10-16 11:18:55
[2025-10-16 11:18:55] INFO: ================================================================================
[2025-10-16 11:18:55] WARNING: ⚠ trading_signals.xlsx 파일이 없습니다.
[2025-10-16 11:18:55] INFO: ℹ 모니터링 대상 종목이 없습니다.
[2025-10-16 11:18:56] INFO: 
⏰ 60초 후 다음 사이클 실행...
[2025-10-16 11:18:56] INFO:    종료하려면 Ctrl+C를 누르세요.
[2025-10-16 11:19:56] INFO: 
================================================================================
[2025-10-16 11:19:56] INFO: [사이클 279] 2025-10-16 11:19:56
[2025-10-16 11:19:56] INFO: ================================================================================
[2025-10-16 11:19:56] WARNING: ⚠ trading_signals.xlsx 파일이 없습니다.
[2025-10-16 11:19:56] INFO: ℹ 모니터링 대상 종목이 없습니다.
[2025-10-16 11:19:56] INFO: 
⏰ 60초 후 다음 사이클 실행...
[2025-10-16 11:19:56] INFO:    종료하려면 Ctrl+C를 누르세요.
[2025-10-16 11:20:56] INFO: 
================================================================================
[2025-10-16 11:20:56] INFO: [사이클 280] 2025-10-16 11:20:56
[2025-10-16 11:20:56] INFO: ================================================================================
[2025-10-16 11:20:56] WARNING: ⚠ trading_signals.xlsx 파일이 없습니다.
[2025-10-16 11:20:56] INFO: ℹ 모니터링 대상 종목이 없습니다.
[2025-10-16 11:20:56] INFO: 
⏰ 60초 후 다음 사이클 실행...
[2025-10-16 11:20:56] INFO:    종료하려면 Ctrl+C를 누르세요.
[2025-10-16 11:21:56] INFO: 
================================================================================
[2025-10-16 11:21:56] INFO: [사이클 281] 2025-10-16 11:21:56
[2025-10-16 11:21:56] INFO: ================================================================================
[2025-10-16 11:21:56] WARNING: ⚠ trading_signals.xlsx 파일이 없습니다.
[2025-10-16 11:21:56] INFO: ℹ 모니터링 대상 종목이 없습니다.
[2025-10-16 11:21:56] INFO: 
⏰ 60초 후 다음 사이클 실행...
[2025-10-16 11:21:56] INFO:    종료하려면 Ctrl+C를 누르세요.
[2025-10-16 11:22:56] INFO: 
================================================================================
[2025-10-16 11:22:56] INFO: [사이클 282] 2025-10-16 11:22:56
[2025-10-16 11:22:56] INFO: ================================================================================
[2025-10-16 11:22:56] WARNING: ⚠ trading_signals.xlsx 파일이 없습니다.
[2025-10-16 11:22:56] INFO: ℹ 모니터링 대상 종목이 없습니다.
[2025-10-16 11:22:56] INFO: 
⏰ 60초 후 다음 사이클 실행...
[2025-10-16 11:22:56] INFO:    종료하려면 Ctrl+C를 누르세요.
[2025-10-16 11:23:56] INFO: 
================================================================================
[2025-10-16 11:23:56] INFO: [사이클 283] 2025-10-16 11:23:56
[2025-10-16 11:23:56] INFO: ================================================================================
[2025-10-16 11:23:56] WARNING: ⚠ trading_signals.xlsx 파일이 없습니다.
[2025-10-16 11:23:56] INFO: ℹ 모니터링 대상 종목이 없습니다.
[2025-10-16 11:23:56] INFO: 
⏰ 60초 후 다음 사이클 실행...
[2025-10-16 11:23:56] INFO:    종료하려면 Ctrl+C를 누르세요.
[2025-10-16 11:24:56] INFO: 
================================================================================
[2025-10-16 11:24:56] INFO: [사이클 284] 2025-10-16 11:24:56
[2025-10-16 11:24:56] INFO: ================================================================================
[2025-10-16 11:24:56] WARNING: ⚠ trading_signals.xlsx 파일이 없습니다.
[2025-10-16 11:24:56] INFO: ℹ 모니터링 대상 종목이 없습니다.
[2025-10-16 11:24:56] INFO: 
⏰ 60초 후 다음 사이클 실행...
[2025-10-16 11:24:56] INFO:    종료하려면 Ctrl+C를 누르세요.
[2025-10-16 11:25:56] INFO: 
================================================================================
[2025-10-16 11:25:56] INFO: [사이클 285] 2025-10-16 11:25:56
[2025-10-16 11:25:56] INFO: ================================================================================
[2025-10-16 11:25:56] WARNING: ⚠ trading_signals.xlsx 파일이 없습니다.
[2025-10-16 11:25:56] INFO: ℹ 모니터링 대상 종목이 없습니다.
[2025-10-16 11:25:56] INFO: 
⏰ 60초 후 다음 사이클 실행...
[2025-10-16 11:25:56] INFO:    종료하려면 Ctrl+C를 누르세요.
[2025-10-16 11:26:56] INFO: 
================================================================================
[2025-10-16 11:26:56] INFO: [사이클 286] 2025-10-16 11:26:56
[2025-10-16 11:26:56] INFO: ================================================================================
[2025-10-16 11:26:56] WARNING: ⚠ trading_signals.xlsx 파일이 없습니다.
[2025-10-16 11:26:56] INFO: ℹ 모니터링 대상 종목이 없습니다.
[2025-10-16 11:26:56] INFO: 
⏰ 60초 후 다음 사이클 실행...
[2025-10-16 11:26:56] INFO:    종료하려면 Ctrl+C를 누르세요.
[2025-10-16 11:27:56] INFO: 
================================================================================
[2025-10-16 11:27:56] INFO: [사이클 287] 2025-10-16 11:27:56
[2025-10-16 11:27:56] INFO: ================================================================================
[2025-10-16 11:27:56] WARNING: ⚠ trading_signals.xlsx 파일이 없습니다.
[2025-10-16 11:27:56] INFO: ℹ 모니터링 대상 종목이 없습니다.
[2025-10-16 11:27:56] INFO: 
⏰ 60초 후 다음 사이클 실행...
[2025-10-16 11:27:56] INFO:    종료하려면 Ctrl+C를 누르세요.
[2025-10-16 11:28:56] INFO: 
================================================================================
[2025-10-16 11:28:56] INFO: [사이클 288] 2025-10-16 11:28:56
[2025-10-16 11:28:56] INFO: ================================================================================
[2025-10-16 11:28:56] WARNING: ⚠ trading_signals.xlsx 파일이 없습니다.
[2025-10-16 11:28:56] INFO: ℹ 모니터링 대상 종목이 없습니다.
[2025-10-16 11:28:56] INFO: 
⏰ 60초 후 다음 사이클 실행...
[2025-10-16 11:28:56] INFO:    종료하려면 Ctrl+C를 누르세요.
[2025-10-16 11:29:56] INFO: 
================================================================================
[2025-10-16 11:29:56] INFO: [사이클 289] 2025-10-16 11:29:56
[2025-10-16 11:29:56] INFO: ================================================================================
[2025-10-16 11:29:56] WARNING: ⚠ trading_signals.xlsx 파일이 없습니다.
[2025-10-16 11:29:56] INFO: ℹ 모니터링 대상 종목이 없습니다.
[2025-10-16 11:29:56] INFO: 
⏰ 60초 후 다음 사이클 실행...
[2025-10-16 11:29:56] INFO:    종료하려면 Ctrl+C를 누르세요.
[2025-10-16 11:30:56] INFO: 
================================================================================
[2025-10-16 11:30:56] INFO: [사이클 290] 2025-10-16 11:30:56
[2025-10-16 11:30:56] INFO: ================================================================================
[2025-10-16 11:30:56] WARNING: ⚠ trading_signals.xlsx 파일이 없습니다.
[2025-10-16 11:30:56] INFO: ℹ 모니터링 대상 종목이 없습니다.
[2025-10-16 11:30:56] INFO: 
⏰ 60초 후 다음 사이클 실행...
[2025-10-16 11:30:56] INFO:    종료하려면 Ctrl+C를 누르세요.
[2025-10-16 11:31:56] INFO: 
================================================================================
[2025-10-16 11:31:56] INFO: [사이클 291] 2025-10-16 11:31:56
[2025-10-16 11:31:56] INFO: ================================================================================
[2025-10-16 11:31:56] WARNING: ⚠ trading_signals.xlsx 파일이 없습니다.
[2025-10-16 11:31:56] INFO: ℹ 모니터링 대상 종목이 없습니다.
[2025-10-16 11:31:56] INFO: 
⏰ 60초 후 다음 사이클 실행...
[2025-10-16 11:31:56] INFO:    종료하려면 Ctrl+C를 누르세요.
[2025-10-16 11:32:56] INFO: 
================================================================================
[2025-10-16 11:32:56] INFO: [사이클 292] 2025-10-16 11:32:56
[2025-10-16 11:32:56] INFO: ================================================================================
[2025-10-16 11:32:56] WARNING: ⚠ trading_signals.xlsx 파일이 없습니다.
[2025-10-16 11:32:56] INFO: ℹ 모니터링 대상 종목이 없습니다.
[2025-10-16 11:32:56] INFO: 
⏰ 60초 후 다음 사이클 실행...
[2025-10-16 11:32:56] INFO:    종료하려면 Ctrl+C를 누르세요.
[2025-10-16 11:33:56] INFO: 
================================================================================
[2025-10-16 11:33:56] INFO: [사이클 293] 2025-10-16 11:33:56
[2025-10-16 11:33:56] INFO: ================================================================================
[2025-10-16 11:33:56] WARNING: ⚠ trading_signals.xlsx 파일이 없습니다.
[2025-10-16 11:33:56] INFO: ℹ 모니터링 대상 종목이 없습니다.
[2025-10-16 11:33:56] INFO: 
⏰ 60초 후 다음 사이클 실행...
[2025-10-16 11:33:56] INFO:    종료하려면 Ctrl+C를 누르세요.
[2025-10-16 11:34:56] INFO: 
================================================================================
[2025-10-16 11:34:56] INFO: [사이클 294] 2025-10-16 11:34:56
[2025-10-16 11:34:56] INFO: ================================================================================
[2025-10-16 11:34:56] WARNING: ⚠ trading_signals.xlsx 파일이 없습니다.
[2025-10-16 11:34:56] INFO: ℹ 모니터링 대상 종목이 없습니다.
[2025-10-16 11:34:56] INFO: 
⏰ 60초 후 다음 사이클 실행...
[2025-10-16 11:34:56] INFO:    종료하려면 Ctrl+C를 누르세요.
[2025-10-16 11:35:56] INFO: 
================================================================================
[2025-10-16 11:35:56] INFO: [사이클 295] 2025-10-16 11:35:56
[2025-10-16 11:35:56] INFO: ================================================================================
[2025-10-16 11:35:56] WARNING: ⚠ trading_signals.xlsx 파일이 없습니다.
[2025-10-16 11:35:56] INFO: ℹ 모니터링 대상 종목이 없습니다.
[2025-10-16 11:35:56] INFO: 
⏰ 60초 후 다음 사이클 실행...
[2025-10-16 11:35:56] INFO:    종료하려면 Ctrl+C를 누르세요.
[2025-10-16 11:36:56] INFO: 
================================================================================
[2025-10-16 11:36:56] INFO: [사이클 296] 2025-10-16 11:36:56
[2025-10-16 11:36:56] INFO: ================================================================================
[2025-10-16 11:36:56] WARNING: ⚠ trading_signals.xlsx 파일이 없습니다.
[2025-10-16 11:36:56] INFO: ℹ 모니터링 대상 종목이 없습니다.
[2025-10-16 11:36:56] INFO: 
⏰ 60초 후 다음 사이클 실행...
[2025-10-16 11:36:56] INFO:    종료하려면 Ctrl+C를 누르세요.
[2025-10-16 11:37:56] INFO: 
================================================================================
[2025-10-16 11:37:56] INFO: [사이클 297] 2025-10-16 11:37:56
[2025-10-16 11:37:56] INFO: ================================================================================
[2025-10-16 11:37:56] WARNING: ⚠ trading_signals.xlsx 파일이 없습니다.
[2025-10-16 11:37:56] INFO: ℹ 모니터링 대상 종목이 없습니다.
[2025-10-16 11:37:56] INFO: 
⏰ 60초 후 다음 사이클 실행...
[2025-10-16 11:37:56] INFO:    종료하려면 Ctrl+C를 누르세요.
[2025-10-16 11:38:56] INFO: 
================================================================================
[2025-10-16 11:38:56] INFO: [사이클 298] 2025-10-16 11:38:56
[2025-10-16 11:38:56] INFO: ================================================================================
[2025-10-16 11:38:56] WARNING: ⚠ trading_signals.xlsx 파일이 없습니다.
[2025-10-16 11:38:56] INFO: ℹ 모니터링 대상 종목이 없습니다.
[2025-10-16 11:38:56] INFO: 
⏰ 60초 후 다음 사이클 실행...
[2025-10-16 11:38:56] INFO:    종료하려면 Ctrl+C를 누르세요.
[2025-10-16 11:39:56] INFO: 
================================================================================
[2025-10-16 11:39:56] INFO: [사이클 299] 2025-10-16 11:39:56
[2025-10-16 11:39:56] INFO: ================================================================================
[2025-10-16 11:39:56] WARNING: ⚠ trading_signals.xlsx 파일이 없습니다.
[2025-10-16 11:39:56] INFO: ℹ 모니터링 대상 종목이 없습니다.
[2025-10-16 11:39:56] INFO: 
⏰ 60초 후 다음 사이클 실행...
[2025-10-16 11:39:56] INFO:    종료하려면 Ctrl+C를 누르세요.
[2025-10-16 11:40:56] INFO: 
================================================================================
[2025-10-16 11:40:56] INFO: [사이클 300] 2025-10-16 11:40:56
[2025-10-16 11:40:56] INFO: ================================================================================
[2025-10-16 11:40:56] WARNING: ⚠ trading_signals.xlsx 파일이 없습니다.
[2025-10-16 11:40:56] INFO: ℹ 모니터링 대상 종목이 없습니다.
[2025-10-16 11:40:56] INFO: 
⏰ 60초 후 다음 사이클 실행...
[2025-10-16 11:40:56] INFO:    종료하려면 Ctrl+C를 누르세요.
[2025-10-16 11:41:56] INFO: 
================================================================================
[2025-10-16 11:41:56] INFO: [사이클 301] 2025-10-16 11:41:56
[2025-10-16 11:41:56] INFO: ================================================================================
[2025-10-16 11:41:56] WARNING: ⚠ trading_signals.xlsx 파일이 없습니다.
[2025-10-16 11:41:56] INFO: ℹ 모니터링 대상 종목이 없습니다.
[2025-10-16 11:41:56] INFO: 
⏰ 60초 후 다음 사이클 실행...
[2025-10-16 11:41:56] INFO:    종료하려면 Ctrl+C를 누르세요.
[2025-10-16 11:42:56] INFO: 
================================================================================
[2025-10-16 11:42:56] INFO: [사이클 302] 2025-10-16 11:42:56
[2025-10-16 11:42:56] INFO: ================================================================================
[2025-10-16 11:42:56] WARNING: ⚠ trading_signals.xlsx 파일이 없습니다.
[2025-10-16 11:42:56] INFO: ℹ 모니터링 대상 종목이 없습니다.
[2025-10-16 11:42:56] INFO: 
⏰ 60초 후 다음 사이클 실행...
[2025-10-16 11:42:56] INFO:    종료하려면 Ctrl+C를 누르세요.
[2025-10-16 11:43:56] INFO: 
================================================================================
[2025-10-16 11:43:56] INFO: [사이클 303] 2025-10-16 11:43:56
[2025-10-16 11:43:56] INFO: ================================================================================
[2025-10-16 11:43:56] WARNING: ⚠ trading_signals.xlsx 파일이 없습니다.
[2025-10-16 11:43:56] INFO: ℹ 모니터링 대상 종목이 없습니다.
[2025-10-16 11:43:56] INFO: 
⏰ 60초 후 다음 사이클 실행...
[2025-10-16 11:43:56] INFO:    종료하려면 Ctrl+C를 누르세요.
[2025-10-16 11:44:56] INFO: 
================================================================================
[2025-10-16 11:44:56] INFO: [사이클 304] 2025-10-16 11:44:56
[2025-10-16 11:44:56] INFO: ================================================================================
[2025-10-16 11:44:56] WARNING: ⚠ trading_signals.xlsx 파일이 없습니다.
[2025-10-16 11:44:56] INFO: ℹ 모니터링 대상 종목이 없습니다.
[2025-10-16 11:44:56] INFO: 
⏰ 60초 후 다음 사이클 실행...
[2025-10-16 11:44:56] INFO:    종료하려면 Ctrl+C를 누르세요.
[2025-10-16 11:45:56] INFO: 
================================================================================
[2025-10-16 11:45:56] INFO: [사이클 305] 2025-10-16 11:45:56
[2025-10-16 11:45:56] INFO: ================================================================================
[2025-10-16 11:45:56] WARNING: ⚠ trading_signals.xlsx 파일이 없습니다.
[2025-10-16 11:45:56] INFO: ℹ 모니터링 대상 종목이 없습니다.
[2025-10-16 11:45:56] INFO: 
⏰ 60초 후 다음 사이클 실행...
[2025-10-16 11:45:56] INFO:    종료하려면 Ctrl+C를 누르세요.
[2025-10-16 11:46:56] INFO: 
================================================================================
[2025-10-16 11:46:56] INFO: [사이클 306] 2025-10-16 11:46:56
[2025-10-16 11:46:56] INFO: ================================================================================
[2025-10-16 11:46:56] WARNING: ⚠ trading_signals.xlsx 파일이 없습니다.
[2025-10-16 11:46:56] INFO: ℹ 모니터링 대상 종목이 없습니다.
[2025-10-16 11:46:56] INFO: 
⏰ 60초 후 다음 사이클 실행...
[2025-10-16 11:46:56] INFO:    종료하려면 Ctrl+C를 누르세요.
[2025-10-16 11:47:56] INFO: 
================================================================================
[2025-10-16 11:47:56] INFO: [사이클 307] 2025-10-16 11:47:56
[2025-10-16 11:47:56] INFO: ================================================================================
[2025-10-16 11:47:56] WARNING: ⚠ trading_signals.xlsx 파일이 없습니다.
[2025-10-16 11:47:56] INFO: ℹ 모니터링 대상 종목이 없습니다.
[2025-10-16 11:47:56] INFO: 
⏰ 60초 후 다음 사이클 실행...
[2025-10-16 11:47:56] INFO:    종료하려면 Ctrl+C를 누르세요.
[2025-10-16 11:48:56] INFO: 
================================================================================
[2025-10-16 11:48:56] INFO: [사이클 308] 2025-10-16 11:48:56
[2025-10-16 11:48:56] INFO: ================================================================================
[2025-10-16 11:48:56] WARNING: ⚠ trading_signals.xlsx 파일이 없습니다.
[2025-10-16 11:48:56] INFO: ℹ 모니터링 대상 종목이 없습니다.
[2025-10-16 11:48:56] INFO: 
⏰ 60초 후 다음 사이클 실행...
[2025-10-16 11:48:56] INFO:    종료하려면 Ctrl+C를 누르세요.
[2025-10-16 11:49:56] INFO: 
================================================================================
[2025-10-16 11:49:56] INFO: [사이클 309] 2025-10-16 11:49:56
[2025-10-16 11:49:56] INFO: ================================================================================
[2025-10-16 11:49:56] WARNING: ⚠ trading_signals.xlsx 파일이 없습니다.
[2025-10-16 11:49:56] INFO: ℹ 모니터링 대상 종목이 없습니다.
[2025-10-16 11:49:56] INFO: 
⏰ 60초 후 다음 사이클 실행...
[2025-10-16 11:49:56] INFO:    종료하려면 Ctrl+C를 누르세요.
[2025-10-16 11:50:56] INFO: 
================================================================================
[2025-10-16 11:50:56] INFO: [사이클 310] 2025-10-16 11:50:56
[2025-10-16 11:50:56] INFO: ================================================================================
[2025-10-16 11:50:56] WARNING: ⚠ trading_signals.xlsx 파일이 없습니다.
[2025-10-16 11:50:56] INFO: ℹ 모니터링 대상 종목이 없습니다.
[2025-10-16 11:50:56] INFO: 
⏰ 60초 후 다음 사이클 실행...
[2025-10-16 11:50:56] INFO:    종료하려면 Ctrl+C를 누르세요.
[2025-10-16 11:51:56] INFO: 
================================================================================
[2025-10-16 11:51:56] INFO: [사이클 311] 2025-10-16 11:51:56
[2025-10-16 11:51:56] INFO: ================================================================================
[2025-10-16 11:51:56] WARNING: ⚠ trading_signals.xlsx 파일이 없습니다.
[2025-10-16 11:51:56] INFO: ℹ 모니터링 대상 종목이 없습니다.
[2025-10-16 11:51:56] INFO: 
⏰ 60초 후 다음 사이클 실행...
[2025-10-16 11:51:56] INFO:    종료하려면 Ctrl+C를 누르세요.
[2025-10-16 11:52:56] INFO: 
================================================================================
[2025-10-16 11:52:56] INFO: [사이클 312] 2025-10-16 11:52:56
[2025-10-16 11:52:56] INFO: ================================================================================
[2025-10-16 11:52:56] WARNING: ⚠ trading_signals.xlsx 파일이 없습니다.
[2025-10-16 11:52:56] INFO: ℹ 모니터링 대상 종목이 없습니다.
[2025-10-16 11:52:56] INFO: 
⏰ 60초 후 다음 사이클 실행...
[2025-10-16 11:52:56] INFO:    종료하려면 Ctrl+C를 누르세요.
[2025-10-16 11:53:56] INFO: 
================================================================================
[2025-10-16 11:53:56] INFO: [사이클 313] 2025-10-16 11:53:56
[2025-10-16 11:53:56] INFO: ================================================================================
[2025-10-16 11:53:56] WARNING: ⚠ trading_signals.xlsx 파일이 없습니다.
[2025-10-16 11:53:56] INFO: ℹ 모니터링 대상 종목이 없습니다.
[2025-10-16 11:53:56] INFO: 
⏰ 60초 후 다음 사이클 실행...
[2025-10-16 11:53:56] INFO:    종료하려면 Ctrl+C를 누르세요.
[2025-10-16 11:54:56] INFO: 
================================================================================
[2025-10-16 11:54:56] INFO: [사이클 314] 2025-10-16 11:54:56
[2025-10-16 11:54:56] INFO: ================================================================================
[2025-10-16 11:54:56] WARNING: ⚠ trading_signals.xlsx 파일이 없습니다.
[2025-10-16 11:54:56] INFO: ℹ 모니터링 대상 종목이 없습니다.
[2025-10-16 11:54:56] INFO: 
⏰ 60초 후 다음 사이클 실행...
[2025-10-16 11:54:56] INFO:    종료하려면 Ctrl+C를 누르세요.
[2025-10-16 11:55:56] INFO: 
================================================================================
[2025-10-16 11:55:56] INFO: [사이클 315] 2025-10-16 11:55:56
[2025-10-16 11:55:56] INFO: ================================================================================
[2025-10-16 11:55:56] WARNING: ⚠ trading_signals.xlsx 파일이 없습니다.
[2025-10-16 11:55:56] INFO: ℹ 모니터링 대상 종목이 없습니다.
[2025-10-16 11:55:56] INFO: 
⏰ 60초 후 다음 사이클 실행...
[2025-10-16 11:55:56] INFO:    종료하려면 Ctrl+C를 누르세요.
[2025-10-16 11:56:56] INFO: 
================================================================================
[2025-10-16 11:56:56] INFO: [사이클 316] 2025-10-16 11:56:56
[2025-10-16 11:56:56] INFO: ================================================================================
[2025-10-16 11:56:56] WARNING: ⚠ trading_signals.xlsx 파일이 없습니다.
[2025-10-16 11:56:56] INFO: ℹ 모니터링 대상 종목이 없습니다.
[2025-10-16 11:56:56] INFO: 
⏰ 60초 후 다음 사이클 실행...
[2025-10-16 11:56:56] INFO:    종료하려면 Ctrl+C를 누르세요.
[2025-10-16 11:57:56] INFO: 
================================================================================
[2025-10-16 11:57:56] INFO: [사이클 317] 2025-10-16 11:57:56
[2025-10-16 11:57:56] INFO: ================================================================================
[2025-10-16 11:57:56] WARNING: ⚠ trading_signals.xlsx 파일이 없습니다.
[2025-10-16 11:57:56] INFO: ℹ 모니터링 대상 종목이 없습니다.
[2025-10-16 11:57:56] INFO: 
⏰ 60초 후 다음 사이클 실행...
[2025-10-16 11:57:56] INFO:    종료하려면 Ctrl+C를 누르세요.
[2025-10-16 11:58:56] INFO: 
================================================================================
[2025-10-16 11:58:56] INFO: [사이클 318] 2025-10-16 11:58:56
[2025-10-16 11:58:56] INFO: ================================================================================
[2025-10-16 11:58:56] WARNING: ⚠ trading_signals.xlsx 파일이 없습니다.
[2025-10-16 11:58:56] INFO: ℹ 모니터링 대상 종목이 없습니다.
[2025-10-16 11:58:56] INFO: 
⏰ 60초 후 다음 사이클 실행...
[2025-10-16 11:58:56] INFO:    종료하려면 Ctrl+C를 누르세요.
[2025-10-16 11:59:56] INFO: 
================================================================================
[2025-10-16 11:59:56] INFO: [사이클 319] 2025-10-16 11:59:56
[2025-10-16 11:59:56] INFO: ================================================================================
[2025-10-16 11:59:56] WARNING: ⚠ trading_signals.xlsx 파일이 없습니다.
[2025-10-16 11:59:56] INFO: ℹ 모니터링 대상 종목이 없습니다.
[2025-10-16 11:59:56] INFO: 
⏰ 60초 후 다음 사이클 실행...
[2025-10-16 11:59:56] INFO:    종료하려면 Ctrl+C를 누르세요.
[2025-10-16 12:00:56] INFO: 
================================================================================
[2025-10-16 12:00:56] INFO: [사이클 320] 2025-10-16 12:00:56
[2025-10-16 12:00:56] INFO: ================================================================================
[2025-10-16 12:00:56] WARNING: ⚠ trading_signals.xlsx 파일이 없습니다.
[2025-10-16 12:00:56] INFO: ℹ 모니터링 대상 종목이 없습니다.
[2025-10-16 12:00:56] INFO: 
⏰ 60초 후 다음 사이클 실행...
[2025-10-16 12:00:56] INFO:    종료하려면 Ctrl+C를 누르세요.
[2025-10-16 12:01:56] INFO: 
================================================================================
[2025-10-16 12:01:56] INFO: [사이클 321] 2025-10-16 12:01:56
[2025-10-16 12:01:56] INFO: ================================================================================
[2025-10-16 12:01:56] WARNING: ⚠ trading_signals.xlsx 파일이 없습니다.
[2025-10-16 12:01:56] INFO: ℹ 모니터링 대상 종목이 없습니다.
[2025-10-16 12:01:56] INFO: 
⏰ 60초 후 다음 사이클 실행...
[2025-10-16 12:01:56] INFO:    종료하려면 Ctrl+C를 누르세요.
[2025-10-16 12:02:56] INFO: 
================================================================================
[2025-10-16 12:02:56] INFO: [사이클 322] 2025-10-16 12:02:56
[2025-10-16 12:02:56] INFO: ================================================================================
[2025-10-16 12:02:56] WARNING: ⚠ trading_signals.xlsx 파일이 없습니다.
[2025-10-16 12:02:56] INFO: ℹ 모니터링 대상 종목이 없습니다.
[2025-10-16 12:02:56] INFO: 
⏰ 60초 후 다음 사이클 실행...
[2025-10-16 12:02:56] INFO:    종료하려면 Ctrl+C를 누르세요.
[2025-10-16 12:03:56] INFO: 
================================================================================
[2025-10-16 12:03:56] INFO: [사이클 323] 2025-10-16 12:03:56
[2025-10-16 12:03:56] INFO: ================================================================================
[2025-10-16 12:03:56] WARNING: ⚠ trading_signals.xlsx 파일이 없습니다.
[2025-10-16 12:03:56] INFO: ℹ 모니터링 대상 종목이 없습니다.
[2025-10-16 12:03:56] INFO: 
⏰ 60초 후 다음 사이클 실행...
[2025-10-16 12:03:56] INFO:    종료하려면 Ctrl+C를 누르세요.
[2025-10-16 12:04:56] INFO: 
================================================================================
[2025-10-16 12:04:56] INFO: [사이클 324] 2025-10-16 12:04:56
[2025-10-16 12:04:56] INFO: ================================================================================
[2025-10-16 12:04:56] WARNING: ⚠ trading_signals.xlsx 파일이 없습니다.
[2025-10-16 12:04:56] INFO: ℹ 모니터링 대상 종목이 없습니다.
[2025-10-16 12:04:56] INFO: 
⏰ 60초 후 다음 사이클 실행...
[2025-10-16 12:04:56] INFO:    종료하려면 Ctrl+C를 누르세요.
[2025-10-16 12:05:56] INFO: 
================================================================================
[2025-10-16 12:05:56] INFO: [사이클 325] 2025-10-16 12:05:56
[2025-10-16 12:05:56] INFO: ================================================================================
[2025-10-16 12:05:56] WARNING: ⚠ trading_signals.xlsx 파일이 없습니다.
[2025-10-16 12:05:56] INFO: ℹ 모니터링 대상 종목이 없습니다.
[2025-10-16 12:05:56] INFO: 
⏰ 60초 후 다음 사이클 실행...
[2025-10-16 12:05:56] INFO:    종료하려면 Ctrl+C를 누르세요.
[2025-10-16 12:06:56] INFO: 
================================================================================
[2025-10-16 12:06:56] INFO: [사이클 326] 2025-10-16 12:06:56
[2025-10-16 12:06:56] INFO: ================================================================================
[2025-10-16 12:06:56] WARNING: ⚠ trading_signals.xlsx 파일이 없습니다.
[2025-10-16 12:06:56] INFO: ℹ 모니터링 대상 종목이 없습니다.
[2025-10-16 12:06:56] INFO: 
⏰ 60초 후 다음 사이클 실행...
[2025-10-16 12:06:56] INFO:    종료하려면 Ctrl+C를 누르세요.
[2025-10-16 12:07:56] INFO: 
================================================================================
[2025-10-16 12:07:56] INFO: [사이클 327] 2025-10-16 12:07:56
[2025-10-16 12:07:56] INFO: ================================================================================
[2025-10-16 12:07:56] WARNING: ⚠ trading_signals.xlsx 파일이 없습니다.
[2025-10-16 12:07:56] INFO: ℹ 모니터링 대상 종목이 없습니다.
[2025-10-16 12:07:56] INFO: 
⏰ 60초 후 다음 사이클 실행...
[2025-10-16 12:07:56] INFO:    종료하려면 Ctrl+C를 누르세요.
[2025-10-16 12:08:56] INFO: 
================================================================================
[2025-10-16 12:08:56] INFO: [사이클 328] 2025-10-16 12:08:56
[2025-10-16 12:08:56] INFO: ================================================================================
[2025-10-16 12:08:56] WARNING: ⚠ trading_signals.xlsx 파일이 없습니다.
[2025-10-16 12:08:56] INFO: ℹ 모니터링 대상 종목이 없습니다.
[2025-10-16 12:08:56] INFO: 
⏰ 60초 후 다음 사이클 실행...
[2025-10-16 12:08:56] INFO:    종료하려면 Ctrl+C를 누르세요.
[2025-10-16 12:09:56] INFO: 
================================================================================
[2025-10-16 12:09:56] INFO: [사이클 329] 2025-10-16 12:09:56
[2025-10-16 12:09:56] INFO: ================================================================================
[2025-10-16 12:09:56] WARNING: ⚠ trading_signals.xlsx 파일이 없습니다.
[2025-10-16 12:09:56] INFO: ℹ 모니터링 대상 종목이 없습니다.
[2025-10-16 12:09:56] INFO: 
⏰ 60초 후 다음 사이클 실행...
[2025-10-16 12:09:56] INFO:    종료하려면 Ctrl+C를 누르세요.
[2025-10-16 12:10:56] INFO: 
================================================================================
[2025-10-16 12:10:56] INFO: [사이클 330] 2025-10-16 12:10:56
[2025-10-16 12:10:56] INFO: ================================================================================
[2025-10-16 12:10:56] WARNING: ⚠ trading_signals.xlsx 파일이 없습니다.
[2025-10-16 12:10:56] INFO: ℹ 모니터링 대상 종목이 없습니다.
[2025-10-16 12:10:56] INFO: 
⏰ 60초 후 다음 사이클 실행...
[2025-10-16 12:10:56] INFO:    종료하려면 Ctrl+C를 누르세요.
[2025-10-16 12:11:56] INFO: 
================================================================================
[2025-10-16 12:11:56] INFO: [사이클 331] 2025-10-16 12:11:56
[2025-10-16 12:11:56] INFO: ================================================================================
[2025-10-16 12:11:56] WARNING: ⚠ trading_signals.xlsx 파일이 없습니다.
[2025-10-16 12:11:56] INFO: ℹ 모니터링 대상 종목이 없습니다.
[2025-10-16 12:11:56] INFO: 
⏰ 60초 후 다음 사이클 실행...
[2025-10-16 12:11:56] INFO:    종료하려면 Ctrl+C를 누르세요.
[2025-10-16 12:12:56] INFO: 
================================================================================
[2025-10-16 12:12:56] INFO: [사이클 332] 2025-10-16 12:12:56
[2025-10-16 12:12:56] INFO: ================================================================================
[2025-10-16 12:12:56] WARNING: ⚠ trading_signals.xlsx 파일이 없습니다.
[2025-10-16 12:12:56] INFO: ℹ 모니터링 대상 종목이 없습니다.
[2025-10-16 12:12:56] INFO: 
⏰ 60초 후 다음 사이클 실행...
[2025-10-16 12:12:56] INFO:    종료하려면 Ctrl+C를 누르세요.
[2025-10-16 12:13:56] INFO: 
================================================================================
[2025-10-16 12:13:56] INFO: [사이클 333] 2025-10-16 12:13:56
[2025-10-16 12:13:56] INFO: ================================================================================
[2025-10-16 12:13:56] WARNING: ⚠ trading_signals.xlsx 파일이 없습니다.
[2025-10-16 12:13:56] INFO: ℹ 모니터링 대상 종목이 없습니다.
[2025-10-16 12:13:56] INFO: 
⏰ 60초 후 다음 사이클 실행...
[2025-10-16 12:13:56] INFO:    종료하려면 Ctrl+C를 누르세요.
[2025-10-16 12:14:56] INFO: 
================================================================================
[2025-10-16 12:14:56] INFO: [사이클 334] 2025-10-16 12:14:56
[2025-10-16 12:14:56] INFO: ================================================================================
[2025-10-16 12:14:56] WARNING: ⚠ trading_signals.xlsx 파일이 없습니다.
[2025-10-16 12:14:56] INFO: ℹ 모니터링 대상 종목이 없습니다.
[2025-10-16 12:14:56] INFO: 
⏰ 60초 후 다음 사이클 실행...
[2025-10-16 12:14:56] INFO:    종료하려면 Ctrl+C를 누르세요.
[2025-10-16 12:15:56] INFO: 
================================================================================
[2025-10-16 12:15:56] INFO: [사이클 335] 2025-10-16 12:15:56
[2025-10-16 12:15:56] INFO: ================================================================================
[2025-10-16 12:15:56] WARNING: ⚠ trading_signals.xlsx 파일이 없습니다.
[2025-10-16 12:15:56] INFO: ℹ 모니터링 대상 종목이 없습니다.
[2025-10-16 12:15:56] INFO: 
⏰ 60초 후 다음 사이클 실행...
[2025-10-16 12:15:56] INFO:    종료하려면 Ctrl+C를 누르세요.
[2025-10-16 12:16:56] INFO: 
================================================================================
[2025-10-16 12:16:56] INFO: [사이클 336] 2025-10-16 12:16:56
[2025-10-16 12:16:56] INFO: ================================================================================
[2025-10-16 12:16:56] WARNING: ⚠ trading_signals.xlsx 파일이 없습니다.
[2025-10-16 12:16:56] INFO: ℹ 모니터링 대상 종목이 없습니다.
[2025-10-16 12:16:56] INFO: 
⏰ 60초 후 다음 사이클 실행...
[2025-10-16 12:16:56] INFO:    종료하려면 Ctrl+C를 누르세요.
[2025-10-16 12:17:56] INFO: 
================================================================================
[2025-10-16 12:17:56] INFO: [사이클 337] 2025-10-16 12:17:56
[2025-10-16 12:17:56] INFO: ================================================================================
[2025-10-16 12:17:56] WARNING: ⚠ trading_signals.xlsx 파일이 없습니다.
[2025-10-16 12:17:56] INFO: ℹ 모니터링 대상 종목이 없습니다.
[2025-10-16 12:17:56] INFO: 
⏰ 60초 후 다음 사이클 실행...
[2025-10-16 12:17:56] INFO:    종료하려면 Ctrl+C를 누르세요.
[2025-10-16 12:18:56] INFO: 
================================================================================
[2025-10-16 12:18:56] INFO: [사이클 338] 2025-10-16 12:18:56
[2025-10-16 12:18:56] INFO: ================================================================================
[2025-10-16 12:18:56] WARNING: ⚠ trading_signals.xlsx 파일이 없습니다.
[2025-10-16 12:18:56] INFO: ℹ 모니터링 대상 종목이 없습니다.
[2025-10-16 12:18:56] INFO: 
⏰ 60초 후 다음 사이클 실행...
[2025-10-16 12:18:56] INFO:    종료하려면 Ctrl+C를 누르세요.
[2025-10-16 12:19:56] INFO: 
================================================================================
[2025-10-16 12:19:56] INFO: [사이클 339] 2025-10-16 12:19:56
[2025-10-16 12:19:56] INFO: ================================================================================
[2025-10-16 12:19:56] WARNING: ⚠ trading_signals.xlsx 파일이 없습니다.
[2025-10-16 12:19:56] INFO: ℹ 모니터링 대상 종목이 없습니다.
[2025-10-16 12:19:56] INFO: 
⏰ 60초 후 다음 사이클 실행...
[2025-10-16 12:19:56] INFO:    종료하려면 Ctrl+C를 누르세요.
[2025-10-16 12:20:56] INFO: 
================================================================================
[2025-10-16 12:20:56] INFO: [사이클 340] 2025-10-16 12:20:56
[2025-10-16 12:20:56] INFO: ================================================================================
[2025-10-16 12:20:56] WARNING: ⚠ trading_signals.xlsx 파일이 없습니다.
[2025-10-16 12:20:56] INFO: ℹ 모니터링 대상 종목이 없습니다.
[2025-10-16 12:20:56] INFO: 
⏰ 60초 후 다음 사이클 실행...
[2025-10-16 12:20:56] INFO:    종료하려면 Ctrl+C를 누르세요.
[2025-10-16 12:21:56] INFO: 
================================================================================
[2025-10-16 12:21:56] INFO: [사이클 341] 2025-10-16 12:21:56
[2025-10-16 12:21:56] INFO: ================================================================================
[2025-10-16 12:21:56] WARNING: ⚠ trading_signals.xlsx 파일이 없습니다.
[2025-10-16 12:21:56] INFO: ℹ 모니터링 대상 종목이 없습니다.
[2025-10-16 12:21:56] INFO: 
⏰ 60초 후 다음 사이클 실행...
[2025-10-16 12:21:56] INFO:    종료하려면 Ctrl+C를 누르세요.
[2025-10-16 12:22:56] INFO: 
================================================================================
[2025-10-16 12:22:56] INFO: [사이클 342] 2025-10-16 12:22:56
[2025-10-16 12:22:56] INFO: ================================================================================
[2025-10-16 12:22:56] WARNING: ⚠ trading_signals.xlsx 파일이 없습니다.
[2025-10-16 12:22:56] INFO: ℹ 모니터링 대상 종목이 없습니다.
[2025-10-16 12:22:56] INFO: 
⏰ 60초 후 다음 사이클 실행...
[2025-10-16 12:22:56] INFO:    종료하려면 Ctrl+C를 누르세요.
[2025-10-16 12:23:56] INFO: 
================================================================================
[2025-10-16 12:23:56] INFO: [사이클 343] 2025-10-16 12:23:56
[2025-10-16 12:23:56] INFO: ================================================================================
[2025-10-16 12:23:56] WARNING: ⚠ trading_signals.xlsx 파일이 없습니다.
[2025-10-16 12:23:56] INFO: ℹ 모니터링 대상 종목이 없습니다.
[2025-10-16 12:23:56] INFO: 
⏰ 60초 후 다음 사이클 실행...
[2025-10-16 12:23:56] INFO:    종료하려면 Ctrl+C를 누르세요.
[2025-10-16 12:24:56] INFO: 
================================================================================
[2025-10-16 12:24:56] INFO: [사이클 344] 2025-10-16 12:24:56
[2025-10-16 12:24:56] INFO: ================================================================================
[2025-10-16 12:24:56] WARNING: ⚠ trading_signals.xlsx 파일이 없습니다.
[2025-10-16 12:24:56] INFO: ℹ 모니터링 대상 종목이 없습니다.
[2025-10-16 12:24:56] INFO: 
⏰ 60초 후 다음 사이클 실행...
[2025-10-16 12:24:56] INFO:    종료하려면 Ctrl+C를 누르세요.
[2025-10-16 12:25:56] INFO: 
================================================================================
[2025-10-16 12:25:56] INFO: [사이클 345] 2025-10-16 12:25:56
[2025-10-16 12:25:56] INFO: ================================================================================
[2025-10-16 12:25:56] WARNING: ⚠ trading_signals.xlsx 파일이 없습니다.
[2025-10-16 12:25:56] INFO: ℹ 모니터링 대상 종목이 없습니다.
[2025-10-16 12:25:56] INFO: 
⏰ 60초 후 다음 사이클 실행...
[2025-10-16 12:25:56] INFO:    종료하려면 Ctrl+C를 누르세요.
[2025-10-16 12:26:56] INFO: 
================================================================================
[2025-10-16 12:26:56] INFO: [사이클 346] 2025-10-16 12:26:56
[2025-10-16 12:26:56] INFO: ================================================================================
[2025-10-16 12:26:56] WARNING: ⚠ trading_signals.xlsx 파일이 없습니다.
[2025-10-16 12:26:56] INFO: ℹ 모니터링 대상 종목이 없습니다.
[2025-10-16 12:26:56] INFO: 
⏰ 60초 후 다음 사이클 실행...
[2025-10-16 12:26:56] INFO:    종료하려면 Ctrl+C를 누르세요.
[2025-10-16 12:27:56] INFO: 
================================================================================
[2025-10-16 12:27:56] INFO: [사이클 347] 2025-10-16 12:27:56
[2025-10-16 12:27:56] INFO: ================================================================================
[2025-10-16 12:27:56] WARNING: ⚠ trading_signals.xlsx 파일이 없습니다.
[2025-10-16 12:27:56] INFO: ℹ 모니터링 대상 종목이 없습니다.
[2025-10-16 12:27:56] INFO: 
⏰ 60초 후 다음 사이클 실행...
[2025-10-16 12:27:56] INFO:    종료하려면 Ctrl+C를 누르세요.
[2025-10-16 12:28:56] INFO: 
================================================================================
[2025-10-16 12:28:56] INFO: [사이클 348] 2025-10-16 12:28:56
[2025-10-16 12:28:56] INFO: ================================================================================
[2025-10-16 12:28:56] WARNING: ⚠ trading_signals.xlsx 파일이 없습니다.
[2025-10-16 12:28:56] INFO: ℹ 모니터링 대상 종목이 없습니다.
[2025-10-16 12:28:56] INFO: 
⏰ 60초 후 다음 사이클 실행...
[2025-10-16 12:28:56] INFO:    종료하려면 Ctrl+C를 누르세요.
[2025-10-16 12:29:56] INFO: 
================================================================================
[2025-10-16 12:29:56] INFO: [사이클 349] 2025-10-16 12:29:56
[2025-10-16 12:29:56] INFO: ================================================================================
[2025-10-16 12:29:56] WARNING: ⚠ trading_signals.xlsx 파일이 없습니다.
[2025-10-16 12:29:56] INFO: ℹ 모니터링 대상 종목이 없습니다.
[2025-10-16 12:29:56] INFO: 
⏰ 60초 후 다음 사이클 실행...
[2025-10-16 12:29:56] INFO:    종료하려면 Ctrl+C를 누르세요.
[2025-10-16 12:30:56] INFO: 
================================================================================
[2025-10-16 12:30:56] INFO: [사이클 350] 2025-10-16 12:30:56
[2025-10-16 12:30:56] INFO: ================================================================================
[2025-10-16 12:30:56] WARNING: ⚠ trading_signals.xlsx 파일이 없습니다.
[2025-10-16 12:30:56] INFO: ℹ 모니터링 대상 종목이 없습니다.
[2025-10-16 12:30:56] INFO: 
⏰ 60초 후 다음 사이클 실행...
[2025-10-16 12:30:56] INFO:    종료하려면 Ctrl+C를 누르세요.
[2025-10-16 12:31:56] INFO: 
================================================================================
[2025-10-16 12:31:56] INFO: [사이클 351] 2025-10-16 12:31:56
[2025-10-16 12:31:56] INFO: ================================================================================
[2025-10-16 12:31:56] WARNING: ⚠ trading_signals.xlsx 파일이 없습니다.
[2025-10-16 12:31:56] INFO: ℹ 모니터링 대상 종목이 없습니다.
[2025-10-16 12:31:56] INFO: 
⏰ 60초 후 다음 사이클 실행...
[2025-10-16 12:31:56] INFO:    종료하려면 Ctrl+C를 누르세요.
[2025-10-16 12:32:56] INFO: 
================================================================================
[2025-10-16 12:32:56] INFO: [사이클 352] 2025-10-16 12:32:56
[2025-10-16 12:32:56] INFO: ================================================================================
[2025-10-16 12:32:56] WARNING: ⚠ trading_signals.xlsx 파일이 없습니다.
[2025-10-16 12:32:56] INFO: ℹ 모니터링 대상 종목이 없습니다.
[2025-10-16 12:32:56] INFO: 
⏰ 60초 후 다음 사이클 실행...
[2025-10-16 12:32:56] INFO:    종료하려면 Ctrl+C를 누르세요.
[2025-10-16 12:33:56] INFO: 
================================================================================
[2025-10-16 12:33:56] INFO: [사이클 353] 2025-10-16 12:33:56
[2025-10-16 12:33:56] INFO: ================================================================================
[2025-10-16 12:33:56] WARNING: ⚠ trading_signals.xlsx 파일이 없습니다.
[2025-10-16 12:33:56] INFO: ℹ 모니터링 대상 종목이 없습니다.
[2025-10-16 12:33:56] INFO: 
⏰ 60초 후 다음 사이클 실행...
[2025-10-16 12:33:56] INFO:    종료하려면 Ctrl+C를 누르세요.
[2025-10-16 12:34:56] INFO: 
================================================================================
[2025-10-16 12:34:56] INFO: [사이클 354] 2025-10-16 12:34:56
[2025-10-16 12:34:56] INFO: ================================================================================
[2025-10-16 12:34:56] WARNING: ⚠ trading_signals.xlsx 파일이 없습니다.
[2025-10-16 12:34:56] INFO: ℹ 모니터링 대상 종목이 없습니다.
[2025-10-16 12:34:56] INFO: 
⏰ 60초 후 다음 사이클 실행...
[2025-10-16 12:34:56] INFO:    종료하려면 Ctrl+C를 누르세요.
[2025-10-16 12:35:56] INFO: 
================================================================================
[2025-10-16 12:35:56] INFO: [사이클 355] 2025-10-16 12:35:56
[2025-10-16 12:35:56] INFO: ================================================================================
[2025-10-16 12:35:56] WARNING: ⚠ trading_signals.xlsx 파일이 없습니다.
[2025-10-16 12:35:56] INFO: ℹ 모니터링 대상 종목이 없습니다.
[2025-10-16 12:35:56] INFO: 
⏰ 60초 후 다음 사이클 실행...
[2025-10-16 12:35:56] INFO:    종료하려면 Ctrl+C를 누르세요.
[2025-10-16 12:36:56] INFO: 
================================================================================
[2025-10-16 12:36:56] INFO: [사이클 356] 2025-10-16 12:36:56
[2025-10-16 12:36:56] INFO: ================================================================================
[2025-10-16 12:36:56] WARNING: ⚠ trading_signals.xlsx 파일이 없습니다.
[2025-10-16 12:36:56] INFO: ℹ 모니터링 대상 종목이 없습니다.
[2025-10-16 12:36:56] INFO: 
⏰ 60초 후 다음 사이클 실행...
[2025-10-16 12:36:56] INFO:    종료하려면 Ctrl+C를 누르세요.
[2025-10-16 12:37:56] INFO: 
================================================================================
[2025-10-16 12:37:56] INFO: [사이클 357] 2025-10-16 12:37:56
[2025-10-16 12:37:56] INFO: ================================================================================
[2025-10-16 12:37:56] WARNING: ⚠ trading_signals.xlsx 파일이 없습니다.
[2025-10-16 12:37:56] INFO: ℹ 모니터링 대상 종목이 없습니다.
[2025-10-16 12:37:56] INFO: 
⏰ 60초 후 다음 사이클 실행...
[2025-10-16 12:37:56] INFO:    종료하려면 Ctrl+C를 누르세요.
[2025-10-16 12:38:56] INFO: 
================================================================================
[2025-10-16 12:38:56] INFO: [사이클 358] 2025-10-16 12:38:56
[2025-10-16 12:38:56] INFO: ================================================================================
[2025-10-16 12:38:56] WARNING: ⚠ trading_signals.xlsx 파일이 없습니다.
[2025-10-16 12:38:56] INFO: ℹ 모니터링 대상 종목이 없습니다.
[2025-10-16 12:38:56] INFO: 
⏰ 60초 후 다음 사이클 실행...
[2025-10-16 12:38:56] INFO:    종료하려면 Ctrl+C를 누르세요.
[2025-10-16 12:39:56] INFO: 
================================================================================
[2025-10-16 12:39:56] INFO: [사이클 359] 2025-10-16 12:39:56
[2025-10-16 12:39:56] INFO: ================================================================================
[2025-10-16 12:39:56] WARNING: ⚠ trading_signals.xlsx 파일이 없습니다.
[2025-10-16 12:39:56] INFO: ℹ 모니터링 대상 종목이 없습니다.
[2025-10-16 12:39:56] INFO: 
⏰ 60초 후 다음 사이클 실행...
[2025-10-16 12:39:56] INFO:    종료하려면 Ctrl+C를 누르세요.
[2025-10-16 12:40:56] INFO: 
================================================================================
[2025-10-16 12:40:56] INFO: [사이클 360] 2025-10-16 12:40:56
[2025-10-16 12:40:56] INFO: ================================================================================
[2025-10-16 12:40:56] WARNING: ⚠ trading_signals.xlsx 파일이 없습니다.
[2025-10-16 12:40:56] INFO: ℹ 모니터링 대상 종목이 없습니다.
[2025-10-16 12:40:56] INFO: 
⏰ 60초 후 다음 사이클 실행...
[2025-10-16 12:40:56] INFO:    종료하려면 Ctrl+C를 누르세요.
[2025-10-16 12:41:56] INFO: 
================================================================================
[2025-10-16 12:41:56] INFO: [사이클 361] 2025-10-16 12:41:56
[2025-10-16 12:41:56] INFO: ================================================================================
[2025-10-16 12:41:56] WARNING: ⚠ trading_signals.xlsx 파일이 없습니다.
[2025-10-16 12:41:56] INFO: ℹ 모니터링 대상 종목이 없습니다.
[2025-10-16 12:41:56] INFO: 
⏰ 60초 후 다음 사이클 실행...
[2025-10-16 12:41:56] INFO:    종료하려면 Ctrl+C를 누르세요.
[2025-10-16 12:42:56] INFO: 
================================================================================
[2025-10-16 12:42:56] INFO: [사이클 362] 2025-10-16 12:42:56
[2025-10-16 12:42:56] INFO: ================================================================================
[2025-10-16 12:42:56] WARNING: ⚠ trading_signals.xlsx 파일이 없습니다.
[2025-10-16 12:42:56] INFO: ℹ 모니터링 대상 종목이 없습니다.
[2025-10-16 12:42:56] INFO: 
⏰ 60초 후 다음 사이클 실행...
[2025-10-16 12:42:56] INFO:    종료하려면 Ctrl+C를 누르세요.
[2025-10-16 12:43:56] INFO: 
================================================================================
[2025-10-16 12:43:56] INFO: [사이클 363] 2025-10-16 12:43:56
[2025-10-16 12:43:56] INFO: ================================================================================
[2025-10-16 12:43:56] WARNING: ⚠ trading_signals.xlsx 파일이 없습니다.
[2025-10-16 12:43:56] INFO: ℹ 모니터링 대상 종목이 없습니다.
[2025-10-16 12:43:56] INFO: 
⏰ 60초 후 다음 사이클 실행...
[2025-10-16 12:43:56] INFO:    종료하려면 Ctrl+C를 누르세요.
[2025-10-16 12:44:56] INFO: 
================================================================================
[2025-10-16 12:44:56] INFO: [사이클 364] 2025-10-16 12:44:56
[2025-10-16 12:44:56] INFO: ================================================================================
[2025-10-16 12:44:56] WARNING: ⚠ trading_signals.xlsx 파일이 없습니다.
[2025-10-16 12:44:56] INFO: ℹ 모니터링 대상 종목이 없습니다.
[2025-10-16 12:44:56] INFO: 
⏰ 60초 후 다음 사이클 실행...
[2025-10-16 12:44:56] INFO:    종료하려면 Ctrl+C를 누르세요.
[2025-10-16 12:45:56] INFO: 
================================================================================
[2025-10-16 12:45:56] INFO: [사이클 365] 2025-10-16 12:45:56
[2025-10-16 12:45:56] INFO: ================================================================================
[2025-10-16 12:45:56] WARNING: ⚠ trading_signals.xlsx 파일이 없습니다.
[2025-10-16 12:45:56] INFO: ℹ 모니터링 대상 종목이 없습니다.
[2025-10-16 12:45:56] INFO: 
⏰ 60초 후 다음 사이클 실행...
[2025-10-16 12:45:56] INFO:    종료하려면 Ctrl+C를 누르세요.
[2025-10-16 12:46:56] INFO: 
================================================================================
[2025-10-16 12:46:56] INFO: [사이클 366] 2025-10-16 12:46:56
[2025-10-16 12:46:56] INFO: ================================================================================
[2025-10-16 12:46:56] WARNING: ⚠ trading_signals.xlsx 파일이 없습니다.
[2025-10-16 12:46:56] INFO: ℹ 모니터링 대상 종목이 없습니다.
[2025-10-16 12:46:56] INFO: 
⏰ 60초 후 다음 사이클 실행...
[2025-10-16 12:46:56] INFO:    종료하려면 Ctrl+C를 누르세요.
[2025-10-16 12:47:56] INFO: 
================================================================================
[2025-10-16 12:47:56] INFO: [사이클 367] 2025-10-16 12:47:56
[2025-10-16 12:47:56] INFO: ================================================================================
[2025-10-16 12:47:56] WARNING: ⚠ trading_signals.xlsx 파일이 없습니다.
[2025-10-16 12:47:56] INFO: ℹ 모니터링 대상 종목이 없습니다.
[2025-10-16 12:47:56] INFO: 
⏰ 60초 후 다음 사이클 실행...
[2025-10-16 12:47:56] INFO:    종료하려면 Ctrl+C를 누르세요.
[2025-10-16 12:48:56] INFO: 
================================================================================
[2025-10-16 12:48:56] INFO: [사이클 368] 2025-10-16 12:48:56
[2025-10-16 12:48:56] INFO: ================================================================================
[2025-10-16 12:48:56] WARNING: ⚠ trading_signals.xlsx 파일이 없습니다.
[2025-10-16 12:48:56] INFO: ℹ 모니터링 대상 종목이 없습니다.
[2025-10-16 12:48:56] INFO: 
⏰ 60초 후 다음 사이클 실행...
[2025-10-16 12:48:56] INFO:    종료하려면 Ctrl+C를 누르세요.
[2025-10-16 12:49:56] INFO: 
================================================================================
[2025-10-16 12:49:56] INFO: [사이클 369] 2025-10-16 12:49:56
[2025-10-16 12:49:56] INFO: ================================================================================
[2025-10-16 12:49:56] WARNING: ⚠ trading_signals.xlsx 파일이 없습니다.
[2025-10-16 12:49:56] INFO: ℹ 모니터링 대상 종목이 없습니다.
[2025-10-16 12:49:56] INFO: 
⏰ 60초 후 다음 사이클 실행...
[2025-10-16 12:49:56] INFO:    종료하려면 Ctrl+C를 누르세요.
[2025-10-16 12:50:56] INFO: 
================================================================================
[2025-10-16 12:50:56] INFO: [사이클 370] 2025-10-16 12:50:56
[2025-10-16 12:50:56] INFO: ================================================================================
[2025-10-16 12:50:56] WARNING: ⚠ trading_signals.xlsx 파일이 없습니다.
[2025-10-16 12:50:56] INFO: ℹ 모니터링 대상 종목이 없습니다.
[2025-10-16 12:50:56] INFO: 
⏰ 60초 후 다음 사이클 실행...
[2025-10-16 12:50:56] INFO:    종료하려면 Ctrl+C를 누르세요.
[2025-10-16 12:51:56] INFO: 
================================================================================
[2025-10-16 12:51:56] INFO: [사이클 371] 2025-10-16 12:51:56
[2025-10-16 12:51:56] INFO: ================================================================================
[2025-10-16 12:51:56] WARNING: ⚠ trading_signals.xlsx 파일이 없습니다.
[2025-10-16 12:51:56] INFO: ℹ 모니터링 대상 종목이 없습니다.
[2025-10-16 12:51:56] INFO: 
⏰ 60초 후 다음 사이클 실행...
[2025-10-16 12:51:56] INFO:    종료하려면 Ctrl+C를 누르세요.
[2025-10-16 12:52:56] INFO: 
================================================================================
[2025-10-16 12:52:56] INFO: [사이클 372] 2025-10-16 12:52:56
[2025-10-16 12:52:56] INFO: ================================================================================
[2025-10-16 12:52:56] WARNING: ⚠ trading_signals.xlsx 파일이 없습니다.
[2025-10-16 12:52:56] INFO: ℹ 모니터링 대상 종목이 없습니다.
[2025-10-16 12:52:56] INFO: 
⏰ 60초 후 다음 사이클 실행...
[2025-10-16 12:52:56] INFO:    종료하려면 Ctrl+C를 누르세요.
[2025-10-16 12:53:56] INFO: 
================================================================================
[2025-10-16 12:53:56] INFO: [사이클 373] 2025-10-16 12:53:56
[2025-10-16 12:53:56] INFO: ================================================================================
[2025-10-16 12:53:56] WARNING: ⚠ trading_signals.xlsx 파일이 없습니다.
[2025-10-16 12:53:56] INFO: ℹ 모니터링 대상 종목이 없습니다.
[2025-10-16 12:53:56] INFO: 
⏰ 60초 후 다음 사이클 실행...
[2025-10-16 12:53:56] INFO:    종료하려면 Ctrl+C를 누르세요.
[2025-10-16 12:54:56] INFO: 
================================================================================
[2025-10-16 12:54:56] INFO: [사이클 374] 2025-10-16 12:54:56
[2025-10-16 12:54:56] INFO: ================================================================================
[2025-10-16 12:54:56] WARNING: ⚠ trading_signals.xlsx 파일이 없습니다.
[2025-10-16 12:54:56] INFO: ℹ 모니터링 대상 종목이 없습니다.
[2025-10-16 12:54:56] INFO: 
⏰ 60초 후 다음 사이클 실행...
[2025-10-16 12:54:56] INFO:    종료하려면 Ctrl+C를 누르세요.
[2025-10-16 12:55:56] INFO: 
================================================================================
[2025-10-16 12:55:56] INFO: [사이클 375] 2025-10-16 12:55:56
[2025-10-16 12:55:56] INFO: ================================================================================
[2025-10-16 12:55:56] WARNING: ⚠ trading_signals.xlsx 파일이 없습니다.
[2025-10-16 12:55:56] INFO: ℹ 모니터링 대상 종목이 없습니다.
[2025-10-16 12:55:56] INFO: 
⏰ 60초 후 다음 사이클 실행...
[2025-10-16 12:55:56] INFO:    종료하려면 Ctrl+C를 누르세요.
[2025-10-16 12:56:56] INFO: 
================================================================================
[2025-10-16 12:56:56] INFO: [사이클 376] 2025-10-16 12:56:56
[2025-10-16 12:56:56] INFO: ================================================================================
[2025-10-16 12:56:56] WARNING: ⚠ trading_signals.xlsx 파일이 없습니다.
[2025-10-16 12:56:56] INFO: ℹ 모니터링 대상 종목이 없습니다.
[2025-10-16 12:56:56] INFO: 
⏰ 60초 후 다음 사이클 실행...
[2025-10-16 12:56:56] INFO:    종료하려면 Ctrl+C를 누르세요.
[2025-10-16 12:57:56] INFO: 
================================================================================
[2025-10-16 12:57:56] INFO: [사이클 377] 2025-10-16 12:57:56
[2025-10-16 12:57:56] INFO: ================================================================================
[2025-10-16 12:57:56] WARNING: ⚠ trading_signals.xlsx 파일이 없습니다.
[2025-10-16 12:57:56] INFO: ℹ 모니터링 대상 종목이 없습니다.
[2025-10-16 12:57:56] INFO: 
⏰ 60초 후 다음 사이클 실행...
[2025-10-16 12:57:56] INFO:    종료하려면 Ctrl+C를 누르세요.
[2025-10-16 12:58:56] INFO: 
================================================================================
[2025-10-16 12:58:56] INFO: [사이클 378] 2025-10-16 12:58:56
[2025-10-16 12:58:56] INFO: ================================================================================
[2025-10-16 12:58:56] WARNING: ⚠ trading_signals.xlsx 파일이 없습니다.
[2025-10-16 12:58:56] INFO: ℹ 모니터링 대상 종목이 없습니다.
[2025-10-16 12:58:56] INFO: 
⏰ 60초 후 다음 사이클 실행...
[2025-10-16 12:58:56] INFO:    종료하려면 Ctrl+C를 누르세요.
[2025-10-16 12:59:56] INFO: 
================================================================================
[2025-10-16 12:59:56] INFO: [사이클 379] 2025-10-16 12:59:56
[2025-10-16 12:59:56] INFO: ================================================================================
[2025-10-16 12:59:56] WARNING: ⚠ trading_signals.xlsx 파일이 없습니다.
[2025-10-16 12:59:56] INFO: ℹ 모니터링 대상 종목이 없습니다.
[2025-10-16 12:59:56] INFO: 
⏰ 60초 후 다음 사이클 실행...
[2025-10-16 12:59:56] INFO:    종료하려면 Ctrl+C를 누르세요.
[2025-10-16 13:00:56] INFO: 
================================================================================
[2025-10-16 13:00:56] INFO: [사이클 380] 2025-10-16 13:00:56
[2025-10-16 13:00:56] INFO: ================================================================================
[2025-10-16 13:00:56] WARNING: ⚠ trading_signals.xlsx 파일이 없습니다.
[2025-10-16 13:00:56] INFO: ℹ 모니터링 대상 종목이 없습니다.
[2025-10-16 13:00:56] INFO: 
⏰ 60초 후 다음 사이클 실행...
[2025-10-16 13:00:56] INFO:    종료하려면 Ctrl+C를 누르세요.
[2025-10-16 13:01:56] INFO: 
================================================================================
[2025-10-16 13:01:56] INFO: [사이클 381] 2025-10-16 13:01:56
[2025-10-16 13:01:56] INFO: ================================================================================
[2025-10-16 13:01:56] WARNING: ⚠ trading_signals.xlsx 파일이 없습니다.
[2025-10-16 13:01:56] INFO: ℹ 모니터링 대상 종목이 없습니다.
[2025-10-16 13:01:56] INFO: 
⏰ 60초 후 다음 사이클 실행...
[2025-10-16 13:01:56] INFO:    종료하려면 Ctrl+C를 누르세요.
[2025-10-16 13:02:56] INFO: 
================================================================================
[2025-10-16 13:02:56] INFO: [사이클 382] 2025-10-16 13:02:56
[2025-10-16 13:02:56] INFO: ================================================================================
[2025-10-16 13:02:56] WARNING: ⚠ trading_signals.xlsx 파일이 없습니다.
[2025-10-16 13:02:56] INFO: ℹ 모니터링 대상 종목이 없습니다.
[2025-10-16 13:02:56] INFO: 
⏰ 60초 후 다음 사이클 실행...
[2025-10-16 13:02:56] INFO:    종료하려면 Ctrl+C를 누르세요.
[2025-10-16 13:03:56] INFO: 
================================================================================
[2025-10-16 13:03:56] INFO: [사이클 383] 2025-10-16 13:03:56
[2025-10-16 13:03:56] INFO: ================================================================================
[2025-10-16 13:03:56] WARNING: ⚠ trading_signals.xlsx 파일이 없습니다.
[2025-10-16 13:03:56] INFO: ℹ 모니터링 대상 종목이 없습니다.
[2025-10-16 13:03:56] INFO: 
⏰ 60초 후 다음 사이클 실행...
[2025-10-16 13:03:56] INFO:    종료하려면 Ctrl+C를 누르세요.
[2025-10-16 13:04:56] INFO: 
================================================================================
[2025-10-16 13:04:56] INFO: [사이클 384] 2025-10-16 13:04:56
[2025-10-16 13:04:56] INFO: ================================================================================
[2025-10-16 13:04:56] WARNING: ⚠ trading_signals.xlsx 파일이 없습니다.
[2025-10-16 13:04:56] INFO: ℹ 모니터링 대상 종목이 없습니다.
[2025-10-16 13:04:56] INFO: 
⏰ 60초 후 다음 사이클 실행...
[2025-10-16 13:04:56] INFO:    종료하려면 Ctrl+C를 누르세요.
[2025-10-16 13:05:56] INFO: 
================================================================================
[2025-10-16 13:05:56] INFO: [사이클 385] 2025-10-16 13:05:56
[2025-10-16 13:05:56] INFO: ================================================================================
[2025-10-16 13:05:56] WARNING: ⚠ trading_signals.xlsx 파일이 없습니다.
[2025-10-16 13:05:56] INFO: ℹ 모니터링 대상 종목이 없습니다.
[2025-10-16 13:05:56] INFO: 
⏰ 60초 후 다음 사이클 실행...
[2025-10-16 13:05:56] INFO:    종료하려면 Ctrl+C를 누르세요.
[2025-10-16 13:06:56] INFO: 
================================================================================
[2025-10-16 13:06:56] INFO: [사이클 386] 2025-10-16 13:06:56
[2025-10-16 13:06:56] INFO: ================================================================================
[2025-10-16 13:06:56] WARNING: ⚠ trading_signals.xlsx 파일이 없습니다.
[2025-10-16 13:06:56] INFO: ℹ 모니터링 대상 종목이 없습니다.
[2025-10-16 13:06:56] INFO: 
⏰ 60초 후 다음 사이클 실행...
[2025-10-16 13:06:56] INFO:    종료하려면 Ctrl+C를 누르세요.
[2025-10-16 13:07:56] INFO: 
================================================================================
[2025-10-16 13:07:56] INFO: [사이클 387] 2025-10-16 13:07:56
[2025-10-16 13:07:56] INFO: ================================================================================
[2025-10-16 13:07:56] WARNING: ⚠ trading_signals.xlsx 파일이 없습니다.
[2025-10-16 13:07:56] INFO: ℹ 모니터링 대상 종목이 없습니다.
[2025-10-16 13:07:56] INFO: 
⏰ 60초 후 다음 사이클 실행...
[2025-10-16 13:07:56] INFO:    종료하려면 Ctrl+C를 누르세요.
[2025-10-16 13:08:56] INFO: 
================================================================================
[2025-10-16 13:08:56] INFO: [사이클 388] 2025-10-16 13:08:56
[2025-10-16 13:08:56] INFO: ================================================================================
[2025-10-16 13:08:56] WARNING: ⚠ trading_signals.xlsx 파일이 없습니다.
[2025-10-16 13:08:56] INFO: ℹ 모니터링 대상 종목이 없습니다.
[2025-10-16 13:08:56] INFO: 
⏰ 60초 후 다음 사이클 실행...
[2025-10-16 13:08:56] INFO:    종료하려면 Ctrl+C를 누르세요.
[2025-10-16 13:09:56] INFO: 
================================================================================
[2025-10-16 13:09:56] INFO: [사이클 389] 2025-10-16 13:09:56
[2025-10-16 13:09:56] INFO: ================================================================================
[2025-10-16 13:09:56] WARNING: ⚠ trading_signals.xlsx 파일이 없습니다.
[2025-10-16 13:09:56] INFO: ℹ 모니터링 대상 종목이 없습니다.
[2025-10-16 13:09:56] INFO: 
⏰ 60초 후 다음 사이클 실행...
[2025-10-16 13:09:56] INFO:    종료하려면 Ctrl+C를 누르세요.
[2025-10-16 13:10:56] INFO: 
================================================================================
[2025-10-16 13:10:56] INFO: [사이클 390] 2025-10-16 13:10:56
[2025-10-16 13:10:56] INFO: ================================================================================
[2025-10-16 13:10:56] WARNING: ⚠ trading_signals.xlsx 파일이 없습니다.
[2025-10-16 13:10:56] INFO: ℹ 모니터링 대상 종목이 없습니다.
[2025-10-16 13:10:56] INFO: 
⏰ 60초 후 다음 사이클 실행...
[2025-10-16 13:10:56] INFO:    종료하려면 Ctrl+C를 누르세요.
[2025-10-16 13:11:56] INFO: 
================================================================================
[2025-10-16 13:11:56] INFO: [사이클 391] 2025-10-16 13:11:56
[2025-10-16 13:11:56] INFO: ================================================================================
[2025-10-16 13:11:56] WARNING: ⚠ trading_signals.xlsx 파일이 없습니다.
[2025-10-16 13:11:56] INFO: ℹ 모니터링 대상 종목이 없습니다.
[2025-10-16 13:11:56] INFO: 
⏰ 60초 후 다음 사이클 실행...
[2025-10-16 13:11:56] INFO:    종료하려면 Ctrl+C를 누르세요.
[2025-10-16 13:12:56] INFO: 
================================================================================
[2025-10-16 13:12:56] INFO: [사이클 392] 2025-10-16 13:12:56
[2025-10-16 13:12:56] INFO: ================================================================================
[2025-10-16 13:12:56] WARNING: ⚠ trading_signals.xlsx 파일이 없습니다.
[2025-10-16 13:12:56] INFO: ℹ 모니터링 대상 종목이 없습니다.
[2025-10-16 13:12:56] INFO: 
⏰ 60초 후 다음 사이클 실행...
[2025-10-16 13:12:56] INFO:    종료하려면 Ctrl+C를 누르세요.
[2025-10-16 13:13:56] INFO: 
================================================================================
[2025-10-16 13:13:56] INFO: [사이클 393] 2025-10-16 13:13:56
[2025-10-16 13:13:56] INFO: ================================================================================
[2025-10-16 13:13:56] WARNING: ⚠ trading_signals.xlsx 파일이 없습니다.
[2025-10-16 13:13:56] INFO: ℹ 모니터링 대상 종목이 없습니다.
[2025-10-16 13:13:56] INFO: 
⏰ 60초 후 다음 사이클 실행...
[2025-10-16 13:13:56] INFO:    종료하려면 Ctrl+C를 누르세요.
[2025-10-16 13:14:56] INFO: 
================================================================================
[2025-10-16 13:14:56] INFO: [사이클 394] 2025-10-16 13:14:56
[2025-10-16 13:14:56] INFO: ================================================================================
[2025-10-16 13:14:56] WARNING: ⚠ trading_signals.xlsx 파일이 없습니다.
[2025-10-16 13:14:56] INFO: ℹ 모니터링 대상 종목이 없습니다.
[2025-10-16 13:14:56] INFO: 
⏰ 60초 후 다음 사이클 실행...
[2025-10-16 13:14:56] INFO:    종료하려면 Ctrl+C를 누르세요.
[2025-10-16 13:15:56] INFO: 
================================================================================
[2025-10-16 13:15:56] INFO: [사이클 395] 2025-10-16 13:15:56
[2025-10-16 13:15:56] INFO: ================================================================================
[2025-10-16 13:15:56] WARNING: ⚠ trading_signals.xlsx 파일이 없습니다.
[2025-10-16 13:15:56] INFO: ℹ 모니터링 대상 종목이 없습니다.
[2025-10-16 13:15:56] INFO: 
⏰ 60초 후 다음 사이클 실행...
[2025-10-16 13:15:56] INFO:    종료하려면 Ctrl+C를 누르세요.
[2025-10-16 13:16:56] INFO: 
================================================================================
[2025-10-16 13:16:56] INFO: [사이클 396] 2025-10-16 13:16:56
[2025-10-16 13:16:56] INFO: ================================================================================
[2025-10-16 13:16:56] WARNING: ⚠ trading_signals.xlsx 파일이 없습니다.
[2025-10-16 13:16:56] INFO: ℹ 모니터링 대상 종목이 없습니다.
[2025-10-16 13:16:56] INFO: 
⏰ 60초 후 다음 사이클 실행...
[2025-10-16 13:16:56] INFO:    종료하려면 Ctrl+C를 누르세요.
[2025-10-16 13:17:56] INFO: 
================================================================================
[2025-10-16 13:17:56] INFO: [사이클 397] 2025-10-16 13:17:56
[2025-10-16 13:17:56] INFO: ================================================================================
[2025-10-16 13:17:56] WARNING: ⚠ trading_signals.xlsx 파일이 없습니다.
[2025-10-16 13:17:56] INFO: ℹ 모니터링 대상 종목이 없습니다.
[2025-10-16 13:17:56] INFO: 
⏰ 60초 후 다음 사이클 실행...
[2025-10-16 13:17:56] INFO:    종료하려면 Ctrl+C를 누르세요.
[2025-10-16 13:18:56] INFO: 
================================================================================
[2025-10-16 13:18:56] INFO: [사이클 398] 2025-10-16 13:18:56
[2025-10-16 13:18:56] INFO: ================================================================================
[2025-10-16 13:18:56] WARNING: ⚠ trading_signals.xlsx 파일이 없습니다.
[2025-10-16 13:18:56] INFO: ℹ 모니터링 대상 종목이 없습니다.
[2025-10-16 13:18:56] INFO: 
⏰ 60초 후 다음 사이클 실행...
[2025-10-16 13:18:56] INFO:    종료하려면 Ctrl+C를 누르세요.
[2025-10-16 13:19:56] INFO: 
================================================================================
[2025-10-16 13:19:56] INFO: [사이클 399] 2025-10-16 13:19:56
[2025-10-16 13:19:56] INFO: ================================================================================
[2025-10-16 13:19:56] WARNING: ⚠ trading_signals.xlsx 파일이 없습니다.
[2025-10-16 13:19:56] INFO: ℹ 모니터링 대상 종목이 없습니다.
[2025-10-16 13:19:56] INFO: 
⏰ 60초 후 다음 사이클 실행...
[2025-10-16 13:19:56] INFO:    종료하려면 Ctrl+C를 누르세요.
[2025-10-16 13:20:56] INFO: 
================================================================================
[2025-10-16 13:20:56] INFO: [사이클 400] 2025-10-16 13:20:56
[2025-10-16 13:20:56] INFO: ================================================================================
[2025-10-16 13:20:56] WARNING: ⚠ trading_signals.xlsx 파일이 없습니다.
[2025-10-16 13:20:56] INFO: ℹ 모니터링 대상 종목이 없습니다.
[2025-10-16 13:20:56] INFO: 
⏰ 60초 후 다음 사이클 실행...
[2025-10-16 13:20:56] INFO:    종료하려면 Ctrl+C를 누르세요.
[2025-10-16 13:21:56] INFO: 
================================================================================
[2025-10-16 13:21:56] INFO: [사이클 401] 2025-10-16 13:21:56
[2025-10-16 13:21:56] INFO: ================================================================================
[2025-10-16 13:21:56] WARNING: ⚠ trading_signals.xlsx 파일이 없습니다.
[2025-10-16 13:21:56] INFO: ℹ 모니터링 대상 종목이 없습니다.
[2025-10-16 13:21:56] INFO: 
⏰ 60초 후 다음 사이클 실행...
[2025-10-16 13:21:56] INFO:    종료하려면 Ctrl+C를 누르세요.
[2025-10-16 13:22:56] INFO: 
================================================================================
[2025-10-16 13:22:56] INFO: [사이클 402] 2025-10-16 13:22:56
[2025-10-16 13:22:56] INFO: ================================================================================
[2025-10-16 13:22:56] WARNING: ⚠ trading_signals.xlsx 파일이 없습니다.
[2025-10-16 13:22:56] INFO: ℹ 모니터링 대상 종목이 없습니다.
[2025-10-16 13:22:56] INFO: 
⏰ 60초 후 다음 사이클 실행...
[2025-10-16 13:22:56] INFO:    종료하려면 Ctrl+C를 누르세요.
[2025-10-16 13:23:56] INFO: 
================================================================================
[2025-10-16 13:23:56] INFO: [사이클 403] 2025-10-16 13:23:56
[2025-10-16 13:23:56] INFO: ================================================================================
[2025-10-16 13:23:56] WARNING: ⚠ trading_signals.xlsx 파일이 없습니다.
[2025-10-16 13:23:56] INFO: ℹ 모니터링 대상 종목이 없습니다.
[2025-10-16 13:23:56] INFO: 
⏰ 60초 후 다음 사이클 실행...
[2025-10-16 13:23:56] INFO:    종료하려면 Ctrl+C를 누르세요.
[2025-10-16 13:24:56] INFO: 
================================================================================
[2025-10-16 13:24:56] INFO: [사이클 404] 2025-10-16 13:24:56
[2025-10-16 13:24:56] INFO: ================================================================================
[2025-10-16 13:24:56] WARNING: ⚠ trading_signals.xlsx 파일이 없습니다.
[2025-10-16 13:24:56] INFO: ℹ 모니터링 대상 종목이 없습니다.
[2025-10-16 13:24:56] INFO: 
⏰ 60초 후 다음 사이클 실행...
[2025-10-16 13:24:56] INFO:    종료하려면 Ctrl+C를 누르세요.
[2025-10-16 13:25:56] INFO: 
================================================================================
[2025-10-16 13:25:56] INFO: [사이클 405] 2025-10-16 13:25:56
[2025-10-16 13:25:56] INFO: ================================================================================
[2025-10-16 13:25:56] WARNING: ⚠ trading_signals.xlsx 파일이 없습니다.
[2025-10-16 13:25:56] INFO: ℹ 모니터링 대상 종목이 없습니다.
[2025-10-16 13:25:56] INFO: 
⏰ 60초 후 다음 사이클 실행...
[2025-10-16 13:25:56] INFO:    종료하려면 Ctrl+C를 누르세요.
[2025-10-16 13:26:56] INFO: 
================================================================================
[2025-10-16 13:26:56] INFO: [사이클 406] 2025-10-16 13:26:56
[2025-10-16 13:26:56] INFO: ================================================================================
[2025-10-16 13:26:56] WARNING: ⚠ trading_signals.xlsx 파일이 없습니다.
[2025-10-16 13:26:56] INFO: ℹ 모니터링 대상 종목이 없습니다.
[2025-10-16 13:26:56] INFO: 
⏰ 60초 후 다음 사이클 실행...
[2025-10-16 13:26:56] INFO:    종료하려면 Ctrl+C를 누르세요.
[2025-10-16 13:27:56] INFO: 
================================================================================
[2025-10-16 13:27:56] INFO: [사이클 407] 2025-10-16 13:27:56
[2025-10-16 13:27:56] INFO: ================================================================================
[2025-10-16 13:27:56] WARNING: ⚠ trading_signals.xlsx 파일이 없습니다.
[2025-10-16 13:27:56] INFO: ℹ 모니터링 대상 종목이 없습니다.
[2025-10-16 13:27:56] INFO: 
⏰ 60초 후 다음 사이클 실행...
[2025-10-16 13:27:56] INFO:    종료하려면 Ctrl+C를 누르세요.
[2025-10-16 13:28:56] INFO: 
================================================================================
[2025-10-16 13:28:56] INFO: [사이클 408] 2025-10-16 13:28:56
[2025-10-16 13:28:56] INFO: ================================================================================
[2025-10-16 13:28:56] WARNING: ⚠ trading_signals.xlsx 파일이 없습니다.
[2025-10-16 13:28:56] INFO: ℹ 모니터링 대상 종목이 없습니다.
[2025-10-16 13:28:56] INFO: 
⏰ 60초 후 다음 사이클 실행...
[2025-10-16 13:28:56] INFO:    종료하려면 Ctrl+C를 누르세요.
[2025-10-16 13:29:56] INFO: 
================================================================================
[2025-10-16 13:29:56] INFO: [사이클 409] 2025-10-16 13:29:56
[2025-10-16 13:29:56] INFO: ================================================================================
[2025-10-16 13:29:56] WARNING: ⚠ trading_signals.xlsx 파일이 없습니다.
[2025-10-16 13:29:56] INFO: ℹ 모니터링 대상 종목이 없습니다.
[2025-10-16 13:29:56] INFO: 
⏰ 60초 후 다음 사이클 실행...
[2025-10-16 13:29:56] INFO:    종료하려면 Ctrl+C를 누르세요.
[2025-10-16 13:30:56] INFO: 
================================================================================
[2025-10-16 13:30:56] INFO: [사이클 410] 2025-10-16 13:30:56
[2025-10-16 13:30:56] INFO: ================================================================================
[2025-10-16 13:30:56] WARNING: ⚠ trading_signals.xlsx 파일이 없습니다.
[2025-10-16 13:30:56] INFO: ℹ 모니터링 대상 종목이 없습니다.
[2025-10-16 13:30:56] INFO: 
⏰ 60초 후 다음 사이클 실행...
[2025-10-16 13:30:56] INFO:    종료하려면 Ctrl+C를 누르세요.
[2025-10-16 13:31:56] INFO: 
================================================================================
[2025-10-16 13:31:56] INFO: [사이클 411] 2025-10-16 13:31:56
[2025-10-16 13:31:56] INFO: ================================================================================
[2025-10-16 13:31:56] WARNING: ⚠ trading_signals.xlsx 파일이 없습니다.
[2025-10-16 13:31:56] INFO: ℹ 모니터링 대상 종목이 없습니다.
[2025-10-16 13:31:56] INFO: 
⏰ 60초 후 다음 사이클 실행...
[2025-10-16 13:31:56] INFO:    종료하려면 Ctrl+C를 누르세요.
[2025-10-16 13:32:56] INFO: 
================================================================================
[2025-10-16 13:32:56] INFO: [사이클 412] 2025-10-16 13:32:56
[2025-10-16 13:32:56] INFO: ================================================================================
[2025-10-16 13:32:56] WARNING: ⚠ trading_signals.xlsx 파일이 없습니다.
[2025-10-16 13:32:56] INFO: ℹ 모니터링 대상 종목이 없습니다.
[2025-10-16 13:32:56] INFO: 
⏰ 60초 후 다음 사이클 실행...
[2025-10-16 13:32:56] INFO:    종료하려면 Ctrl+C를 누르세요.
[2025-10-16 13:33:56] INFO: 
================================================================================
[2025-10-16 13:33:56] INFO: [사이클 413] 2025-10-16 13:33:56
[2025-10-16 13:33:56] INFO: ================================================================================
[2025-10-16 13:33:56] WARNING: ⚠ trading_signals.xlsx 파일이 없습니다.
[2025-10-16 13:33:56] INFO: ℹ 모니터링 대상 종목이 없습니다.
[2025-10-16 13:33:56] INFO: 
⏰ 60초 후 다음 사이클 실행...
[2025-10-16 13:33:56] INFO:    종료하려면 Ctrl+C를 누르세요.
[2025-10-16 13:34:56] INFO: 
================================================================================
[2025-10-16 13:34:56] INFO: [사이클 414] 2025-10-16 13:34:56
[2025-10-16 13:34:56] INFO: ================================================================================
[2025-10-16 13:34:56] WARNING: ⚠ trading_signals.xlsx 파일이 없습니다.
[2025-10-16 13:34:56] INFO: ℹ 모니터링 대상 종목이 없습니다.
[2025-10-16 13:34:56] INFO: 
⏰ 60초 후 다음 사이클 실행...
[2025-10-16 13:34:56] INFO:    종료하려면 Ctrl+C를 누르세요.
[2025-10-16 13:35:56] INFO: 
================================================================================
[2025-10-16 13:35:56] INFO: [사이클 415] 2025-10-16 13:35:56
[2025-10-16 13:35:56] INFO: ================================================================================
[2025-10-16 13:35:56] WARNING: ⚠ trading_signals.xlsx 파일이 없습니다.
[2025-10-16 13:35:56] INFO: ℹ 모니터링 대상 종목이 없습니다.
[2025-10-16 13:35:56] INFO: 
⏰ 60초 후 다음 사이클 실행...
[2025-10-16 13:35:56] INFO:    종료하려면 Ctrl+C를 누르세요.
[2025-10-16 13:36:56] INFO: 
================================================================================
[2025-10-16 13:36:56] INFO: [사이클 416] 2025-10-16 13:36:56
[2025-10-16 13:36:56] INFO: ================================================================================
[2025-10-16 13:36:56] WARNING: ⚠ trading_signals.xlsx 파일이 없습니다.
[2025-10-16 13:36:56] INFO: ℹ 모니터링 대상 종목이 없습니다.
[2025-10-16 13:36:56] INFO: 
⏰ 60초 후 다음 사이클 실행...
[2025-10-16 13:36:56] INFO:    종료하려면 Ctrl+C를 누르세요.
[2025-10-16 13:37:56] INFO: 
================================================================================
[2025-10-16 13:37:56] INFO: [사이클 417] 2025-10-16 13:37:56
[2025-10-16 13:37:56] INFO: ================================================================================
[2025-10-16 13:37:56] WARNING: ⚠ trading_signals.xlsx 파일이 없습니다.
[2025-10-16 13:37:56] INFO: ℹ 모니터링 대상 종목이 없습니다.
[2025-10-16 13:37:56] INFO: 
⏰ 60초 후 다음 사이클 실행...
[2025-10-16 13:37:56] INFO:    종료하려면 Ctrl+C를 누르세요.
[2025-10-16 13:38:56] INFO: 
================================================================================
[2025-10-16 13:38:56] INFO: [사이클 418] 2025-10-16 13:38:56
[2025-10-16 13:38:56] INFO: ================================================================================
[2025-10-16 13:38:56] WARNING: ⚠ trading_signals.xlsx 파일이 없습니다.
[2025-10-16 13:38:56] INFO: ℹ 모니터링 대상 종목이 없습니다.
[2025-10-16 13:38:56] INFO: 
⏰ 60초 후 다음 사이클 실행...
[2025-10-16 13:38:56] INFO:    종료하려면 Ctrl+C를 누르세요.
[2025-10-16 13:39:56] INFO: 
================================================================================
[2025-10-16 13:39:56] INFO: [사이클 419] 2025-10-16 13:39:56
[2025-10-16 13:39:56] INFO: ================================================================================
[2025-10-16 13:39:56] WARNING: ⚠ trading_signals.xlsx 파일이 없습니다.
[2025-10-16 13:39:56] INFO: ℹ 모니터링 대상 종목이 없습니다.
[2025-10-16 13:39:56] INFO: 
⏰ 60초 후 다음 사이클 실행...
[2025-10-16 13:39:56] INFO:    종료하려면 Ctrl+C를 누르세요.
[2025-10-16 13:40:56] INFO: 
================================================================================
[2025-10-16 13:40:56] INFO: [사이클 420] 2025-10-16 13:40:56
[2025-10-16 13:40:56] INFO: ================================================================================
[2025-10-16 13:40:56] WARNING: ⚠ trading_signals.xlsx 파일이 없습니다.
[2025-10-16 13:40:56] INFO: ℹ 모니터링 대상 종목이 없습니다.
[2025-10-16 13:40:56] INFO: 
⏰ 60초 후 다음 사이클 실행...
[2025-10-16 13:40:56] INFO:    종료하려면 Ctrl+C를 누르세요.
[2025-10-16 13:41:56] INFO: 
================================================================================
[2025-10-16 13:41:56] INFO: [사이클 421] 2025-10-16 13:41:56
[2025-10-16 13:41:56] INFO: ================================================================================
[2025-10-16 13:41:56] WARNING: ⚠ trading_signals.xlsx 파일이 없습니다.
[2025-10-16 13:41:56] INFO: ℹ 모니터링 대상 종목이 없습니다.
[2025-10-16 13:41:56] INFO: 
⏰ 60초 후 다음 사이클 실행...
[2025-10-16 13:41:56] INFO:    종료하려면 Ctrl+C를 누르세요.
[2025-10-16 13:42:56] INFO: 
================================================================================
[2025-10-16 13:42:56] INFO: [사이클 422] 2025-10-16 13:42:56
[2025-10-16 13:42:56] INFO: ================================================================================
[2025-10-16 13:42:56] WARNING: ⚠ trading_signals.xlsx 파일이 없습니다.
[2025-10-16 13:42:56] INFO: ℹ 모니터링 대상 종목이 없습니다.
[2025-10-16 13:42:56] INFO: 
⏰ 60초 후 다음 사이클 실행...
[2025-10-16 13:42:56] INFO:    종료하려면 Ctrl+C를 누르세요.
[2025-10-16 13:43:56] INFO: 
================================================================================
[2025-10-16 13:43:56] INFO: [사이클 423] 2025-10-16 13:43:56
[2025-10-16 13:43:56] INFO: ================================================================================
[2025-10-16 13:43:56] WARNING: ⚠ trading_signals.xlsx 파일이 없습니다.
[2025-10-16 13:43:56] INFO: ℹ 모니터링 대상 종목이 없습니다.
[2025-10-16 13:43:56] INFO: 
⏰ 60초 후 다음 사이클 실행...
[2025-10-16 13:43:56] INFO:    종료하려면 Ctrl+C를 누르세요.
[2025-10-16 13:44:56] INFO: 
================================================================================
[2025-10-16 13:44:56] INFO: [사이클 424] 2025-10-16 13:44:56
[2025-10-16 13:44:56] INFO: ================================================================================
[2025-10-16 13:44:56] WARNING: ⚠ trading_signals.xlsx 파일이 없습니다.
[2025-10-16 13:44:56] INFO: ℹ 모니터링 대상 종목이 없습니다.
[2025-10-16 13:44:56] INFO: 
⏰ 60초 후 다음 사이클 실행...
[2025-10-16 13:44:56] INFO:    종료하려면 Ctrl+C를 누르세요.
[2025-10-16 13:45:56] INFO: 
================================================================================
[2025-10-16 13:45:56] INFO: [사이클 425] 2025-10-16 13:45:56
[2025-10-16 13:45:56] INFO: ================================================================================
[2025-10-16 13:45:56] WARNING: ⚠ trading_signals.xlsx 파일이 없습니다.
[2025-10-16 13:45:56] INFO: ℹ 모니터링 대상 종목이 없습니다.
[2025-10-16 13:45:56] INFO: 
⏰ 60초 후 다음 사이클 실행...
[2025-10-16 13:45:56] INFO:    종료하려면 Ctrl+C를 누르세요.
[2025-10-16 13:46:56] INFO: 
================================================================================
[2025-10-16 13:46:56] INFO: [사이클 426] 2025-10-16 13:46:56
[2025-10-16 13:46:56] INFO: ================================================================================
[2025-10-16 13:46:56] WARNING: ⚠ trading_signals.xlsx 파일이 없습니다.
[2025-10-16 13:46:56] INFO: ℹ 모니터링 대상 종목이 없습니다.
[2025-10-16 13:46:56] INFO: 
⏰ 60초 후 다음 사이클 실행...
[2025-10-16 13:46:56] INFO:    종료하려면 Ctrl+C를 누르세요.
[2025-10-16 13:47:56] INFO: 
================================================================================
[2025-10-16 13:47:56] INFO: [사이클 427] 2025-10-16 13:47:56
[2025-10-16 13:47:56] INFO: ================================================================================
[2025-10-16 13:47:56] WARNING: ⚠ trading_signals.xlsx 파일이 없습니다.
[2025-10-16 13:47:56] INFO: ℹ 모니터링 대상 종목이 없습니다.
[2025-10-16 13:47:56] INFO: 
⏰ 60초 후 다음 사이클 실행...
[2025-10-16 13:47:56] INFO:    종료하려면 Ctrl+C를 누르세요.
[2025-10-16 13:48:56] INFO: 
================================================================================
[2025-10-16 13:48:56] INFO: [사이클 428] 2025-10-16 13:48:56
[2025-10-16 13:48:56] INFO: ================================================================================
[2025-10-16 13:48:56] WARNING: ⚠ trading_signals.xlsx 파일이 없습니다.
[2025-10-16 13:48:56] INFO: ℹ 모니터링 대상 종목이 없습니다.
[2025-10-16 13:48:56] INFO: 
⏰ 60초 후 다음 사이클 실행...
[2025-10-16 13:48:56] INFO:    종료하려면 Ctrl+C를 누르세요.
[2025-10-16 13:49:56] INFO: 
================================================================================
[2025-10-16 13:49:56] INFO: [사이클 429] 2025-10-16 13:49:56
[2025-10-16 13:49:56] INFO: ================================================================================
[2025-10-16 13:49:56] WARNING: ⚠ trading_signals.xlsx 파일이 없습니다.
[2025-10-16 13:49:56] INFO: ℹ 모니터링 대상 종목이 없습니다.
[2025-10-16 13:49:56] INFO: 
⏰ 60초 후 다음 사이클 실행...
[2025-10-16 13:49:56] INFO:    종료하려면 Ctrl+C를 누르세요.
[2025-10-16 13:50:56] INFO: 
================================================================================
[2025-10-16 13:50:56] INFO: [사이클 430] 2025-10-16 13:50:56
[2025-10-16 13:50:56] INFO: ================================================================================
[2025-10-16 13:50:56] WARNING: ⚠ trading_signals.xlsx 파일이 없습니다.
[2025-10-16 13:50:56] INFO: ℹ 모니터링 대상 종목이 없습니다.
[2025-10-16 13:50:56] INFO: 
⏰ 60초 후 다음 사이클 실행...
[2025-10-16 13:50:56] INFO:    종료하려면 Ctrl+C를 누르세요.
[2025-10-16 13:51:56] INFO: 
================================================================================
[2025-10-16 13:51:56] INFO: [사이클 431] 2025-10-16 13:51:56
[2025-10-16 13:51:56] INFO: ================================================================================
[2025-10-16 13:51:56] WARNING: ⚠ trading_signals.xlsx 파일이 없습니다.
[2025-10-16 13:51:56] INFO: ℹ 모니터링 대상 종목이 없습니다.
[2025-10-16 13:51:56] INFO: 
⏰ 60초 후 다음 사이클 실행...
[2025-10-16 13:51:56] INFO:    종료하려면 Ctrl+C를 누르세요.
[2025-10-16 13:52:56] INFO: 
================================================================================
[2025-10-16 13:52:56] INFO: [사이클 432] 2025-10-16 13:52:56
[2025-10-16 13:52:56] INFO: ================================================================================
[2025-10-16 13:52:56] WARNING: ⚠ trading_signals.xlsx 파일이 없습니다.
[2025-10-16 13:52:56] INFO: ℹ 모니터링 대상 종목이 없습니다.
[2025-10-16 13:52:56] INFO: 
⏰ 60초 후 다음 사이클 실행...
[2025-10-16 13:52:56] INFO:    종료하려면 Ctrl+C를 누르세요.
[2025-10-16 13:53:56] INFO: 
================================================================================
[2025-10-16 13:53:56] INFO: [사이클 433] 2025-10-16 13:53:56
[2025-10-16 13:53:56] INFO: ================================================================================
[2025-10-16 13:53:56] WARNING: ⚠ trading_signals.xlsx 파일이 없습니다.
[2025-10-16 13:53:56] INFO: ℹ 모니터링 대상 종목이 없습니다.
[2025-10-16 13:53:56] INFO: 
⏰ 60초 후 다음 사이클 실행...
[2025-10-16 13:53:56] INFO:    종료하려면 Ctrl+C를 누르세요.
[2025-10-16 13:54:56] INFO: 
================================================================================
[2025-10-16 13:54:56] INFO: [사이클 434] 2025-10-16 13:54:56
[2025-10-16 13:54:56] INFO: ================================================================================
[2025-10-16 13:54:56] WARNING: ⚠ trading_signals.xlsx 파일이 없습니다.
[2025-10-16 13:54:56] INFO: ℹ 모니터링 대상 종목이 없습니다.
[2025-10-16 13:54:56] INFO: 
⏰ 60초 후 다음 사이클 실행...
[2025-10-16 13:54:56] INFO:    종료하려면 Ctrl+C를 누르세요.
[2025-10-16 13:55:56] INFO: 
================================================================================
[2025-10-16 13:55:56] INFO: [사이클 435] 2025-10-16 13:55:56
[2025-10-16 13:55:56] INFO: ================================================================================
[2025-10-16 13:55:56] WARNING: ⚠ trading_signals.xlsx 파일이 없습니다.
[2025-10-16 13:55:56] INFO: ℹ 모니터링 대상 종목이 없습니다.
[2025-10-16 13:55:56] INFO: 
⏰ 60초 후 다음 사이클 실행...
[2025-10-16 13:55:56] INFO:    종료하려면 Ctrl+C를 누르세요.
[2025-10-16 13:56:56] INFO: 
================================================================================
[2025-10-16 13:56:56] INFO: [사이클 436] 2025-10-16 13:56:56
[2025-10-16 13:56:56] INFO: ================================================================================
[2025-10-16 13:56:56] WARNING: ⚠ trading_signals.xlsx 파일이 없습니다.
[2025-10-16 13:56:56] INFO: ℹ 모니터링 대상 종목이 없습니다.
[2025-10-16 13:56:56] INFO: 
⏰ 60초 후 다음 사이클 실행...
[2025-10-16 13:56:56] INFO:    종료하려면 Ctrl+C를 누르세요.
[2025-10-16 13:57:56] INFO: 
================================================================================
[2025-10-16 13:57:56] INFO: [사이클 437] 2025-10-16 13:57:56
[2025-10-16 13:57:56] INFO: ================================================================================
[2025-10-16 13:57:56] WARNING: ⚠ trading_signals.xlsx 파일이 없습니다.
[2025-10-16 13:57:56] INFO: ℹ 모니터링 대상 종목이 없습니다.
[2025-10-16 13:57:56] INFO: 
⏰ 60초 후 다음 사이클 실행...
[2025-10-16 13:57:56] INFO:    종료하려면 Ctrl+C를 누르세요.
[2025-10-16 13:58:56] INFO: 
================================================================================
[2025-10-16 13:58:56] INFO: [사이클 438] 2025-10-16 13:58:56
[2025-10-16 13:58:56] INFO: ================================================================================
[2025-10-16 13:58:56] WARNING: ⚠ trading_signals.xlsx 파일이 없습니다.
[2025-10-16 13:58:56] INFO: ℹ 모니터링 대상 종목이 없습니다.
[2025-10-16 13:58:56] INFO: 
⏰ 60초 후 다음 사이클 실행...
[2025-10-16 13:58:56] INFO:    종료하려면 Ctrl+C를 누르세요.
[2025-10-16 13:59:56] INFO: 
================================================================================
[2025-10-16 13:59:56] INFO: [사이클 439] 2025-10-16 13:59:56
[2025-10-16 13:59:56] INFO: ================================================================================
[2025-10-16 13:59:56] WARNING: ⚠ trading_signals.xlsx 파일이 없습니다.
[2025-10-16 13:59:56] INFO: ℹ 모니터링 대상 종목이 없습니다.
[2025-10-16 13:59:56] INFO: 
⏰ 60초 후 다음 사이클 실행...
[2025-10-16 13:59:56] INFO:    종료하려면 Ctrl+C를 누르세요.
[2025-10-16 14:00:56] INFO: 
================================================================================
[2025-10-16 14:00:56] INFO: [사이클 440] 2025-10-16 14:00:56
[2025-10-16 14:00:56] INFO: ================================================================================
[2025-10-16 14:00:56] WARNING: ⚠ trading_signals.xlsx 파일이 없습니다.
[2025-10-16 14:00:56] INFO: ℹ 모니터링 대상 종목이 없습니다.
[2025-10-16 14:00:56] INFO: 
⏰ 60초 후 다음 사이클 실행...
[2025-10-16 14:00:56] INFO:    종료하려면 Ctrl+C를 누르세요.
[2025-10-16 14:01:56] INFO: 
================================================================================
[2025-10-16 14:01:56] INFO: [사이클 441] 2025-10-16 14:01:56
[2025-10-16 14:01:56] INFO: ================================================================================
[2025-10-16 14:01:56] WARNING: ⚠ trading_signals.xlsx 파일이 없습니다.
[2025-10-16 14:01:56] INFO: ℹ 모니터링 대상 종목이 없습니다.
[2025-10-16 14:01:56] INFO: 
⏰ 60초 후 다음 사이클 실행...
[2025-10-16 14:01:56] INFO:    종료하려면 Ctrl+C를 누르세요.
[2025-10-16 14:02:56] INFO: 
================================================================================
[2025-10-16 14:02:56] INFO: [사이클 442] 2025-10-16 14:02:56
[2025-10-16 14:02:56] INFO: ================================================================================
[2025-10-16 14:02:56] WARNING: ⚠ trading_signals.xlsx 파일이 없습니다.
[2025-10-16 14:02:56] INFO: ℹ 모니터링 대상 종목이 없습니다.
[2025-10-16 14:02:56] INFO: 
⏰ 60초 후 다음 사이클 실행...
[2025-10-16 14:02:56] INFO:    종료하려면 Ctrl+C를 누르세요.
[2025-10-16 14:03:56] INFO: 
================================================================================
[2025-10-16 14:03:56] INFO: [사이클 443] 2025-10-16 14:03:56
[2025-10-16 14:03:56] INFO: ================================================================================
[2025-10-16 14:03:56] WARNING: ⚠ trading_signals.xlsx 파일이 없습니다.
[2025-10-16 14:03:56] INFO: ℹ 모니터링 대상 종목이 없습니다.
[2025-10-16 14:03:56] INFO: 
⏰ 60초 후 다음 사이클 실행...
[2025-10-16 14:03:56] INFO:    종료하려면 Ctrl+C를 누르세요.
[2025-10-16 14:04:56] INFO: 
================================================================================
[2025-10-16 14:04:56] INFO: [사이클 444] 2025-10-16 14:04:56
[2025-10-16 14:04:56] INFO: ================================================================================
[2025-10-16 14:04:56] WARNING: ⚠ trading_signals.xlsx 파일이 없습니다.
[2025-10-16 14:04:56] INFO: ℹ 모니터링 대상 종목이 없습니다.
[2025-10-16 14:04:56] INFO: 
⏰ 60초 후 다음 사이클 실행...
[2025-10-16 14:04:56] INFO:    종료하려면 Ctrl+C를 누르세요.
[2025-10-16 14:05:56] INFO: 
================================================================================
[2025-10-16 14:05:56] INFO: [사이클 445] 2025-10-16 14:05:56
[2025-10-16 14:05:56] INFO: ================================================================================
[2025-10-16 14:05:56] WARNING: ⚠ trading_signals.xlsx 파일이 없습니다.
[2025-10-16 14:05:56] INFO: ℹ 모니터링 대상 종목이 없습니다.
[2025-10-16 14:05:56] INFO: 
⏰ 60초 후 다음 사이클 실행...
[2025-10-16 14:05:56] INFO:    종료하려면 Ctrl+C를 누르세요.
[2025-10-16 14:06:56] INFO: 
================================================================================
[2025-10-16 14:06:56] INFO: [사이클 446] 2025-10-16 14:06:56
[2025-10-16 14:06:56] INFO: ================================================================================
[2025-10-16 14:06:56] WARNING: ⚠ trading_signals.xlsx 파일이 없습니다.
[2025-10-16 14:06:56] INFO: ℹ 모니터링 대상 종목이 없습니다.
[2025-10-16 14:06:56] INFO: 
⏰ 60초 후 다음 사이클 실행...
[2025-10-16 14:06:56] INFO:    종료하려면 Ctrl+C를 누르세요.
[2025-10-16 14:07:56] INFO: 
================================================================================
[2025-10-16 14:07:56] INFO: [사이클 447] 2025-10-16 14:07:56
[2025-10-16 14:07:56] INFO: ================================================================================
[2025-10-16 14:07:56] WARNING: ⚠ trading_signals.xlsx 파일이 없습니다.
[2025-10-16 14:07:56] INFO: ℹ 모니터링 대상 종목이 없습니다.
[2025-10-16 14:07:56] INFO: 
⏰ 60초 후 다음 사이클 실행...
[2025-10-16 14:07:56] INFO:    종료하려면 Ctrl+C를 누르세요.
[2025-10-16 14:08:56] INFO: 
================================================================================
[2025-10-16 14:08:56] INFO: [사이클 448] 2025-10-16 14:08:56
[2025-10-16 14:08:56] INFO: ================================================================================
[2025-10-16 14:08:56] WARNING: ⚠ trading_signals.xlsx 파일이 없습니다.
[2025-10-16 14:08:56] INFO: ℹ 모니터링 대상 종목이 없습니다.
[2025-10-16 14:08:56] INFO: 
⏰ 60초 후 다음 사이클 실행...
[2025-10-16 14:08:56] INFO:    종료하려면 Ctrl+C를 누르세요.
[2025-10-16 14:09:56] INFO: 
================================================================================
[2025-10-16 14:09:56] INFO: [사이클 449] 2025-10-16 14:09:56
[2025-10-16 14:09:56] INFO: ================================================================================
[2025-10-16 14:09:56] WARNING: ⚠ trading_signals.xlsx 파일이 없습니다.
[2025-10-16 14:09:56] INFO: ℹ 모니터링 대상 종목이 없습니다.
[2025-10-16 14:09:56] INFO: 
⏰ 60초 후 다음 사이클 실행...
[2025-10-16 14:09:56] INFO:    종료하려면 Ctrl+C를 누르세요.
[2025-10-16 14:10:56] INFO: 
================================================================================
[2025-10-16 14:10:56] INFO: [사이클 450] 2025-10-16 14:10:56
[2025-10-16 14:10:56] INFO: ================================================================================
[2025-10-16 14:10:56] WARNING: ⚠ trading_signals.xlsx 파일이 없습니다.
[2025-10-16 14:10:56] INFO: ℹ 모니터링 대상 종목이 없습니다.
[2025-10-16 14:10:56] INFO: 
⏰ 60초 후 다음 사이클 실행...
[2025-10-16 14:10:56] INFO:    종료하려면 Ctrl+C를 누르세요.
[2025-10-16 14:11:56] INFO: 
================================================================================
[2025-10-16 14:11:56] INFO: [사이클 451] 2025-10-16 14:11:56
[2025-10-16 14:11:56] INFO: ================================================================================
[2025-10-16 14:11:56] WARNING: ⚠ trading_signals.xlsx 파일이 없습니다.
[2025-10-16 14:11:56] INFO: ℹ 모니터링 대상 종목이 없습니다.
[2025-10-16 14:11:56] INFO: 
⏰ 60초 후 다음 사이클 실행...
[2025-10-16 14:11:56] INFO:    종료하려면 Ctrl+C를 누르세요.
[2025-10-16 14:12:56] INFO: 
================================================================================
[2025-10-16 14:12:56] INFO: [사이클 452] 2025-10-16 14:12:56
[2025-10-16 14:12:56] INFO: ================================================================================
[2025-10-16 14:12:56] WARNING: ⚠ trading_signals.xlsx 파일이 없습니다.
[2025-10-16 14:12:56] INFO: ℹ 모니터링 대상 종목이 없습니다.
[2025-10-16 14:12:56] INFO: 
⏰ 60초 후 다음 사이클 실행...
[2025-10-16 14:12:56] INFO:    종료하려면 Ctrl+C를 누르세요.
[2025-10-16 14:13:56] INFO: 
================================================================================
[2025-10-16 14:13:56] INFO: [사이클 453] 2025-10-16 14:13:56
[2025-10-16 14:13:56] INFO: ================================================================================
[2025-10-16 14:13:56] WARNING: ⚠ trading_signals.xlsx 파일이 없습니다.
[2025-10-16 14:13:56] INFO: ℹ 모니터링 대상 종목이 없습니다.
[2025-10-16 14:13:56] INFO: 
⏰ 60초 후 다음 사이클 실행...
[2025-10-16 14:13:56] INFO:    종료하려면 Ctrl+C를 누르세요.
[2025-10-16 14:14:56] INFO: 
================================================================================
[2025-10-16 14:14:56] INFO: [사이클 454] 2025-10-16 14:14:56
[2025-10-16 14:14:56] INFO: ================================================================================
[2025-10-16 14:14:56] WARNING: ⚠ trading_signals.xlsx 파일이 없습니다.
[2025-10-16 14:14:56] INFO: ℹ 모니터링 대상 종목이 없습니다.
[2025-10-16 14:14:56] INFO: 
⏰ 60초 후 다음 사이클 실행...
[2025-10-16 14:14:56] INFO:    종료하려면 Ctrl+C를 누르세요.
[2025-10-16 14:15:56] INFO: 
================================================================================
[2025-10-16 14:15:56] INFO: [사이클 455] 2025-10-16 14:15:56
[2025-10-16 14:15:56] INFO: ================================================================================
[2025-10-16 14:15:56] WARNING: ⚠ trading_signals.xlsx 파일이 없습니다.
[2025-10-16 14:15:56] INFO: ℹ 모니터링 대상 종목이 없습니다.
[2025-10-16 14:15:56] INFO: 
⏰ 60초 후 다음 사이클 실행...
[2025-10-16 14:15:56] INFO:    종료하려면 Ctrl+C를 누르세요.
[2025-10-16 14:16:56] INFO: 
================================================================================
[2025-10-16 14:16:56] INFO: [사이클 456] 2025-10-16 14:16:56
[2025-10-16 14:16:56] INFO: ================================================================================
[2025-10-16 14:16:56] WARNING: ⚠ trading_signals.xlsx 파일이 없습니다.
[2025-10-16 14:16:56] INFO: ℹ 모니터링 대상 종목이 없습니다.
[2025-10-16 14:16:56] INFO: 
⏰ 60초 후 다음 사이클 실행...
[2025-10-16 14:16:56] INFO:    종료하려면 Ctrl+C를 누르세요.
[2025-10-16 14:17:56] INFO: 
================================================================================
[2025-10-16 14:17:56] INFO: [사이클 457] 2025-10-16 14:17:56
[2025-10-16 14:17:56] INFO: ================================================================================
[2025-10-16 14:17:56] WARNING: ⚠ trading_signals.xlsx 파일이 없습니다.
[2025-10-16 14:17:56] INFO: ℹ 모니터링 대상 종목이 없습니다.
[2025-10-16 14:17:56] INFO: 
⏰ 60초 후 다음 사이클 실행...
[2025-10-16 14:17:56] INFO:    종료하려면 Ctrl+C를 누르세요.
[2025-10-16 14:18:56] INFO: 
================================================================================
[2025-10-16 14:18:56] INFO: [사이클 458] 2025-10-16 14:18:56
[2025-10-16 14:18:56] INFO: ================================================================================
[2025-10-16 14:18:56] WARNING: ⚠ trading_signals.xlsx 파일이 없습니다.
[2025-10-16 14:18:56] INFO: ℹ 모니터링 대상 종목이 없습니다.
[2025-10-16 14:18:56] INFO: 
⏰ 60초 후 다음 사이클 실행...
[2025-10-16 14:18:56] INFO:    종료하려면 Ctrl+C를 누르세요.
[2025-10-16 14:19:56] INFO: 
================================================================================
[2025-10-16 14:19:56] INFO: [사이클 459] 2025-10-16 14:19:56
[2025-10-16 14:19:56] INFO: ================================================================================
[2025-10-16 14:19:56] WARNING: ⚠ trading_signals.xlsx 파일이 없습니다.
[2025-10-16 14:19:56] INFO: ℹ 모니터링 대상 종목이 없습니다.
[2025-10-16 14:19:56] INFO: 
⏰ 60초 후 다음 사이클 실행...
[2025-10-16 14:19:56] INFO:    종료하려면 Ctrl+C를 누르세요.
[2025-10-16 14:20:56] INFO: 
================================================================================
[2025-10-16 14:20:56] INFO: [사이클 460] 2025-10-16 14:20:56
[2025-10-16 14:20:56] INFO: ================================================================================
[2025-10-16 14:20:56] WARNING: ⚠ trading_signals.xlsx 파일이 없습니다.
[2025-10-16 14:20:56] INFO: ℹ 모니터링 대상 종목이 없습니다.
[2025-10-16 14:20:56] INFO: 
⏰ 60초 후 다음 사이클 실행...
[2025-10-16 14:20:56] INFO:    종료하려면 Ctrl+C를 누르세요.
[2025-10-16 14:21:56] INFO: 
================================================================================
[2025-10-16 14:21:56] INFO: [사이클 461] 2025-10-16 14:21:56
[2025-10-16 14:21:56] INFO: ================================================================================
[2025-10-16 14:21:56] WARNING: ⚠ trading_signals.xlsx 파일이 없습니다.
[2025-10-16 14:21:56] INFO: ℹ 모니터링 대상 종목이 없습니다.
[2025-10-16 14:21:56] INFO: 
⏰ 60초 후 다음 사이클 실행...
[2025-10-16 14:21:56] INFO:    종료하려면 Ctrl+C를 누르세요.
[2025-10-16 14:22:56] INFO: 
================================================================================
[2025-10-16 14:22:56] INFO: [사이클 462] 2025-10-16 14:22:56
[2025-10-16 14:22:56] INFO: ================================================================================
[2025-10-16 14:22:56] WARNING: ⚠ trading_signals.xlsx 파일이 없습니다.
[2025-10-16 14:22:56] INFO: ℹ 모니터링 대상 종목이 없습니다.
[2025-10-16 14:22:56] INFO: 
⏰ 60초 후 다음 사이클 실행...
[2025-10-16 14:22:56] INFO:    종료하려면 Ctrl+C를 누르세요.
[2025-10-16 14:23:56] INFO: 
================================================================================
[2025-10-16 14:23:56] INFO: [사이클 463] 2025-10-16 14:23:56
[2025-10-16 14:23:56] INFO: ================================================================================
[2025-10-16 14:23:56] WARNING: ⚠ trading_signals.xlsx 파일이 없습니다.
[2025-10-16 14:23:56] INFO: ℹ 모니터링 대상 종목이 없습니다.
[2025-10-16 14:23:56] INFO: 
⏰ 60초 후 다음 사이클 실행...
[2025-10-16 14:23:56] INFO:    종료하려면 Ctrl+C를 누르세요.
[2025-10-16 14:24:56] INFO: 
================================================================================
[2025-10-16 14:24:56] INFO: [사이클 464] 2025-10-16 14:24:56
[2025-10-16 14:24:56] INFO: ================================================================================
[2025-10-16 14:24:56] WARNING: ⚠ trading_signals.xlsx 파일이 없습니다.
[2025-10-16 14:24:56] INFO: ℹ 모니터링 대상 종목이 없습니다.
[2025-10-16 14:24:56] INFO: 
⏰ 60초 후 다음 사이클 실행...
[2025-10-16 14:24:56] INFO:    종료하려면 Ctrl+C를 누르세요.
[2025-10-16 14:25:56] INFO: 
================================================================================
[2025-10-16 14:25:56] INFO: [사이클 465] 2025-10-16 14:25:56
[2025-10-16 14:25:56] INFO: ================================================================================
[2025-10-16 14:25:56] WARNING: ⚠ trading_signals.xlsx 파일이 없습니다.
[2025-10-16 14:25:56] INFO: ℹ 모니터링 대상 종목이 없습니다.
[2025-10-16 14:25:56] INFO: 
⏰ 60초 후 다음 사이클 실행...
[2025-10-16 14:25:56] INFO:    종료하려면 Ctrl+C를 누르세요.
[2025-10-16 14:26:56] INFO: 
================================================================================
[2025-10-16 14:26:56] INFO: [사이클 466] 2025-10-16 14:26:56
[2025-10-16 14:26:56] INFO: ================================================================================
[2025-10-16 14:26:56] WARNING: ⚠ trading_signals.xlsx 파일이 없습니다.
[2025-10-16 14:26:56] INFO: ℹ 모니터링 대상 종목이 없습니다.
[2025-10-16 14:26:56] INFO: 
⏰ 60초 후 다음 사이클 실행...
[2025-10-16 14:26:56] INFO:    종료하려면 Ctrl+C를 누르세요.
[2025-10-16 14:27:56] INFO: 
================================================================================
[2025-10-16 14:27:56] INFO: [사이클 467] 2025-10-16 14:27:56
[2025-10-16 14:27:56] INFO: ================================================================================
[2025-10-16 14:27:56] WARNING: ⚠ trading_signals.xlsx 파일이 없습니다.
[2025-10-16 14:27:56] INFO: ℹ 모니터링 대상 종목이 없습니다.
[2025-10-16 14:27:56] INFO: 
⏰ 60초 후 다음 사이클 실행...
[2025-10-16 14:27:56] INFO:    종료하려면 Ctrl+C를 누르세요.
[2025-10-16 14:28:56] INFO: 
================================================================================
[2025-10-16 14:28:56] INFO: [사이클 468] 2025-10-16 14:28:56
[2025-10-16 14:28:56] INFO: ================================================================================
[2025-10-16 14:28:56] WARNING: ⚠ trading_signals.xlsx 파일이 없습니다.
[2025-10-16 14:28:56] INFO: ℹ 모니터링 대상 종목이 없습니다.
[2025-10-16 14:28:56] INFO: 
⏰ 60초 후 다음 사이클 실행...
[2025-10-16 14:28:56] INFO:    종료하려면 Ctrl+C를 누르세요.
[2025-10-16 14:29:56] INFO: 
================================================================================
[2025-10-16 14:29:56] INFO: [사이클 469] 2025-10-16 14:29:56
[2025-10-16 14:29:56] INFO: ================================================================================
[2025-10-16 14:29:56] WARNING: ⚠ trading_signals.xlsx 파일이 없습니다.
[2025-10-16 14:29:56] INFO: ℹ 모니터링 대상 종목이 없습니다.
[2025-10-16 14:29:56] INFO: 
⏰ 60초 후 다음 사이클 실행...
[2025-10-16 14:29:56] INFO:    종료하려면 Ctrl+C를 누르세요.
[2025-10-16 14:30:56] INFO: 
================================================================================
[2025-10-16 14:30:56] INFO: [사이클 470] 2025-10-16 14:30:56
[2025-10-16 14:30:56] INFO: ================================================================================
[2025-10-16 14:30:56] WARNING: ⚠ trading_signals.xlsx 파일이 없습니다.
[2025-10-16 14:30:56] INFO: ℹ 모니터링 대상 종목이 없습니다.
[2025-10-16 14:30:56] INFO: 
⏰ 60초 후 다음 사이클 실행...
[2025-10-16 14:30:56] INFO:    종료하려면 Ctrl+C를 누르세요.
[2025-10-16 14:31:56] INFO: 
================================================================================
[2025-10-16 14:31:56] INFO: [사이클 471] 2025-10-16 14:31:56
[2025-10-16 14:31:56] INFO: ================================================================================
[2025-10-16 14:31:56] WARNING: ⚠ trading_signals.xlsx 파일이 없습니다.
[2025-10-16 14:31:56] INFO: ℹ 모니터링 대상 종목이 없습니다.
[2025-10-16 14:31:56] INFO: 
⏰ 60초 후 다음 사이클 실행...
[2025-10-16 14:31:56] INFO:    종료하려면 Ctrl+C를 누르세요.
[2025-10-16 14:32:56] INFO: 
================================================================================
[2025-10-16 14:32:56] INFO: [사이클 472] 2025-10-16 14:32:56
[2025-10-16 14:32:56] INFO: ================================================================================
[2025-10-16 14:32:56] WARNING: ⚠ trading_signals.xlsx 파일이 없습니다.
[2025-10-16 14:32:56] INFO: ℹ 모니터링 대상 종목이 없습니다.
[2025-10-16 14:32:56] INFO: 
⏰ 60초 후 다음 사이클 실행...
[2025-10-16 14:32:56] INFO:    종료하려면 Ctrl+C를 누르세요.
[2025-10-16 14:33:56] INFO: 
================================================================================
[2025-10-16 14:33:56] INFO: [사이클 473] 2025-10-16 14:33:56
[2025-10-16 14:33:56] INFO: ================================================================================
[2025-10-16 14:33:56] WARNING: ⚠ trading_signals.xlsx 파일이 없습니다.
[2025-10-16 14:33:56] INFO: ℹ 모니터링 대상 종목이 없습니다.
[2025-10-16 14:33:56] INFO: 
⏰ 60초 후 다음 사이클 실행...
[2025-10-16 14:33:56] INFO:    종료하려면 Ctrl+C를 누르세요.
[2025-10-16 14:34:56] INFO: 
================================================================================
[2025-10-16 14:34:56] INFO: [사이클 474] 2025-10-16 14:34:56
[2025-10-16 14:34:56] INFO: ================================================================================
[2025-10-16 14:34:56] WARNING: ⚠ trading_signals.xlsx 파일이 없습니다.
[2025-10-16 14:34:56] INFO: ℹ 모니터링 대상 종목이 없습니다.
[2025-10-16 14:34:56] INFO: 
⏰ 60초 후 다음 사이클 실행...
[2025-10-16 14:34:56] INFO:    종료하려면 Ctrl+C를 누르세요.
[2025-10-16 14:35:56] INFO: 
================================================================================
[2025-10-16 14:35:56] INFO: [사이클 475] 2025-10-16 14:35:56
[2025-10-16 14:35:56] INFO: ================================================================================
[2025-10-16 14:35:56] WARNING: ⚠ trading_signals.xlsx 파일이 없습니다.
[2025-10-16 14:35:56] INFO: ℹ 모니터링 대상 종목이 없습니다.
[2025-10-16 14:35:56] INFO: 
⏰ 60초 후 다음 사이클 실행...
[2025-10-16 14:35:56] INFO:    종료하려면 Ctrl+C를 누르세요.
[2025-10-16 14:36:56] INFO: 
================================================================================
[2025-10-16 14:36:56] INFO: [사이클 476] 2025-10-16 14:36:56
[2025-10-16 14:36:56] INFO: ================================================================================
[2025-10-16 14:36:56] WARNING: ⚠ trading_signals.xlsx 파일이 없습니다.
[2025-10-16 14:36:56] INFO: ℹ 모니터링 대상 종목이 없습니다.
[2025-10-16 14:36:56] INFO: 
⏰ 60초 후 다음 사이클 실행...
[2025-10-16 14:36:56] INFO:    종료하려면 Ctrl+C를 누르세요.
[2025-10-16 14:37:56] INFO: 
================================================================================
[2025-10-16 14:37:56] INFO: [사이클 477] 2025-10-16 14:37:56
[2025-10-16 14:37:56] INFO: ================================================================================
[2025-10-16 14:37:56] WARNING: ⚠ trading_signals.xlsx 파일이 없습니다.
[2025-10-16 14:37:56] INFO: ℹ 모니터링 대상 종목이 없습니다.
[2025-10-16 14:37:56] INFO: 
⏰ 60초 후 다음 사이클 실행...
[2025-10-16 14:37:56] INFO:    종료하려면 Ctrl+C를 누르세요.
[2025-10-16 14:38:56] INFO: 
================================================================================
[2025-10-16 14:38:56] INFO: [사이클 478] 2025-10-16 14:38:56
[2025-10-16 14:38:56] INFO: ================================================================================
[2025-10-16 14:38:56] WARNING: ⚠ trading_signals.xlsx 파일이 없습니다.
[2025-10-16 14:38:56] INFO: ℹ 모니터링 대상 종목이 없습니다.
[2025-10-16 14:38:56] INFO: 
⏰ 60초 후 다음 사이클 실행...
[2025-10-16 14:38:56] INFO:    종료하려면 Ctrl+C를 누르세요.
[2025-10-16 14:39:56] INFO: 
================================================================================
[2025-10-16 14:39:56] INFO: [사이클 479] 2025-10-16 14:39:56
[2025-10-16 14:39:56] INFO: ================================================================================
[2025-10-16 14:39:56] WARNING: ⚠ trading_signals.xlsx 파일이 없습니다.
[2025-10-16 14:39:56] INFO: ℹ 모니터링 대상 종목이 없습니다.
[2025-10-16 14:39:56] INFO: 
⏰ 60초 후 다음 사이클 실행...
[2025-10-16 14:39:56] INFO:    종료하려면 Ctrl+C를 누르세요.
[2025-10-16 14:40:56] INFO: 
================================================================================
[2025-10-16 14:40:56] INFO: [사이클 480] 2025-10-16 14:40:56
[2025-10-16 14:40:56] INFO: ================================================================================
[2025-10-16 14:40:56] WARNING: ⚠ trading_signals.xlsx 파일이 없습니다.
[2025-10-16 14:40:56] INFO: ℹ 모니터링 대상 종목이 없습니다.
[2025-10-16 14:40:56] INFO: 
⏰ 60초 후 다음 사이클 실행...
[2025-10-16 14:40:56] INFO:    종료하려면 Ctrl+C를 누르세요.
[2025-10-16 14:41:56] INFO: 
================================================================================
[2025-10-16 14:41:56] INFO: [사이클 481] 2025-10-16 14:41:56
[2025-10-16 14:41:56] INFO: ================================================================================
[2025-10-16 14:41:56] WARNING: ⚠ trading_signals.xlsx 파일이 없습니다.
[2025-10-16 14:41:56] INFO: ℹ 모니터링 대상 종목이 없습니다.
[2025-10-16 14:41:56] INFO: 
⏰ 60초 후 다음 사이클 실행...
[2025-10-16 14:41:56] INFO:    종료하려면 Ctrl+C를 누르세요.
[2025-10-16 14:42:56] INFO: 
================================================================================
[2025-10-16 14:42:56] INFO: [사이클 482] 2025-10-16 14:42:56
[2025-10-16 14:42:56] INFO: ================================================================================
[2025-10-16 14:42:56] WARNING: ⚠ trading_signals.xlsx 파일이 없습니다.
[2025-10-16 14:42:56] INFO: ℹ 모니터링 대상 종목이 없습니다.
[2025-10-16 14:42:56] INFO: 
⏰ 60초 후 다음 사이클 실행...
[2025-10-16 14:42:56] INFO:    종료하려면 Ctrl+C를 누르세요.
[2025-10-16 14:43:56] INFO: 
================================================================================
[2025-10-16 14:43:56] INFO: [사이클 483] 2025-10-16 14:43:56
[2025-10-16 14:43:56] INFO: ================================================================================
[2025-10-16 14:43:56] WARNING: ⚠ trading_signals.xlsx 파일이 없습니다.
[2025-10-16 14:43:56] INFO: ℹ 모니터링 대상 종목이 없습니다.
[2025-10-16 14:43:56] INFO: 
⏰ 60초 후 다음 사이클 실행...
[2025-10-16 14:43:56] INFO:    종료하려면 Ctrl+C를 누르세요.
[2025-10-16 14:44:56] INFO: 
================================================================================
[2025-10-16 14:44:56] INFO: [사이클 484] 2025-10-16 14:44:56
[2025-10-16 14:44:56] INFO: ================================================================================
[2025-10-16 14:44:56] WARNING: ⚠ trading_signals.xlsx 파일이 없습니다.
[2025-10-16 14:44:56] INFO: ℹ 모니터링 대상 종목이 없습니다.
[2025-10-16 14:44:56] INFO: 
⏰ 60초 후 다음 사이클 실행...
[2025-10-16 14:44:56] INFO:    종료하려면 Ctrl+C를 누르세요.
[2025-10-16 14:45:56] INFO: 
================================================================================
[2025-10-16 14:45:56] INFO: [사이클 485] 2025-10-16 14:45:56
[2025-10-16 14:45:56] INFO: ================================================================================
[2025-10-16 14:45:56] WARNING: ⚠ trading_signals.xlsx 파일이 없습니다.
[2025-10-16 14:45:56] INFO: ℹ 모니터링 대상 종목이 없습니다.
[2025-10-16 14:45:56] INFO: 
⏰ 60초 후 다음 사이클 실행...
[2025-10-16 14:45:56] INFO:    종료하려면 Ctrl+C를 누르세요.
[2025-10-16 14:46:56] INFO: 
================================================================================
[2025-10-16 14:46:56] INFO: [사이클 486] 2025-10-16 14:46:56
[2025-10-16 14:46:56] INFO: ================================================================================
[2025-10-16 14:46:56] WARNING: ⚠ trading_signals.xlsx 파일이 없습니다.
[2025-10-16 14:46:56] INFO: ℹ 모니터링 대상 종목이 없습니다.
[2025-10-16 14:46:56] INFO: 
⏰ 60초 후 다음 사이클 실행...
[2025-10-16 14:46:56] INFO:    종료하려면 Ctrl+C를 누르세요.
[2025-10-16 14:47:56] INFO: 
================================================================================
[2025-10-16 14:47:56] INFO: [사이클 487] 2025-10-16 14:47:56
[2025-10-16 14:47:56] INFO: ================================================================================
[2025-10-16 14:47:56] WARNING: ⚠ trading_signals.xlsx 파일이 없습니다.
[2025-10-16 14:47:56] INFO: ℹ 모니터링 대상 종목이 없습니다.
[2025-10-16 14:47:56] INFO: 
⏰ 60초 후 다음 사이클 실행...
[2025-10-16 14:47:56] INFO:    종료하려면 Ctrl+C를 누르세요.
[2025-10-16 14:48:56] INFO: 
================================================================================
[2025-10-16 14:48:56] INFO: [사이클 488] 2025-10-16 14:48:56
[2025-10-16 14:48:56] INFO: ================================================================================
[2025-10-16 14:48:56] WARNING: ⚠ trading_signals.xlsx 파일이 없습니다.
[2025-10-16 14:48:56] INFO: ℹ 모니터링 대상 종목이 없습니다.
[2025-10-16 14:48:56] INFO: 
⏰ 60초 후 다음 사이클 실행...
[2025-10-16 14:48:56] INFO:    종료하려면 Ctrl+C를 누르세요.
[2025-10-16 14:49:56] INFO: 
================================================================================
[2025-10-16 14:49:56] INFO: [사이클 489] 2025-10-16 14:49:56
[2025-10-16 14:49:56] INFO: ================================================================================
[2025-10-16 14:49:56] WARNING: ⚠ trading_signals.xlsx 파일이 없습니다.
[2025-10-16 14:49:56] INFO: ℹ 모니터링 대상 종목이 없습니다.
[2025-10-16 14:49:56] INFO: 
⏰ 60초 후 다음 사이클 실행...
[2025-10-16 14:49:56] INFO:    종료하려면 Ctrl+C를 누르세요.
[2025-10-16 14:50:56] INFO: 
================================================================================
[2025-10-16 14:50:56] INFO: [사이클 490] 2025-10-16 14:50:56
[2025-10-16 14:50:56] INFO: ================================================================================
[2025-10-16 14:50:56] WARNING: ⚠ trading_signals.xlsx 파일이 없습니다.
[2025-10-16 14:50:56] INFO: ℹ 모니터링 대상 종목이 없습니다.
[2025-10-16 14:50:56] INFO: 
⏰ 60초 후 다음 사이클 실행...
[2025-10-16 14:50:56] INFO:    종료하려면 Ctrl+C를 누르세요.
[2025-10-16 14:51:56] INFO: 
================================================================================
[2025-10-16 14:51:56] INFO: [사이클 491] 2025-10-16 14:51:56
[2025-10-16 14:51:56] INFO: ================================================================================
[2025-10-16 14:51:56] WARNING: ⚠ trading_signals.xlsx 파일이 없습니다.
[2025-10-16 14:51:56] INFO: ℹ 모니터링 대상 종목이 없습니다.
[2025-10-16 14:51:56] INFO: 
⏰ 60초 후 다음 사이클 실행...
[2025-10-16 14:51:56] INFO:    종료하려면 Ctrl+C를 누르세요.
[2025-10-16 14:52:56] INFO: 
================================================================================
[2025-10-16 14:52:56] INFO: [사이클 492] 2025-10-16 14:52:56
[2025-10-16 14:52:56] INFO: ================================================================================
[2025-10-16 14:52:56] WARNING: ⚠ trading_signals.xlsx 파일이 없습니다.
[2025-10-16 14:52:56] INFO: ℹ 모니터링 대상 종목이 없습니다.
[2025-10-16 14:52:56] INFO: 
⏰ 60초 후 다음 사이클 실행...
[2025-10-16 14:52:56] INFO:    종료하려면 Ctrl+C를 누르세요.
[2025-10-16 14:53:56] INFO: 
================================================================================
[2025-10-16 14:53:56] INFO: [사이클 493] 2025-10-16 14:53:56
[2025-10-16 14:53:56] INFO: ================================================================================
[2025-10-16 14:53:56] WARNING: ⚠ trading_signals.xlsx 파일이 없습니다.
[2025-10-16 14:53:56] INFO: ℹ 모니터링 대상 종목이 없습니다.
[2025-10-16 14:53:56] INFO: 
⏰ 60초 후 다음 사이클 실행...
[2025-10-16 14:53:56] INFO:    종료하려면 Ctrl+C를 누르세요.
[2025-10-16 14:54:56] INFO: 
================================================================================
[2025-10-16 14:54:56] INFO: [사이클 494] 2025-10-16 14:54:56
[2025-10-16 14:54:56] INFO: ================================================================================
[2025-10-16 14:54:56] WARNING: ⚠ trading_signals.xlsx 파일이 없습니다.
[2025-10-16 14:54:56] INFO: ℹ 모니터링 대상 종목이 없습니다.
[2025-10-16 14:54:56] INFO: 
⏰ 60초 후 다음 사이클 실행...
[2025-10-16 14:54:56] INFO:    종료하려면 Ctrl+C를 누르세요.
[2025-10-16 14:55:56] INFO: 
================================================================================
[2025-10-16 14:55:56] INFO: [사이클 495] 2025-10-16 14:55:56
[2025-10-16 14:55:56] INFO: ================================================================================
[2025-10-16 14:55:56] WARNING: ⚠ trading_signals.xlsx 파일이 없습니다.
[2025-10-16 14:55:56] INFO: ℹ 모니터링 대상 종목이 없습니다.
[2025-10-16 14:55:56] INFO: 
⏰ 60초 후 다음 사이클 실행...
[2025-10-16 14:55:56] INFO:    종료하려면 Ctrl+C를 누르세요.
[2025-10-16 14:56:56] INFO: 
================================================================================
[2025-10-16 14:56:56] INFO: [사이클 496] 2025-10-16 14:56:56
[2025-10-16 14:56:56] INFO: ================================================================================
[2025-10-16 14:56:56] WARNING: ⚠ trading_signals.xlsx 파일이 없습니다.
[2025-10-16 14:56:56] INFO: ℹ 모니터링 대상 종목이 없습니다.
[2025-10-16 14:56:56] INFO: 
⏰ 60초 후 다음 사이클 실행...
[2025-10-16 14:56:56] INFO:    종료하려면 Ctrl+C를 누르세요.
[2025-10-16 14:57:56] INFO: 
================================================================================
[2025-10-16 14:57:56] INFO: [사이클 497] 2025-10-16 14:57:56
[2025-10-16 14:57:56] INFO: ================================================================================
[2025-10-16 14:57:56] WARNING: ⚠ trading_signals.xlsx 파일이 없습니다.
[2025-10-16 14:57:56] INFO: ℹ 모니터링 대상 종목이 없습니다.
[2025-10-16 14:57:56] INFO: 
⏰ 60초 후 다음 사이클 실행...
[2025-10-16 14:57:56] INFO:    종료하려면 Ctrl+C를 누르세요.
[2025-10-16 14:58:56] INFO: 
================================================================================
[2025-10-16 14:58:56] INFO: [사이클 498] 2025-10-16 14:58:56
[2025-10-16 14:58:56] INFO: ================================================================================
[2025-10-16 14:58:56] WARNING: ⚠ trading_signals.xlsx 파일이 없습니다.
[2025-10-16 14:58:56] INFO: ℹ 모니터링 대상 종목이 없습니다.
[2025-10-16 14:58:56] INFO: 
⏰ 60초 후 다음 사이클 실행...
[2025-10-16 14:58:56] INFO:    종료하려면 Ctrl+C를 누르세요.
[2025-10-16 14:59:56] INFO: 
================================================================================
[2025-10-16 14:59:56] INFO: [사이클 499] 2025-10-16 14:59:56
[2025-10-16 14:59:56] INFO: ================================================================================
[2025-10-16 14:59:56] WARNING: ⚠ trading_signals.xlsx 파일이 없습니다.
[2025-10-16 14:59:56] INFO: ℹ 모니터링 대상 종목이 없습니다.
[2025-10-16 14:59:56] INFO: 
⏰ 60초 후 다음 사이클 실행...
[2025-10-16 14:59:56] INFO:    종료하려면 Ctrl+C를 누르세요.
[2025-10-16 15:00:56] INFO: 
================================================================================
[2025-10-16 15:00:56] INFO: [사이클 500] 2025-10-16 15:00:56
[2025-10-16 15:00:56] INFO: ================================================================================
[2025-10-16 15:00:56] WARNING: ⚠ trading_signals.xlsx 파일이 없습니다.
[2025-10-16 15:00:56] INFO: ℹ 모니터링 대상 종목이 없습니다.
[2025-10-16 15:00:56] INFO: 
⏰ 60초 후 다음 사이클 실행...
[2025-10-16 15:00:56] INFO:    종료하려면 Ctrl+C를 누르세요.
[2025-10-16 15:01:56] INFO: 
================================================================================
[2025-10-16 15:01:56] INFO: [사이클 501] 2025-10-16 15:01:56
[2025-10-16 15:01:56] INFO: ================================================================================
[2025-10-16 15:01:56] WARNING: ⚠ trading_signals.xlsx 파일이 없습니다.
[2025-10-16 15:01:56] INFO: ℹ 모니터링 대상 종목이 없습니다.
[2025-10-16 15:01:56] INFO: 
⏰ 60초 후 다음 사이클 실행...
[2025-10-16 15:01:56] INFO:    종료하려면 Ctrl+C를 누르세요.
[2025-10-16 15:02:56] INFO: 
================================================================================
[2025-10-16 15:02:56] INFO: [사이클 502] 2025-10-16 15:02:56
[2025-10-16 15:02:56] INFO: ================================================================================
[2025-10-16 15:02:56] WARNING: ⚠ trading_signals.xlsx 파일이 없습니다.
[2025-10-16 15:02:56] INFO: ℹ 모니터링 대상 종목이 없습니다.
[2025-10-16 15:02:56] INFO: 
⏰ 60초 후 다음 사이클 실행...
[2025-10-16 15:02:56] INFO:    종료하려면 Ctrl+C를 누르세요.
[2025-10-16 15:03:56] INFO: 
================================================================================
[2025-10-16 15:03:56] INFO: [사이클 503] 2025-10-16 15:03:56
[2025-10-16 15:03:56] INFO: ================================================================================
[2025-10-16 15:03:56] WARNING: ⚠ trading_signals.xlsx 파일이 없습니다.
[2025-10-16 15:03:56] INFO: ℹ 모니터링 대상 종목이 없습니다.
[2025-10-16 15:03:56] INFO: 
⏰ 60초 후 다음 사이클 실행...
[2025-10-16 15:03:56] INFO:    종료하려면 Ctrl+C를 누르세요.
[2025-10-16 15:04:56] INFO: 
================================================================================
[2025-10-16 15:04:56] INFO: [사이클 504] 2025-10-16 15:04:56
[2025-10-16 15:04:56] INFO: ================================================================================
[2025-10-16 15:04:56] WARNING: ⚠ trading_signals.xlsx 파일이 없습니다.
[2025-10-16 15:04:56] INFO: ℹ 모니터링 대상 종목이 없습니다.
[2025-10-16 15:04:56] INFO: 
⏰ 60초 후 다음 사이클 실행...
[2025-10-16 15:04:56] INFO:    종료하려면 Ctrl+C를 누르세요.
[2025-10-16 15:05:56] INFO: 
================================================================================
[2025-10-16 15:05:56] INFO: [사이클 505] 2025-10-16 15:05:56
[2025-10-16 15:05:56] INFO: ================================================================================
[2025-10-16 15:05:56] WARNING: ⚠ trading_signals.xlsx 파일이 없습니다.
[2025-10-16 15:05:56] INFO: ℹ 모니터링 대상 종목이 없습니다.
[2025-10-16 15:05:56] INFO: 
⏰ 60초 후 다음 사이클 실행...
[2025-10-16 15:05:56] INFO:    종료하려면 Ctrl+C를 누르세요.
[2025-10-16 15:06:56] INFO: 
================================================================================
[2025-10-16 15:06:56] INFO: [사이클 506] 2025-10-16 15:06:56
[2025-10-16 15:06:56] INFO: ================================================================================
[2025-10-16 15:06:56] WARNING: ⚠ trading_signals.xlsx 파일이 없습니다.
[2025-10-16 15:06:56] INFO: ℹ 모니터링 대상 종목이 없습니다.
[2025-10-16 15:06:56] INFO: 
⏰ 60초 후 다음 사이클 실행...
[2025-10-16 15:06:56] INFO:    종료하려면 Ctrl+C를 누르세요.
[2025-10-16 15:07:56] INFO: 
================================================================================
[2025-10-16 15:07:56] INFO: [사이클 507] 2025-10-16 15:07:56
[2025-10-16 15:07:56] INFO: ================================================================================
[2025-10-16 15:07:56] WARNING: ⚠ trading_signals.xlsx 파일이 없습니다.
[2025-10-16 15:07:56] INFO: ℹ 모니터링 대상 종목이 없습니다.
[2025-10-16 15:07:56] INFO: 
⏰ 60초 후 다음 사이클 실행...
[2025-10-16 15:07:56] INFO:    종료하려면 Ctrl+C를 누르세요.
[2025-10-16 15:08:56] INFO: 
================================================================================
[2025-10-16 15:08:56] INFO: [사이클 508] 2025-10-16 15:08:56
[2025-10-16 15:08:56] INFO: ================================================================================
[2025-10-16 15:08:56] WARNING: ⚠ trading_signals.xlsx 파일이 없습니다.
[2025-10-16 15:08:56] INFO: ℹ 모니터링 대상 종목이 없습니다.
[2025-10-16 15:08:56] INFO: 
⏰ 60초 후 다음 사이클 실행...
[2025-10-16 15:08:56] INFO:    종료하려면 Ctrl+C를 누르세요.
[2025-10-16 15:09:56] INFO: 
================================================================================
[2025-10-16 15:09:56] INFO: [사이클 509] 2025-10-16 15:09:56
[2025-10-16 15:09:56] INFO: ================================================================================
[2025-10-16 15:09:56] WARNING: ⚠ trading_signals.xlsx 파일이 없습니다.
[2025-10-16 15:09:56] INFO: ℹ 모니터링 대상 종목이 없습니다.
[2025-10-16 15:09:56] INFO: 
⏰ 60초 후 다음 사이클 실행...
[2025-10-16 15:09:56] INFO:    종료하려면 Ctrl+C를 누르세요.
[2025-10-16 15:10:56] INFO: 
================================================================================
[2025-10-16 15:10:56] INFO: [사이클 510] 2025-10-16 15:10:56
[2025-10-16 15:10:56] INFO: ================================================================================
[2025-10-16 15:10:56] WARNING: ⚠ trading_signals.xlsx 파일이 없습니다.
[2025-10-16 15:10:56] INFO: ℹ 모니터링 대상 종목이 없습니다.
[2025-10-16 15:10:56] INFO: 
⏰ 60초 후 다음 사이클 실행...
[2025-10-16 15:10:56] INFO:    종료하려면 Ctrl+C를 누르세요.
[2025-10-16 15:11:56] INFO: 
================================================================================
[2025-10-16 15:11:56] INFO: [사이클 511] 2025-10-16 15:11:56
[2025-10-16 15:11:56] INFO: ================================================================================
[2025-10-16 15:11:56] WARNING: ⚠ trading_signals.xlsx 파일이 없습니다.
[2025-10-16 15:11:56] INFO: ℹ 모니터링 대상 종목이 없습니다.
[2025-10-16 15:11:56] INFO: 
⏰ 60초 후 다음 사이클 실행...
[2025-10-16 15:11:56] INFO:    종료하려면 Ctrl+C를 누르세요.
[2025-10-16 15:12:56] INFO: 
================================================================================
[2025-10-16 15:12:56] INFO: [사이클 512] 2025-10-16 15:12:56
[2025-10-16 15:12:56] INFO: ================================================================================
[2025-10-16 15:12:56] WARNING: ⚠ trading_signals.xlsx 파일이 없습니다.
[2025-10-16 15:12:56] INFO: ℹ 모니터링 대상 종목이 없습니다.
[2025-10-16 15:12:56] INFO: 
⏰ 60초 후 다음 사이클 실행...
[2025-10-16 15:12:56] INFO:    종료하려면 Ctrl+C를 누르세요.
[2025-10-16 15:13:56] INFO: 
================================================================================
[2025-10-16 15:13:56] INFO: [사이클 513] 2025-10-16 15:13:56
[2025-10-16 15:13:56] INFO: ================================================================================
[2025-10-16 15:13:56] WARNING: ⚠ trading_signals.xlsx 파일이 없습니다.
[2025-10-16 15:13:56] INFO: ℹ 모니터링 대상 종목이 없습니다.
[2025-10-16 15:13:56] INFO: 
⏰ 60초 후 다음 사이클 실행...
[2025-10-16 15:13:56] INFO:    종료하려면 Ctrl+C를 누르세요.
[2025-10-16 15:14:56] INFO: 
================================================================================
[2025-10-16 15:14:56] INFO: [사이클 514] 2025-10-16 15:14:56
[2025-10-16 15:14:56] INFO: ================================================================================
[2025-10-16 15:14:56] WARNING: ⚠ trading_signals.xlsx 파일이 없습니다.
[2025-10-16 15:14:56] INFO: ℹ 모니터링 대상 종목이 없습니다.
[2025-10-16 15:14:56] INFO: 
⏰ 60초 후 다음 사이클 실행...
[2025-10-16 15:14:56] INFO:    종료하려면 Ctrl+C를 누르세요.
[2025-10-16 15:15:56] INFO: 
================================================================================
[2025-10-16 15:15:56] INFO: [사이클 515] 2025-10-16 15:15:56
[2025-10-16 15:15:56] INFO: ================================================================================
[2025-10-16 15:15:56] WARNING: ⚠ trading_signals.xlsx 파일이 없습니다.
[2025-10-16 15:15:56] INFO: ℹ 모니터링 대상 종목이 없습니다.
[2025-10-16 15:15:56] INFO: 
⏰ 60초 후 다음 사이클 실행...
[2025-10-16 15:15:56] INFO:    종료하려면 Ctrl+C를 누르세요.
[2025-10-16 15:16:56] INFO: 
================================================================================
[2025-10-16 15:16:56] INFO: [사이클 516] 2025-10-16 15:16:56
[2025-10-16 15:16:56] INFO: ================================================================================
[2025-10-16 15:16:56] WARNING: ⚠ trading_signals.xlsx 파일이 없습니다.
[2025-10-16 15:16:56] INFO: ℹ 모니터링 대상 종목이 없습니다.
[2025-10-16 15:16:56] INFO: 
⏰ 60초 후 다음 사이클 실행...
[2025-10-16 15:16:56] INFO:    종료하려면 Ctrl+C를 누르세요.
[2025-10-16 15:17:56] INFO: 
================================================================================
[2025-10-16 15:17:56] INFO: [사이클 517] 2025-10-16 15:17:56
[2025-10-16 15:17:56] INFO: ================================================================================
[2025-10-16 15:17:56] WARNING: ⚠ trading_signals.xlsx 파일이 없습니다.
[2025-10-16 15:17:56] INFO: ℹ 모니터링 대상 종목이 없습니다.
[2025-10-16 15:17:56] INFO: 
⏰ 60초 후 다음 사이클 실행...
[2025-10-16 15:17:56] INFO:    종료하려면 Ctrl+C를 누르세요.
[2025-10-16 15:18:56] INFO: 
================================================================================
[2025-10-16 15:18:56] INFO: [사이클 518] 2025-10-16 15:18:56
[2025-10-16 15:18:56] INFO: ================================================================================
[2025-10-16 15:18:56] WARNING: ⚠ trading_signals.xlsx 파일이 없습니다.
[2025-10-16 15:18:56] INFO: ℹ 모니터링 대상 종목이 없습니다.
[2025-10-16 15:18:56] INFO: 
⏰ 60초 후 다음 사이클 실행...
[2025-10-16 15:18:56] INFO:    종료하려면 Ctrl+C를 누르세요.
[2025-10-16 15:19:56] INFO: 
================================================================================
[2025-10-16 15:19:56] INFO: [사이클 519] 2025-10-16 15:19:56
[2025-10-16 15:19:56] INFO: ================================================================================
[2025-10-16 15:19:56] WARNING: ⚠ trading_signals.xlsx 파일이 없습니다.
[2025-10-16 15:19:56] INFO: ℹ 모니터링 대상 종목이 없습니다.
[2025-10-16 15:19:56] INFO: 
⏰ 60초 후 다음 사이클 실행...
[2025-10-16 15:19:56] INFO:    종료하려면 Ctrl+C를 누르세요.
[2025-10-16 15:20:56] INFO: 
================================================================================
[2025-10-16 15:20:56] INFO: [사이클 520] 2025-10-16 15:20:56
[2025-10-16 15:20:56] INFO: ================================================================================
[2025-10-16 15:20:56] WARNING: ⚠ trading_signals.xlsx 파일이 없습니다.
[2025-10-16 15:20:56] INFO: ℹ 모니터링 대상 종목이 없습니다.
[2025-10-16 15:20:56] INFO: 
⏰ 60초 후 다음 사이클 실행...
[2025-10-16 15:20:56] INFO:    종료하려면 Ctrl+C를 누르세요.
[2025-10-16 15:21:56] INFO: 
================================================================================
[2025-10-16 15:21:56] INFO: [사이클 521] 2025-10-16 15:21:56
[2025-10-16 15:21:56] INFO: ================================================================================
[2025-10-16 15:21:56] WARNING: ⚠ trading_signals.xlsx 파일이 없습니다.
[2025-10-16 15:21:56] INFO: ℹ 모니터링 대상 종목이 없습니다.
[2025-10-16 15:21:56] INFO: 
⏰ 60초 후 다음 사이클 실행...
[2025-10-16 15:21:56] INFO:    종료하려면 Ctrl+C를 누르세요.
[2025-10-16 15:22:56] INFO: 
================================================================================
[2025-10-16 15:22:56] INFO: [사이클 522] 2025-10-16 15:22:56
[2025-10-16 15:22:56] INFO: ================================================================================
[2025-10-16 15:22:56] WARNING: ⚠ trading_signals.xlsx 파일이 없습니다.
[2025-10-16 15:22:56] INFO: ℹ 모니터링 대상 종목이 없습니다.
[2025-10-16 15:22:56] INFO: 
⏰ 60초 후 다음 사이클 실행...
[2025-10-16 15:22:56] INFO:    종료하려면 Ctrl+C를 누르세요.
[2025-10-16 15:23:56] INFO: 
================================================================================
[2025-10-16 15:23:56] INFO: [사이클 523] 2025-10-16 15:23:56
[2025-10-16 15:23:56] INFO: ================================================================================
[2025-10-16 15:23:56] WARNING: ⚠ trading_signals.xlsx 파일이 없습니다.
[2025-10-16 15:23:56] INFO: ℹ 모니터링 대상 종목이 없습니다.
[2025-10-16 15:23:56] INFO: 
⏰ 60초 후 다음 사이클 실행...
[2025-10-16 15:23:56] INFO:    종료하려면 Ctrl+C를 누르세요.
[2025-10-16 15:24:56] INFO: 
================================================================================
[2025-10-16 15:24:56] INFO: [사이클 524] 2025-10-16 15:24:56
[2025-10-16 15:24:56] INFO: ================================================================================
[2025-10-16 15:24:56] WARNING: ⚠ trading_signals.xlsx 파일이 없습니다.
[2025-10-16 15:24:56] INFO: ℹ 모니터링 대상 종목이 없습니다.
[2025-10-16 15:24:56] INFO: 
⏰ 60초 후 다음 사이클 실행...
[2025-10-16 15:24:56] INFO:    종료하려면 Ctrl+C를 누르세요.
[2025-10-16 15:25:56] INFO: 
================================================================================
[2025-10-16 15:25:56] INFO: [사이클 525] 2025-10-16 15:25:56
[2025-10-16 15:25:56] INFO: ================================================================================
[2025-10-16 15:25:56] WARNING: ⚠ trading_signals.xlsx 파일이 없습니다.
[2025-10-16 15:25:56] INFO: ℹ 모니터링 대상 종목이 없습니다.
[2025-10-16 15:25:56] INFO: 
⏰ 60초 후 다음 사이클 실행...
[2025-10-16 15:25:56] INFO:    종료하려면 Ctrl+C를 누르세요.
[2025-10-16 15:26:56] INFO: 
================================================================================
[2025-10-16 15:26:56] INFO: [사이클 526] 2025-10-16 15:26:56
[2025-10-16 15:26:56] INFO: ================================================================================
[2025-10-16 15:26:56] WARNING: ⚠ trading_signals.xlsx 파일이 없습니다.
[2025-10-16 15:26:56] INFO: ℹ 모니터링 대상 종목이 없습니다.
[2025-10-16 15:26:56] INFO: 
⏰ 60초 후 다음 사이클 실행...
[2025-10-16 15:26:56] INFO:    종료하려면 Ctrl+C를 누르세요.
[2025-10-16 15:27:56] INFO: 
================================================================================
[2025-10-16 15:27:56] INFO: [사이클 527] 2025-10-16 15:27:56
[2025-10-16 15:27:56] INFO: ================================================================================
[2025-10-16 15:27:56] WARNING: ⚠ trading_signals.xlsx 파일이 없습니다.
[2025-10-16 15:27:56] INFO: ℹ 모니터링 대상 종목이 없습니다.
[2025-10-16 15:27:56] INFO: 
⏰ 60초 후 다음 사이클 실행...
[2025-10-16 15:27:56] INFO:    종료하려면 Ctrl+C를 누르세요.
[2025-10-16 15:28:56] INFO: 
================================================================================
[2025-10-16 15:28:56] INFO: [사이클 528] 2025-10-16 15:28:56
[2025-10-16 15:28:56] INFO: ================================================================================
[2025-10-16 15:28:56] WARNING: ⚠ trading_signals.xlsx 파일이 없습니다.
[2025-10-16 15:28:56] INFO: ℹ 모니터링 대상 종목이 없습니다.
[2025-10-16 15:28:56] INFO: 
⏰ 60초 후 다음 사이클 실행...
[2025-10-16 15:28:56] INFO:    종료하려면 Ctrl+C를 누르세요.
[2025-10-16 15:29:56] INFO: 
================================================================================
[2025-10-16 15:29:56] INFO: [사이클 529] 2025-10-16 15:29:56
[2025-10-16 15:29:56] INFO: ================================================================================
[2025-10-16 15:29:56] WARNING: ⚠ trading_signals.xlsx 파일이 없습니다.
[2025-10-16 15:29:56] INFO: ℹ 모니터링 대상 종목이 없습니다.
[2025-10-16 15:29:56] INFO: 
⏰ 60초 후 다음 사이클 실행...
[2025-10-16 15:29:56] INFO:    종료하려면 Ctrl+C를 누르세요.
[2025-10-16 15:30:56] INFO: 
================================================================================
[2025-10-16 15:30:56] INFO: [사이클 530] 2025-10-16 15:30:56
[2025-10-16 15:30:56] INFO: ================================================================================
[2025-10-16 15:30:56] WARNING: ⚠ trading_signals.xlsx 파일이 없습니다.
[2025-10-16 15:30:56] INFO: ℹ 모니터링 대상 종목이 없습니다.
[2025-10-16 15:30:56] INFO: 
⏰ 60초 후 다음 사이클 실행...
[2025-10-16 15:30:56] INFO:    종료하려면 Ctrl+C를 누르세요.
[2025-10-16 15:31:56] INFO: 
================================================================================
[2025-10-16 15:31:56] INFO: [사이클 531] 2025-10-16 15:31:56
[2025-10-16 15:31:56] INFO: ================================================================================
[2025-10-16 15:31:56] WARNING: ⚠ trading_signals.xlsx 파일이 없습니다.
[2025-10-16 15:31:56] INFO: ℹ 모니터링 대상 종목이 없습니다.
[2025-10-16 15:31:56] INFO: 
⏰ 60초 후 다음 사이클 실행...
[2025-10-16 15:31:56] INFO:    종료하려면 Ctrl+C를 누르세요.
[2025-10-16 15:32:56] INFO: 
================================================================================
[2025-10-16 15:32:56] INFO: [사이클 532] 2025-10-16 15:32:56
[2025-10-16 15:32:56] INFO: ================================================================================
[2025-10-16 15:32:56] WARNING: ⚠ trading_signals.xlsx 파일이 없습니다.
[2025-10-16 15:32:56] INFO: ℹ 모니터링 대상 종목이 없습니다.
[2025-10-16 15:32:56] INFO: 
⏰ 60초 후 다음 사이클 실행...
[2025-10-16 15:32:56] INFO:    종료하려면 Ctrl+C를 누르세요.
[2025-10-16 15:33:56] INFO: 
================================================================================
[2025-10-16 15:33:56] INFO: [사이클 533] 2025-10-16 15:33:56
[2025-10-16 15:33:56] INFO: ================================================================================
[2025-10-16 15:33:56] WARNING: ⚠ trading_signals.xlsx 파일이 없습니다.
[2025-10-16 15:33:56] INFO: ℹ 모니터링 대상 종목이 없습니다.
[2025-10-16 15:33:56] INFO: 
⏰ 60초 후 다음 사이클 실행...
[2025-10-16 15:33:56] INFO:    종료하려면 Ctrl+C를 누르세요.
[2025-10-16 15:34:56] INFO: 
================================================================================
[2025-10-16 15:34:56] INFO: [사이클 534] 2025-10-16 15:34:56
[2025-10-16 15:34:56] INFO: ================================================================================
[2025-10-16 15:34:56] WARNING: ⚠ trading_signals.xlsx 파일이 없습니다.
[2025-10-16 15:34:56] INFO: ℹ 모니터링 대상 종목이 없습니다.
[2025-10-16 15:34:56] INFO: 
⏰ 60초 후 다음 사이클 실행...
[2025-10-16 15:34:56] INFO:    종료하려면 Ctrl+C를 누르세요.
[2025-10-16 15:35:56] INFO: 
================================================================================
[2025-10-16 15:35:56] INFO: [사이클 535] 2025-10-16 15:35:56
[2025-10-16 15:35:56] INFO: ================================================================================
[2025-10-16 15:35:56] WARNING: ⚠ trading_signals.xlsx 파일이 없습니다.
[2025-10-16 15:35:56] INFO: ℹ 모니터링 대상 종목이 없습니다.
[2025-10-16 15:35:56] INFO: 
⏰ 60초 후 다음 사이클 실행...
[2025-10-16 15:35:56] INFO:    종료하려면 Ctrl+C를 누르세요.
[2025-10-16 15:36:56] INFO: 
================================================================================
[2025-10-16 15:36:56] INFO: [사이클 536] 2025-10-16 15:36:56
[2025-10-16 15:36:56] INFO: ================================================================================
[2025-10-16 15:36:56] WARNING: ⚠ trading_signals.xlsx 파일이 없습니다.
[2025-10-16 15:36:56] INFO: ℹ 모니터링 대상 종목이 없습니다.
[2025-10-16 15:36:56] INFO: 
⏰ 60초 후 다음 사이클 실행...
[2025-10-16 15:36:56] INFO:    종료하려면 Ctrl+C를 누르세요.
[2025-10-16 15:37:56] INFO: 
================================================================================
[2025-10-16 15:37:56] INFO: [사이클 537] 2025-10-16 15:37:56
[2025-10-16 15:37:56] INFO: ================================================================================
[2025-10-16 15:37:56] WARNING: ⚠ trading_signals.xlsx 파일이 없습니다.
[2025-10-16 15:37:56] INFO: ℹ 모니터링 대상 종목이 없습니다.
[2025-10-16 15:37:56] INFO: 
⏰ 60초 후 다음 사이클 실행...
[2025-10-16 15:37:56] INFO:    종료하려면 Ctrl+C를 누르세요.
[2025-10-16 15:38:56] INFO: 
================================================================================
[2025-10-16 15:38:56] INFO: [사이클 538] 2025-10-16 15:38:56
[2025-10-16 15:38:56] INFO: ================================================================================
[2025-10-16 15:38:56] WARNING: ⚠ trading_signals.xlsx 파일이 없습니다.
[2025-10-16 15:38:56] INFO: ℹ 모니터링 대상 종목이 없습니다.
[2025-10-16 15:38:56] INFO: 
⏰ 60초 후 다음 사이클 실행...
[2025-10-16 15:38:56] INFO:    종료하려면 Ctrl+C를 누르세요.
[2025-10-16 15:39:56] INFO: 
================================================================================
[2025-10-16 15:39:56] INFO: [사이클 539] 2025-10-16 15:39:56
[2025-10-16 15:39:56] INFO: ================================================================================
[2025-10-16 15:39:56] WARNING: ⚠ trading_signals.xlsx 파일이 없습니다.
[2025-10-16 15:39:56] INFO: ℹ 모니터링 대상 종목이 없습니다.
[2025-10-16 15:39:56] INFO: 
⏰ 60초 후 다음 사이클 실행...
[2025-10-16 15:39:56] INFO:    종료하려면 Ctrl+C를 누르세요.
[2025-10-16 15:40:56] INFO: 
================================================================================
[2025-10-16 15:40:56] INFO: [사이클 540] 2025-10-16 15:40:56
[2025-10-16 15:40:56] INFO: ================================================================================
[2025-10-16 15:40:56] WARNING: ⚠ trading_signals.xlsx 파일이 없습니다.
[2025-10-16 15:40:56] INFO: ℹ 모니터링 대상 종목이 없습니다.
[2025-10-16 15:40:56] INFO: 
⏰ 60초 후 다음 사이클 실행...
[2025-10-16 15:40:56] INFO:    종료하려면 Ctrl+C를 누르세요.
[2025-10-16 15:41:56] INFO: 
================================================================================
[2025-10-16 15:41:56] INFO: [사이클 541] 2025-10-16 15:41:56
[2025-10-16 15:41:56] INFO: ================================================================================
[2025-10-16 15:41:56] WARNING: ⚠ trading_signals.xlsx 파일이 없습니다.
[2025-10-16 15:41:56] INFO: ℹ 모니터링 대상 종목이 없습니다.
[2025-10-16 15:41:56] INFO: 
⏰ 60초 후 다음 사이클 실행...
[2025-10-16 15:41:56] INFO:    종료하려면 Ctrl+C를 누르세요.
[2025-10-16 15:42:56] INFO: 
================================================================================
[2025-10-16 15:42:56] INFO: [사이클 542] 2025-10-16 15:42:56
[2025-10-16 15:42:56] INFO: ================================================================================
[2025-10-16 15:42:56] WARNING: ⚠ trading_signals.xlsx 파일이 없습니다.
[2025-10-16 15:42:56] INFO: ℹ 모니터링 대상 종목이 없습니다.
[2025-10-16 15:42:56] INFO: 
⏰ 60초 후 다음 사이클 실행...
[2025-10-16 15:42:56] INFO:    종료하려면 Ctrl+C를 누르세요.
[2025-10-16 15:43:56] INFO: 
================================================================================
[2025-10-16 15:43:56] INFO: [사이클 543] 2025-10-16 15:43:56
[2025-10-16 15:43:56] INFO: ================================================================================
[2025-10-16 15:43:56] WARNING: ⚠ trading_signals.xlsx 파일이 없습니다.
[2025-10-16 15:43:56] INFO: ℹ 모니터링 대상 종목이 없습니다.
[2025-10-16 15:43:56] INFO: 
⏰ 60초 후 다음 사이클 실행...
[2025-10-16 15:43:56] INFO:    종료하려면 Ctrl+C를 누르세요.
[2025-10-16 15:44:56] INFO: 
================================================================================
[2025-10-16 15:44:56] INFO: [사이클 544] 2025-10-16 15:44:56
[2025-10-16 15:44:56] INFO: ================================================================================
[2025-10-16 15:44:56] WARNING: ⚠ trading_signals.xlsx 파일이 없습니다.
[2025-10-16 15:44:56] INFO: ℹ 모니터링 대상 종목이 없습니다.
[2025-10-16 15:44:56] INFO: 
⏰ 60초 후 다음 사이클 실행...
[2025-10-16 15:44:56] INFO:    종료하려면 Ctrl+C를 누르세요.
[2025-10-16 15:45:56] INFO: 
================================================================================
[2025-10-16 15:45:56] INFO: [사이클 545] 2025-10-16 15:45:56
[2025-10-16 15:45:56] INFO: ================================================================================
[2025-10-16 15:45:56] WARNING: ⚠ trading_signals.xlsx 파일이 없습니다.
[2025-10-16 15:45:56] INFO: ℹ 모니터링 대상 종목이 없습니다.
[2025-10-16 15:45:56] INFO: 
⏰ 60초 후 다음 사이클 실행...
[2025-10-16 15:45:56] INFO:    종료하려면 Ctrl+C를 누르세요.
[2025-10-16 15:46:56] INFO: 
================================================================================
[2025-10-16 15:46:56] INFO: [사이클 546] 2025-10-16 15:46:56
[2025-10-16 15:46:56] INFO: ================================================================================
[2025-10-16 15:46:56] WARNING: ⚠ trading_signals.xlsx 파일이 없습니다.
[2025-10-16 15:46:56] INFO: ℹ 모니터링 대상 종목이 없습니다.
[2025-10-16 15:46:56] INFO: 
⏰ 60초 후 다음 사이클 실행...
[2025-10-16 15:46:56] INFO:    종료하려면 Ctrl+C를 누르세요.
[2025-10-16 15:47:56] INFO: 
================================================================================
[2025-10-16 15:47:56] INFO: [사이클 547] 2025-10-16 15:47:56
[2025-10-16 15:47:56] INFO: ================================================================================
[2025-10-16 15:47:56] WARNING: ⚠ trading_signals.xlsx 파일이 없습니다.
[2025-10-16 15:47:56] INFO: ℹ 모니터링 대상 종목이 없습니다.
[2025-10-16 15:47:56] INFO: 
⏰ 60초 후 다음 사이클 실행...
[2025-10-16 15:47:56] INFO:    종료하려면 Ctrl+C를 누르세요.
[2025-10-16 15:48:56] INFO: 
================================================================================
[2025-10-16 15:48:56] INFO: [사이클 548] 2025-10-16 15:48:56
[2025-10-16 15:48:56] INFO: ================================================================================
[2025-10-16 15:48:56] WARNING: ⚠ trading_signals.xlsx 파일이 없습니다.
[2025-10-16 15:48:56] INFO: ℹ 모니터링 대상 종목이 없습니다.
[2025-10-16 15:48:56] INFO: 
⏰ 60초 후 다음 사이클 실행...
[2025-10-16 15:48:56] INFO:    종료하려면 Ctrl+C를 누르세요.
[2025-10-16 15:49:56] INFO: 
================================================================================
[2025-10-16 15:49:56] INFO: [사이클 549] 2025-10-16 15:49:56
[2025-10-16 15:49:56] INFO: ================================================================================
[2025-10-16 15:49:56] WARNING: ⚠ trading_signals.xlsx 파일이 없습니다.
[2025-10-16 15:49:56] INFO: ℹ 모니터링 대상 종목이 없습니다.
[2025-10-16 15:49:56] INFO: 
⏰ 60초 후 다음 사이클 실행...
[2025-10-16 15:49:56] INFO:    종료하려면 Ctrl+C를 누르세요.
[2025-10-16 15:50:56] INFO: 
================================================================================
[2025-10-16 15:50:56] INFO: [사이클 550] 2025-10-16 15:50:56
[2025-10-16 15:50:56] INFO: ================================================================================
[2025-10-16 15:50:56] WARNING: ⚠ trading_signals.xlsx 파일이 없습니다.
[2025-10-16 15:50:56] INFO: ℹ 모니터링 대상 종목이 없습니다.
[2025-10-16 15:50:56] INFO: 
⏰ 60초 후 다음 사이클 실행...
[2025-10-16 15:50:56] INFO:    종료하려면 Ctrl+C를 누르세요.
[2025-10-16 15:51:56] INFO: 
================================================================================
[2025-10-16 15:51:56] INFO: [사이클 551] 2025-10-16 15:51:56
[2025-10-16 15:51:56] INFO: ================================================================================
[2025-10-16 15:51:56] WARNING: ⚠ trading_signals.xlsx 파일이 없습니다.
[2025-10-16 15:51:56] INFO: ℹ 모니터링 대상 종목이 없습니다.
[2025-10-16 15:51:56] INFO: 
⏰ 60초 후 다음 사이클 실행...
[2025-10-16 15:51:56] INFO:    종료하려면 Ctrl+C를 누르세요.
[2025-10-16 15:52:56] INFO: 
================================================================================
[2025-10-16 15:52:56] INFO: [사이클 552] 2025-10-16 15:52:56
[2025-10-16 15:52:56] INFO: ================================================================================
[2025-10-16 15:52:56] WARNING: ⚠ trading_signals.xlsx 파일이 없습니다.
[2025-10-16 15:52:56] INFO: ℹ 모니터링 대상 종목이 없습니다.
[2025-10-16 15:52:56] INFO: 
⏰ 60초 후 다음 사이클 실행...
[2025-10-16 15:52:56] INFO:    종료하려면 Ctrl+C를 누르세요.
[2025-10-16 15:53:56] INFO: 
================================================================================
[2025-10-16 15:53:56] INFO: [사이클 553] 2025-10-16 15:53:56
[2025-10-16 15:53:56] INFO: ================================================================================
[2025-10-16 15:53:56] WARNING: ⚠ trading_signals.xlsx 파일이 없습니다.
[2025-10-16 15:53:56] INFO: ℹ 모니터링 대상 종목이 없습니다.
[2025-10-16 15:53:56] INFO: 
⏰ 60초 후 다음 사이클 실행...
[2025-10-16 15:53:56] INFO:    종료하려면 Ctrl+C를 누르세요.
[2025-10-16 15:54:56] INFO: 
================================================================================
[2025-10-16 15:54:56] INFO: [사이클 554] 2025-10-16 15:54:56
[2025-10-16 15:54:56] INFO: ================================================================================
[2025-10-16 15:54:56] WARNING: ⚠ trading_signals.xlsx 파일이 없습니다.
[2025-10-16 15:54:56] INFO: ℹ 모니터링 대상 종목이 없습니다.
[2025-10-16 15:54:56] INFO: 
⏰ 60초 후 다음 사이클 실행...
[2025-10-16 15:54:56] INFO:    종료하려면 Ctrl+C를 누르세요.
[2025-10-16 15:55:56] INFO: 
================================================================================
[2025-10-16 15:55:56] INFO: [사이클 555] 2025-10-16 15:55:56
[2025-10-16 15:55:56] INFO: ================================================================================
[2025-10-16 15:55:56] WARNING: ⚠ trading_signals.xlsx 파일이 없습니다.
[2025-10-16 15:55:56] INFO: ℹ 모니터링 대상 종목이 없습니다.
[2025-10-16 15:55:56] INFO: 
⏰ 60초 후 다음 사이클 실행...
[2025-10-16 15:55:56] INFO:    종료하려면 Ctrl+C를 누르세요.
[2025-10-16 15:56:56] INFO: 
================================================================================
[2025-10-16 15:56:56] INFO: [사이클 556] 2025-10-16 15:56:56
[2025-10-16 15:56:56] INFO: ================================================================================
[2025-10-16 15:56:56] WARNING: ⚠ trading_signals.xlsx 파일이 없습니다.
[2025-10-16 15:56:56] INFO: ℹ 모니터링 대상 종목이 없습니다.
[2025-10-16 15:56:56] INFO: 
⏰ 60초 후 다음 사이클 실행...
[2025-10-16 15:56:56] INFO:    종료하려면 Ctrl+C를 누르세요.
[2025-10-16 15:57:56] INFO: 
================================================================================
[2025-10-16 15:57:56] INFO: [사이클 557] 2025-10-16 15:57:56
[2025-10-16 15:57:56] INFO: ================================================================================
[2025-10-16 15:57:56] WARNING: ⚠ trading_signals.xlsx 파일이 없습니다.
[2025-10-16 15:57:56] INFO: ℹ 모니터링 대상 종목이 없습니다.
[2025-10-16 15:57:56] INFO: 
⏰ 60초 후 다음 사이클 실행...
[2025-10-16 15:57:56] INFO:    종료하려면 Ctrl+C를 누르세요.
[2025-10-16 15:58:56] INFO: 
================================================================================
[2025-10-16 15:58:56] INFO: [사이클 558] 2025-10-16 15:58:56
[2025-10-16 15:58:56] INFO: ================================================================================
[2025-10-16 15:58:56] WARNING: ⚠ trading_signals.xlsx 파일이 없습니다.
[2025-10-16 15:58:56] INFO: ℹ 모니터링 대상 종목이 없습니다.
[2025-10-16 15:58:56] INFO: 
⏰ 60초 후 다음 사이클 실행...
[2025-10-16 15:58:56] INFO:    종료하려면 Ctrl+C를 누르세요.
[2025-10-16 15:59:56] INFO: 
================================================================================
[2025-10-16 15:59:56] INFO: [사이클 559] 2025-10-16 15:59:56
[2025-10-16 15:59:56] INFO: ================================================================================
[2025-10-16 15:59:56] WARNING: ⚠ trading_signals.xlsx 파일이 없습니다.
[2025-10-16 15:59:56] INFO: ℹ 모니터링 대상 종목이 없습니다.
[2025-10-16 15:59:56] INFO: 
⏰ 60초 후 다음 사이클 실행...
[2025-10-16 15:59:56] INFO:    종료하려면 Ctrl+C를 누르세요.
[2025-10-16 16:00:56] INFO: 
================================================================================
[2025-10-16 16:00:56] INFO: [사이클 560] 2025-10-16 16:00:56
[2025-10-16 16:00:56] INFO: ================================================================================
[2025-10-16 16:00:56] WARNING: ⚠ trading_signals.xlsx 파일이 없습니다.
[2025-10-16 16:00:56] INFO: ℹ 모니터링 대상 종목이 없습니다.
[2025-10-16 16:00:56] INFO: 
⏰ 60초 후 다음 사이클 실행...
[2025-10-16 16:00:56] INFO:    종료하려면 Ctrl+C를 누르세요.
[2025-10-16 16:01:56] INFO: 
================================================================================
[2025-10-16 16:01:56] INFO: [사이클 561] 2025-10-16 16:01:56
[2025-10-16 16:01:56] INFO: ================================================================================
[2025-10-16 16:01:56] WARNING: ⚠ trading_signals.xlsx 파일이 없습니다.
[2025-10-16 16:01:56] INFO: ℹ 모니터링 대상 종목이 없습니다.
[2025-10-16 16:01:56] INFO: 
⏰ 60초 후 다음 사이클 실행...
[2025-10-16 16:01:56] INFO:    종료하려면 Ctrl+C를 누르세요.
[2025-10-16 16:02:56] INFO: 
================================================================================
[2025-10-16 16:02:56] INFO: [사이클 562] 2025-10-16 16:02:56
[2025-10-16 16:02:56] INFO: ================================================================================
[2025-10-16 16:02:56] WARNING: ⚠ trading_signals.xlsx 파일이 없습니다.
[2025-10-16 16:02:56] INFO: ℹ 모니터링 대상 종목이 없습니다.
[2025-10-16 16:02:56] INFO: 
⏰ 60초 후 다음 사이클 실행...
[2025-10-16 16:02:56] INFO:    종료하려면 Ctrl+C를 누르세요.
[2025-10-16 16:03:56] INFO: 
================================================================================
[2025-10-16 16:03:56] INFO: [사이클 563] 2025-10-16 16:03:56
[2025-10-16 16:03:56] INFO: ================================================================================
[2025-10-16 16:03:56] WARNING: ⚠ trading_signals.xlsx 파일이 없습니다.
[2025-10-16 16:03:56] INFO: ℹ 모니터링 대상 종목이 없습니다.
[2025-10-16 16:03:56] INFO: 
⏰ 60초 후 다음 사이클 실행...
[2025-10-16 16:03:56] INFO:    종료하려면 Ctrl+C를 누르세요.
[2025-10-16 16:04:56] INFO: 
================================================================================
[2025-10-16 16:04:56] INFO: [사이클 564] 2025-10-16 16:04:56
[2025-10-16 16:04:56] INFO: ================================================================================
[2025-10-16 16:04:56] WARNING: ⚠ trading_signals.xlsx 파일이 없습니다.
[2025-10-16 16:04:56] INFO: ℹ 모니터링 대상 종목이 없습니다.
[2025-10-16 16:04:56] INFO: 
⏰ 60초 후 다음 사이클 실행...
[2025-10-16 16:04:56] INFO:    종료하려면 Ctrl+C를 누르세요.
[2025-10-16 16:05:56] INFO: 
================================================================================
[2025-10-16 16:05:56] INFO: [사이클 565] 2025-10-16 16:05:56
[2025-10-16 16:05:56] INFO: ================================================================================
[2025-10-16 16:05:56] WARNING: ⚠ trading_signals.xlsx 파일이 없습니다.
[2025-10-16 16:05:56] INFO: ℹ 모니터링 대상 종목이 없습니다.
[2025-10-16 16:05:56] INFO: 
⏰ 60초 후 다음 사이클 실행...
[2025-10-16 16:05:56] INFO:    종료하려면 Ctrl+C를 누르세요.
[2025-10-16 16:06:56] INFO: 
================================================================================
[2025-10-16 16:06:56] INFO: [사이클 566] 2025-10-16 16:06:56
[2025-10-16 16:06:56] INFO: ================================================================================
[2025-10-16 16:06:56] WARNING: ⚠ trading_signals.xlsx 파일이 없습니다.
[2025-10-16 16:06:56] INFO: ℹ 모니터링 대상 종목이 없습니다.
[2025-10-16 16:06:56] INFO: 
⏰ 60초 후 다음 사이클 실행...
[2025-10-16 16:06:56] INFO:    종료하려면 Ctrl+C를 누르세요.
[2025-10-16 16:07:56] INFO: 
================================================================================
[2025-10-16 16:07:56] INFO: [사이클 567] 2025-10-16 16:07:56
[2025-10-16 16:07:56] INFO: ================================================================================
[2025-10-16 16:07:56] WARNING: ⚠ trading_signals.xlsx 파일이 없습니다.
[2025-10-16 16:07:56] INFO: ℹ 모니터링 대상 종목이 없습니다.
[2025-10-16 16:07:56] INFO: 
⏰ 60초 후 다음 사이클 실행...
[2025-10-16 16:07:56] INFO:    종료하려면 Ctrl+C를 누르세요.
[2025-10-16 16:08:56] INFO: 
================================================================================
[2025-10-16 16:08:56] INFO: [사이클 568] 2025-10-16 16:08:56
[2025-10-16 16:08:56] INFO: ================================================================================
[2025-10-16 16:08:56] WARNING: ⚠ trading_signals.xlsx 파일이 없습니다.
[2025-10-16 16:08:56] INFO: ℹ 모니터링 대상 종목이 없습니다.
[2025-10-16 16:08:56] INFO: 
⏰ 60초 후 다음 사이클 실행...
[2025-10-16 16:08:56] INFO:    종료하려면 Ctrl+C를 누르세요.
[2025-10-16 16:09:56] INFO: 
================================================================================
[2025-10-16 16:09:56] INFO: [사이클 569] 2025-10-16 16:09:56
[2025-10-16 16:09:56] INFO: ================================================================================
[2025-10-16 16:09:56] WARNING: ⚠ trading_signals.xlsx 파일이 없습니다.
[2025-10-16 16:09:56] INFO: ℹ 모니터링 대상 종목이 없습니다.
[2025-10-16 16:09:56] INFO: 
⏰ 60초 후 다음 사이클 실행...
[2025-10-16 16:09:56] INFO:    종료하려면 Ctrl+C를 누르세요.
[2025-10-16 16:10:56] INFO: 
================================================================================
[2025-10-16 16:10:56] INFO: [사이클 570] 2025-10-16 16:10:56
[2025-10-16 16:10:56] INFO: ================================================================================
[2025-10-16 16:10:56] WARNING: ⚠ trading_signals.xlsx 파일이 없습니다.
[2025-10-16 16:10:56] INFO: ℹ 모니터링 대상 종목이 없습니다.
[2025-10-16 16:10:56] INFO: 
⏰ 60초 후 다음 사이클 실행...
[2025-10-16 16:10:56] INFO:    종료하려면 Ctrl+C를 누르세요.
[2025-10-16 16:11:56] INFO: 
================================================================================
[2025-10-16 16:11:56] INFO: [사이클 571] 2025-10-16 16:11:56
[2025-10-16 16:11:56] INFO: ================================================================================
[2025-10-16 16:11:56] WARNING: ⚠ trading_signals.xlsx 파일이 없습니다.
[2025-10-16 16:11:56] INFO: ℹ 모니터링 대상 종목이 없습니다.
[2025-10-16 16:11:56] INFO: 
⏰ 60초 후 다음 사이클 실행...
[2025-10-16 16:11:56] INFO:    종료하려면 Ctrl+C를 누르세요.
[2025-10-16 16:12:56] INFO: 
================================================================================
[2025-10-16 16:12:56] INFO: [사이클 572] 2025-10-16 16:12:56
[2025-10-16 16:12:56] INFO: ================================================================================
[2025-10-16 16:12:56] WARNING: ⚠ trading_signals.xlsx 파일이 없습니다.
[2025-10-16 16:12:56] INFO: ℹ 모니터링 대상 종목이 없습니다.
[2025-10-16 16:12:56] INFO: 
⏰ 60초 후 다음 사이클 실행...
[2025-10-16 16:12:56] INFO:    종료하려면 Ctrl+C를 누르세요.
[2025-10-16 16:13:56] INFO: 
================================================================================
[2025-10-16 16:13:56] INFO: [사이클 573] 2025-10-16 16:13:56
[2025-10-16 16:13:56] INFO: ================================================================================
[2025-10-16 16:13:56] WARNING: ⚠ trading_signals.xlsx 파일이 없습니다.
[2025-10-16 16:13:56] INFO: ℹ 모니터링 대상 종목이 없습니다.
[2025-10-16 16:13:56] INFO: 
⏰ 60초 후 다음 사이클 실행...
[2025-10-16 16:13:56] INFO:    종료하려면 Ctrl+C를 누르세요.
[2025-10-16 16:14:56] INFO: 
================================================================================
[2025-10-16 16:14:56] INFO: [사이클 574] 2025-10-16 16:14:56
[2025-10-16 16:14:56] INFO: ================================================================================
[2025-10-16 16:14:56] WARNING: ⚠ trading_signals.xlsx 파일이 없습니다.
[2025-10-16 16:14:56] INFO: ℹ 모니터링 대상 종목이 없습니다.
[2025-10-16 16:14:56] INFO: 
⏰ 60초 후 다음 사이클 실행...
[2025-10-16 16:14:56] INFO:    종료하려면 Ctrl+C를 누르세요.
[2025-10-16 16:15:56] INFO: 
================================================================================
[2025-10-16 16:15:56] INFO: [사이클 575] 2025-10-16 16:15:56
[2025-10-16 16:15:56] INFO: ================================================================================
[2025-10-16 16:15:56] WARNING: ⚠ trading_signals.xlsx 파일이 없습니다.
[2025-10-16 16:15:56] INFO: ℹ 모니터링 대상 종목이 없습니다.
[2025-10-16 16:15:56] INFO: 
⏰ 60초 후 다음 사이클 실행...
[2025-10-16 16:15:56] INFO:    종료하려면 Ctrl+C를 누르세요.
[2025-10-16 16:16:56] INFO: 
================================================================================
[2025-10-16 16:16:56] INFO: [사이클 576] 2025-10-16 16:16:56
[2025-10-16 16:16:56] INFO: ================================================================================
[2025-10-16 16:16:56] WARNING: ⚠ trading_signals.xlsx 파일이 없습니다.
[2025-10-16 16:16:56] INFO: ℹ 모니터링 대상 종목이 없습니다.
[2025-10-16 16:16:56] INFO: 
⏰ 60초 후 다음 사이클 실행...
[2025-10-16 16:16:56] INFO:    종료하려면 Ctrl+C를 누르세요.
[2025-10-16 16:17:56] INFO: 
================================================================================
[2025-10-16 16:17:56] INFO: [사이클 577] 2025-10-16 16:17:56
[2025-10-16 16:17:56] INFO: ================================================================================
[2025-10-16 16:17:56] WARNING: ⚠ trading_signals.xlsx 파일이 없습니다.
[2025-10-16 16:17:56] INFO: ℹ 모니터링 대상 종목이 없습니다.
[2025-10-16 16:17:56] INFO: 
⏰ 60초 후 다음 사이클 실행...
[2025-10-16 16:17:56] INFO:    종료하려면 Ctrl+C를 누르세요.
[2025-10-16 16:18:56] INFO: 
================================================================================
[2025-10-16 16:18:56] INFO: [사이클 578] 2025-10-16 16:18:56
[2025-10-16 16:18:56] INFO: ================================================================================
[2025-10-16 16:18:56] WARNING: ⚠ trading_signals.xlsx 파일이 없습니다.
[2025-10-16 16:18:56] INFO: ℹ 모니터링 대상 종목이 없습니다.
[2025-10-16 16:18:56] INFO: 
⏰ 60초 후 다음 사이클 실행...
[2025-10-16 16:18:56] INFO:    종료하려면 Ctrl+C를 누르세요.
[2025-10-16 16:19:56] INFO: 
================================================================================
[2025-10-16 16:19:56] INFO: [사이클 579] 2025-10-16 16:19:56
[2025-10-16 16:19:56] INFO: ================================================================================
[2025-10-16 16:19:56] WARNING: ⚠ trading_signals.xlsx 파일이 없습니다.
[2025-10-16 16:19:56] INFO: ℹ 모니터링 대상 종목이 없습니다.
[2025-10-16 16:19:56] INFO: 
⏰ 60초 후 다음 사이클 실행...
[2025-10-16 16:19:56] INFO:    종료하려면 Ctrl+C를 누르세요.
[2025-10-16 16:20:56] INFO: 
================================================================================
[2025-10-16 16:20:56] INFO: [사이클 580] 2025-10-16 16:20:56
[2025-10-16 16:20:56] INFO: ================================================================================
[2025-10-16 16:20:56] WARNING: ⚠ trading_signals.xlsx 파일이 없습니다.
[2025-10-16 16:20:56] INFO: ℹ 모니터링 대상 종목이 없습니다.
[2025-10-16 16:20:56] INFO: 
⏰ 60초 후 다음 사이클 실행...
[2025-10-16 16:20:56] INFO:    종료하려면 Ctrl+C를 누르세요.
[2025-10-16 16:21:56] INFO: 
================================================================================
[2025-10-16 16:21:56] INFO: [사이클 581] 2025-10-16 16:21:56
[2025-10-16 16:21:56] INFO: ================================================================================
[2025-10-16 16:21:56] WARNING: ⚠ trading_signals.xlsx 파일이 없습니다.
[2025-10-16 16:21:56] INFO: ℹ 모니터링 대상 종목이 없습니다.
[2025-10-16 16:21:56] INFO: 
⏰ 60초 후 다음 사이클 실행...
[2025-10-16 16:21:56] INFO:    종료하려면 Ctrl+C를 누르세요.
[2025-10-16 16:22:56] INFO: 
================================================================================
[2025-10-16 16:22:56] INFO: [사이클 582] 2025-10-16 16:22:56
[2025-10-16 16:22:56] INFO: ================================================================================
[2025-10-16 16:22:56] WARNING: ⚠ trading_signals.xlsx 파일이 없습니다.
[2025-10-16 16:22:56] INFO: ℹ 모니터링 대상 종목이 없습니다.
[2025-10-16 16:22:56] INFO: 
⏰ 60초 후 다음 사이클 실행...
[2025-10-16 16:22:56] INFO:    종료하려면 Ctrl+C를 누르세요.
[2025-10-16 16:23:56] INFO: 
================================================================================
[2025-10-16 16:23:56] INFO: [사이클 583] 2025-10-16 16:23:56
[2025-10-16 16:23:56] INFO: ================================================================================
[2025-10-16 16:23:56] WARNING: ⚠ trading_signals.xlsx 파일이 없습니다.
[2025-10-16 16:23:56] INFO: ℹ 모니터링 대상 종목이 없습니다.
[2025-10-16 16:23:56] INFO: 
⏰ 60초 후 다음 사이클 실행...
[2025-10-16 16:23:56] INFO:    종료하려면 Ctrl+C를 누르세요.
[2025-10-16 16:24:56] INFO: 
================================================================================
[2025-10-16 16:24:56] INFO: [사이클 584] 2025-10-16 16:24:56
[2025-10-16 16:24:56] INFO: ================================================================================
[2025-10-16 16:24:56] WARNING: ⚠ trading_signals.xlsx 파일이 없습니다.
[2025-10-16 16:24:56] INFO: ℹ 모니터링 대상 종목이 없습니다.
[2025-10-16 16:24:56] INFO: 
⏰ 60초 후 다음 사이클 실행...
[2025-10-16 16:24:56] INFO:    종료하려면 Ctrl+C를 누르세요.
[2025-10-16 16:25:56] INFO: 
================================================================================
[2025-10-16 16:25:56] INFO: [사이클 585] 2025-10-16 16:25:56
[2025-10-16 16:25:56] INFO: ================================================================================
[2025-10-16 16:25:56] WARNING: ⚠ trading_signals.xlsx 파일이 없습니다.
[2025-10-16 16:25:56] INFO: ℹ 모니터링 대상 종목이 없습니다.
[2025-10-16 16:25:56] INFO: 
⏰ 60초 후 다음 사이클 실행...
[2025-10-16 16:25:56] INFO:    종료하려면 Ctrl+C를 누르세요.
[2025-10-16 16:26:56] INFO: 
================================================================================
[2025-10-16 16:26:56] INFO: [사이클 586] 2025-10-16 16:26:56
[2025-10-16 16:26:56] INFO: ================================================================================
[2025-10-16 16:26:56] WARNING: ⚠ trading_signals.xlsx 파일이 없습니다.
[2025-10-16 16:26:56] INFO: ℹ 모니터링 대상 종목이 없습니다.
[2025-10-16 16:26:56] INFO: 
⏰ 60초 후 다음 사이클 실행...
[2025-10-16 16:26:56] INFO:    종료하려면 Ctrl+C를 누르세요.
[2025-10-16 16:27:56] INFO: 
================================================================================
[2025-10-16 16:27:56] INFO: [사이클 587] 2025-10-16 16:27:56
[2025-10-16 16:27:56] INFO: ================================================================================
[2025-10-16 16:27:56] WARNING: ⚠ trading_signals.xlsx 파일이 없습니다.
[2025-10-16 16:27:56] INFO: ℹ 모니터링 대상 종목이 없습니다.
[2025-10-16 16:27:56] INFO: 
⏰ 60초 후 다음 사이클 실행...
[2025-10-16 16:27:56] INFO:    종료하려면 Ctrl+C를 누르세요.
[2025-10-16 16:28:56] INFO: 
================================================================================
[2025-10-16 16:28:56] INFO: [사이클 588] 2025-10-16 16:28:56
[2025-10-16 16:28:56] INFO: ================================================================================
[2025-10-16 16:28:56] WARNING: ⚠ trading_signals.xlsx 파일이 없습니다.
[2025-10-16 16:28:56] INFO: ℹ 모니터링 대상 종목이 없습니다.
[2025-10-16 16:28:56] INFO: 
⏰ 60초 후 다음 사이클 실행...
[2025-10-16 16:28:56] INFO:    종료하려면 Ctrl+C를 누르세요.
[2025-10-16 16:29:56] INFO: 
================================================================================
[2025-10-16 16:29:56] INFO: [사이클 589] 2025-10-16 16:29:56
[2025-10-16 16:29:56] INFO: ================================================================================
[2025-10-16 16:29:56] WARNING: ⚠ trading_signals.xlsx 파일이 없습니다.
[2025-10-16 16:29:56] INFO: ℹ 모니터링 대상 종목이 없습니다.
[2025-10-16 16:29:56] INFO: 
⏰ 60초 후 다음 사이클 실행...
[2025-10-16 16:29:56] INFO:    종료하려면 Ctrl+C를 누르세요.
[2025-10-16 16:30:56] INFO: 
================================================================================
[2025-10-16 16:30:56] INFO: [사이클 590] 2025-10-16 16:30:56
[2025-10-16 16:30:56] INFO: ================================================================================
[2025-10-16 16:30:56] WARNING: ⚠ trading_signals.xlsx 파일이 없습니다.
[2025-10-16 16:30:56] INFO: ℹ 모니터링 대상 종목이 없습니다.
[2025-10-16 16:30:56] INFO: 
⏰ 60초 후 다음 사이클 실행...
[2025-10-16 16:30:56] INFO:    종료하려면 Ctrl+C를 누르세요.
[2025-10-16 16:31:56] INFO: 
================================================================================
[2025-10-16 16:31:56] INFO: [사이클 591] 2025-10-16 16:31:56
[2025-10-16 16:31:56] INFO: ================================================================================
[2025-10-16 16:31:56] WARNING: ⚠ trading_signals.xlsx 파일이 없습니다.
[2025-10-16 16:31:56] INFO: ℹ 모니터링 대상 종목이 없습니다.
[2025-10-16 16:31:56] INFO: 
⏰ 60초 후 다음 사이클 실행...
[2025-10-16 16:31:56] INFO:    종료하려면 Ctrl+C를 누르세요.
[2025-10-16 16:32:56] INFO: 
================================================================================
[2025-10-16 16:32:56] INFO: [사이클 592] 2025-10-16 16:32:56
[2025-10-16 16:32:56] INFO: ================================================================================
[2025-10-16 16:32:56] WARNING: ⚠ trading_signals.xlsx 파일이 없습니다.
[2025-10-16 16:32:56] INFO: ℹ 모니터링 대상 종목이 없습니다.
[2025-10-16 16:32:56] INFO: 
⏰ 60초 후 다음 사이클 실행...
[2025-10-16 16:32:56] INFO:    종료하려면 Ctrl+C를 누르세요.
[2025-10-16 16:33:56] INFO: 
================================================================================
[2025-10-16 16:33:56] INFO: [사이클 593] 2025-10-16 16:33:56
[2025-10-16 16:33:56] INFO: ================================================================================
[2025-10-16 16:33:56] WARNING: ⚠ trading_signals.xlsx 파일이 없습니다.
[2025-10-16 16:33:56] INFO: ℹ 모니터링 대상 종목이 없습니다.
[2025-10-16 16:33:56] INFO: 
⏰ 60초 후 다음 사이클 실행...
[2025-10-16 16:33:56] INFO:    종료하려면 Ctrl+C를 누르세요.
[2025-10-16 16:34:56] INFO: 
================================================================================
[2025-10-16 16:34:56] INFO: [사이클 594] 2025-10-16 16:34:56
[2025-10-16 16:34:56] INFO: ================================================================================
[2025-10-16 16:34:56] WARNING: ⚠ trading_signals.xlsx 파일이 없습니다.
[2025-10-16 16:34:56] INFO: ℹ 모니터링 대상 종목이 없습니다.
[2025-10-16 16:34:56] INFO: 
⏰ 60초 후 다음 사이클 실행...
[2025-10-16 16:34:56] INFO:    종료하려면 Ctrl+C를 누르세요.
[2025-10-16 16:35:56] INFO: 
================================================================================
[2025-10-16 16:35:56] INFO: [사이클 595] 2025-10-16 16:35:56
[2025-10-16 16:35:56] INFO: ================================================================================
[2025-10-16 16:35:56] WARNING: ⚠ trading_signals.xlsx 파일이 없습니다.
[2025-10-16 16:35:56] INFO: ℹ 모니터링 대상 종목이 없습니다.
[2025-10-16 16:35:56] INFO: 
⏰ 60초 후 다음 사이클 실행...
[2025-10-16 16:35:56] INFO:    종료하려면 Ctrl+C를 누르세요.
[2025-10-16 16:36:56] INFO: 
================================================================================
[2025-10-16 16:36:56] INFO: [사이클 596] 2025-10-16 16:36:56
[2025-10-16 16:36:56] INFO: ================================================================================
[2025-10-16 16:36:56] WARNING: ⚠ trading_signals.xlsx 파일이 없습니다.
[2025-10-16 16:36:56] INFO: ℹ 모니터링 대상 종목이 없습니다.
[2025-10-16 16:36:56] INFO: 
⏰ 60초 후 다음 사이클 실행...
[2025-10-16 16:36:56] INFO:    종료하려면 Ctrl+C를 누르세요.
[2025-10-16 16:37:56] INFO: 
================================================================================
[2025-10-16 16:37:56] INFO: [사이클 597] 2025-10-16 16:37:56
[2025-10-16 16:37:56] INFO: ================================================================================
[2025-10-16 16:37:56] WARNING: ⚠ trading_signals.xlsx 파일이 없습니다.
[2025-10-16 16:37:56] INFO: ℹ 모니터링 대상 종목이 없습니다.
[2025-10-16 16:37:56] INFO: 
⏰ 60초 후 다음 사이클 실행...
[2025-10-16 16:37:56] INFO:    종료하려면 Ctrl+C를 누르세요.
[2025-10-16 16:38:56] INFO: 
================================================================================
[2025-10-16 16:38:56] INFO: [사이클 598] 2025-10-16 16:38:56
[2025-10-16 16:38:56] INFO: ================================================================================
[2025-10-16 16:38:56] WARNING: ⚠ trading_signals.xlsx 파일이 없습니다.
[2025-10-16 16:38:56] INFO: ℹ 모니터링 대상 종목이 없습니다.
[2025-10-16 16:38:56] INFO: 
⏰ 60초 후 다음 사이클 실행...
[2025-10-16 16:38:56] INFO:    종료하려면 Ctrl+C를 누르세요.
[2025-10-16 16:39:56] INFO: 
================================================================================
[2025-10-16 16:39:56] INFO: [사이클 599] 2025-10-16 16:39:56
[2025-10-16 16:39:56] INFO: ================================================================================
[2025-10-16 16:39:56] WARNING: ⚠ trading_signals.xlsx 파일이 없습니다.
[2025-10-16 16:39:57] INFO: ℹ 모니터링 대상 종목이 없습니다.
[2025-10-16 16:39:57] INFO: 
⏰ 60초 후 다음 사이클 실행...
[2025-10-16 16:39:57] INFO:    종료하려면 Ctrl+C를 누르세요.
[2025-10-16 16:40:57] INFO: 
================================================================================
[2025-10-16 16:40:57] INFO: [사이클 600] 2025-10-16 16:40:57
[2025-10-16 16:40:57] INFO: ================================================================================
[2025-10-16 16:40:57] WARNING: ⚠ trading_signals.xlsx 파일이 없습니다.
[2025-10-16 16:40:57] INFO: ℹ 모니터링 대상 종목이 없습니다.
[2025-10-16 16:40:57] INFO: 
⏰ 60초 후 다음 사이클 실행...
[2025-10-16 16:40:57] INFO:    종료하려면 Ctrl+C를 누르세요.
[2025-10-16 16:41:57] INFO: 
================================================================================
[2025-10-16 16:41:57] INFO: [사이클 601] 2025-10-16 16:41:57
[2025-10-16 16:41:57] INFO: ================================================================================
[2025-10-16 16:41:57] WARNING: ⚠ trading_signals.xlsx 파일이 없습니다.
[2025-10-16 16:41:57] INFO: ℹ 모니터링 대상 종목이 없습니다.
[2025-10-16 16:41:57] INFO: 
⏰ 60초 후 다음 사이클 실행...
[2025-10-16 16:41:57] INFO:    종료하려면 Ctrl+C를 누르세요.
[2025-10-16 16:42:57] INFO: 
================================================================================
[2025-10-16 16:42:57] INFO: [사이클 602] 2025-10-16 16:42:57
[2025-10-16 16:42:57] INFO: ================================================================================
[2025-10-16 16:42:57] WARNING: ⚠ trading_signals.xlsx 파일이 없습니다.
[2025-10-16 16:42:57] INFO: ℹ 모니터링 대상 종목이 없습니다.
[2025-10-16 16:42:57] INFO: 
⏰ 60초 후 다음 사이클 실행...
[2025-10-16 16:42:57] INFO:    종료하려면 Ctrl+C를 누르세요.
[2025-10-16 16:43:57] INFO: 
================================================================================
[2025-10-16 16:43:57] INFO: [사이클 603] 2025-10-16 16:43:57
[2025-10-16 16:43:57] INFO: ================================================================================
[2025-10-16 16:43:57] WARNING: ⚠ trading_signals.xlsx 파일이 없습니다.
[2025-10-16 16:43:57] INFO: ℹ 모니터링 대상 종목이 없습니다.
[2025-10-16 16:43:57] INFO: 
⏰ 60초 후 다음 사이클 실행...
[2025-10-16 16:43:57] INFO:    종료하려면 Ctrl+C를 누르세요.
[2025-10-16 16:44:57] INFO: 
================================================================================
[2025-10-16 16:44:57] INFO: [사이클 604] 2025-10-16 16:44:57
[2025-10-16 16:44:57] INFO: ================================================================================
[2025-10-16 16:44:57] WARNING: ⚠ trading_signals.xlsx 파일이 없습니다.
[2025-10-16 16:44:57] INFO: ℹ 모니터링 대상 종목이 없습니다.
[2025-10-16 16:44:57] INFO: 
⏰ 60초 후 다음 사이클 실행...
[2025-10-16 16:44:57] INFO:    종료하려면 Ctrl+C를 누르세요.
[2025-10-16 16:45:57] INFO: 
================================================================================
[2025-10-16 16:45:57] INFO: [사이클 605] 2025-10-16 16:45:57
[2025-10-16 16:45:57] INFO: ================================================================================
[2025-10-16 16:45:57] WARNING: ⚠ trading_signals.xlsx 파일이 없습니다.
[2025-10-16 16:45:57] INFO: ℹ 모니터링 대상 종목이 없습니다.
[2025-10-16 16:45:57] INFO: 
⏰ 60초 후 다음 사이클 실행...
[2025-10-16 16:45:57] INFO:    종료하려면 Ctrl+C를 누르세요.
[2025-10-16 16:46:57] INFO: 
================================================================================
[2025-10-16 16:46:57] INFO: [사이클 606] 2025-10-16 16:46:57
[2025-10-16 16:46:57] INFO: ================================================================================
[2025-10-16 16:46:57] WARNING: ⚠ trading_signals.xlsx 파일이 없습니다.
[2025-10-16 16:46:57] INFO: ℹ 모니터링 대상 종목이 없습니다.
[2025-10-16 16:46:57] INFO: 
⏰ 60초 후 다음 사이클 실행...
[2025-10-16 16:46:57] INFO:    종료하려면 Ctrl+C를 누르세요.
[2025-10-16 16:47:57] INFO: 
================================================================================
[2025-10-16 16:47:57] INFO: [사이클 607] 2025-10-16 16:47:57
[2025-10-16 16:47:57] INFO: ================================================================================
[2025-10-16 16:47:57] WARNING: ⚠ trading_signals.xlsx 파일이 없습니다.
[2025-10-16 16:47:57] INFO: ℹ 모니터링 대상 종목이 없습니다.
[2025-10-16 16:47:57] INFO: 
⏰ 60초 후 다음 사이클 실행...
[2025-10-16 16:47:57] INFO:    종료하려면 Ctrl+C를 누르세요.
[2025-10-16 16:48:57] INFO: 
================================================================================
[2025-10-16 16:48:57] INFO: [사이클 608] 2025-10-16 16:48:57
[2025-10-16 16:48:57] INFO: ================================================================================
[2025-10-16 16:48:57] WARNING: ⚠ trading_signals.xlsx 파일이 없습니다.
[2025-10-16 16:48:57] INFO: ℹ 모니터링 대상 종목이 없습니다.
[2025-10-16 16:48:57] INFO: 
⏰ 60초 후 다음 사이클 실행...
[2025-10-16 16:48:57] INFO:    종료하려면 Ctrl+C를 누르세요.
[2025-10-16 16:49:57] INFO: 
================================================================================
[2025-10-16 16:49:57] INFO: [사이클 609] 2025-10-16 16:49:57
[2025-10-16 16:49:57] INFO: ================================================================================
[2025-10-16 16:49:57] WARNING: ⚠ trading_signals.xlsx 파일이 없습니다.
[2025-10-16 16:49:57] INFO: ℹ 모니터링 대상 종목이 없습니다.
[2025-10-16 16:49:57] INFO: 
⏰ 60초 후 다음 사이클 실행...
[2025-10-16 16:49:57] INFO:    종료하려면 Ctrl+C를 누르세요.
[2025-10-16 16:50:57] INFO: 
================================================================================
[2025-10-16 16:50:57] INFO: [사이클 610] 2025-10-16 16:50:57
[2025-10-16 16:50:57] INFO: ================================================================================
[2025-10-16 16:50:57] WARNING: ⚠ trading_signals.xlsx 파일이 없습니다.
[2025-10-16 16:50:57] INFO: ℹ 모니터링 대상 종목이 없습니다.
[2025-10-16 16:50:57] INFO: 
⏰ 60초 후 다음 사이클 실행...
[2025-10-16 16:50:57] INFO:    종료하려면 Ctrl+C를 누르세요.
[2025-10-16 16:51:57] INFO: 
================================================================================
[2025-10-16 16:51:57] INFO: [사이클 611] 2025-10-16 16:51:57
[2025-10-16 16:51:57] INFO: ================================================================================
[2025-10-16 16:51:57] WARNING: ⚠ trading_signals.xlsx 파일이 없습니다.
[2025-10-16 16:51:57] INFO: ℹ 모니터링 대상 종목이 없습니다.
[2025-10-16 16:51:57] INFO: 
⏰ 60초 후 다음 사이클 실행...
[2025-10-16 16:51:57] INFO:    종료하려면 Ctrl+C를 누르세요.
[2025-10-16 16:52:57] INFO: 
================================================================================
[2025-10-16 16:52:57] INFO: [사이클 612] 2025-10-16 16:52:57
[2025-10-16 16:52:57] INFO: ================================================================================
[2025-10-16 16:52:57] WARNING: ⚠ trading_signals.xlsx 파일이 없습니다.
[2025-10-16 16:52:57] INFO: ℹ 모니터링 대상 종목이 없습니다.
[2025-10-16 16:52:57] INFO: 
⏰ 60초 후 다음 사이클 실행...
[2025-10-16 16:52:57] INFO:    종료하려면 Ctrl+C를 누르세요.
[2025-10-16 16:53:57] INFO: 
================================================================================
[2025-10-16 16:53:57] INFO: [사이클 613] 2025-10-16 16:53:57
[2025-10-16 16:53:57] INFO: ================================================================================
[2025-10-16 16:53:57] WARNING: ⚠ trading_signals.xlsx 파일이 없습니다.
[2025-10-16 16:53:57] INFO: ℹ 모니터링 대상 종목이 없습니다.
[2025-10-16 16:53:57] INFO: 
⏰ 60초 후 다음 사이클 실행...
[2025-10-16 16:53:57] INFO:    종료하려면 Ctrl+C를 누르세요.
[2025-10-16 16:54:57] INFO: 
================================================================================
[2025-10-16 16:54:57] INFO: [사이클 614] 2025-10-16 16:54:57
[2025-10-16 16:54:57] INFO: ================================================================================
[2025-10-16 16:54:57] WARNING: ⚠ trading_signals.xlsx 파일이 없습니다.
[2025-10-16 16:54:57] INFO: ℹ 모니터링 대상 종목이 없습니다.
[2025-10-16 16:54:57] INFO: 
⏰ 60초 후 다음 사이클 실행...
[2025-10-16 16:54:57] INFO:    종료하려면 Ctrl+C를 누르세요.
[2025-10-16 16:55:57] INFO: 
================================================================================
[2025-10-16 16:55:57] INFO: [사이클 615] 2025-10-16 16:55:57
[2025-10-16 16:55:57] INFO: ================================================================================
[2025-10-16 16:55:57] WARNING: ⚠ trading_signals.xlsx 파일이 없습니다.
[2025-10-16 16:55:57] INFO: ℹ 모니터링 대상 종목이 없습니다.
[2025-10-16 16:55:57] INFO: 
⏰ 60초 후 다음 사이클 실행...
[2025-10-16 16:55:57] INFO:    종료하려면 Ctrl+C를 누르세요.
[2025-10-16 16:56:57] INFO: 
================================================================================
[2025-10-16 16:56:57] INFO: [사이클 616] 2025-10-16 16:56:57
[2025-10-16 16:56:57] INFO: ================================================================================
[2025-10-16 16:56:57] WARNING: ⚠ trading_signals.xlsx 파일이 없습니다.
[2025-10-16 16:56:57] INFO: ℹ 모니터링 대상 종목이 없습니다.
[2025-10-16 16:56:57] INFO: 
⏰ 60초 후 다음 사이클 실행...
[2025-10-16 16:56:57] INFO:    종료하려면 Ctrl+C를 누르세요.
[2025-10-16 16:57:57] INFO: 
================================================================================
[2025-10-16 16:57:57] INFO: [사이클 617] 2025-10-16 16:57:57
[2025-10-16 16:57:57] INFO: ================================================================================
[2025-10-16 16:57:57] WARNING: ⚠ trading_signals.xlsx 파일이 없습니다.
[2025-10-16 16:57:57] INFO: ℹ 모니터링 대상 종목이 없습니다.
[2025-10-16 16:57:57] INFO: 
⏰ 60초 후 다음 사이클 실행...
[2025-10-16 16:57:57] INFO:    종료하려면 Ctrl+C를 누르세요.
[2025-10-16 16:58:57] INFO: 
================================================================================
[2025-10-16 16:58:57] INFO: [사이클 618] 2025-10-16 16:58:57
[2025-10-16 16:58:57] INFO: ================================================================================
[2025-10-16 16:58:57] WARNING: ⚠ trading_signals.xlsx 파일이 없습니다.
[2025-10-16 16:58:57] INFO: ℹ 모니터링 대상 종목이 없습니다.
[2025-10-16 16:58:57] INFO: 
⏰ 60초 후 다음 사이클 실행...
[2025-10-16 16:58:57] INFO:    종료하려면 Ctrl+C를 누르세요.
[2025-10-16 16:59:57] INFO: 
================================================================================
[2025-10-16 16:59:57] INFO: [사이클 619] 2025-10-16 16:59:57
[2025-10-16 16:59:57] INFO: ================================================================================
[2025-10-16 16:59:57] WARNING: ⚠ trading_signals.xlsx 파일이 없습니다.
[2025-10-16 16:59:57] INFO: ℹ 모니터링 대상 종목이 없습니다.
[2025-10-16 16:59:57] INFO: 
⏰ 60초 후 다음 사이클 실행...
[2025-10-16 16:59:57] INFO:    종료하려면 Ctrl+C를 누르세요.
[2025-10-16 17:00:57] INFO: 
================================================================================
[2025-10-16 17:00:57] INFO: [사이클 620] 2025-10-16 17:00:57
[2025-10-16 17:00:57] INFO: ================================================================================
[2025-10-16 17:00:57] WARNING: ⚠ trading_signals.xlsx 파일이 없습니다.
[2025-10-16 17:00:57] INFO: ℹ 모니터링 대상 종목이 없습니다.
[2025-10-16 17:00:57] INFO: 
⏰ 60초 후 다음 사이클 실행...
[2025-10-16 17:00:57] INFO:    종료하려면 Ctrl+C를 누르세요.
[2025-10-16 17:01:57] INFO: 
================================================================================
[2025-10-16 17:01:57] INFO: [사이클 621] 2025-10-16 17:01:57
[2025-10-16 17:01:57] INFO: ================================================================================
[2025-10-16 17:01:57] WARNING: ⚠ trading_signals.xlsx 파일이 없습니다.
[2025-10-16 17:01:57] INFO: ℹ 모니터링 대상 종목이 없습니다.
[2025-10-16 17:01:57] INFO: 
⏰ 60초 후 다음 사이클 실행...
[2025-10-16 17:01:57] INFO:    종료하려면 Ctrl+C를 누르세요.
[2025-10-16 17:02:57] INFO: 
================================================================================
[2025-10-16 17:02:57] INFO: [사이클 622] 2025-10-16 17:02:57
[2025-10-16 17:02:57] INFO: ================================================================================
[2025-10-16 17:02:57] WARNING: ⚠ trading_signals.xlsx 파일이 없습니다.
[2025-10-16 17:02:57] INFO: ℹ 모니터링 대상 종목이 없습니다.
[2025-10-16 17:02:57] INFO: 
⏰ 60초 후 다음 사이클 실행...
[2025-10-16 17:02:57] INFO:    종료하려면 Ctrl+C를 누르세요.
[2025-10-16 17:03:57] INFO: 
================================================================================
[2025-10-16 17:03:57] INFO: [사이클 623] 2025-10-16 17:03:57
[2025-10-16 17:03:57] INFO: ================================================================================
[2025-10-16 17:03:57] WARNING: ⚠ trading_signals.xlsx 파일이 없습니다.
[2025-10-16 17:03:57] INFO: ℹ 모니터링 대상 종목이 없습니다.
[2025-10-16 17:03:57] INFO: 
⏰ 60초 후 다음 사이클 실행...
[2025-10-16 17:03:57] INFO:    종료하려면 Ctrl+C를 누르세요.
[2025-10-16 17:04:57] INFO: 
================================================================================
[2025-10-16 17:04:57] INFO: [사이클 624] 2025-10-16 17:04:57
[2025-10-16 17:04:57] INFO: ================================================================================
[2025-10-16 17:04:57] WARNING: ⚠ trading_signals.xlsx 파일이 없습니다.
[2025-10-16 17:04:57] INFO: ℹ 모니터링 대상 종목이 없습니다.
[2025-10-16 17:04:57] INFO: 
⏰ 60초 후 다음 사이클 실행...
[2025-10-16 17:04:57] INFO:    종료하려면 Ctrl+C를 누르세요.
[2025-10-16 17:05:57] INFO: 
================================================================================
[2025-10-16 17:05:57] INFO: [사이클 625] 2025-10-16 17:05:57
[2025-10-16 17:05:57] INFO: ================================================================================
[2025-10-16 17:05:57] WARNING: ⚠ trading_signals.xlsx 파일이 없습니다.
[2025-10-16 17:05:57] INFO: ℹ 모니터링 대상 종목이 없습니다.
[2025-10-16 17:05:57] INFO: 
⏰ 60초 후 다음 사이클 실행...
[2025-10-16 17:05:57] INFO:    종료하려면 Ctrl+C를 누르세요.
[2025-10-16 17:06:57] INFO: 
================================================================================
[2025-10-16 17:06:57] INFO: [사이클 626] 2025-10-16 17:06:57
[2025-10-16 17:06:57] INFO: ================================================================================
[2025-10-16 17:06:57] WARNING: ⚠ trading_signals.xlsx 파일이 없습니다.
[2025-10-16 17:06:57] INFO: ℹ 모니터링 대상 종목이 없습니다.
[2025-10-16 17:06:57] INFO: 
⏰ 60초 후 다음 사이클 실행...
[2025-10-16 17:06:57] INFO:    종료하려면 Ctrl+C를 누르세요.
[2025-10-16 17:07:57] INFO: 
================================================================================
[2025-10-16 17:07:57] INFO: [사이클 627] 2025-10-16 17:07:57
[2025-10-16 17:07:57] INFO: ================================================================================
[2025-10-16 17:07:57] WARNING: ⚠ trading_signals.xlsx 파일이 없습니다.
[2025-10-16 17:07:57] INFO: ℹ 모니터링 대상 종목이 없습니다.
[2025-10-16 17:07:57] INFO: 
⏰ 60초 후 다음 사이클 실행...
[2025-10-16 17:07:57] INFO:    종료하려면 Ctrl+C를 누르세요.
[2025-10-16 17:08:57] INFO: 
================================================================================
[2025-10-16 17:08:57] INFO: [사이클 628] 2025-10-16 17:08:57
[2025-10-16 17:08:57] INFO: ================================================================================
[2025-10-16 17:08:57] WARNING: ⚠ trading_signals.xlsx 파일이 없습니다.
[2025-10-16 17:08:57] INFO: ℹ 모니터링 대상 종목이 없습니다.
[2025-10-16 17:08:57] INFO: 
⏰ 60초 후 다음 사이클 실행...
[2025-10-16 17:08:57] INFO:    종료하려면 Ctrl+C를 누르세요.
[2025-10-16 17:09:57] INFO: 
================================================================================
[2025-10-16 17:09:57] INFO: [사이클 629] 2025-10-16 17:09:57
[2025-10-16 17:09:57] INFO: ================================================================================
[2025-10-16 17:09:57] WARNING: ⚠ trading_signals.xlsx 파일이 없습니다.
[2025-10-16 17:09:57] INFO: ℹ 모니터링 대상 종목이 없습니다.
[2025-10-16 17:09:57] INFO: 
⏰ 60초 후 다음 사이클 실행...
[2025-10-16 17:09:57] INFO:    종료하려면 Ctrl+C를 누르세요.
[2025-10-16 17:10:57] INFO: 
================================================================================
[2025-10-16 17:10:57] INFO: [사이클 630] 2025-10-16 17:10:57
[2025-10-16 17:10:57] INFO: ================================================================================
[2025-10-16 17:10:57] WARNING: ⚠ trading_signals.xlsx 파일이 없습니다.
[2025-10-16 17:10:57] INFO: ℹ 모니터링 대상 종목이 없습니다.
[2025-10-16 17:10:57] INFO: 
⏰ 60초 후 다음 사이클 실행...
[2025-10-16 17:10:57] INFO:    종료하려면 Ctrl+C를 누르세요.
[2025-10-16 17:11:57] INFO: 
================================================================================
[2025-10-16 17:11:57] INFO: [사이클 631] 2025-10-16 17:11:57
[2025-10-16 17:11:57] INFO: ================================================================================
[2025-10-16 17:11:57] WARNING: ⚠ trading_signals.xlsx 파일이 없습니다.
[2025-10-16 17:11:57] INFO: ℹ 모니터링 대상 종목이 없습니다.
[2025-10-16 17:11:57] INFO: 
⏰ 60초 후 다음 사이클 실행...
[2025-10-16 17:11:57] INFO:    종료하려면 Ctrl+C를 누르세요.
[2025-10-16 17:12:57] INFO: 
================================================================================
[2025-10-16 17:12:57] INFO: [사이클 632] 2025-10-16 17:12:57
[2025-10-16 17:12:57] INFO: ================================================================================
[2025-10-16 17:12:57] WARNING: ⚠ trading_signals.xlsx 파일이 없습니다.
[2025-10-16 17:12:57] INFO: ℹ 모니터링 대상 종목이 없습니다.
[2025-10-16 17:12:57] INFO: 
⏰ 60초 후 다음 사이클 실행...
[2025-10-16 17:12:57] INFO:    종료하려면 Ctrl+C를 누르세요.
[2025-10-16 17:13:57] INFO: 
================================================================================
[2025-10-16 17:13:57] INFO: [사이클 633] 2025-10-16 17:13:57
[2025-10-16 17:13:57] INFO: ================================================================================
[2025-10-16 17:13:57] WARNING: ⚠ trading_signals.xlsx 파일이 없습니다.
[2025-10-16 17:13:57] INFO: ℹ 모니터링 대상 종목이 없습니다.
[2025-10-16 17:13:57] INFO: 
⏰ 60초 후 다음 사이클 실행...
[2025-10-16 17:13:57] INFO:    종료하려면 Ctrl+C를 누르세요.
[2025-10-16 17:14:57] INFO: 
================================================================================
[2025-10-16 17:14:57] INFO: [사이클 634] 2025-10-16 17:14:57
[2025-10-16 17:14:57] INFO: ================================================================================
[2025-10-16 17:14:57] WARNING: ⚠ trading_signals.xlsx 파일이 없습니다.
[2025-10-16 17:14:57] INFO: ℹ 모니터링 대상 종목이 없습니다.
[2025-10-16 17:14:57] INFO: 
⏰ 60초 후 다음 사이클 실행...
[2025-10-16 17:14:57] INFO:    종료하려면 Ctrl+C를 누르세요.
[2025-10-16 17:15:57] INFO: 
================================================================================
[2025-10-16 17:15:57] INFO: [사이클 635] 2025-10-16 17:15:57
[2025-10-16 17:15:57] INFO: ================================================================================
[2025-10-16 17:15:57] WARNING: ⚠ trading_signals.xlsx 파일이 없습니다.
[2025-10-16 17:15:57] INFO: ℹ 모니터링 대상 종목이 없습니다.
[2025-10-16 17:15:57] INFO: 
⏰ 60초 후 다음 사이클 실행...
[2025-10-16 17:15:57] INFO:    종료하려면 Ctrl+C를 누르세요.
[2025-10-16 17:16:57] INFO: 
================================================================================
[2025-10-16 17:16:57] INFO: [사이클 636] 2025-10-16 17:16:57
[2025-10-16 17:16:57] INFO: ================================================================================
[2025-10-16 17:16:57] WARNING: ⚠ trading_signals.xlsx 파일이 없습니다.
[2025-10-16 17:16:57] INFO: ℹ 모니터링 대상 종목이 없습니다.
[2025-10-16 17:16:57] INFO: 
⏰ 60초 후 다음 사이클 실행...
[2025-10-16 17:16:57] INFO:    종료하려면 Ctrl+C를 누르세요.
[2025-10-16 17:17:57] INFO: 
================================================================================
[2025-10-16 17:17:57] INFO: [사이클 637] 2025-10-16 17:17:57
[2025-10-16 17:17:57] INFO: ================================================================================
[2025-10-16 17:17:57] WARNING: ⚠ trading_signals.xlsx 파일이 없습니다.
[2025-10-16 17:17:57] INFO: ℹ 모니터링 대상 종목이 없습니다.
[2025-10-16 17:17:57] INFO: 
⏰ 60초 후 다음 사이클 실행...
[2025-10-16 17:17:57] INFO:    종료하려면 Ctrl+C를 누르세요.
[2025-10-16 17:18:57] INFO: 
================================================================================
[2025-10-16 17:18:57] INFO: [사이클 638] 2025-10-16 17:18:57
[2025-10-16 17:18:57] INFO: ================================================================================
[2025-10-16 17:18:57] WARNING: ⚠ trading_signals.xlsx 파일이 없습니다.
[2025-10-16 17:18:57] INFO: ℹ 모니터링 대상 종목이 없습니다.
[2025-10-16 17:18:57] INFO: 
⏰ 60초 후 다음 사이클 실행...
[2025-10-16 17:18:57] INFO:    종료하려면 Ctrl+C를 누르세요.
[2025-10-16 17:19:57] INFO: 
================================================================================
[2025-10-16 17:19:57] INFO: [사이클 639] 2025-10-16 17:19:57
[2025-10-16 17:19:57] INFO: ================================================================================
[2025-10-16 17:19:57] WARNING: ⚠ trading_signals.xlsx 파일이 없습니다.
[2025-10-16 17:19:57] INFO: ℹ 모니터링 대상 종목이 없습니다.
[2025-10-16 17:19:57] INFO: 
⏰ 60초 후 다음 사이클 실행...
[2025-10-16 17:19:57] INFO:    종료하려면 Ctrl+C를 누르세요.
[2025-10-16 17:20:57] INFO: 
================================================================================
[2025-10-16 17:20:57] INFO: [사이클 640] 2025-10-16 17:20:57
[2025-10-16 17:20:57] INFO: ================================================================================
[2025-10-16 17:20:57] WARNING: ⚠ trading_signals.xlsx 파일이 없습니다.
[2025-10-16 17:20:57] INFO: ℹ 모니터링 대상 종목이 없습니다.
[2025-10-16 17:20:57] INFO: 
⏰ 60초 후 다음 사이클 실행...
[2025-10-16 17:20:57] INFO:    종료하려면 Ctrl+C를 누르세요.
[2025-10-16 17:21:57] INFO: 
================================================================================
[2025-10-16 17:21:57] INFO: [사이클 641] 2025-10-16 17:21:57
[2025-10-16 17:21:57] INFO: ================================================================================
[2025-10-16 17:21:57] WARNING: ⚠ trading_signals.xlsx 파일이 없습니다.
[2025-10-16 17:21:57] INFO: ℹ 모니터링 대상 종목이 없습니다.
[2025-10-16 17:21:57] INFO: 
⏰ 60초 후 다음 사이클 실행...
[2025-10-16 17:21:57] INFO:    종료하려면 Ctrl+C를 누르세요.
[2025-10-16 17:22:57] INFO: 
================================================================================
[2025-10-16 17:22:57] INFO: [사이클 642] 2025-10-16 17:22:57
[2025-10-16 17:22:57] INFO: ================================================================================
[2025-10-16 17:22:57] WARNING: ⚠ trading_signals.xlsx 파일이 없습니다.
[2025-10-16 17:22:57] INFO: ℹ 모니터링 대상 종목이 없습니다.
[2025-10-16 17:22:57] INFO: 
⏰ 60초 후 다음 사이클 실행...
[2025-10-16 17:22:57] INFO:    종료하려면 Ctrl+C를 누르세요.
[2025-10-16 17:23:57] INFO: 
================================================================================
[2025-10-16 17:23:57] INFO: [사이클 643] 2025-10-16 17:23:57
[2025-10-16 17:23:57] INFO: ================================================================================
[2025-10-16 17:23:57] WARNING: ⚠ trading_signals.xlsx 파일이 없습니다.
[2025-10-16 17:23:57] INFO: ℹ 모니터링 대상 종목이 없습니다.
[2025-10-16 17:23:57] INFO: 
⏰ 60초 후 다음 사이클 실행...
[2025-10-16 17:23:57] INFO:    종료하려면 Ctrl+C를 누르세요.
[2025-10-16 17:24:57] INFO: 
================================================================================
[2025-10-16 17:24:57] INFO: [사이클 644] 2025-10-16 17:24:57
[2025-10-16 17:24:57] INFO: ================================================================================
[2025-10-16 17:24:57] WARNING: ⚠ trading_signals.xlsx 파일이 없습니다.
[2025-10-16 17:24:57] INFO: ℹ 모니터링 대상 종목이 없습니다.
[2025-10-16 17:24:57] INFO: 
⏰ 60초 후 다음 사이클 실행...
[2025-10-16 17:24:57] INFO:    종료하려면 Ctrl+C를 누르세요.
[2025-10-16 17:25:57] INFO: 
================================================================================
[2025-10-16 17:25:57] INFO: [사이클 645] 2025-10-16 17:25:57
[2025-10-16 17:25:57] INFO: ================================================================================
[2025-10-16 17:25:57] WARNING: ⚠ trading_signals.xlsx 파일이 없습니다.
[2025-10-16 17:25:57] INFO: ℹ 모니터링 대상 종목이 없습니다.
[2025-10-16 17:25:57] INFO: 
⏰ 60초 후 다음 사이클 실행...
[2025-10-16 17:25:57] INFO:    종료하려면 Ctrl+C를 누르세요.
[2025-10-16 17:26:57] INFO: 
================================================================================
[2025-10-16 17:26:57] INFO: [사이클 646] 2025-10-16 17:26:57
[2025-10-16 17:26:57] INFO: ================================================================================
[2025-10-16 17:26:57] WARNING: ⚠ trading_signals.xlsx 파일이 없습니다.
[2025-10-16 17:26:57] INFO: ℹ 모니터링 대상 종목이 없습니다.
[2025-10-16 17:26:57] INFO: 
⏰ 60초 후 다음 사이클 실행...
[2025-10-16 17:26:57] INFO:    종료하려면 Ctrl+C를 누르세요.
[2025-10-16 17:27:57] INFO: 
================================================================================
[2025-10-16 17:27:57] INFO: [사이클 647] 2025-10-16 17:27:57
[2025-10-16 17:27:57] INFO: ================================================================================
[2025-10-16 17:27:57] WARNING: ⚠ trading_signals.xlsx 파일이 없습니다.
[2025-10-16 17:27:57] INFO: ℹ 모니터링 대상 종목이 없습니다.
[2025-10-16 17:27:57] INFO: 
⏰ 60초 후 다음 사이클 실행...
[2025-10-16 17:27:57] INFO:    종료하려면 Ctrl+C를 누르세요.
[2025-10-16 17:28:57] INFO: 
================================================================================
[2025-10-16 17:28:57] INFO: [사이클 648] 2025-10-16 17:28:57
[2025-10-16 17:28:57] INFO: ================================================================================
[2025-10-16 17:28:57] WARNING: ⚠ trading_signals.xlsx 파일이 없습니다.
[2025-10-16 17:28:57] INFO: ℹ 모니터링 대상 종목이 없습니다.
[2025-10-16 17:28:57] INFO: 
⏰ 60초 후 다음 사이클 실행...
[2025-10-16 17:28:57] INFO:    종료하려면 Ctrl+C를 누르세요.
[2025-10-16 17:29:57] INFO: 
================================================================================
[2025-10-16 17:29:57] INFO: [사이클 649] 2025-10-16 17:29:57
[2025-10-16 17:29:57] INFO: ================================================================================
[2025-10-16 17:29:57] WARNING: ⚠ trading_signals.xlsx 파일이 없습니다.
[2025-10-16 17:29:57] INFO: ℹ 모니터링 대상 종목이 없습니다.
[2025-10-16 17:29:57] INFO: 
⏰ 60초 후 다음 사이클 실행...
[2025-10-16 17:29:57] INFO:    종료하려면 Ctrl+C를 누르세요.
[2025-10-16 17:30:57] INFO: 
================================================================================
[2025-10-16 17:30:57] INFO: [사이클 650] 2025-10-16 17:30:57
[2025-10-16 17:30:57] INFO: ================================================================================
[2025-10-16 17:30:57] WARNING: ⚠ trading_signals.xlsx 파일이 없습니다.
[2025-10-16 17:30:57] INFO: ℹ 모니터링 대상 종목이 없습니다.
[2025-10-16 17:30:57] INFO: 
⏰ 60초 후 다음 사이클 실행...
[2025-10-16 17:30:57] INFO:    종료하려면 Ctrl+C를 누르세요.
[2025-10-16 17:31:57] INFO: 
================================================================================
[2025-10-16 17:31:57] INFO: [사이클 651] 2025-10-16 17:31:57
[2025-10-16 17:31:57] INFO: ================================================================================
[2025-10-16 17:31:57] WARNING: ⚠ trading_signals.xlsx 파일이 없습니다.
[2025-10-16 17:31:57] INFO: ℹ 모니터링 대상 종목이 없습니다.
[2025-10-16 17:31:57] INFO: 
⏰ 60초 후 다음 사이클 실행...
[2025-10-16 17:31:57] INFO:    종료하려면 Ctrl+C를 누르세요.
[2025-10-16 17:32:57] INFO: 
================================================================================
[2025-10-16 17:32:57] INFO: [사이클 652] 2025-10-16 17:32:57
[2025-10-16 17:32:57] INFO: ================================================================================
[2025-10-16 17:32:57] WARNING: ⚠ trading_signals.xlsx 파일이 없습니다.
[2025-10-16 17:32:57] INFO: ℹ 모니터링 대상 종목이 없습니다.
[2025-10-16 17:32:57] INFO: 
⏰ 60초 후 다음 사이클 실행...
[2025-10-16 17:32:57] INFO:    종료하려면 Ctrl+C를 누르세요.
[2025-10-16 17:33:57] INFO: 
================================================================================
[2025-10-16 17:33:57] INFO: [사이클 653] 2025-10-16 17:33:57
[2025-10-16 17:33:57] INFO: ================================================================================
[2025-10-16 17:33:57] WARNING: ⚠ trading_signals.xlsx 파일이 없습니다.
[2025-10-16 17:33:57] INFO: ℹ 모니터링 대상 종목이 없습니다.
[2025-10-16 17:33:57] INFO: 
⏰ 60초 후 다음 사이클 실행...
[2025-10-16 17:33:57] INFO:    종료하려면 Ctrl+C를 누르세요.
[2025-10-16 17:34:57] INFO: 
================================================================================
[2025-10-16 17:34:57] INFO: [사이클 654] 2025-10-16 17:34:57
[2025-10-16 17:34:57] INFO: ================================================================================
[2025-10-16 17:34:57] WARNING: ⚠ trading_signals.xlsx 파일이 없습니다.
[2025-10-16 17:34:57] INFO: ℹ 모니터링 대상 종목이 없습니다.
[2025-10-16 17:34:57] INFO: 
⏰ 60초 후 다음 사이클 실행...
[2025-10-16 17:34:57] INFO:    종료하려면 Ctrl+C를 누르세요.
[2025-10-16 17:35:57] INFO: 
================================================================================
[2025-10-16 17:35:57] INFO: [사이클 655] 2025-10-16 17:35:57
[2025-10-16 17:35:57] INFO: ================================================================================
[2025-10-16 17:35:57] WARNING: ⚠ trading_signals.xlsx 파일이 없습니다.
[2025-10-16 17:35:57] INFO: ℹ 모니터링 대상 종목이 없습니다.
[2025-10-16 17:35:57] INFO: 
⏰ 60초 후 다음 사이클 실행...
[2025-10-16 17:35:57] INFO:    종료하려면 Ctrl+C를 누르세요.
[2025-10-16 17:36:57] INFO: 
================================================================================
[2025-10-16 17:36:57] INFO: [사이클 656] 2025-10-16 17:36:57
[2025-10-16 17:36:57] INFO: ================================================================================
[2025-10-16 17:36:57] WARNING: ⚠ trading_signals.xlsx 파일이 없습니다.
[2025-10-16 17:36:57] INFO: ℹ 모니터링 대상 종목이 없습니다.
[2025-10-16 17:36:57] INFO: 
⏰ 60초 후 다음 사이클 실행...
[2025-10-16 17:36:57] INFO:    종료하려면 Ctrl+C를 누르세요.
[2025-10-16 17:37:57] INFO: 
================================================================================
[2025-10-16 17:37:57] INFO: [사이클 657] 2025-10-16 17:37:57
[2025-10-16 17:37:57] INFO: ================================================================================
[2025-10-16 17:37:57] WARNING: ⚠ trading_signals.xlsx 파일이 없습니다.
[2025-10-16 17:37:57] INFO: ℹ 모니터링 대상 종목이 없습니다.
[2025-10-16 17:37:57] INFO: 
⏰ 60초 후 다음 사이클 실행...
[2025-10-16 17:37:57] INFO:    종료하려면 Ctrl+C를 누르세요.
[2025-10-16 17:38:57] INFO: 
================================================================================
[2025-10-16 17:38:57] INFO: [사이클 658] 2025-10-16 17:38:57
[2025-10-16 17:38:57] INFO: ================================================================================
[2025-10-16 17:38:57] WARNING: ⚠ trading_signals.xlsx 파일이 없습니다.
[2025-10-16 17:38:57] INFO: ℹ 모니터링 대상 종목이 없습니다.
[2025-10-16 17:38:57] INFO: 
⏰ 60초 후 다음 사이클 실행...
[2025-10-16 17:38:57] INFO:    종료하려면 Ctrl+C를 누르세요.
[2025-10-16 17:39:57] INFO: 
================================================================================
[2025-10-16 17:39:57] INFO: [사이클 659] 2025-10-16 17:39:57
[2025-10-16 17:39:57] INFO: ================================================================================
[2025-10-16 17:39:57] WARNING: ⚠ trading_signals.xlsx 파일이 없습니다.
[2025-10-16 17:39:57] INFO: ℹ 모니터링 대상 종목이 없습니다.
[2025-10-16 17:39:57] INFO: 
⏰ 60초 후 다음 사이클 실행...
[2025-10-16 17:39:57] INFO:    종료하려면 Ctrl+C를 누르세요.
[2025-10-16 17:40:57] INFO: 
================================================================================
[2025-10-16 17:40:57] INFO: [사이클 660] 2025-10-16 17:40:57
[2025-10-16 17:40:57] INFO: ================================================================================
[2025-10-16 17:40:57] WARNING: ⚠ trading_signals.xlsx 파일이 없습니다.
[2025-10-16 17:40:57] INFO: ℹ 모니터링 대상 종목이 없습니다.
[2025-10-16 17:40:57] INFO: 
⏰ 60초 후 다음 사이클 실행...
[2025-10-16 17:40:57] INFO:    종료하려면 Ctrl+C를 누르세요.
[2025-10-16 17:41:57] INFO: 
================================================================================
[2025-10-16 17:41:57] INFO: [사이클 661] 2025-10-16 17:41:57
[2025-10-16 17:41:57] INFO: ================================================================================
[2025-10-16 17:41:57] WARNING: ⚠ trading_signals.xlsx 파일이 없습니다.
[2025-10-16 17:41:57] INFO: ℹ 모니터링 대상 종목이 없습니다.
[2025-10-16 17:41:57] INFO: 
⏰ 60초 후 다음 사이클 실행...
[2025-10-16 17:41:57] INFO:    종료하려면 Ctrl+C를 누르세요.
[2025-10-16 17:42:57] INFO: 
================================================================================
[2025-10-16 17:42:57] INFO: [사이클 662] 2025-10-16 17:42:57
[2025-10-16 17:42:57] INFO: ================================================================================
[2025-10-16 17:42:57] WARNING: ⚠ trading_signals.xlsx 파일이 없습니다.
[2025-10-16 17:42:57] INFO: ℹ 모니터링 대상 종목이 없습니다.
[2025-10-16 17:42:57] INFO: 
⏰ 60초 후 다음 사이클 실행...
[2025-10-16 17:42:57] INFO:    종료하려면 Ctrl+C를 누르세요.
[2025-10-16 17:43:57] INFO: 
================================================================================
[2025-10-16 17:43:57] INFO: [사이클 663] 2025-10-16 17:43:57
[2025-10-16 17:43:57] INFO: ================================================================================
[2025-10-16 17:43:57] WARNING: ⚠ trading_signals.xlsx 파일이 없습니다.
[2025-10-16 17:43:57] INFO: ℹ 모니터링 대상 종목이 없습니다.
[2025-10-16 17:43:57] INFO: 
⏰ 60초 후 다음 사이클 실행...
[2025-10-16 17:43:57] INFO:    종료하려면 Ctrl+C를 누르세요.
[2025-10-16 17:44:57] INFO: 
================================================================================
[2025-10-16 17:44:57] INFO: [사이클 664] 2025-10-16 17:44:57
[2025-10-16 17:44:57] INFO: ================================================================================
[2025-10-16 17:44:57] WARNING: ⚠ trading_signals.xlsx 파일이 없습니다.
[2025-10-16 17:44:57] INFO: ℹ 모니터링 대상 종목이 없습니다.
[2025-10-16 17:44:57] INFO: 
⏰ 60초 후 다음 사이클 실행...
[2025-10-16 17:44:57] INFO:    종료하려면 Ctrl+C를 누르세요.
[2025-10-16 17:45:57] INFO: 
================================================================================
[2025-10-16 17:45:57] INFO: [사이클 665] 2025-10-16 17:45:57
[2025-10-16 17:45:57] INFO: ================================================================================
[2025-10-16 17:45:57] WARNING: ⚠ trading_signals.xlsx 파일이 없습니다.
[2025-10-16 17:45:57] INFO: ℹ 모니터링 대상 종목이 없습니다.
[2025-10-16 17:45:57] INFO: 
⏰ 60초 후 다음 사이클 실행...
[2025-10-16 17:45:57] INFO:    종료하려면 Ctrl+C를 누르세요.
[2025-10-16 17:46:57] INFO: 
================================================================================
[2025-10-16 17:46:57] INFO: [사이클 666] 2025-10-16 17:46:57
[2025-10-16 17:46:57] INFO: ================================================================================
[2025-10-16 17:46:57] WARNING: ⚠ trading_signals.xlsx 파일이 없습니다.
[2025-10-16 17:46:57] INFO: ℹ 모니터링 대상 종목이 없습니다.
[2025-10-16 17:46:57] INFO: 
⏰ 60초 후 다음 사이클 실행...
[2025-10-16 17:46:57] INFO:    종료하려면 Ctrl+C를 누르세요.
[2025-10-16 17:47:57] INFO: 
================================================================================
[2025-10-16 17:47:57] INFO: [사이클 667] 2025-10-16 17:47:57
[2025-10-16 17:47:57] INFO: ================================================================================
[2025-10-16 17:47:57] WARNING: ⚠ trading_signals.xlsx 파일이 없습니다.
[2025-10-16 17:47:57] INFO: ℹ 모니터링 대상 종목이 없습니다.
[2025-10-16 17:47:57] INFO: 
⏰ 60초 후 다음 사이클 실행...
[2025-10-16 17:47:57] INFO:    종료하려면 Ctrl+C를 누르세요.
[2025-10-16 17:48:57] INFO: 
================================================================================
[2025-10-16 17:48:57] INFO: [사이클 668] 2025-10-16 17:48:57
[2025-10-16 17:48:57] INFO: ================================================================================
[2025-10-16 17:48:57] WARNING: ⚠ trading_signals.xlsx 파일이 없습니다.
[2025-10-16 17:48:57] INFO: ℹ 모니터링 대상 종목이 없습니다.
[2025-10-16 17:48:57] INFO: 
⏰ 60초 후 다음 사이클 실행...
[2025-10-16 17:48:57] INFO:    종료하려면 Ctrl+C를 누르세요.
[2025-10-16 17:49:57] INFO: 
================================================================================
[2025-10-16 17:49:57] INFO: [사이클 669] 2025-10-16 17:49:57
[2025-10-16 17:49:57] INFO: ================================================================================
[2025-10-16 17:49:57] WARNING: ⚠ trading_signals.xlsx 파일이 없습니다.
[2025-10-16 17:49:57] INFO: ℹ 모니터링 대상 종목이 없습니다.
[2025-10-16 17:49:57] INFO: 
⏰ 60초 후 다음 사이클 실행...
[2025-10-16 17:49:57] INFO:    종료하려면 Ctrl+C를 누르세요.
[2025-10-16 17:50:57] INFO: 
================================================================================
[2025-10-16 17:50:57] INFO: [사이클 670] 2025-10-16 17:50:57
[2025-10-16 17:50:57] INFO: ================================================================================
[2025-10-16 17:50:57] WARNING: ⚠ trading_signals.xlsx 파일이 없습니다.
[2025-10-16 17:50:57] INFO: ℹ 모니터링 대상 종목이 없습니다.
[2025-10-16 17:50:57] INFO: 
⏰ 60초 후 다음 사이클 실행...
[2025-10-16 17:50:57] INFO:    종료하려면 Ctrl+C를 누르세요.
[2025-10-16 17:51:57] INFO: 
================================================================================
[2025-10-16 17:51:57] INFO: [사이클 671] 2025-10-16 17:51:57
[2025-10-16 17:51:57] INFO: ================================================================================
[2025-10-16 17:51:57] WARNING: ⚠ trading_signals.xlsx 파일이 없습니다.
[2025-10-16 17:51:57] INFO: ℹ 모니터링 대상 종목이 없습니다.
[2025-10-16 17:51:57] INFO: 
⏰ 60초 후 다음 사이클 실행...
[2025-10-16 17:51:57] INFO:    종료하려면 Ctrl+C를 누르세요.
[2025-10-16 17:52:57] INFO: 
================================================================================
[2025-10-16 17:52:57] INFO: [사이클 672] 2025-10-16 17:52:57
[2025-10-16 17:52:57] INFO: ================================================================================
[2025-10-16 17:52:57] WARNING: ⚠ trading_signals.xlsx 파일이 없습니다.
[2025-10-16 17:52:57] INFO: ℹ 모니터링 대상 종목이 없습니다.
[2025-10-16 17:52:57] INFO: 
⏰ 60초 후 다음 사이클 실행...
[2025-10-16 17:52:57] INFO:    종료하려면 Ctrl+C를 누르세요.
[2025-10-16 17:53:57] INFO: 
================================================================================
[2025-10-16 17:53:57] INFO: [사이클 673] 2025-10-16 17:53:57
[2025-10-16 17:53:57] INFO: ================================================================================
[2025-10-16 17:53:57] WARNING: ⚠ trading_signals.xlsx 파일이 없습니다.
[2025-10-16 17:53:57] INFO: ℹ 모니터링 대상 종목이 없습니다.
[2025-10-16 17:53:57] INFO: 
⏰ 60초 후 다음 사이클 실행...
[2025-10-16 17:53:57] INFO:    종료하려면 Ctrl+C를 누르세요.
[2025-10-16 17:54:57] INFO: 
================================================================================
[2025-10-16 17:54:57] INFO: [사이클 674] 2025-10-16 17:54:57
[2025-10-16 17:54:57] INFO: ================================================================================
[2025-10-16 17:54:57] WARNING: ⚠ trading_signals.xlsx 파일이 없습니다.
[2025-10-16 17:54:57] INFO: ℹ 모니터링 대상 종목이 없습니다.
[2025-10-16 17:54:57] INFO: 
⏰ 60초 후 다음 사이클 실행...
[2025-10-16 17:54:57] INFO:    종료하려면 Ctrl+C를 누르세요.
[2025-10-16 17:55:57] INFO: 
================================================================================
[2025-10-16 17:55:57] INFO: [사이클 675] 2025-10-16 17:55:57
[2025-10-16 17:55:57] INFO: ================================================================================
[2025-10-16 17:55:57] WARNING: ⚠ trading_signals.xlsx 파일이 없습니다.
[2025-10-16 17:55:57] INFO: ℹ 모니터링 대상 종목이 없습니다.
[2025-10-16 17:55:57] INFO: 
⏰ 60초 후 다음 사이클 실행...
[2025-10-16 17:55:57] INFO:    종료하려면 Ctrl+C를 누르세요.
[2025-10-16 17:56:57] INFO: 
================================================================================
[2025-10-16 17:56:57] INFO: [사이클 676] 2025-10-16 17:56:57
[2025-10-16 17:56:57] INFO: ================================================================================
[2025-10-16 17:56:57] WARNING: ⚠ trading_signals.xlsx 파일이 없습니다.
[2025-10-16 17:56:57] INFO: ℹ 모니터링 대상 종목이 없습니다.
[2025-10-16 17:56:57] INFO: 
⏰ 60초 후 다음 사이클 실행...
[2025-10-16 17:56:57] INFO:    종료하려면 Ctrl+C를 누르세요.
[2025-10-16 17:57:57] INFO: 
================================================================================
[2025-10-16 17:57:57] INFO: [사이클 677] 2025-10-16 17:57:57
[2025-10-16 17:57:57] INFO: ================================================================================
[2025-10-16 17:57:57] WARNING: ⚠ trading_signals.xlsx 파일이 없습니다.
[2025-10-16 17:57:57] INFO: ℹ 모니터링 대상 종목이 없습니다.
[2025-10-16 17:57:57] INFO: 
⏰ 60초 후 다음 사이클 실행...
[2025-10-16 17:57:57] INFO:    종료하려면 Ctrl+C를 누르세요.
[2025-10-16 17:58:57] INFO: 
================================================================================
[2025-10-16 17:58:57] INFO: [사이클 678] 2025-10-16 17:58:57
[2025-10-16 17:58:57] INFO: ================================================================================
[2025-10-16 17:58:57] WARNING: ⚠ trading_signals.xlsx 파일이 없습니다.
[2025-10-16 17:58:57] INFO: ℹ 모니터링 대상 종목이 없습니다.
[2025-10-16 17:58:57] INFO: 
⏰ 60초 후 다음 사이클 실행...
[2025-10-16 17:58:57] INFO:    종료하려면 Ctrl+C를 누르세요.
[2025-10-16 17:59:57] INFO: 
================================================================================
[2025-10-16 17:59:57] INFO: [사이클 679] 2025-10-16 17:59:57
[2025-10-16 17:59:57] INFO: ================================================================================
[2025-10-16 17:59:57] WARNING: ⚠ trading_signals.xlsx 파일이 없습니다.
[2025-10-16 17:59:57] INFO: ℹ 모니터링 대상 종목이 없습니다.
[2025-10-16 17:59:57] INFO: 
⏰ 60초 후 다음 사이클 실행...
[2025-10-16 17:59:57] INFO:    종료하려면 Ctrl+C를 누르세요.
[2025-10-16 18:00:57] INFO: 
================================================================================
[2025-10-16 18:00:57] INFO: [사이클 680] 2025-10-16 18:00:57
[2025-10-16 18:00:57] INFO: ================================================================================
[2025-10-16 18:00:57] WARNING: ⚠ trading_signals.xlsx 파일이 없습니다.
[2025-10-16 18:00:57] INFO: ℹ 모니터링 대상 종목이 없습니다.
[2025-10-16 18:00:57] INFO: 
⏰ 60초 후 다음 사이클 실행...
[2025-10-16 18:00:57] INFO:    종료하려면 Ctrl+C를 누르세요.
[2025-10-16 18:01:57] INFO: 
================================================================================
[2025-10-16 18:01:57] INFO: [사이클 681] 2025-10-16 18:01:57
[2025-10-16 18:01:57] INFO: ================================================================================
[2025-10-16 18:01:57] WARNING: ⚠ trading_signals.xlsx 파일이 없습니다.
[2025-10-16 18:01:57] INFO: ℹ 모니터링 대상 종목이 없습니다.
[2025-10-16 18:01:57] INFO: 
⏰ 60초 후 다음 사이클 실행...
[2025-10-16 18:01:57] INFO:    종료하려면 Ctrl+C를 누르세요.
[2025-10-16 18:02:57] INFO: 
================================================================================
[2025-10-16 18:02:57] INFO: [사이클 682] 2025-10-16 18:02:57
[2025-10-16 18:02:57] INFO: ================================================================================
[2025-10-16 18:02:57] WARNING: ⚠ trading_signals.xlsx 파일이 없습니다.
[2025-10-16 18:02:57] INFO: ℹ 모니터링 대상 종목이 없습니다.
[2025-10-16 18:02:57] INFO: 
⏰ 60초 후 다음 사이클 실행...
[2025-10-16 18:02:57] INFO:    종료하려면 Ctrl+C를 누르세요.
[2025-10-16 18:03:57] INFO: 
================================================================================
[2025-10-16 18:03:57] INFO: [사이클 683] 2025-10-16 18:03:57
[2025-10-16 18:03:57] INFO: ================================================================================
[2025-10-16 18:03:57] WARNING: ⚠ trading_signals.xlsx 파일이 없습니다.
[2025-10-16 18:03:57] INFO: ℹ 모니터링 대상 종목이 없습니다.
[2025-10-16 18:03:57] INFO: 
⏰ 60초 후 다음 사이클 실행...
[2025-10-16 18:03:57] INFO:    종료하려면 Ctrl+C를 누르세요.
[2025-10-16 18:04:57] INFO: 
================================================================================
[2025-10-16 18:04:57] INFO: [사이클 684] 2025-10-16 18:04:57
[2025-10-16 18:04:57] INFO: ================================================================================
[2025-10-16 18:04:57] WARNING: ⚠ trading_signals.xlsx 파일이 없습니다.
[2025-10-16 18:04:57] INFO: ℹ 모니터링 대상 종목이 없습니다.
[2025-10-16 18:04:57] INFO: 
⏰ 60초 후 다음 사이클 실행...
[2025-10-16 18:04:57] INFO:    종료하려면 Ctrl+C를 누르세요.
[2025-10-16 18:05:57] INFO: 
================================================================================
[2025-10-16 18:05:57] INFO: [사이클 685] 2025-10-16 18:05:57
[2025-10-16 18:05:57] INFO: ================================================================================
[2025-10-16 18:05:57] WARNING: ⚠ trading_signals.xlsx 파일이 없습니다.
[2025-10-16 18:05:57] INFO: ℹ 모니터링 대상 종목이 없습니다.
[2025-10-16 18:05:57] INFO: 
⏰ 60초 후 다음 사이클 실행...
[2025-10-16 18:05:57] INFO:    종료하려면 Ctrl+C를 누르세요.
[2025-10-16 18:06:57] INFO: 
================================================================================
[2025-10-16 18:06:57] INFO: [사이클 686] 2025-10-16 18:06:57
[2025-10-16 18:06:57] INFO: ================================================================================
[2025-10-16 18:06:57] WARNING: ⚠ trading_signals.xlsx 파일이 없습니다.
[2025-10-16 18:06:57] INFO: ℹ 모니터링 대상 종목이 없습니다.
[2025-10-16 18:06:57] INFO: 
⏰ 60초 후 다음 사이클 실행...
[2025-10-16 18:06:57] INFO:    종료하려면 Ctrl+C를 누르세요.
[2025-10-16 18:07:57] INFO: 
================================================================================
[2025-10-16 18:07:57] INFO: [사이클 687] 2025-10-16 18:07:57
[2025-10-16 18:07:57] INFO: ================================================================================
[2025-10-16 18:07:57] WARNING: ⚠ trading_signals.xlsx 파일이 없습니다.
[2025-10-16 18:07:57] INFO: ℹ 모니터링 대상 종목이 없습니다.
[2025-10-16 18:07:57] INFO: 
⏰ 60초 후 다음 사이클 실행...
[2025-10-16 18:07:57] INFO:    종료하려면 Ctrl+C를 누르세요.
[2025-10-16 18:08:57] INFO: 
================================================================================
[2025-10-16 18:08:57] INFO: [사이클 688] 2025-10-16 18:08:57
[2025-10-16 18:08:57] INFO: ================================================================================
[2025-10-16 18:08:57] WARNING: ⚠ trading_signals.xlsx 파일이 없습니다.
[2025-10-16 18:08:57] INFO: ℹ 모니터링 대상 종목이 없습니다.
[2025-10-16 18:08:57] INFO: 
⏰ 60초 후 다음 사이클 실행...
[2025-10-16 18:08:57] INFO:    종료하려면 Ctrl+C를 누르세요.
[2025-10-16 18:09:57] INFO: 
================================================================================
[2025-10-16 18:09:57] INFO: [사이클 689] 2025-10-16 18:09:57
[2025-10-16 18:09:57] INFO: ================================================================================
[2025-10-16 18:09:57] WARNING: ⚠ trading_signals.xlsx 파일이 없습니다.
[2025-10-16 18:09:57] INFO: ℹ 모니터링 대상 종목이 없습니다.
[2025-10-16 18:09:57] INFO: 
⏰ 60초 후 다음 사이클 실행...
[2025-10-16 18:09:57] INFO:    종료하려면 Ctrl+C를 누르세요.
[2025-10-16 18:10:57] INFO: 
================================================================================
[2025-10-16 18:10:57] INFO: [사이클 690] 2025-10-16 18:10:57
[2025-10-16 18:10:57] INFO: ================================================================================
[2025-10-16 18:10:57] WARNING: ⚠ trading_signals.xlsx 파일이 없습니다.
[2025-10-16 18:10:57] INFO: ℹ 모니터링 대상 종목이 없습니다.
[2025-10-16 18:10:57] INFO: 
⏰ 60초 후 다음 사이클 실행...
[2025-10-16 18:10:57] INFO:    종료하려면 Ctrl+C를 누르세요.
[2025-10-16 18:11:57] INFO: 
================================================================================
[2025-10-16 18:11:57] INFO: [사이클 691] 2025-10-16 18:11:57
[2025-10-16 18:11:57] INFO: ================================================================================
[2025-10-16 18:11:57] WARNING: ⚠ trading_signals.xlsx 파일이 없습니다.
[2025-10-16 18:11:57] INFO: ℹ 모니터링 대상 종목이 없습니다.
[2025-10-16 18:11:57] INFO: 
⏰ 60초 후 다음 사이클 실행...
[2025-10-16 18:11:57] INFO:    종료하려면 Ctrl+C를 누르세요.
[2025-10-16 18:12:57] INFO: 
================================================================================
[2025-10-16 18:12:57] INFO: [사이클 692] 2025-10-16 18:12:57
[2025-10-16 18:12:57] INFO: ================================================================================
[2025-10-16 18:12:57] WARNING: ⚠ trading_signals.xlsx 파일이 없습니다.
[2025-10-16 18:12:57] INFO: ℹ 모니터링 대상 종목이 없습니다.
[2025-10-16 18:12:57] INFO: 
⏰ 60초 후 다음 사이클 실행...
[2025-10-16 18:12:57] INFO:    종료하려면 Ctrl+C를 누르세요.
[2025-10-16 18:13:57] INFO: 
================================================================================
[2025-10-16 18:13:57] INFO: [사이클 693] 2025-10-16 18:13:57
[2025-10-16 18:13:57] INFO: ================================================================================
[2025-10-16 18:13:57] WARNING: ⚠ trading_signals.xlsx 파일이 없습니다.
[2025-10-16 18:13:57] INFO: ℹ 모니터링 대상 종목이 없습니다.
[2025-10-16 18:13:57] INFO: 
⏰ 60초 후 다음 사이클 실행...
[2025-10-16 18:13:57] INFO:    종료하려면 Ctrl+C를 누르세요.
[2025-10-16 18:14:57] INFO: 
================================================================================
[2025-10-16 18:14:57] INFO: [사이클 694] 2025-10-16 18:14:57
[2025-10-16 18:14:57] INFO: ================================================================================
[2025-10-16 18:14:57] WARNING: ⚠ trading_signals.xlsx 파일이 없습니다.
[2025-10-16 18:14:57] INFO: ℹ 모니터링 대상 종목이 없습니다.
[2025-10-16 18:14:57] INFO: 
⏰ 60초 후 다음 사이클 실행...
[2025-10-16 18:14:57] INFO:    종료하려면 Ctrl+C를 누르세요.
[2025-10-16 18:15:57] INFO: 
================================================================================
[2025-10-16 18:15:57] INFO: [사이클 695] 2025-10-16 18:15:57
[2025-10-16 18:15:57] INFO: ================================================================================
[2025-10-16 18:15:57] WARNING: ⚠ trading_signals.xlsx 파일이 없습니다.
[2025-10-16 18:15:57] INFO: ℹ 모니터링 대상 종목이 없습니다.
[2025-10-16 18:15:57] INFO: 
⏰ 60초 후 다음 사이클 실행...
[2025-10-16 18:15:57] INFO:    종료하려면 Ctrl+C를 누르세요.
[2025-10-16 18:16:57] INFO: 
================================================================================
[2025-10-16 18:16:57] INFO: [사이클 696] 2025-10-16 18:16:57
[2025-10-16 18:16:57] INFO: ================================================================================
[2025-10-16 18:16:57] WARNING: ⚠ trading_signals.xlsx 파일이 없습니다.
[2025-10-16 18:16:57] INFO: ℹ 모니터링 대상 종목이 없습니다.
[2025-10-16 18:16:57] INFO: 
⏰ 60초 후 다음 사이클 실행...
[2025-10-16 18:16:57] INFO:    종료하려면 Ctrl+C를 누르세요.
[2025-10-16 18:17:57] INFO: 
================================================================================
[2025-10-16 18:17:57] INFO: [사이클 697] 2025-10-16 18:17:57
[2025-10-16 18:17:57] INFO: ================================================================================
[2025-10-16 18:17:57] WARNING: ⚠ trading_signals.xlsx 파일이 없습니다.
[2025-10-16 18:17:57] INFO: ℹ 모니터링 대상 종목이 없습니다.
[2025-10-16 18:17:57] INFO: 
⏰ 60초 후 다음 사이클 실행...
[2025-10-16 18:17:57] INFO:    종료하려면 Ctrl+C를 누르세요.
[2025-10-16 18:18:57] INFO: 
================================================================================
[2025-10-16 18:18:57] INFO: [사이클 698] 2025-10-16 18:18:57
[2025-10-16 18:18:57] INFO: ================================================================================
[2025-10-16 18:18:57] WARNING: ⚠ trading_signals.xlsx 파일이 없습니다.
[2025-10-16 18:18:57] INFO: ℹ 모니터링 대상 종목이 없습니다.
[2025-10-16 18:18:57] INFO: 
⏰ 60초 후 다음 사이클 실행...
[2025-10-16 18:18:57] INFO:    종료하려면 Ctrl+C를 누르세요.
[2025-10-16 18:19:57] INFO: 
================================================================================
[2025-10-16 18:19:57] INFO: [사이클 699] 2025-10-16 18:19:57
[2025-10-16 18:19:57] INFO: ================================================================================
[2025-10-16 18:19:57] WARNING: ⚠ trading_signals.xlsx 파일이 없습니다.
[2025-10-16 18:19:57] INFO: ℹ 모니터링 대상 종목이 없습니다.
[2025-10-16 18:19:57] INFO: 
⏰ 60초 후 다음 사이클 실행...
[2025-10-16 18:19:57] INFO:    종료하려면 Ctrl+C를 누르세요.
[2025-10-16 18:20:57] INFO: 
================================================================================
[2025-10-16 18:20:57] INFO: [사이클 700] 2025-10-16 18:20:57
[2025-10-16 18:20:57] INFO: ================================================================================
[2025-10-16 18:20:57] WARNING: ⚠ trading_signals.xlsx 파일이 없습니다.
[2025-10-16 18:20:57] INFO: ℹ 모니터링 대상 종목이 없습니다.
[2025-10-16 18:20:57] INFO: 
⏰ 60초 후 다음 사이클 실행...
[2025-10-16 18:20:57] INFO:    종료하려면 Ctrl+C를 누르세요.
[2025-10-16 18:21:57] INFO: 
================================================================================
[2025-10-16 18:21:57] INFO: [사이클 701] 2025-10-16 18:21:57
[2025-10-16 18:21:57] INFO: ================================================================================
[2025-10-16 18:21:57] WARNING: ⚠ trading_signals.xlsx 파일이 없습니다.
[2025-10-16 18:21:57] INFO: ℹ 모니터링 대상 종목이 없습니다.
[2025-10-16 18:21:57] INFO: 
⏰ 60초 후 다음 사이클 실행...
[2025-10-16 18:21:57] INFO:    종료하려면 Ctrl+C를 누르세요.
[2025-10-16 18:22:57] INFO: 
================================================================================
[2025-10-16 18:22:57] INFO: [사이클 702] 2025-10-16 18:22:57
[2025-10-16 18:22:57] INFO: ================================================================================
[2025-10-16 18:22:57] WARNING: ⚠ trading_signals.xlsx 파일이 없습니다.
[2025-10-16 18:22:57] INFO: ℹ 모니터링 대상 종목이 없습니다.
[2025-10-16 18:22:57] INFO: 
⏰ 60초 후 다음 사이클 실행...
[2025-10-16 18:22:57] INFO:    종료하려면 Ctrl+C를 누르세요.
[2025-10-16 18:23:57] INFO: 
================================================================================
[2025-10-16 18:23:57] INFO: [사이클 703] 2025-10-16 18:23:57
[2025-10-16 18:23:57] INFO: ================================================================================
[2025-10-16 18:23:57] WARNING: ⚠ trading_signals.xlsx 파일이 없습니다.
[2025-10-16 18:23:57] INFO: ℹ 모니터링 대상 종목이 없습니다.
[2025-10-16 18:23:57] INFO: 
⏰ 60초 후 다음 사이클 실행...
[2025-10-16 18:23:57] INFO:    종료하려면 Ctrl+C를 누르세요.
[2025-10-16 18:24:57] INFO: 
================================================================================
[2025-10-16 18:24:57] INFO: [사이클 704] 2025-10-16 18:24:57
[2025-10-16 18:24:57] INFO: ================================================================================
[2025-10-16 18:24:57] WARNING: ⚠ trading_signals.xlsx 파일이 없습니다.
[2025-10-16 18:24:57] INFO: ℹ 모니터링 대상 종목이 없습니다.
[2025-10-16 18:24:57] INFO: 
⏰ 60초 후 다음 사이클 실행...
[2025-10-16 18:24:57] INFO:    종료하려면 Ctrl+C를 누르세요.
[2025-10-16 18:25:57] INFO: 
================================================================================
[2025-10-16 18:25:57] INFO: [사이클 705] 2025-10-16 18:25:57
[2025-10-16 18:25:57] INFO: ================================================================================
[2025-10-16 18:25:57] WARNING: ⚠ trading_signals.xlsx 파일이 없습니다.
[2025-10-16 18:25:57] INFO: ℹ 모니터링 대상 종목이 없습니다.
[2025-10-16 18:25:57] INFO: 
⏰ 60초 후 다음 사이클 실행...
[2025-10-16 18:25:57] INFO:    종료하려면 Ctrl+C를 누르세요.
[2025-10-16 18:26:57] INFO: 
================================================================================
[2025-10-16 18:26:57] INFO: [사이클 706] 2025-10-16 18:26:57
[2025-10-16 18:26:57] INFO: ================================================================================
[2025-10-16 18:26:57] WARNING: ⚠ trading_signals.xlsx 파일이 없습니다.
[2025-10-16 18:26:57] INFO: ℹ 모니터링 대상 종목이 없습니다.
[2025-10-16 18:26:57] INFO: 
⏰ 60초 후 다음 사이클 실행...
[2025-10-16 18:26:57] INFO:    종료하려면 Ctrl+C를 누르세요.
[2025-10-16 18:27:57] INFO: 
================================================================================
[2025-10-16 18:27:57] INFO: [사이클 707] 2025-10-16 18:27:57
[2025-10-16 18:27:57] INFO: ================================================================================
[2025-10-16 18:27:57] WARNING: ⚠ trading_signals.xlsx 파일이 없습니다.
[2025-10-16 18:27:57] INFO: ℹ 모니터링 대상 종목이 없습니다.
[2025-10-16 18:27:57] INFO: 
⏰ 60초 후 다음 사이클 실행...
[2025-10-16 18:27:57] INFO:    종료하려면 Ctrl+C를 누르세요.
[2025-10-16 18:28:57] INFO: 
================================================================================
[2025-10-16 18:28:57] INFO: [사이클 708] 2025-10-16 18:28:57
[2025-10-16 18:28:57] INFO: ================================================================================
[2025-10-16 18:28:57] WARNING: ⚠ trading_signals.xlsx 파일이 없습니다.
[2025-10-16 18:28:57] INFO: ℹ 모니터링 대상 종목이 없습니다.
[2025-10-16 18:28:57] INFO: 
⏰ 60초 후 다음 사이클 실행...
[2025-10-16 18:28:57] INFO:    종료하려면 Ctrl+C를 누르세요.
[2025-10-16 18:29:57] INFO: 
================================================================================
[2025-10-16 18:29:57] INFO: [사이클 709] 2025-10-16 18:29:57
[2025-10-16 18:29:57] INFO: ================================================================================
[2025-10-16 18:29:57] WARNING: ⚠ trading_signals.xlsx 파일이 없습니다.
[2025-10-16 18:29:57] INFO: ℹ 모니터링 대상 종목이 없습니다.
[2025-10-16 18:29:57] INFO: 
⏰ 60초 후 다음 사이클 실행...
[2025-10-16 18:29:57] INFO:    종료하려면 Ctrl+C를 누르세요.
[2025-10-16 18:30:57] INFO: 
================================================================================
[2025-10-16 18:30:57] INFO: [사이클 710] 2025-10-16 18:30:57
[2025-10-16 18:30:57] INFO: ================================================================================
[2025-10-16 18:30:57] WARNING: ⚠ trading_signals.xlsx 파일이 없습니다.
[2025-10-16 18:30:57] INFO: ℹ 모니터링 대상 종목이 없습니다.
[2025-10-16 18:30:57] INFO: 
⏰ 60초 후 다음 사이클 실행...
[2025-10-16 18:30:57] INFO:    종료하려면 Ctrl+C를 누르세요.
[2025-10-16 18:31:57] INFO: 
================================================================================
[2025-10-16 18:31:57] INFO: [사이클 711] 2025-10-16 18:31:57
[2025-10-16 18:31:57] INFO: ================================================================================
[2025-10-16 18:31:57] WARNING: ⚠ trading_signals.xlsx 파일이 없습니다.
[2025-10-16 18:31:57] INFO: ℹ 모니터링 대상 종목이 없습니다.
[2025-10-16 18:31:57] INFO: 
⏰ 60초 후 다음 사이클 실행...
[2025-10-16 18:31:57] INFO:    종료하려면 Ctrl+C를 누르세요.
[2025-10-16 18:32:57] INFO: 
================================================================================
[2025-10-16 18:32:57] INFO: [사이클 712] 2025-10-16 18:32:57
[2025-10-16 18:32:57] INFO: ================================================================================
[2025-10-16 18:32:57] WARNING: ⚠ trading_signals.xlsx 파일이 없습니다.
[2025-10-16 18:32:57] INFO: ℹ 모니터링 대상 종목이 없습니다.
[2025-10-16 18:32:57] INFO: 
⏰ 60초 후 다음 사이클 실행...
[2025-10-16 18:32:57] INFO:    종료하려면 Ctrl+C를 누르세요.
[2025-10-16 18:33:57] INFO: 
================================================================================
[2025-10-16 18:33:57] INFO: [사이클 713] 2025-10-16 18:33:57
[2025-10-16 18:33:57] INFO: ================================================================================
[2025-10-16 18:33:57] WARNING: ⚠ trading_signals.xlsx 파일이 없습니다.
[2025-10-16 18:33:57] INFO: ℹ 모니터링 대상 종목이 없습니다.
[2025-10-16 18:33:57] INFO: 
⏰ 60초 후 다음 사이클 실행...
[2025-10-16 18:33:57] INFO:    종료하려면 Ctrl+C를 누르세요.
[2025-10-16 18:34:57] INFO: 
================================================================================
[2025-10-16 18:34:57] INFO: [사이클 714] 2025-10-16 18:34:57
[2025-10-16 18:34:57] INFO: ================================================================================
[2025-10-16 18:34:57] WARNING: ⚠ trading_signals.xlsx 파일이 없습니다.
[2025-10-16 18:34:57] INFO: ℹ 모니터링 대상 종목이 없습니다.
[2025-10-16 18:34:57] INFO: 
⏰ 60초 후 다음 사이클 실행...
[2025-10-16 18:34:57] INFO:    종료하려면 Ctrl+C를 누르세요.
[2025-10-16 18:35:57] INFO: 
================================================================================
[2025-10-16 18:35:57] INFO: [사이클 715] 2025-10-16 18:35:57
[2025-10-16 18:35:57] INFO: ================================================================================
[2025-10-16 18:35:57] WARNING: ⚠ trading_signals.xlsx 파일이 없습니다.
[2025-10-16 18:35:57] INFO: ℹ 모니터링 대상 종목이 없습니다.
[2025-10-16 18:35:57] INFO: 
⏰ 60초 후 다음 사이클 실행...
[2025-10-16 18:35:57] INFO:    종료하려면 Ctrl+C를 누르세요.
[2025-10-16 18:36:57] INFO: 
================================================================================
[2025-10-16 18:36:57] INFO: [사이클 716] 2025-10-16 18:36:57
[2025-10-16 18:36:57] INFO: ================================================================================
[2025-10-16 18:36:57] WARNING: ⚠ trading_signals.xlsx 파일이 없습니다.
[2025-10-16 18:36:57] INFO: ℹ 모니터링 대상 종목이 없습니다.
[2025-10-16 18:36:57] INFO: 
⏰ 60초 후 다음 사이클 실행...
[2025-10-16 18:36:57] INFO:    종료하려면 Ctrl+C를 누르세요.
[2025-10-16 18:37:57] INFO: 
================================================================================
[2025-10-16 18:37:57] INFO: [사이클 717] 2025-10-16 18:37:57
[2025-10-16 18:37:57] INFO: ================================================================================
[2025-10-16 18:37:57] WARNING: ⚠ trading_signals.xlsx 파일이 없습니다.
[2025-10-16 18:37:57] INFO: ℹ 모니터링 대상 종목이 없습니다.
[2025-10-16 18:37:57] INFO: 
⏰ 60초 후 다음 사이클 실행...
[2025-10-16 18:37:57] INFO:    종료하려면 Ctrl+C를 누르세요.
[2025-10-16 18:38:57] INFO: 
================================================================================
[2025-10-16 18:38:57] INFO: [사이클 718] 2025-10-16 18:38:57
[2025-10-16 18:38:57] INFO: ================================================================================
[2025-10-16 18:38:57] WARNING: ⚠ trading_signals.xlsx 파일이 없습니다.
[2025-10-16 18:38:57] INFO: ℹ 모니터링 대상 종목이 없습니다.
[2025-10-16 18:38:57] INFO: 
⏰ 60초 후 다음 사이클 실행...
[2025-10-16 18:38:57] INFO:    종료하려면 Ctrl+C를 누르세요.
[2025-10-16 18:39:57] INFO: 
================================================================================
[2025-10-16 18:39:57] INFO: [사이클 719] 2025-10-16 18:39:57
[2025-10-16 18:39:57] INFO: ================================================================================
[2025-10-16 18:39:57] WARNING: ⚠ trading_signals.xlsx 파일이 없습니다.
[2025-10-16 18:39:57] INFO: ℹ 모니터링 대상 종목이 없습니다.
[2025-10-16 18:39:57] INFO: 
⏰ 60초 후 다음 사이클 실행...
[2025-10-16 18:39:57] INFO:    종료하려면 Ctrl+C를 누르세요.
[2025-10-16 18:40:57] INFO: 
================================================================================
[2025-10-16 18:40:57] INFO: [사이클 720] 2025-10-16 18:40:57
[2025-10-16 18:40:57] INFO: ================================================================================
[2025-10-16 18:40:57] WARNING: ⚠ trading_signals.xlsx 파일이 없습니다.
[2025-10-16 18:40:57] INFO: ℹ 모니터링 대상 종목이 없습니다.
[2025-10-16 18:40:57] INFO: 
⏰ 60초 후 다음 사이클 실행...
[2025-10-16 18:40:57] INFO:    종료하려면 Ctrl+C를 누르세요.
[2025-10-16 18:41:57] INFO: 
================================================================================
[2025-10-16 18:41:57] INFO: [사이클 721] 2025-10-16 18:41:57
[2025-10-16 18:41:57] INFO: ================================================================================
[2025-10-16 18:41:57] WARNING: ⚠ trading_signals.xlsx 파일이 없습니다.
[2025-10-16 18:41:57] INFO: ℹ 모니터링 대상 종목이 없습니다.
[2025-10-16 18:41:57] INFO: 
⏰ 60초 후 다음 사이클 실행...
[2025-10-16 18:41:57] INFO:    종료하려면 Ctrl+C를 누르세요.
[2025-10-16 18:42:57] INFO: 
================================================================================
[2025-10-16 18:42:57] INFO: [사이클 722] 2025-10-16 18:42:57
[2025-10-16 18:42:57] INFO: ================================================================================
[2025-10-16 18:42:57] WARNING: ⚠ trading_signals.xlsx 파일이 없습니다.
[2025-10-16 18:42:57] INFO: ℹ 모니터링 대상 종목이 없습니다.
[2025-10-16 18:42:57] INFO: 
⏰ 60초 후 다음 사이클 실행...
[2025-10-16 18:42:57] INFO:    종료하려면 Ctrl+C를 누르세요.
[2025-10-16 18:43:57] INFO: 
================================================================================
[2025-10-16 18:43:57] INFO: [사이클 723] 2025-10-16 18:43:57
[2025-10-16 18:43:57] INFO: ================================================================================
[2025-10-16 18:43:57] WARNING: ⚠ trading_signals.xlsx 파일이 없습니다.
[2025-10-16 18:43:57] INFO: ℹ 모니터링 대상 종목이 없습니다.
[2025-10-16 18:43:57] INFO: 
⏰ 60초 후 다음 사이클 실행...
[2025-10-16 18:43:57] INFO:    종료하려면 Ctrl+C를 누르세요.
[2025-10-16 18:44:57] INFO: 
================================================================================
[2025-10-16 18:44:57] INFO: [사이클 724] 2025-10-16 18:44:57
[2025-10-16 18:44:57] INFO: ================================================================================
[2025-10-16 18:44:57] WARNING: ⚠ trading_signals.xlsx 파일이 없습니다.
[2025-10-16 18:44:57] INFO: ℹ 모니터링 대상 종목이 없습니다.
[2025-10-16 18:44:57] INFO: 
⏰ 60초 후 다음 사이클 실행...
[2025-10-16 18:44:57] INFO:    종료하려면 Ctrl+C를 누르세요.
[2025-10-16 18:45:57] INFO: 
================================================================================
[2025-10-16 18:45:57] INFO: [사이클 725] 2025-10-16 18:45:57
[2025-10-16 18:45:57] INFO: ================================================================================
[2025-10-16 18:45:57] WARNING: ⚠ trading_signals.xlsx 파일이 없습니다.
[2025-10-16 18:45:57] INFO: ℹ 모니터링 대상 종목이 없습니다.
[2025-10-16 18:45:57] INFO: 
⏰ 60초 후 다음 사이클 실행...
[2025-10-16 18:45:57] INFO:    종료하려면 Ctrl+C를 누르세요.
[2025-10-16 18:46:57] INFO: 
================================================================================
[2025-10-16 18:46:57] INFO: [사이클 726] 2025-10-16 18:46:57
[2025-10-16 18:46:57] INFO: ================================================================================
[2025-10-16 18:46:57] WARNING: ⚠ trading_signals.xlsx 파일이 없습니다.
[2025-10-16 18:46:57] INFO: ℹ 모니터링 대상 종목이 없습니다.
[2025-10-16 18:46:57] INFO: 
⏰ 60초 후 다음 사이클 실행...
[2025-10-16 18:46:57] INFO:    종료하려면 Ctrl+C를 누르세요.
[2025-10-16 18:47:57] INFO: 
================================================================================
[2025-10-16 18:47:57] INFO: [사이클 727] 2025-10-16 18:47:57
[2025-10-16 18:47:57] INFO: ================================================================================
[2025-10-16 18:47:57] WARNING: ⚠ trading_signals.xlsx 파일이 없습니다.
[2025-10-16 18:47:57] INFO: ℹ 모니터링 대상 종목이 없습니다.
[2025-10-16 18:47:57] INFO: 
⏰ 60초 후 다음 사이클 실행...
[2025-10-16 18:47:57] INFO:    종료하려면 Ctrl+C를 누르세요.
[2025-10-16 18:48:57] INFO: 
================================================================================
[2025-10-16 18:48:57] INFO: [사이클 728] 2025-10-16 18:48:57
[2025-10-16 18:48:57] INFO: ================================================================================
[2025-10-16 18:48:57] WARNING: ⚠ trading_signals.xlsx 파일이 없습니다.
[2025-10-16 18:48:57] INFO: ℹ 모니터링 대상 종목이 없습니다.
[2025-10-16 18:48:57] INFO: 
⏰ 60초 후 다음 사이클 실행...
[2025-10-16 18:48:57] INFO:    종료하려면 Ctrl+C를 누르세요.
[2025-10-16 18:49:57] INFO: 
================================================================================
[2025-10-16 18:49:57] INFO: [사이클 729] 2025-10-16 18:49:57
[2025-10-16 18:49:57] INFO: ================================================================================
[2025-10-16 18:49:57] WARNING: ⚠ trading_signals.xlsx 파일이 없습니다.
[2025-10-16 18:49:57] INFO: ℹ 모니터링 대상 종목이 없습니다.
[2025-10-16 18:49:57] INFO: 
⏰ 60초 후 다음 사이클 실행...
[2025-10-16 18:49:57] INFO:    종료하려면 Ctrl+C를 누르세요.
[2025-10-16 18:50:57] INFO: 
================================================================================
[2025-10-16 18:50:57] INFO: [사이클 730] 2025-10-16 18:50:57
[2025-10-16 18:50:57] INFO: ================================================================================
[2025-10-16 18:50:57] WARNING: ⚠ trading_signals.xlsx 파일이 없습니다.
[2025-10-16 18:50:57] INFO: ℹ 모니터링 대상 종목이 없습니다.
[2025-10-16 18:50:57] INFO: 
⏰ 60초 후 다음 사이클 실행...
[2025-10-16 18:50:57] INFO:    종료하려면 Ctrl+C를 누르세요.
[2025-10-16 18:51:57] INFO: 
================================================================================
[2025-10-16 18:51:57] INFO: [사이클 731] 2025-10-16 18:51:57
[2025-10-16 18:51:57] INFO: ================================================================================
[2025-10-16 18:51:57] WARNING: ⚠ trading_signals.xlsx 파일이 없습니다.
[2025-10-16 18:51:57] INFO: ℹ 모니터링 대상 종목이 없습니다.
[2025-10-16 18:51:57] INFO: 
⏰ 60초 후 다음 사이클 실행...
[2025-10-16 18:51:57] INFO:    종료하려면 Ctrl+C를 누르세요.
[2025-10-16 18:52:57] INFO: 
================================================================================
[2025-10-16 18:52:57] INFO: [사이클 732] 2025-10-16 18:52:57
[2025-10-16 18:52:57] INFO: ================================================================================
[2025-10-16 18:52:57] WARNING: ⚠ trading_signals.xlsx 파일이 없습니다.
[2025-10-16 18:52:57] INFO: ℹ 모니터링 대상 종목이 없습니다.
[2025-10-16 18:52:57] INFO: 
⏰ 60초 후 다음 사이클 실행...
[2025-10-16 18:52:57] INFO:    종료하려면 Ctrl+C를 누르세요.
[2025-10-16 18:53:57] INFO: 
================================================================================
[2025-10-16 18:53:57] INFO: [사이클 733] 2025-10-16 18:53:57
[2025-10-16 18:53:57] INFO: ================================================================================
[2025-10-16 18:53:57] WARNING: ⚠ trading_signals.xlsx 파일이 없습니다.
[2025-10-16 18:53:57] INFO: ℹ 모니터링 대상 종목이 없습니다.
[2025-10-16 18:53:57] INFO: 
⏰ 60초 후 다음 사이클 실행...
[2025-10-16 18:53:57] INFO:    종료하려면 Ctrl+C를 누르세요.
[2025-10-16 18:54:57] INFO: 
================================================================================
[2025-10-16 18:54:57] INFO: [사이클 734] 2025-10-16 18:54:57
[2025-10-16 18:54:57] INFO: ================================================================================
[2025-10-16 18:54:57] WARNING: ⚠ trading_signals.xlsx 파일이 없습니다.
[2025-10-16 18:54:57] INFO: ℹ 모니터링 대상 종목이 없습니다.
[2025-10-16 18:54:57] INFO: 
⏰ 60초 후 다음 사이클 실행...
[2025-10-16 18:54:57] INFO:    종료하려면 Ctrl+C를 누르세요.
[2025-10-16 18:55:57] INFO: 
================================================================================
[2025-10-16 18:55:57] INFO: [사이클 735] 2025-10-16 18:55:57
[2025-10-16 18:55:57] INFO: ================================================================================
[2025-10-16 18:55:57] WARNING: ⚠ trading_signals.xlsx 파일이 없습니다.
[2025-10-16 18:55:57] INFO: ℹ 모니터링 대상 종목이 없습니다.
[2025-10-16 18:55:57] INFO: 
⏰ 60초 후 다음 사이클 실행...
[2025-10-16 18:55:57] INFO:    종료하려면 Ctrl+C를 누르세요.
[2025-10-16 18:56:57] INFO: 
================================================================================
[2025-10-16 18:56:57] INFO: [사이클 736] 2025-10-16 18:56:57
[2025-10-16 18:56:57] INFO: ================================================================================
[2025-10-16 18:56:57] WARNING: ⚠ trading_signals.xlsx 파일이 없습니다.
[2025-10-16 18:56:57] INFO: ℹ 모니터링 대상 종목이 없습니다.
[2025-10-16 18:56:57] INFO: 
⏰ 60초 후 다음 사이클 실행...
[2025-10-16 18:56:57] INFO:    종료하려면 Ctrl+C를 누르세요.
[2025-10-16 18:57:57] INFO: 
================================================================================
[2025-10-16 18:57:57] INFO: [사이클 737] 2025-10-16 18:57:57
[2025-10-16 18:57:57] INFO: ================================================================================
[2025-10-16 18:57:57] WARNING: ⚠ trading_signals.xlsx 파일이 없습니다.
[2025-10-16 18:57:57] INFO: ℹ 모니터링 대상 종목이 없습니다.
[2025-10-16 18:57:57] INFO: 
⏰ 60초 후 다음 사이클 실행...
[2025-10-16 18:57:57] INFO:    종료하려면 Ctrl+C를 누르세요.
[2025-10-16 18:58:57] INFO: 
================================================================================
[2025-10-16 18:58:57] INFO: [사이클 738] 2025-10-16 18:58:57
[2025-10-16 18:58:57] INFO: ================================================================================
[2025-10-16 18:58:57] WARNING: ⚠ trading_signals.xlsx 파일이 없습니다.
[2025-10-16 18:58:57] INFO: ℹ 모니터링 대상 종목이 없습니다.
[2025-10-16 18:58:57] INFO: 
⏰ 60초 후 다음 사이클 실행...
[2025-10-16 18:58:57] INFO:    종료하려면 Ctrl+C를 누르세요.
[2025-10-16 18:59:57] INFO: 
================================================================================
[2025-10-16 18:59:57] INFO: [사이클 739] 2025-10-16 18:59:57
[2025-10-16 18:59:57] INFO: ================================================================================
[2025-10-16 18:59:57] WARNING: ⚠ trading_signals.xlsx 파일이 없습니다.
[2025-10-16 18:59:57] INFO: ℹ 모니터링 대상 종목이 없습니다.
[2025-10-16 18:59:57] INFO: 
⏰ 60초 후 다음 사이클 실행...
[2025-10-16 18:59:57] INFO:    종료하려면 Ctrl+C를 누르세요.
[2025-10-16 19:00:57] INFO: 
================================================================================
[2025-10-16 19:00:57] INFO: [사이클 740] 2025-10-16 19:00:57
[2025-10-16 19:00:57] INFO: ================================================================================
[2025-10-16 19:00:57] WARNING: ⚠ trading_signals.xlsx 파일이 없습니다.
[2025-10-16 19:00:57] INFO: ℹ 모니터링 대상 종목이 없습니다.
[2025-10-16 19:00:57] INFO: 
⏰ 60초 후 다음 사이클 실행...
[2025-10-16 19:00:57] INFO:    종료하려면 Ctrl+C를 누르세요.
[2025-10-16 19:01:57] INFO: 
================================================================================
[2025-10-16 19:01:57] INFO: [사이클 741] 2025-10-16 19:01:57
[2025-10-16 19:01:57] INFO: ================================================================================
[2025-10-16 19:01:57] WARNING: ⚠ trading_signals.xlsx 파일이 없습니다.
[2025-10-16 19:01:57] INFO: ℹ 모니터링 대상 종목이 없습니다.
[2025-10-16 19:01:57] INFO: 
⏰ 60초 후 다음 사이클 실행...
[2025-10-16 19:01:57] INFO:    종료하려면 Ctrl+C를 누르세요.
[2025-10-16 19:02:57] INFO: 
================================================================================
[2025-10-16 19:02:57] INFO: [사이클 742] 2025-10-16 19:02:57
[2025-10-16 19:02:57] INFO: ================================================================================
[2025-10-16 19:02:57] WARNING: ⚠ trading_signals.xlsx 파일이 없습니다.
[2025-10-16 19:02:57] INFO: ℹ 모니터링 대상 종목이 없습니다.
[2025-10-16 19:02:57] INFO: 
⏰ 60초 후 다음 사이클 실행...
[2025-10-16 19:02:57] INFO:    종료하려면 Ctrl+C를 누르세요.
[2025-10-16 19:03:57] INFO: 
================================================================================
[2025-10-16 19:03:57] INFO: [사이클 743] 2025-10-16 19:03:57
[2025-10-16 19:03:57] INFO: ================================================================================
[2025-10-16 19:03:57] WARNING: ⚠ trading_signals.xlsx 파일이 없습니다.
[2025-10-16 19:03:57] INFO: ℹ 모니터링 대상 종목이 없습니다.
[2025-10-16 19:03:57] INFO: 
⏰ 60초 후 다음 사이클 실행...
[2025-10-16 19:03:57] INFO:    종료하려면 Ctrl+C를 누르세요.
[2025-10-16 19:04:57] INFO: 
================================================================================
[2025-10-16 19:04:57] INFO: [사이클 744] 2025-10-16 19:04:57
[2025-10-16 19:04:57] INFO: ================================================================================
[2025-10-16 19:04:57] WARNING: ⚠ trading_signals.xlsx 파일이 없습니다.
[2025-10-16 19:04:57] INFO: ℹ 모니터링 대상 종목이 없습니다.
[2025-10-16 19:04:57] INFO: 
⏰ 60초 후 다음 사이클 실행...
[2025-10-16 19:04:57] INFO:    종료하려면 Ctrl+C를 누르세요.
[2025-10-16 19:05:57] INFO: 
================================================================================
[2025-10-16 19:05:57] INFO: [사이클 745] 2025-10-16 19:05:57
[2025-10-16 19:05:57] INFO: ================================================================================
[2025-10-16 19:05:57] WARNING: ⚠ trading_signals.xlsx 파일이 없습니다.
[2025-10-16 19:05:57] INFO: ℹ 모니터링 대상 종목이 없습니다.
[2025-10-16 19:05:57] INFO: 
⏰ 60초 후 다음 사이클 실행...
[2025-10-16 19:05:57] INFO:    종료하려면 Ctrl+C를 누르세요.
[2025-10-16 19:06:57] INFO: 
================================================================================
[2025-10-16 19:06:57] INFO: [사이클 746] 2025-10-16 19:06:57
[2025-10-16 19:06:57] INFO: ================================================================================
[2025-10-16 19:06:57] WARNING: ⚠ trading_signals.xlsx 파일이 없습니다.
[2025-10-16 19:06:57] INFO: ℹ 모니터링 대상 종목이 없습니다.
[2025-10-16 19:06:57] INFO: 
⏰ 60초 후 다음 사이클 실행...
[2025-10-16 19:06:57] INFO:    종료하려면 Ctrl+C를 누르세요.
[2025-10-16 19:07:57] INFO: 
================================================================================
[2025-10-16 19:07:57] INFO: [사이클 747] 2025-10-16 19:07:57
[2025-10-16 19:07:57] INFO: ================================================================================
[2025-10-16 19:07:57] WARNING: ⚠ trading_signals.xlsx 파일이 없습니다.
[2025-10-16 19:07:57] INFO: ℹ 모니터링 대상 종목이 없습니다.
[2025-10-16 19:07:57] INFO: 
⏰ 60초 후 다음 사이클 실행...
[2025-10-16 19:07:57] INFO:    종료하려면 Ctrl+C를 누르세요.
[2025-10-16 19:08:57] INFO: 
================================================================================
[2025-10-16 19:08:57] INFO: [사이클 748] 2025-10-16 19:08:57
[2025-10-16 19:08:57] INFO: ================================================================================
[2025-10-16 19:08:57] WARNING: ⚠ trading_signals.xlsx 파일이 없습니다.
[2025-10-16 19:08:57] INFO: ℹ 모니터링 대상 종목이 없습니다.
[2025-10-16 19:08:57] INFO: 
⏰ 60초 후 다음 사이클 실행...
[2025-10-16 19:08:57] INFO:    종료하려면 Ctrl+C를 누르세요.
[2025-10-16 19:09:57] INFO: 
================================================================================
[2025-10-16 19:09:57] INFO: [사이클 749] 2025-10-16 19:09:57
[2025-10-16 19:09:57] INFO: ================================================================================
[2025-10-16 19:09:57] WARNING: ⚠ trading_signals.xlsx 파일이 없습니다.
[2025-10-16 19:09:57] INFO: ℹ 모니터링 대상 종목이 없습니다.
[2025-10-16 19:09:57] INFO: 
⏰ 60초 후 다음 사이클 실행...
[2025-10-16 19:09:57] INFO:    종료하려면 Ctrl+C를 누르세요.
[2025-10-16 19:10:57] INFO: 
================================================================================
[2025-10-16 19:10:57] INFO: [사이클 750] 2025-10-16 19:10:57
[2025-10-16 19:10:57] INFO: ================================================================================
[2025-10-16 19:10:57] WARNING: ⚠ trading_signals.xlsx 파일이 없습니다.
[2025-10-16 19:10:57] INFO: ℹ 모니터링 대상 종목이 없습니다.
[2025-10-16 19:10:57] INFO: 
⏰ 60초 후 다음 사이클 실행...
[2025-10-16 19:10:57] INFO:    종료하려면 Ctrl+C를 누르세요.
[2025-10-16 19:11:57] INFO: 
================================================================================
[2025-10-16 19:11:57] INFO: [사이클 751] 2025-10-16 19:11:57
[2025-10-16 19:11:57] INFO: ================================================================================
[2025-10-16 19:11:57] WARNING: ⚠ trading_signals.xlsx 파일이 없습니다.
[2025-10-16 19:11:57] INFO: ℹ 모니터링 대상 종목이 없습니다.
[2025-10-16 19:11:57] INFO: 
⏰ 60초 후 다음 사이클 실행...
[2025-10-16 19:11:57] INFO:    종료하려면 Ctrl+C를 누르세요.
[2025-10-16 19:12:57] INFO: 
================================================================================
[2025-10-16 19:12:57] INFO: [사이클 752] 2025-10-16 19:12:57
[2025-10-16 19:12:57] INFO: ================================================================================
[2025-10-16 19:12:57] WARNING: ⚠ trading_signals.xlsx 파일이 없습니다.
[2025-10-16 19:12:57] INFO: ℹ 모니터링 대상 종목이 없습니다.
[2025-10-16 19:12:57] INFO: 
⏰ 60초 후 다음 사이클 실행...
[2025-10-16 19:12:57] INFO:    종료하려면 Ctrl+C를 누르세요.
[2025-10-16 19:13:57] INFO: 
================================================================================
[2025-10-16 19:13:57] INFO: [사이클 753] 2025-10-16 19:13:57
[2025-10-16 19:13:57] INFO: ================================================================================
[2025-10-16 19:13:57] WARNING: ⚠ trading_signals.xlsx 파일이 없습니다.
[2025-10-16 19:13:57] INFO: ℹ 모니터링 대상 종목이 없습니다.
[2025-10-16 19:13:57] INFO: 
⏰ 60초 후 다음 사이클 실행...
[2025-10-16 19:13:57] INFO:    종료하려면 Ctrl+C를 누르세요.
[2025-10-16 19:14:57] INFO: 
================================================================================
[2025-10-16 19:14:57] INFO: [사이클 754] 2025-10-16 19:14:57
[2025-10-16 19:14:57] INFO: ================================================================================
[2025-10-16 19:14:57] WARNING: ⚠ trading_signals.xlsx 파일이 없습니다.
[2025-10-16 19:14:57] INFO: ℹ 모니터링 대상 종목이 없습니다.
[2025-10-16 19:14:57] INFO: 
⏰ 60초 후 다음 사이클 실행...
[2025-10-16 19:14:57] INFO:    종료하려면 Ctrl+C를 누르세요.
[2025-10-16 19:15:57] INFO: 
================================================================================
[2025-10-16 19:15:57] INFO: [사이클 755] 2025-10-16 19:15:57
[2025-10-16 19:15:57] INFO: ================================================================================
[2025-10-16 19:15:57] WARNING: ⚠ trading_signals.xlsx 파일이 없습니다.
[2025-10-16 19:15:57] INFO: ℹ 모니터링 대상 종목이 없습니다.
[2025-10-16 19:15:57] INFO: 
⏰ 60초 후 다음 사이클 실행...
[2025-10-16 19:15:57] INFO:    종료하려면 Ctrl+C를 누르세요.
[2025-10-16 19:16:57] INFO: 
================================================================================
[2025-10-16 19:16:57] INFO: [사이클 756] 2025-10-16 19:16:57
[2025-10-16 19:16:57] INFO: ================================================================================
[2025-10-16 19:16:57] WARNING: ⚠ trading_signals.xlsx 파일이 없습니다.
[2025-10-16 19:16:57] INFO: ℹ 모니터링 대상 종목이 없습니다.
[2025-10-16 19:16:57] INFO: 
⏰ 60초 후 다음 사이클 실행...
[2025-10-16 19:16:57] INFO:    종료하려면 Ctrl+C를 누르세요.
[2025-10-16 19:17:57] INFO: 
================================================================================
[2025-10-16 19:17:57] INFO: [사이클 757] 2025-10-16 19:17:57
[2025-10-16 19:17:57] INFO: ================================================================================
[2025-10-16 19:17:57] WARNING: ⚠ trading_signals.xlsx 파일이 없습니다.
[2025-10-16 19:17:57] INFO: ℹ 모니터링 대상 종목이 없습니다.
[2025-10-16 19:17:57] INFO: 
⏰ 60초 후 다음 사이클 실행...
[2025-10-16 19:17:57] INFO:    종료하려면 Ctrl+C를 누르세요.
[2025-10-16 19:18:57] INFO: 
================================================================================
[2025-10-16 19:18:57] INFO: [사이클 758] 2025-10-16 19:18:57
[2025-10-16 19:18:57] INFO: ================================================================================
[2025-10-16 19:18:57] WARNING: ⚠ trading_signals.xlsx 파일이 없습니다.
[2025-10-16 19:18:57] INFO: ℹ 모니터링 대상 종목이 없습니다.
[2025-10-16 19:18:57] INFO: 
⏰ 60초 후 다음 사이클 실행...
[2025-10-16 19:18:57] INFO:    종료하려면 Ctrl+C를 누르세요.
[2025-10-16 19:19:57] INFO: 
================================================================================
[2025-10-16 19:19:57] INFO: [사이클 759] 2025-10-16 19:19:57
[2025-10-16 19:19:57] INFO: ================================================================================
[2025-10-16 19:19:57] WARNING: ⚠ trading_signals.xlsx 파일이 없습니다.
[2025-10-16 19:19:57] INFO: ℹ 모니터링 대상 종목이 없습니다.
[2025-10-16 19:19:57] INFO: 
⏰ 60초 후 다음 사이클 실행...
[2025-10-16 19:19:57] INFO:    종료하려면 Ctrl+C를 누르세요.
[2025-10-16 19:20:57] INFO: 
================================================================================
[2025-10-16 19:20:57] INFO: [사이클 760] 2025-10-16 19:20:57
[2025-10-16 19:20:57] INFO: ================================================================================
[2025-10-16 19:20:57] WARNING: ⚠ trading_signals.xlsx 파일이 없습니다.
[2025-10-16 19:20:57] INFO: ℹ 모니터링 대상 종목이 없습니다.
[2025-10-16 19:20:57] INFO: 
⏰ 60초 후 다음 사이클 실행...
[2025-10-16 19:20:57] INFO:    종료하려면 Ctrl+C를 누르세요.
[2025-10-16 19:21:57] INFO: 
================================================================================
[2025-10-16 19:21:57] INFO: [사이클 761] 2025-10-16 19:21:57
[2025-10-16 19:21:57] INFO: ================================================================================
[2025-10-16 19:21:57] WARNING: ⚠ trading_signals.xlsx 파일이 없습니다.
[2025-10-16 19:21:57] INFO: ℹ 모니터링 대상 종목이 없습니다.
[2025-10-16 19:21:57] INFO: 
⏰ 60초 후 다음 사이클 실행...
[2025-10-16 19:21:57] INFO:    종료하려면 Ctrl+C를 누르세요.
[2025-10-16 19:22:57] INFO: 
================================================================================
[2025-10-16 19:22:57] INFO: [사이클 762] 2025-10-16 19:22:57
[2025-10-16 19:22:57] INFO: ================================================================================
[2025-10-16 19:22:57] WARNING: ⚠ trading_signals.xlsx 파일이 없습니다.
[2025-10-16 19:22:57] INFO: ℹ 모니터링 대상 종목이 없습니다.
[2025-10-16 19:22:57] INFO: 
⏰ 60초 후 다음 사이클 실행...
[2025-10-16 19:22:57] INFO:    종료하려면 Ctrl+C를 누르세요.
[2025-10-16 19:23:57] INFO: 
================================================================================
[2025-10-16 19:23:57] INFO: [사이클 763] 2025-10-16 19:23:57
[2025-10-16 19:23:57] INFO: ================================================================================
[2025-10-16 19:23:57] WARNING: ⚠ trading_signals.xlsx 파일이 없습니다.
[2025-10-16 19:23:57] INFO: ℹ 모니터링 대상 종목이 없습니다.
[2025-10-16 19:23:57] INFO: 
⏰ 60초 후 다음 사이클 실행...
[2025-10-16 19:23:57] INFO:    종료하려면 Ctrl+C를 누르세요.
[2025-10-16 19:24:57] INFO: 
================================================================================
[2025-10-16 19:24:57] INFO: [사이클 764] 2025-10-16 19:24:57
[2025-10-16 19:24:57] INFO: ================================================================================
[2025-10-16 19:24:57] WARNING: ⚠ trading_signals.xlsx 파일이 없습니다.
[2025-10-16 19:24:57] INFO: ℹ 모니터링 대상 종목이 없습니다.
[2025-10-16 19:24:57] INFO: 
⏰ 60초 후 다음 사이클 실행...
[2025-10-16 19:24:57] INFO:    종료하려면 Ctrl+C를 누르세요.
[2025-10-16 19:25:57] INFO: 
================================================================================
[2025-10-16 19:25:57] INFO: [사이클 765] 2025-10-16 19:25:57
[2025-10-16 19:25:57] INFO: ================================================================================
[2025-10-16 19:25:57] WARNING: ⚠ trading_signals.xlsx 파일이 없습니다.
[2025-10-16 19:25:57] INFO: ℹ 모니터링 대상 종목이 없습니다.
[2025-10-16 19:25:57] INFO: 
⏰ 60초 후 다음 사이클 실행...
[2025-10-16 19:25:57] INFO:    종료하려면 Ctrl+C를 누르세요.
[2025-10-16 19:26:57] INFO: 
================================================================================
[2025-10-16 19:26:57] INFO: [사이클 766] 2025-10-16 19:26:57
[2025-10-16 19:26:57] INFO: ================================================================================
[2025-10-16 19:26:57] WARNING: ⚠ trading_signals.xlsx 파일이 없습니다.
[2025-10-16 19:26:57] INFO: ℹ 모니터링 대상 종목이 없습니다.
[2025-10-16 19:26:57] INFO: 
⏰ 60초 후 다음 사이클 실행...
[2025-10-16 19:26:57] INFO:    종료하려면 Ctrl+C를 누르세요.
[2025-10-16 19:27:57] INFO: 
================================================================================
[2025-10-16 19:27:57] INFO: [사이클 767] 2025-10-16 19:27:57
[2025-10-16 19:27:57] INFO: ================================================================================
[2025-10-16 19:27:57] WARNING: ⚠ trading_signals.xlsx 파일이 없습니다.
[2025-10-16 19:27:57] INFO: ℹ 모니터링 대상 종목이 없습니다.
[2025-10-16 19:27:57] INFO: 
⏰ 60초 후 다음 사이클 실행...
[2025-10-16 19:27:57] INFO:    종료하려면 Ctrl+C를 누르세요.
[2025-10-16 19:28:57] INFO: 
================================================================================
[2025-10-16 19:28:57] INFO: [사이클 768] 2025-10-16 19:28:57
[2025-10-16 19:28:57] INFO: ================================================================================
[2025-10-16 19:28:57] WARNING: ⚠ trading_signals.xlsx 파일이 없습니다.
[2025-10-16 19:28:57] INFO: ℹ 모니터링 대상 종목이 없습니다.
[2025-10-16 19:28:57] INFO: 
⏰ 60초 후 다음 사이클 실행...
[2025-10-16 19:28:57] INFO:    종료하려면 Ctrl+C를 누르세요.
[2025-10-16 19:29:57] INFO: 
================================================================================
[2025-10-16 19:29:57] INFO: [사이클 769] 2025-10-16 19:29:57
[2025-10-16 19:29:57] INFO: ================================================================================
[2025-10-16 19:29:57] WARNING: ⚠ trading_signals.xlsx 파일이 없습니다.
[2025-10-16 19:29:57] INFO: ℹ 모니터링 대상 종목이 없습니다.
[2025-10-16 19:29:57] INFO: 
⏰ 60초 후 다음 사이클 실행...
[2025-10-16 19:29:57] INFO:    종료하려면 Ctrl+C를 누르세요.
[2025-10-16 19:30:57] INFO: 
================================================================================
[2025-10-16 19:30:57] INFO: [사이클 770] 2025-10-16 19:30:57
[2025-10-16 19:30:57] INFO: ================================================================================
[2025-10-16 19:30:57] WARNING: ⚠ trading_signals.xlsx 파일이 없습니다.
[2025-10-16 19:30:57] INFO: ℹ 모니터링 대상 종목이 없습니다.
[2025-10-16 19:30:57] INFO: 
⏰ 60초 후 다음 사이클 실행...
[2025-10-16 19:30:57] INFO:    종료하려면 Ctrl+C를 누르세요.
[2025-10-16 19:31:57] INFO: 
================================================================================
[2025-10-16 19:31:57] INFO: [사이클 771] 2025-10-16 19:31:57
[2025-10-16 19:31:57] INFO: ================================================================================
[2025-10-16 19:31:57] WARNING: ⚠ trading_signals.xlsx 파일이 없습니다.
[2025-10-16 19:31:57] INFO: ℹ 모니터링 대상 종목이 없습니다.
[2025-10-16 19:31:57] INFO: 
⏰ 60초 후 다음 사이클 실행...
[2025-10-16 19:31:57] INFO:    종료하려면 Ctrl+C를 누르세요.
[2025-10-16 19:32:57] INFO: 
================================================================================
[2025-10-16 19:32:57] INFO: [사이클 772] 2025-10-16 19:32:57
[2025-10-16 19:32:57] INFO: ================================================================================
[2025-10-16 19:32:57] WARNING: ⚠ trading_signals.xlsx 파일이 없습니다.
[2025-10-16 19:32:57] INFO: ℹ 모니터링 대상 종목이 없습니다.
[2025-10-16 19:32:57] INFO: 
⏰ 60초 후 다음 사이클 실행...
[2025-10-16 19:32:57] INFO:    종료하려면 Ctrl+C를 누르세요.
[2025-10-16 19:33:57] INFO: 
================================================================================
[2025-10-16 19:33:57] INFO: [사이클 773] 2025-10-16 19:33:57
[2025-10-16 19:33:57] INFO: ================================================================================
[2025-10-16 19:33:57] WARNING: ⚠ trading_signals.xlsx 파일이 없습니다.
[2025-10-16 19:33:57] INFO: ℹ 모니터링 대상 종목이 없습니다.
[2025-10-16 19:33:57] INFO: 
⏰ 60초 후 다음 사이클 실행...
[2025-10-16 19:33:57] INFO:    종료하려면 Ctrl+C를 누르세요.
[2025-10-16 19:34:57] INFO: 
================================================================================
[2025-10-16 19:34:57] INFO: [사이클 774] 2025-10-16 19:34:57
[2025-10-16 19:34:57] INFO: ================================================================================
[2025-10-16 19:34:57] WARNING: ⚠ trading_signals.xlsx 파일이 없습니다.
[2025-10-16 19:34:57] INFO: ℹ 모니터링 대상 종목이 없습니다.
[2025-10-16 19:34:57] INFO: 
⏰ 60초 후 다음 사이클 실행...
[2025-10-16 19:34:57] INFO:    종료하려면 Ctrl+C를 누르세요.
[2025-10-16 19:35:57] INFO: 
================================================================================
[2025-10-16 19:35:57] INFO: [사이클 775] 2025-10-16 19:35:57
[2025-10-16 19:35:57] INFO: ================================================================================
[2025-10-16 19:35:57] WARNING: ⚠ trading_signals.xlsx 파일이 없습니다.
[2025-10-16 19:35:57] INFO: ℹ 모니터링 대상 종목이 없습니다.
[2025-10-16 19:35:57] INFO: 
⏰ 60초 후 다음 사이클 실행...
[2025-10-16 19:35:57] INFO:    종료하려면 Ctrl+C를 누르세요.
[2025-10-16 19:36:57] INFO: 
================================================================================
[2025-10-16 19:36:57] INFO: [사이클 776] 2025-10-16 19:36:57
[2025-10-16 19:36:57] INFO: ================================================================================
[2025-10-16 19:36:57] WARNING: ⚠ trading_signals.xlsx 파일이 없습니다.
[2025-10-16 19:36:57] INFO: ℹ 모니터링 대상 종목이 없습니다.
[2025-10-16 19:36:57] INFO: 
⏰ 60초 후 다음 사이클 실행...
[2025-10-16 19:36:57] INFO:    종료하려면 Ctrl+C를 누르세요.
[2025-10-16 19:37:57] INFO: 
================================================================================
[2025-10-16 19:37:57] INFO: [사이클 777] 2025-10-16 19:37:57
[2025-10-16 19:37:57] INFO: ================================================================================
[2025-10-16 19:37:57] WARNING: ⚠ trading_signals.xlsx 파일이 없습니다.
[2025-10-16 19:37:57] INFO: ℹ 모니터링 대상 종목이 없습니다.
[2025-10-16 19:37:57] INFO: 
⏰ 60초 후 다음 사이클 실행...
[2025-10-16 19:37:57] INFO:    종료하려면 Ctrl+C를 누르세요.
[2025-10-16 19:38:57] INFO: 
================================================================================
[2025-10-16 19:38:57] INFO: [사이클 778] 2025-10-16 19:38:57
[2025-10-16 19:38:57] INFO: ================================================================================
[2025-10-16 19:38:57] WARNING: ⚠ trading_signals.xlsx 파일이 없습니다.
[2025-10-16 19:38:57] INFO: ℹ 모니터링 대상 종목이 없습니다.
[2025-10-16 19:38:57] INFO: 
⏰ 60초 후 다음 사이클 실행...
[2025-10-16 19:38:57] INFO:    종료하려면 Ctrl+C를 누르세요.
[2025-10-16 19:39:57] INFO: 
================================================================================
[2025-10-16 19:39:57] INFO: [사이클 779] 2025-10-16 19:39:57
[2025-10-16 19:39:57] INFO: ================================================================================
[2025-10-16 19:39:57] WARNING: ⚠ trading_signals.xlsx 파일이 없습니다.
[2025-10-16 19:39:57] INFO: ℹ 모니터링 대상 종목이 없습니다.
[2025-10-16 19:39:57] INFO: 
⏰ 60초 후 다음 사이클 실행...
[2025-10-16 19:39:57] INFO:    종료하려면 Ctrl+C를 누르세요.
[2025-10-16 19:40:57] INFO: 
================================================================================
[2025-10-16 19:40:57] INFO: [사이클 780] 2025-10-16 19:40:57
[2025-10-16 19:40:57] INFO: ================================================================================
[2025-10-16 19:40:57] WARNING: ⚠ trading_signals.xlsx 파일이 없습니다.
[2025-10-16 19:40:57] INFO: ℹ 모니터링 대상 종목이 없습니다.
[2025-10-16 19:40:57] INFO: 
⏰ 60초 후 다음 사이클 실행...
[2025-10-16 19:40:57] INFO:    종료하려면 Ctrl+C를 누르세요.
[2025-10-16 19:41:57] INFO: 
================================================================================
[2025-10-16 19:41:57] INFO: [사이클 781] 2025-10-16 19:41:57
[2025-10-16 19:41:57] INFO: ================================================================================
[2025-10-16 19:41:57] WARNING: ⚠ trading_signals.xlsx 파일이 없습니다.
[2025-10-16 19:41:57] INFO: ℹ 모니터링 대상 종목이 없습니다.
[2025-10-16 19:41:57] INFO: 
⏰ 60초 후 다음 사이클 실행...
[2025-10-16 19:41:57] INFO:    종료하려면 Ctrl+C를 누르세요.
[2025-10-16 19:42:57] INFO: 
================================================================================
[2025-10-16 19:42:57] INFO: [사이클 782] 2025-10-16 19:42:57
[2025-10-16 19:42:57] INFO: ================================================================================
[2025-10-16 19:42:57] WARNING: ⚠ trading_signals.xlsx 파일이 없습니다.
[2025-10-16 19:42:57] INFO: ℹ 모니터링 대상 종목이 없습니다.
[2025-10-16 19:42:57] INFO: 
⏰ 60초 후 다음 사이클 실행...
[2025-10-16 19:42:57] INFO:    종료하려면 Ctrl+C를 누르세요.
[2025-10-16 19:43:57] INFO: 
================================================================================
[2025-10-16 19:43:57] INFO: [사이클 783] 2025-10-16 19:43:57
[2025-10-16 19:43:57] INFO: ================================================================================
[2025-10-16 19:43:57] WARNING: ⚠ trading_signals.xlsx 파일이 없습니다.
[2025-10-16 19:43:57] INFO: ℹ 모니터링 대상 종목이 없습니다.
[2025-10-16 19:43:57] INFO: 
⏰ 60초 후 다음 사이클 실행...
[2025-10-16 19:43:57] INFO:    종료하려면 Ctrl+C를 누르세요.
[2025-10-16 19:44:57] INFO: 
================================================================================
[2025-10-16 19:44:57] INFO: [사이클 784] 2025-10-16 19:44:57
[2025-10-16 19:44:57] INFO: ================================================================================
[2025-10-16 19:44:57] WARNING: ⚠ trading_signals.xlsx 파일이 없습니다.
[2025-10-16 19:44:57] INFO: ℹ 모니터링 대상 종목이 없습니다.
[2025-10-16 19:44:57] INFO: 
⏰ 60초 후 다음 사이클 실행...
[2025-10-16 19:44:57] INFO:    종료하려면 Ctrl+C를 누르세요.
[2025-10-16 19:45:57] INFO: 
================================================================================
[2025-10-16 19:45:57] INFO: [사이클 785] 2025-10-16 19:45:57
[2025-10-16 19:45:57] INFO: ================================================================================
[2025-10-16 19:45:57] WARNING: ⚠ trading_signals.xlsx 파일이 없습니다.
[2025-10-16 19:45:57] INFO: ℹ 모니터링 대상 종목이 없습니다.
[2025-10-16 19:45:57] INFO: 
⏰ 60초 후 다음 사이클 실행...
[2025-10-16 19:45:57] INFO:    종료하려면 Ctrl+C를 누르세요.
[2025-10-16 19:46:57] INFO: 
================================================================================
[2025-10-16 19:46:57] INFO: [사이클 786] 2025-10-16 19:46:57
[2025-10-16 19:46:57] INFO: ================================================================================
[2025-10-16 19:46:57] WARNING: ⚠ trading_signals.xlsx 파일이 없습니다.
[2025-10-16 19:46:57] INFO: ℹ 모니터링 대상 종목이 없습니다.
[2025-10-16 19:46:57] INFO: 
⏰ 60초 후 다음 사이클 실행...
[2025-10-16 19:46:57] INFO:    종료하려면 Ctrl+C를 누르세요.
[2025-10-16 19:47:57] INFO: 
================================================================================
[2025-10-16 19:47:57] INFO: [사이클 787] 2025-10-16 19:47:57
[2025-10-16 19:47:57] INFO: ================================================================================
[2025-10-16 19:47:57] WARNING: ⚠ trading_signals.xlsx 파일이 없습니다.
[2025-10-16 19:47:57] INFO: ℹ 모니터링 대상 종목이 없습니다.
[2025-10-16 19:47:57] INFO: 
⏰ 60초 후 다음 사이클 실행...
[2025-10-16 19:47:57] INFO:    종료하려면 Ctrl+C를 누르세요.
[2025-10-16 19:48:57] INFO: 
================================================================================
[2025-10-16 19:48:57] INFO: [사이클 788] 2025-10-16 19:48:57
[2025-10-16 19:48:57] INFO: ================================================================================
[2025-10-16 19:48:57] WARNING: ⚠ trading_signals.xlsx 파일이 없습니다.
[2025-10-16 19:48:57] INFO: ℹ 모니터링 대상 종목이 없습니다.
[2025-10-16 19:48:57] INFO: 
⏰ 60초 후 다음 사이클 실행...
[2025-10-16 19:48:57] INFO:    종료하려면 Ctrl+C를 누르세요.
[2025-10-16 19:49:57] INFO: 
================================================================================
[2025-10-16 19:49:57] INFO: [사이클 789] 2025-10-16 19:49:57
[2025-10-16 19:49:57] INFO: ================================================================================
[2025-10-16 19:49:57] WARNING: ⚠ trading_signals.xlsx 파일이 없습니다.
[2025-10-16 19:49:57] INFO: ℹ 모니터링 대상 종목이 없습니다.
[2025-10-16 19:49:57] INFO: 
⏰ 60초 후 다음 사이클 실행...
[2025-10-16 19:49:57] INFO:    종료하려면 Ctrl+C를 누르세요.
[2025-10-16 19:50:57] INFO: 
================================================================================
[2025-10-16 19:50:57] INFO: [사이클 790] 2025-10-16 19:50:57
[2025-10-16 19:50:57] INFO: ================================================================================
[2025-10-16 19:50:57] WARNING: ⚠ trading_signals.xlsx 파일이 없습니다.
[2025-10-16 19:50:57] INFO: ℹ 모니터링 대상 종목이 없습니다.
[2025-10-16 19:50:57] INFO: 
⏰ 60초 후 다음 사이클 실행...
[2025-10-16 19:50:57] INFO:    종료하려면 Ctrl+C를 누르세요.
[2025-10-16 19:51:57] INFO: 
================================================================================
[2025-10-16 19:51:57] INFO: [사이클 791] 2025-10-16 19:51:57
[2025-10-16 19:51:57] INFO: ================================================================================
[2025-10-16 19:51:57] WARNING: ⚠ trading_signals.xlsx 파일이 없습니다.
[2025-10-16 19:51:57] INFO: ℹ 모니터링 대상 종목이 없습니다.
[2025-10-16 19:51:57] INFO: 
⏰ 60초 후 다음 사이클 실행...
[2025-10-16 19:51:57] INFO:    종료하려면 Ctrl+C를 누르세요.
[2025-10-16 19:52:57] INFO: 
================================================================================
[2025-10-16 19:52:57] INFO: [사이클 792] 2025-10-16 19:52:57
[2025-10-16 19:52:57] INFO: ================================================================================
[2025-10-16 19:52:57] WARNING: ⚠ trading_signals.xlsx 파일이 없습니다.
[2025-10-16 19:52:57] INFO: ℹ 모니터링 대상 종목이 없습니다.
[2025-10-16 19:52:57] INFO: 
⏰ 60초 후 다음 사이클 실행...
[2025-10-16 19:52:57] INFO:    종료하려면 Ctrl+C를 누르세요.
[2025-10-16 19:53:57] INFO: 
================================================================================
[2025-10-16 19:53:57] INFO: [사이클 793] 2025-10-16 19:53:57
[2025-10-16 19:53:57] INFO: ================================================================================
[2025-10-16 19:53:57] WARNING: ⚠ trading_signals.xlsx 파일이 없습니다.
[2025-10-16 19:53:57] INFO: ℹ 모니터링 대상 종목이 없습니다.
[2025-10-16 19:53:57] INFO: 
⏰ 60초 후 다음 사이클 실행...
[2025-10-16 19:53:57] INFO:    종료하려면 Ctrl+C를 누르세요.
[2025-10-16 19:54:57] INFO: 
================================================================================
[2025-10-16 19:54:57] INFO: [사이클 794] 2025-10-16 19:54:57
[2025-10-16 19:54:57] INFO: ================================================================================
[2025-10-16 19:54:57] WARNING: ⚠ trading_signals.xlsx 파일이 없습니다.
[2025-10-16 19:54:57] INFO: ℹ 모니터링 대상 종목이 없습니다.
[2025-10-16 19:54:57] INFO: 
⏰ 60초 후 다음 사이클 실행...
[2025-10-16 19:54:57] INFO:    종료하려면 Ctrl+C를 누르세요.
[2025-10-16 19:55:57] INFO: 
================================================================================
[2025-10-16 19:55:57] INFO: [사이클 795] 2025-10-16 19:55:57
[2025-10-16 19:55:57] INFO: ================================================================================
[2025-10-16 19:55:57] WARNING: ⚠ trading_signals.xlsx 파일이 없습니다.
[2025-10-16 19:55:57] INFO: ℹ 모니터링 대상 종목이 없습니다.
[2025-10-16 19:55:57] INFO: 
⏰ 60초 후 다음 사이클 실행...
[2025-10-16 19:55:57] INFO:    종료하려면 Ctrl+C를 누르세요.
[2025-10-16 19:56:57] INFO: 
================================================================================
[2025-10-16 19:56:57] INFO: [사이클 796] 2025-10-16 19:56:57
[2025-10-16 19:56:57] INFO: ================================================================================
[2025-10-16 19:56:57] WARNING: ⚠ trading_signals.xlsx 파일이 없습니다.
[2025-10-16 19:56:57] INFO: ℹ 모니터링 대상 종목이 없습니다.
[2025-10-16 19:56:57] INFO: 
⏰ 60초 후 다음 사이클 실행...
[2025-10-16 19:56:57] INFO:    종료하려면 Ctrl+C를 누르세요.
[2025-10-16 19:57:57] INFO: 
================================================================================
[2025-10-16 19:57:57] INFO: [사이클 797] 2025-10-16 19:57:57
[2025-10-16 19:57:57] INFO: ================================================================================
[2025-10-16 19:57:57] WARNING: ⚠ trading_signals.xlsx 파일이 없습니다.
[2025-10-16 19:57:57] INFO: ℹ 모니터링 대상 종목이 없습니다.
[2025-10-16 19:57:57] INFO: 
⏰ 60초 후 다음 사이클 실행...
[2025-10-16 19:57:57] INFO:    종료하려면 Ctrl+C를 누르세요.
[2025-10-16 19:58:57] INFO: 
================================================================================
[2025-10-16 19:58:57] INFO: [사이클 798] 2025-10-16 19:58:57
[2025-10-16 19:58:57] INFO: ================================================================================
[2025-10-16 19:58:57] WARNING: ⚠ trading_signals.xlsx 파일이 없습니다.
[2025-10-16 19:58:57] INFO: ℹ 모니터링 대상 종목이 없습니다.
[2025-10-16 19:58:57] INFO: 
⏰ 60초 후 다음 사이클 실행...
[2025-10-16 19:58:57] INFO:    종료하려면 Ctrl+C를 누르세요.
[2025-10-16 19:59:57] INFO: 
================================================================================
[2025-10-16 19:59:57] INFO: [사이클 799] 2025-10-16 19:59:57
[2025-10-16 19:59:57] INFO: ================================================================================
[2025-10-16 19:59:57] WARNING: ⚠ trading_signals.xlsx 파일이 없습니다.
[2025-10-16 19:59:57] INFO: ℹ 모니터링 대상 종목이 없습니다.
[2025-10-16 19:59:57] INFO: 
⏰ 60초 후 다음 사이클 실행...
[2025-10-16 19:59:57] INFO:    종료하려면 Ctrl+C를 누르세요.
[2025-10-16 20:00:57] INFO: 
[사이클 800] 모니터링 시간대가 아닙니다 (08:00-20:00)
[2025-10-16 20:00:57] INFO: ⏰ 60초 후 재확인...
[2025-10-16 20:01:57] INFO: 
[사이클 801] 모니터링 시간대가 아닙니다 (08:00-20:00)
[2025-10-16 20:01:57] INFO: ⏰ 60초 후 재확인...
[2025-10-16 20:02:57] INFO: 
[사이클 802] 모니터링 시간대가 아닙니다 (08:00-20:00)
[2025-10-16 20:02:57] INFO: ⏰ 60초 후 재확인...
[2025-10-16 20:03:57] INFO: 
[사이클 803] 모니터링 시간대가 아닙니다 (08:00-20:00)
[2025-10-16 20:03:57] INFO: ⏰ 60초 후 재확인...
[2025-10-16 20:04:57] INFO: 
[사이클 804] 모니터링 시간대가 아닙니다 (08:00-20:00)
[2025-10-16 20:04:57] INFO: ⏰ 60초 후 재확인...
[2025-10-16 20:05:57] INFO: 
[사이클 805] 모니터링 시간대가 아닙니다 (08:00-20:00)
[2025-10-16 20:05:57] INFO: ⏰ 60초 후 재확인...
[2025-10-16 20:06:57] INFO: 
[사이클 806] 모니터링 시간대가 아닙니다 (08:00-20:00)
[2025-10-16 20:06:57] INFO: ⏰ 60초 후 재확인...
[2025-10-16 20:07:57] INFO: 
[사이클 807] 모니터링 시간대가 아닙니다 (08:00-20:00)
[2025-10-16 20:07:57] INFO: ⏰ 60초 후 재확인...
[2025-10-16 20:08:57] INFO: 
[사이클 808] 모니터링 시간대가 아닙니다 (08:00-20:00)
[2025-10-16 20:08:57] INFO: ⏰ 60초 후 재확인...
[2025-10-16 20:09:57] INFO: 
[사이클 809] 모니터링 시간대가 아닙니다 (08:00-20:00)
[2025-10-16 20:09:57] INFO: ⏰ 60초 후 재확인...
[2025-10-16 20:10:57] INFO: 
[사이클 810] 모니터링 시간대가 아닙니다 (08:00-20:00)
[2025-10-16 20:10:57] INFO: ⏰ 60초 후 재확인...
[2025-10-16 20:11:57] INFO: 
[사이클 811] 모니터링 시간대가 아닙니다 (08:00-20:00)
[2025-10-16 20:11:57] INFO: ⏰ 60초 후 재확인...
[2025-10-16 20:12:57] INFO: 
[사이클 812] 모니터링 시간대가 아닙니다 (08:00-20:00)
[2025-10-16 20:12:57] INFO: ⏰ 60초 후 재확인...
[2025-10-16 20:13:57] INFO: 
[사이클 813] 모니터링 시간대가 아닙니다 (08:00-20:00)
[2025-10-16 20:13:57] INFO: ⏰ 60초 후 재확인...
[2025-10-16 20:14:57] INFO: 
[사이클 814] 모니터링 시간대가 아닙니다 (08:00-20:00)
[2025-10-16 20:14:57] INFO: ⏰ 60초 후 재확인...
[2025-10-16 20:15:57] INFO: 
[사이클 815] 모니터링 시간대가 아닙니다 (08:00-20:00)
[2025-10-16 20:15:57] INFO: ⏰ 60초 후 재확인...
[2025-10-16 20:16:57] INFO: 
[사이클 816] 모니터링 시간대가 아닙니다 (08:00-20:00)
[2025-10-16 20:16:57] INFO: ⏰ 60초 후 재확인...
[2025-10-16 20:17:57] INFO: 
[사이클 817] 모니터링 시간대가 아닙니다 (08:00-20:00)
[2025-10-16 20:17:57] INFO: ⏰ 60초 후 재확인...
[2025-10-16 20:18:57] INFO: 
[사이클 818] 모니터링 시간대가 아닙니다 (08:00-20:00)
[2025-10-16 20:18:57] INFO: ⏰ 60초 후 재확인...
[2025-10-16 20:19:57] INFO: 
[사이클 819] 모니터링 시간대가 아닙니다 (08:00-20:00)
[2025-10-16 20:19:57] INFO: ⏰ 60초 후 재확인...
[2025-10-16 20:20:57] INFO: 
[사이클 820] 모니터링 시간대가 아닙니다 (08:00-20:00)
[2025-10-16 20:20:57] INFO: ⏰ 60초 후 재확인...
[2025-10-16 20:21:57] INFO: 
[사이클 821] 모니터링 시간대가 아닙니다 (08:00-20:00)
[2025-10-16 20:21:57] INFO: ⏰ 60초 후 재확인...
[2025-10-16 20:22:57] INFO: 
[사이클 822] 모니터링 시간대가 아닙니다 (08:00-20:00)
[2025-10-16 20:22:57] INFO: ⏰ 60초 후 재확인...
[2025-10-16 20:23:57] INFO: 
[사이클 823] 모니터링 시간대가 아닙니다 (08:00-20:00)
[2025-10-16 20:23:57] INFO: ⏰ 60초 후 재확인...
[2025-10-16 20:24:57] INFO: 
[사이클 824] 모니터링 시간대가 아닙니다 (08:00-20:00)
[2025-10-16 20:24:57] INFO: ⏰ 60초 후 재확인...
[2025-10-16 20:25:57] INFO: 
[사이클 825] 모니터링 시간대가 아닙니다 (08:00-20:00)
[2025-10-16 20:25:57] INFO: ⏰ 60초 후 재확인...
[2025-10-16 20:26:57] INFO: 
[사이클 826] 모니터링 시간대가 아닙니다 (08:00-20:00)
[2025-10-16 20:26:57] INFO: ⏰ 60초 후 재확인...
[2025-10-16 20:27:57] INFO: 
[사이클 827] 모니터링 시간대가 아닙니다 (08:00-20:00)
[2025-10-16 20:27:57] INFO: ⏰ 60초 후 재확인...
[2025-10-16 20:28:57] INFO: 
[사이클 828] 모니터링 시간대가 아닙니다 (08:00-20:00)
[2025-10-16 20:28:57] INFO: ⏰ 60초 후 재확인...
[2025-10-16 20:29:57] INFO: 
[사이클 829] 모니터링 시간대가 아닙니다 (08:00-20:00)
[2025-10-16 20:29:57] INFO: ⏰ 60초 후 재확인...
[2025-10-16 20:30:57] INFO: 
[사이클 830] 모니터링 시간대가 아닙니다 (08:00-20:00)
[2025-10-16 20:30:57] INFO: ⏰ 60초 후 재확인...
[2025-10-16 20:31:57] INFO: 
[사이클 831] 모니터링 시간대가 아닙니다 (08:00-20:00)
[2025-10-16 20:31:57] INFO: ⏰ 60초 후 재확인...
[2025-10-16 20:32:57] INFO: 
[사이클 832] 모니터링 시간대가 아닙니다 (08:00-20:00)
[2025-10-16 20:32:57] INFO: ⏰ 60초 후 재확인...
[2025-10-16 20:33:57] INFO: 
[사이클 833] 모니터링 시간대가 아닙니다 (08:00-20:00)
[2025-10-16 20:33:57] INFO: ⏰ 60초 후 재확인...
[2025-10-16 20:34:57] INFO: 
[사이클 834] 모니터링 시간대가 아닙니다 (08:00-20:00)
[2025-10-16 20:34:57] INFO: ⏰ 60초 후 재확인...
[2025-10-16 20:35:57] INFO: 
[사이클 835] 모니터링 시간대가 아닙니다 (08:00-20:00)
[2025-10-16 20:35:57] INFO: ⏰ 60초 후 재확인...
[2025-10-16 20:36:57] INFO: 
[사이클 836] 모니터링 시간대가 아닙니다 (08:00-20:00)
[2025-10-16 20:36:57] INFO: ⏰ 60초 후 재확인...
[2025-10-16 20:37:57] INFO: 
[사이클 837] 모니터링 시간대가 아닙니다 (08:00-20:00)
[2025-10-16 20:37:57] INFO: ⏰ 60초 후 재확인...
[2025-10-16 20:38:57] INFO: 
[사이클 838] 모니터링 시간대가 아닙니다 (08:00-20:00)
[2025-10-16 20:38:57] INFO: ⏰ 60초 후 재확인...
[2025-10-16 20:39:57] INFO: 
[사이클 839] 모니터링 시간대가 아닙니다 (08:00-20:00)
[2025-10-16 20:39:57] INFO: ⏰ 60초 후 재확인...
[2025-10-16 20:40:57] INFO: 
[사이클 840] 모니터링 시간대가 아닙니다 (08:00-20:00)
[2025-10-16 20:40:57] INFO: ⏰ 60초 후 재확인...
[2025-10-16 20:41:57] INFO: 
[사이클 841] 모니터링 시간대가 아닙니다 (08:00-20:00)
[2025-10-16 20:41:57] INFO: ⏰ 60초 후 재확인...
[2025-10-16 20:42:57] INFO: 
[사이클 842] 모니터링 시간대가 아닙니다 (08:00-20:00)
[2025-10-16 20:42:57] INFO: ⏰ 60초 후 재확인...
[2025-10-16 20:43:57] INFO: 
[사이클 843] 모니터링 시간대가 아닙니다 (08:00-20:00)
[2025-10-16 20:43:57] INFO: ⏰ 60초 후 재확인...
[2025-10-16 20:44:57] INFO: 
[사이클 844] 모니터링 시간대가 아닙니다 (08:00-20:00)
[2025-10-16 20:44:57] INFO: ⏰ 60초 후 재확인...
[2025-10-16 20:45:57] INFO: 
[사이클 845] 모니터링 시간대가 아닙니다 (08:00-20:00)
[2025-10-16 20:45:57] INFO: ⏰ 60초 후 재확인...
[2025-10-16 20:46:57] INFO: 
[사이클 846] 모니터링 시간대가 아닙니다 (08:00-20:00)
[2025-10-16 20:46:57] INFO: ⏰ 60초 후 재확인...
[2025-10-16 20:47:57] INFO: 
[사이클 847] 모니터링 시간대가 아닙니다 (08:00-20:00)
[2025-10-16 20:47:57] INFO: ⏰ 60초 후 재확인...
[2025-10-16 20:48:57] INFO: 
[사이클 848] 모니터링 시간대가 아닙니다 (08:00-20:00)
[2025-10-16 20:48:57] INFO: ⏰ 60초 후 재확인...
[2025-10-16 20:49:57] INFO: 
[사이클 849] 모니터링 시간대가 아닙니다 (08:00-20:00)
[2025-10-16 20:49:57] INFO: ⏰ 60초 후 재확인...
[2025-10-16 20:50:57] INFO: 
[사이클 850] 모니터링 시간대가 아닙니다 (08:00-20:00)
[2025-10-16 20:50:57] INFO: ⏰ 60초 후 재확인...
[2025-10-16 20:51:57] INFO: 
[사이클 851] 모니터링 시간대가 아닙니다 (08:00-20:00)
[2025-10-16 20:51:57] INFO: ⏰ 60초 후 재확인...
[2025-10-16 20:52:57] INFO: 
[사이클 852] 모니터링 시간대가 아닙니다 (08:00-20:00)
[2025-10-16 20:52:57] INFO: ⏰ 60초 후 재확인...
[2025-10-16 20:53:57] INFO: 
[사이클 853] 모니터링 시간대가 아닙니다 (08:00-20:00)
[2025-10-16 20:53:57] INFO: ⏰ 60초 후 재확인...
[2025-10-16 20:54:57] INFO: 
[사이클 854] 모니터링 시간대가 아닙니다 (08:00-20:00)
[2025-10-16 20:54:57] INFO: ⏰ 60초 후 재확인...
[2025-10-16 20:55:57] INFO: 
[사이클 855] 모니터링 시간대가 아닙니다 (08:00-20:00)
[2025-10-16 20:55:57] INFO: ⏰ 60초 후 재확인...
[2025-10-16 20:56:57] INFO: 
[사이클 856] 모니터링 시간대가 아닙니다 (08:00-20:00)
[2025-10-16 20:56:57] INFO: ⏰ 60초 후 재확인...
[2025-10-16 20:57:57] INFO: 
[사이클 857] 모니터링 시간대가 아닙니다 (08:00-20:00)
[2025-10-16 20:57:57] INFO: ⏰ 60초 후 재확인...
[2025-10-16 20:58:57] INFO: 
[사이클 858] 모니터링 시간대가 아닙니다 (08:00-20:00)
[2025-10-16 20:58:57] INFO: ⏰ 60초 후 재확인...
[2025-10-16 20:59:57] INFO: 
[사이클 859] 모니터링 시간대가 아닙니다 (08:00-20:00)
[2025-10-16 20:59:57] INFO: ⏰ 60초 후 재확인...
[2025-10-16 21:00:57] INFO: 
[사이클 860] 모니터링 시간대가 아닙니다 (08:00-20:00)
[2025-10-16 21:00:57] INFO: ⏰ 60초 후 재확인...
[2025-10-16 21:01:57] INFO: 
[사이클 861] 모니터링 시간대가 아닙니다 (08:00-20:00)
[2025-10-16 21:01:57] INFO: ⏰ 60초 후 재확인...
[2025-10-16 21:02:57] INFO: 
[사이클 862] 모니터링 시간대가 아닙니다 (08:00-20:00)
[2025-10-16 21:02:57] INFO: ⏰ 60초 후 재확인...
[2025-10-16 21:03:57] INFO: 
[사이클 863] 모니터링 시간대가 아닙니다 (08:00-20:00)
[2025-10-16 21:03:57] INFO: ⏰ 60초 후 재확인...
[2025-10-16 21:04:57] INFO: 
[사이클 864] 모니터링 시간대가 아닙니다 (08:00-20:00)
[2025-10-16 21:04:57] INFO: ⏰ 60초 후 재확인...
[2025-10-16 21:05:57] INFO: 
[사이클 865] 모니터링 시간대가 아닙니다 (08:00-20:00)
[2025-10-16 21:05:57] INFO: ⏰ 60초 후 재확인...
[2025-10-16 21:06:57] INFO: 
[사이클 866] 모니터링 시간대가 아닙니다 (08:00-20:00)
[2025-10-16 21:06:57] INFO: ⏰ 60초 후 재확인...
[2025-10-16 21:07:57] INFO: 
[사이클 867] 모니터링 시간대가 아닙니다 (08:00-20:00)
[2025-10-16 21:07:57] INFO: ⏰ 60초 후 재확인...
[2025-10-16 21:08:57] INFO: 
[사이클 868] 모니터링 시간대가 아닙니다 (08:00-20:00)
[2025-10-16 21:08:57] INFO: ⏰ 60초 후 재확인...
[2025-10-16 21:09:57] INFO: 
[사이클 869] 모니터링 시간대가 아닙니다 (08:00-20:00)
[2025-10-16 21:09:57] INFO: ⏰ 60초 후 재확인...
[2025-10-16 21:10:57] INFO: 
[사이클 870] 모니터링 시간대가 아닙니다 (08:00-20:00)
[2025-10-16 21:10:57] INFO: ⏰ 60초 후 재확인...
[2025-10-16 21:11:57] INFO: 
[사이클 871] 모니터링 시간대가 아닙니다 (08:00-20:00)
[2025-10-16 21:11:57] INFO: ⏰ 60초 후 재확인...
[2025-10-16 21:12:57] INFO: 
[사이클 872] 모니터링 시간대가 아닙니다 (08:00-20:00)
[2025-10-16 21:12:57] INFO: ⏰ 60초 후 재확인...
[2025-10-16 21:13:57] INFO: 
[사이클 873] 모니터링 시간대가 아닙니다 (08:00-20:00)
[2025-10-16 21:13:57] INFO: ⏰ 60초 후 재확인...
[2025-10-16 21:14:57] INFO: 
[사이클 874] 모니터링 시간대가 아닙니다 (08:00-20:00)
[2025-10-16 21:14:57] INFO: ⏰ 60초 후 재확인...
[2025-10-16 21:15:57] INFO: 
[사이클 875] 모니터링 시간대가 아닙니다 (08:00-20:00)
[2025-10-16 21:15:57] INFO: ⏰ 60초 후 재확인...
[2025-10-16 21:16:57] INFO: 
[사이클 876] 모니터링 시간대가 아닙니다 (08:00-20:00)
[2025-10-16 21:16:57] INFO: ⏰ 60초 후 재확인...
[2025-10-16 21:17:57] INFO: 
[사이클 877] 모니터링 시간대가 아닙니다 (08:00-20:00)
[2025-10-16 21:17:57] INFO: ⏰ 60초 후 재확인...
[2025-10-16 21:18:57] INFO: 
[사이클 878] 모니터링 시간대가 아닙니다 (08:00-20:00)
[2025-10-16 21:18:57] INFO: ⏰ 60초 후 재확인...
[2025-10-16 21:19:57] INFO: 
[사이클 879] 모니터링 시간대가 아닙니다 (08:00-20:00)
[2025-10-16 21:19:57] INFO: ⏰ 60초 후 재확인...
[2025-10-16 21:20:57] INFO: 
[사이클 880] 모니터링 시간대가 아닙니다 (08:00-20:00)
[2025-10-16 21:20:57] INFO: ⏰ 60초 후 재확인...
[2025-10-16 21:21:57] INFO: 
[사이클 881] 모니터링 시간대가 아닙니다 (08:00-20:00)
[2025-10-16 21:21:57] INFO: ⏰ 60초 후 재확인...
[2025-10-16 21:22:57] INFO: 
[사이클 882] 모니터링 시간대가 아닙니다 (08:00-20:00)
[2025-10-16 21:22:57] INFO: ⏰ 60초 후 재확인...
[2025-10-16 21:23:57] INFO: 
[사이클 883] 모니터링 시간대가 아닙니다 (08:00-20:00)
[2025-10-16 21:23:57] INFO: ⏰ 60초 후 재확인...
[2025-10-16 21:24:57] INFO: 
[사이클 884] 모니터링 시간대가 아닙니다 (08:00-20:00)
[2025-10-16 21:24:57] INFO: ⏰ 60초 후 재확인...
[2025-10-16 21:25:57] INFO: 
[사이클 885] 모니터링 시간대가 아닙니다 (08:00-20:00)
[2025-10-16 21:25:57] INFO: ⏰ 60초 후 재확인...
[2025-10-16 21:26:57] INFO: 
[사이클 886] 모니터링 시간대가 아닙니다 (08:00-20:00)
[2025-10-16 21:26:57] INFO: ⏰ 60초 후 재확인...
[2025-10-16 21:27:57] INFO: 
[사이클 887] 모니터링 시간대가 아닙니다 (08:00-20:00)
[2025-10-16 21:27:57] INFO: ⏰ 60초 후 재확인...
[2025-10-16 21:28:57] INFO: 
[사이클 888] 모니터링 시간대가 아닙니다 (08:00-20:00)
[2025-10-16 21:28:57] INFO: ⏰ 60초 후 재확인...
[2025-10-16 21:29:57] INFO: 
[사이클 889] 모니터링 시간대가 아닙니다 (08:00-20:00)
[2025-10-16 21:29:57] INFO: ⏰ 60초 후 재확인...
[2025-10-16 21:30:57] INFO: 
[사이클 890] 모니터링 시간대가 아닙니다 (08:00-20:00)
[2025-10-16 21:30:57] INFO: ⏰ 60초 후 재확인...
[2025-10-16 21:31:57] INFO: 
[사이클 891] 모니터링 시간대가 아닙니다 (08:00-20:00)
[2025-10-16 21:31:57] INFO: ⏰ 60초 후 재확인...
[2025-10-16 21:32:57] INFO: 
[사이클 892] 모니터링 시간대가 아닙니다 (08:00-20:00)
[2025-10-16 21:32:57] INFO: ⏰ 60초 후 재확인...
[2025-10-16 21:33:57] INFO: 
[사이클 893] 모니터링 시간대가 아닙니다 (08:00-20:00)
[2025-10-16 21:33:57] INFO: ⏰ 60초 후 재확인...
[2025-10-16 21:34:57] INFO: 
[사이클 894] 모니터링 시간대가 아닙니다 (08:00-20:00)
[2025-10-16 21:34:57] INFO: ⏰ 60초 후 재확인...
[2025-10-16 21:35:57] INFO: 
[사이클 895] 모니터링 시간대가 아닙니다 (08:00-20:00)
[2025-10-16 21:35:57] INFO: ⏰ 60초 후 재확인...
[2025-10-16 21:36:57] INFO: 
[사이클 896] 모니터링 시간대가 아닙니다 (08:00-20:00)
[2025-10-16 21:36:57] INFO: ⏰ 60초 후 재확인...
[2025-10-16 21:37:57] INFO: 
[사이클 897] 모니터링 시간대가 아닙니다 (08:00-20:00)
[2025-10-16 21:37:57] INFO: ⏰ 60초 후 재확인...
[2025-10-16 21:38:57] INFO: 
[사이클 898] 모니터링 시간대가 아닙니다 (08:00-20:00)
[2025-10-16 21:38:57] INFO: ⏰ 60초 후 재확인...
[2025-10-16 21:39:57] INFO: 
[사이클 899] 모니터링 시간대가 아닙니다 (08:00-20:00)
[2025-10-16 21:39:57] INFO: ⏰ 60초 후 재확인...
[2025-10-16 21:40:57] INFO: 
[사이클 900] 모니터링 시간대가 아닙니다 (08:00-20:00)
[2025-10-16 21:40:57] INFO: ⏰ 60초 후 재확인...
[2025-10-16 21:41:57] INFO: 
[사이클 901] 모니터링 시간대가 아닙니다 (08:00-20:00)
[2025-10-16 21:41:57] INFO: ⏰ 60초 후 재확인...
[2025-10-16 21:42:57] INFO: 
[사이클 902] 모니터링 시간대가 아닙니다 (08:00-20:00)
[2025-10-16 21:42:57] INFO: ⏰ 60초 후 재확인...
[2025-10-16 21:43:57] INFO: 
[사이클 903] 모니터링 시간대가 아닙니다 (08:00-20:00)
[2025-10-16 21:43:57] INFO: ⏰ 60초 후 재확인...
[2025-10-16 21:44:57] INFO: 
[사이클 904] 모니터링 시간대가 아닙니다 (08:00-20:00)
[2025-10-16 21:44:57] INFO: ⏰ 60초 후 재확인...
[2025-10-16 21:45:57] INFO: 
[사이클 905] 모니터링 시간대가 아닙니다 (08:00-20:00)
[2025-10-16 21:45:57] INFO: ⏰ 60초 후 재확인...
[2025-10-16 21:46:57] INFO: 
[사이클 906] 모니터링 시간대가 아닙니다 (08:00-20:00)
[2025-10-16 21:46:57] INFO: ⏰ 60초 후 재확인...
[2025-10-16 21:47:57] INFO: 
[사이클 907] 모니터링 시간대가 아닙니다 (08:00-20:00)
[2025-10-16 21:47:57] INFO: ⏰ 60초 후 재확인...
[2025-10-16 21:48:57] INFO: 
[사이클 908] 모니터링 시간대가 아닙니다 (08:00-20:00)
[2025-10-16 21:48:57] INFO: ⏰ 60초 후 재확인...
[2025-10-16 21:49:57] INFO: 
[사이클 909] 모니터링 시간대가 아닙니다 (08:00-20:00)
[2025-10-16 21:49:57] INFO: ⏰ 60초 후 재확인...
[2025-10-16 21:50:57] INFO: 
[사이클 910] 모니터링 시간대가 아닙니다 (08:00-20:00)
[2025-10-16 21:50:57] INFO: ⏰ 60초 후 재확인...
[2025-10-16 21:51:57] INFO: 
[사이클 911] 모니터링 시간대가 아닙니다 (08:00-20:00)
[2025-10-16 21:51:57] INFO: ⏰ 60초 후 재확인...
[2025-10-16 21:52:57] INFO: 
[사이클 912] 모니터링 시간대가 아닙니다 (08:00-20:00)
[2025-10-16 21:52:57] INFO: ⏰ 60초 후 재확인...
[2025-10-16 21:53:57] INFO: 
[사이클 913] 모니터링 시간대가 아닙니다 (08:00-20:00)
[2025-10-16 21:53:57] INFO: ⏰ 60초 후 재확인...
[2025-10-16 21:54:57] INFO: 
[사이클 914] 모니터링 시간대가 아닙니다 (08:00-20:00)
[2025-10-16 21:54:57] INFO: ⏰ 60초 후 재확인...
[2025-10-16 21:55:57] INFO: 
[사이클 915] 모니터링 시간대가 아닙니다 (08:00-20:00)
[2025-10-16 21:55:57] INFO: ⏰ 60초 후 재확인...
[2025-10-16 21:56:57] INFO: 
[사이클 916] 모니터링 시간대가 아닙니다 (08:00-20:00)
[2025-10-16 21:56:57] INFO: ⏰ 60초 후 재확인...
[2025-10-16 21:57:57] INFO: 
[사이클 917] 모니터링 시간대가 아닙니다 (08:00-20:00)
[2025-10-16 21:57:57] INFO: ⏰ 60초 후 재확인...
[2025-10-16 21:58:57] INFO: 
[사이클 918] 모니터링 시간대가 아닙니다 (08:00-20:00)
[2025-10-16 21:58:57] INFO: ⏰ 60초 후 재확인...
[2025-10-16 21:59:57] INFO: 
[사이클 919] 모니터링 시간대가 아닙니다 (08:00-20:00)
[2025-10-16 21:59:57] INFO: ⏰ 60초 후 재확인...
[2025-10-16 22:00:57] INFO: 
[사이클 920] 모니터링 시간대가 아닙니다 (08:00-20:00)
[2025-10-16 22:00:57] INFO: ⏰ 60초 후 재확인...
[2025-10-16 22:01:57] INFO: 
[사이클 921] 모니터링 시간대가 아닙니다 (08:00-20:00)
[2025-10-16 22:01:57] INFO: ⏰ 60초 후 재확인...
[2025-10-16 22:02:57] INFO: 
[사이클 922] 모니터링 시간대가 아닙니다 (08:00-20:00)
[2025-10-16 22:02:57] INFO: ⏰ 60초 후 재확인...
[2025-10-16 22:03:57] INFO: 
[사이클 923] 모니터링 시간대가 아닙니다 (08:00-20:00)
[2025-10-16 22:03:57] INFO: ⏰ 60초 후 재확인...
[2025-10-16 22:04:57] INFO: 
[사이클 924] 모니터링 시간대가 아닙니다 (08:00-20:00)
[2025-10-16 22:04:57] INFO: ⏰ 60초 후 재확인...
[2025-10-16 22:05:57] INFO: 
[사이클 925] 모니터링 시간대가 아닙니다 (08:00-20:00)
[2025-10-16 22:05:57] INFO: ⏰ 60초 후 재확인...
[2025-10-16 22:06:57] INFO: 
[사이클 926] 모니터링 시간대가 아닙니다 (08:00-20:00)
[2025-10-16 22:06:57] INFO: ⏰ 60초 후 재확인...
[2025-10-16 22:07:57] INFO: 
[사이클 927] 모니터링 시간대가 아닙니다 (08:00-20:00)
[2025-10-16 22:07:57] INFO: ⏰ 60초 후 재확인...
[2025-10-16 22:08:57] INFO: 
[사이클 928] 모니터링 시간대가 아닙니다 (08:00-20:00)
[2025-10-16 22:08:57] INFO: ⏰ 60초 후 재확인...
[2025-10-16 22:09:57] INFO: 
[사이클 929] 모니터링 시간대가 아닙니다 (08:00-20:00)
[2025-10-16 22:09:57] INFO: ⏰ 60초 후 재확인...
[2025-10-16 22:10:57] INFO: 
[사이클 930] 모니터링 시간대가 아닙니다 (08:00-20:00)
[2025-10-16 22:10:57] INFO: ⏰ 60초 후 재확인...
[2025-10-16 22:11:57] INFO: 
[사이클 931] 모니터링 시간대가 아닙니다 (08:00-20:00)
[2025-10-16 22:11:57] INFO: ⏰ 60초 후 재확인...
[2025-10-16 22:12:57] INFO: 
[사이클 932] 모니터링 시간대가 아닙니다 (08:00-20:00)
[2025-10-16 22:12:57] INFO: ⏰ 60초 후 재확인...
[2025-10-16 22:13:57] INFO: 
[사이클 933] 모니터링 시간대가 아닙니다 (08:00-20:00)
[2025-10-16 22:13:57] INFO: ⏰ 60초 후 재확인...
[2025-10-16 22:14:57] INFO: 
[사이클 934] 모니터링 시간대가 아닙니다 (08:00-20:00)
[2025-10-16 22:14:57] INFO: ⏰ 60초 후 재확인...
[2025-10-16 22:15:57] INFO: 
[사이클 935] 모니터링 시간대가 아닙니다 (08:00-20:00)
[2025-10-16 22:15:57] INFO: ⏰ 60초 후 재확인...
[2025-10-16 22:16:57] INFO: 
[사이클 936] 모니터링 시간대가 아닙니다 (08:00-20:00)
[2025-10-16 22:16:57] INFO: ⏰ 60초 후 재확인...
[2025-10-16 22:17:57] INFO: 
[사이클 937] 모니터링 시간대가 아닙니다 (08:00-20:00)
[2025-10-16 22:17:57] INFO: ⏰ 60초 후 재확인...
[2025-10-16 22:18:57] INFO: 
[사이클 938] 모니터링 시간대가 아닙니다 (08:00-20:00)
[2025-10-16 22:18:57] INFO: ⏰ 60초 후 재확인...
[2025-10-16 22:19:57] INFO: 
[사이클 939] 모니터링 시간대가 아닙니다 (08:00-20:00)
[2025-10-16 22:19:57] INFO: ⏰ 60초 후 재확인...
[2025-10-16 22:20:57] INFO: 
[사이클 940] 모니터링 시간대가 아닙니다 (08:00-20:00)
[2025-10-16 22:20:57] INFO: ⏰ 60초 후 재확인...
[2025-10-16 22:21:57] INFO: 
[사이클 941] 모니터링 시간대가 아닙니다 (08:00-20:00)
[2025-10-16 22:21:57] INFO: ⏰ 60초 후 재확인...
[2025-10-16 22:22:57] INFO: 
[사이클 942] 모니터링 시간대가 아닙니다 (08:00-20:00)
[2025-10-16 22:22:57] INFO: ⏰ 60초 후 재확인...
[2025-10-16 22:23:57] INFO: 
[사이클 943] 모니터링 시간대가 아닙니다 (08:00-20:00)
[2025-10-16 22:23:57] INFO: ⏰ 60초 후 재확인...
[2025-10-16 22:24:57] INFO: 
[사이클 944] 모니터링 시간대가 아닙니다 (08:00-20:00)
[2025-10-16 22:24:57] INFO: ⏰ 60초 후 재확인...
[2025-10-16 22:25:57] INFO: 
[사이클 945] 모니터링 시간대가 아닙니다 (08:00-20:00)
[2025-10-16 22:25:57] INFO: ⏰ 60초 후 재확인...
[2025-10-16 22:26:57] INFO: 
[사이클 946] 모니터링 시간대가 아닙니다 (08:00-20:00)
[2025-10-16 22:26:57] INFO: ⏰ 60초 후 재확인...
[2025-10-16 22:27:57] INFO: 
[사이클 947] 모니터링 시간대가 아닙니다 (08:00-20:00)
[2025-10-16 22:27:57] INFO: ⏰ 60초 후 재확인...
[2025-10-16 22:28:57] INFO: 
[사이클 948] 모니터링 시간대가 아닙니다 (08:00-20:00)
[2025-10-16 22:28:57] INFO: ⏰ 60초 후 재확인...
[2025-10-16 22:29:57] INFO: 
[사이클 949] 모니터링 시간대가 아닙니다 (08:00-20:00)
[2025-10-16 22:29:57] INFO: ⏰ 60초 후 재확인...
[2025-10-16 22:30:57] INFO: 
[사이클 950] 모니터링 시간대가 아닙니다 (08:00-20:00)
[2025-10-16 22:30:57] INFO: ⏰ 60초 후 재확인...
[2025-10-16 22:31:57] INFO: 
[사이클 951] 모니터링 시간대가 아닙니다 (08:00-20:00)
[2025-10-16 22:31:57] INFO: ⏰ 60초 후 재확인...
[2025-10-16 22:32:57] INFO: 
[사이클 952] 모니터링 시간대가 아닙니다 (08:00-20:00)
[2025-10-16 22:32:57] INFO: ⏰ 60초 후 재확인...
[2025-10-16 22:33:57] INFO: 
[사이클 953] 모니터링 시간대가 아닙니다 (08:00-20:00)
[2025-10-16 22:33:57] INFO: ⏰ 60초 후 재확인...
[2025-10-16 22:34:57] INFO: 
[사이클 954] 모니터링 시간대가 아닙니다 (08:00-20:00)
[2025-10-16 22:34:57] INFO: ⏰ 60초 후 재확인...
[2025-10-16 22:35:57] INFO: 
[사이클 955] 모니터링 시간대가 아닙니다 (08:00-20:00)
[2025-10-16 22:35:57] INFO: ⏰ 60초 후 재확인...
[2025-10-16 22:36:57] INFO: 
[사이클 956] 모니터링 시간대가 아닙니다 (08:00-20:00)
[2025-10-16 22:36:57] INFO: ⏰ 60초 후 재확인...
[2025-10-16 22:37:57] INFO: 
[사이클 957] 모니터링 시간대가 아닙니다 (08:00-20:00)
[2025-10-16 22:37:57] INFO: ⏰ 60초 후 재확인...
[2025-10-16 22:38:57] INFO: 
[사이클 958] 모니터링 시간대가 아닙니다 (08:00-20:00)
[2025-10-16 22:38:57] INFO: ⏰ 60초 후 재확인...
[2025-10-16 22:39:57] INFO: 
[사이클 959] 모니터링 시간대가 아닙니다 (08:00-20:00)
[2025-10-16 22:39:57] INFO: ⏰ 60초 후 재확인...
[2025-10-16 22:40:57] INFO: 
[사이클 960] 모니터링 시간대가 아닙니다 (08:00-20:00)
[2025-10-16 22:40:57] INFO: ⏰ 60초 후 재확인...
[2025-10-16 22:41:57] INFO: 
[사이클 961] 모니터링 시간대가 아닙니다 (08:00-20:00)
[2025-10-16 22:41:57] INFO: ⏰ 60초 후 재확인...
[2025-10-16 22:42:57] INFO: 
[사이클 962] 모니터링 시간대가 아닙니다 (08:00-20:00)
[2025-10-16 22:42:57] INFO: ⏰ 60초 후 재확인...
[2025-10-16 22:43:57] INFO: 
[사이클 963] 모니터링 시간대가 아닙니다 (08:00-20:00)
[2025-10-16 22:43:57] INFO: ⏰ 60초 후 재확인...
[2025-10-16 22:44:57] INFO: 
[사이클 964] 모니터링 시간대가 아닙니다 (08:00-20:00)
[2025-10-16 22:44:57] INFO: ⏰ 60초 후 재확인...
[2025-10-16 22:45:57] INFO: 
[사이클 965] 모니터링 시간대가 아닙니다 (08:00-20:00)
[2025-10-16 22:45:57] INFO: ⏰ 60초 후 재확인...
[2025-10-16 22:46:57] INFO: 
[사이클 966] 모니터링 시간대가 아닙니다 (08:00-20:00)
[2025-10-16 22:46:57] INFO: ⏰ 60초 후 재확인...
[2025-10-16 22:47:57] INFO: 
[사이클 967] 모니터링 시간대가 아닙니다 (08:00-20:00)
[2025-10-16 22:47:57] INFO: ⏰ 60초 후 재확인...
[2025-10-16 22:48:57] INFO: 
[사이클 968] 모니터링 시간대가 아닙니다 (08:00-20:00)
[2025-10-16 22:48:57] INFO: ⏰ 60초 후 재확인...
[2025-10-16 22:49:57] INFO: 
[사이클 969] 모니터링 시간대가 아닙니다 (08:00-20:00)
[2025-10-16 22:49:57] INFO: ⏰ 60초 후 재확인...
[2025-10-16 22:50:57] INFO: 
[사이클 970] 모니터링 시간대가 아닙니다 (08:00-20:00)
[2025-10-16 22:50:57] INFO: ⏰ 60초 후 재확인...
[2025-10-16 22:51:57] INFO: 
[사이클 971] 모니터링 시간대가 아닙니다 (08:00-20:00)
[2025-10-16 22:51:57] INFO: ⏰ 60초 후 재확인...
[2025-10-16 22:52:57] INFO: 
[사이클 972] 모니터링 시간대가 아닙니다 (08:00-20:00)
[2025-10-16 22:52:57] INFO: ⏰ 60초 후 재확인...
[2025-10-16 22:53:57] INFO: 
[사이클 973] 모니터링 시간대가 아닙니다 (08:00-20:00)
[2025-10-16 22:53:57] INFO: ⏰ 60초 후 재확인...
[2025-10-16 22:54:57] INFO: 
[사이클 974] 모니터링 시간대가 아닙니다 (08:00-20:00)
[2025-10-16 22:54:57] INFO: ⏰ 60초 후 재확인...
[2025-10-16 22:55:57] INFO: 
[사이클 975] 모니터링 시간대가 아닙니다 (08:00-20:00)
[2025-10-16 22:55:57] INFO: ⏰ 60초 후 재확인...
[2025-10-16 22:56:57] INFO: 
[사이클 976] 모니터링 시간대가 아닙니다 (08:00-20:00)
[2025-10-16 22:56:57] INFO: ⏰ 60초 후 재확인...
[2025-10-16 22:57:57] INFO: 
[사이클 977] 모니터링 시간대가 아닙니다 (08:00-20:00)
[2025-10-16 22:57:57] INFO: ⏰ 60초 후 재확인...
[2025-10-16 22:58:57] INFO: 
[사이클 978] 모니터링 시간대가 아닙니다 (08:00-20:00)
[2025-10-16 22:58:57] INFO: ⏰ 60초 후 재확인...
[2025-10-16 22:59:57] INFO: 
[사이클 979] 모니터링 시간대가 아닙니다 (08:00-20:00)
[2025-10-16 22:59:57] INFO: ⏰ 60초 후 재확인...
[2025-10-16 23:00:57] INFO: 
[사이클 980] 모니터링 시간대가 아닙니다 (08:00-20:00)
[2025-10-16 23:00:57] INFO: ⏰ 60초 후 재확인...
[2025-10-16 23:01:57] INFO: 
[사이클 981] 모니터링 시간대가 아닙니다 (08:00-20:00)
[2025-10-16 23:01:57] INFO: ⏰ 60초 후 재확인...
[2025-10-16 23:02:57] INFO: 
[사이클 982] 모니터링 시간대가 아닙니다 (08:00-20:00)
[2025-10-16 23:02:57] INFO: ⏰ 60초 후 재확인...
[2025-10-16 23:03:57] INFO: 
[사이클 983] 모니터링 시간대가 아닙니다 (08:00-20:00)
[2025-10-16 23:03:57] INFO: ⏰ 60초 후 재확인...
[2025-10-16 23:04:57] INFO: 
[사이클 984] 모니터링 시간대가 아닙니다 (08:00-20:00)
[2025-10-16 23:04:57] INFO: ⏰ 60초 후 재확인...
[2025-10-16 23:05:57] INFO: 
[사이클 985] 모니터링 시간대가 아닙니다 (08:00-20:00)
[2025-10-16 23:05:57] INFO: ⏰ 60초 후 재확인...
[2025-10-16 23:06:57] INFO: 
[사이클 986] 모니터링 시간대가 아닙니다 (08:00-20:00)
[2025-10-16 23:06:57] INFO: ⏰ 60초 후 재확인...
[2025-10-16 23:07:57] INFO: 
[사이클 987] 모니터링 시간대가 아닙니다 (08:00-20:00)
[2025-10-16 23:07:57] INFO: ⏰ 60초 후 재확인...
[2025-10-16 23:08:57] INFO: 
[사이클 988] 모니터링 시간대가 아닙니다 (08:00-20:00)
[2025-10-16 23:08:57] INFO: ⏰ 60초 후 재확인...
[2025-10-16 23:09:57] INFO: 
[사이클 989] 모니터링 시간대가 아닙니다 (08:00-20:00)
[2025-10-16 23:09:57] INFO: ⏰ 60초 후 재확인...
[2025-10-16 23:10:57] INFO: 
[사이클 990] 모니터링 시간대가 아닙니다 (08:00-20:00)
[2025-10-16 23:10:57] INFO: ⏰ 60초 후 재확인...
[2025-10-16 23:11:57] INFO: 
[사이클 991] 모니터링 시간대가 아닙니다 (08:00-20:00)
[2025-10-16 23:11:57] INFO: ⏰ 60초 후 재확인...
[2025-10-16 23:12:57] INFO: 
[사이클 992] 모니터링 시간대가 아닙니다 (08:00-20:00)
[2025-10-16 23:12:57] INFO: ⏰ 60초 후 재확인...
[2025-10-16 23:13:57] INFO: 
[사이클 993] 모니터링 시간대가 아닙니다 (08:00-20:00)
[2025-10-16 23:13:57] INFO: ⏰ 60초 후 재확인...
[2025-10-16 23:14:57] INFO: 
[사이클 994] 모니터링 시간대가 아닙니다 (08:00-20:00)
[2025-10-16 23:14:57] INFO: ⏰ 60초 후 재확인...
[2025-10-16 23:15:57] INFO: 
[사이클 995] 모니터링 시간대가 아닙니다 (08:00-20:00)
[2025-10-16 23:15:57] INFO: ⏰ 60초 후 재확인...
[2025-10-16 23:16:57] INFO: 
[사이클 996] 모니터링 시간대가 아닙니다 (08:00-20:00)
[2025-10-16 23:16:57] INFO: ⏰ 60초 후 재확인...
[2025-10-16 23:17:57] INFO: 
[사이클 997] 모니터링 시간대가 아닙니다 (08:00-20:00)
[2025-10-16 23:17:57] INFO: ⏰ 60초 후 재확인...
[2025-10-16 23:18:57] INFO: 
[사이클 998] 모니터링 시간대가 아닙니다 (08:00-20:00)
[2025-10-16 23:18:57] INFO: ⏰ 60초 후 재확인...
[2025-10-16 23:19:57] INFO: 
[사이클 999] 모니터링 시간대가 아닙니다 (08:00-20:00)
[2025-10-16 23:19:57] INFO: ⏰ 60초 후 재확인...
[2025-10-16 23:20:57] INFO: 
[사이클 1000] 모니터링 시간대가 아닙니다 (08:00-20:00)
[2025-10-16 23:20:57] INFO: ⏰ 60초 후 재확인...
[2025-10-16 23:21:57] INFO: 
[사이클 1001] 모니터링 시간대가 아닙니다 (08:00-20:00)
[2025-10-16 23:21:57] INFO: ⏰ 60초 후 재확인...
[2025-10-16 23:22:57] INFO: 
[사이클 1002] 모니터링 시간대가 아닙니다 (08:00-20:00)
[2025-10-16 23:22:57] INFO: ⏰ 60초 후 재확인...
[2025-10-16 23:23:57] INFO: 
[사이클 1003] 모니터링 시간대가 아닙니다 (08:00-20:00)
[2025-10-16 23:23:57] INFO: ⏰ 60초 후 재확인...
[2025-10-16 23:24:57] INFO: 
[사이클 1004] 모니터링 시간대가 아닙니다 (08:00-20:00)
[2025-10-16 23:24:57] INFO: ⏰ 60초 후 재확인...
[2025-10-16 23:25:57] INFO: 
[사이클 1005] 모니터링 시간대가 아닙니다 (08:00-20:00)
[2025-10-16 23:25:57] INFO: ⏰ 60초 후 재확인...
[2025-10-16 23:26:57] INFO: 
[사이클 1006] 모니터링 시간대가 아닙니다 (08:00-20:00)
[2025-10-16 23:26:57] INFO: ⏰ 60초 후 재확인...
[2025-10-16 23:27:57] INFO: 
[사이클 1007] 모니터링 시간대가 아닙니다 (08:00-20:00)
[2025-10-16 23:27:57] INFO: ⏰ 60초 후 재확인...
[2025-10-16 23:28:57] INFO: 
[사이클 1008] 모니터링 시간대가 아닙니다 (08:00-20:00)
[2025-10-16 23:28:57] INFO: ⏰ 60초 후 재확인...
[2025-10-16 23:29:57] INFO: 
[사이클 1009] 모니터링 시간대가 아닙니다 (08:00-20:00)
[2025-10-16 23:29:57] INFO: ⏰ 60초 후 재확인...
[2025-10-16 23:30:57] INFO: 
[사이클 1010] 모니터링 시간대가 아닙니다 (08:00-20:00)
[2025-10-16 23:30:57] INFO: ⏰ 60초 후 재확인...
[2025-10-16 23:31:57] INFO: 
[사이클 1011] 모니터링 시간대가 아닙니다 (08:00-20:00)
[2025-10-16 23:31:57] INFO: ⏰ 60초 후 재확인...
[2025-10-16 23:32:57] INFO: 
[사이클 1012] 모니터링 시간대가 아닙니다 (08:00-20:00)
[2025-10-16 23:32:57] INFO: ⏰ 60초 후 재확인...
[2025-10-16 23:33:57] INFO: 
[사이클 1013] 모니터링 시간대가 아닙니다 (08:00-20:00)
[2025-10-16 23:33:57] INFO: ⏰ 60초 후 재확인...
[2025-10-16 23:34:57] INFO: 
[사이클 1014] 모니터링 시간대가 아닙니다 (08:00-20:00)
[2025-10-16 23:34:57] INFO: ⏰ 60초 후 재확인...
[2025-10-16 23:35:57] INFO: 
[사이클 1015] 모니터링 시간대가 아닙니다 (08:00-20:00)
[2025-10-16 23:35:57] INFO: ⏰ 60초 후 재확인...
[2025-10-16 23:36:57] INFO: 
[사이클 1016] 모니터링 시간대가 아닙니다 (08:00-20:00)
[2025-10-16 23:36:57] INFO: ⏰ 60초 후 재확인...
[2025-10-16 23:37:57] INFO: 
[사이클 1017] 모니터링 시간대가 아닙니다 (08:00-20:00)
[2025-10-16 23:37:57] INFO: ⏰ 60초 후 재확인...
[2025-10-16 23:38:57] INFO: 
[사이클 1018] 모니터링 시간대가 아닙니다 (08:00-20:00)
[2025-10-16 23:38:57] INFO: ⏰ 60초 후 재확인...
[2025-10-16 23:39:57] INFO: 
[사이클 1019] 모니터링 시간대가 아닙니다 (08:00-20:00)
[2025-10-16 23:39:57] INFO: ⏰ 60초 후 재확인...
[2025-10-16 23:40:57] INFO: 
[사이클 1020] 모니터링 시간대가 아닙니다 (08:00-20:00)
[2025-10-16 23:40:57] INFO: ⏰ 60초 후 재확인...
[2025-10-16 23:41:57] INFO: 
[사이클 1021] 모니터링 시간대가 아닙니다 (08:00-20:00)
[2025-10-16 23:41:57] INFO: ⏰ 60초 후 재확인...
[2025-10-16 23:42:57] INFO: 
[사이클 1022] 모니터링 시간대가 아닙니다 (08:00-20:00)
[2025-10-16 23:42:57] INFO: ⏰ 60초 후 재확인...
[2025-10-16 23:43:57] INFO: 
[사이클 1023] 모니터링 시간대가 아닙니다 (08:00-20:00)
[2025-10-16 23:43:57] INFO: ⏰ 60초 후 재확인...
[2025-10-16 23:44:57] INFO: 
[사이클 1024] 모니터링 시간대가 아닙니다 (08:00-20:00)
[2025-10-16 23:44:57] INFO: ⏰ 60초 후 재확인...
[2025-10-16 23:45:57] INFO: 
[사이클 1025] 모니터링 시간대가 아닙니다 (08:00-20:00)
[2025-10-16 23:45:57] INFO: ⏰ 60초 후 재확인...
[2025-10-16 23:46:57] INFO: 
[사이클 1026] 모니터링 시간대가 아닙니다 (08:00-20:00)
[2025-10-16 23:46:57] INFO: ⏰ 60초 후 재확인...
[2025-10-16 23:47:57] INFO: 
[사이클 1027] 모니터링 시간대가 아닙니다 (08:00-20:00)
[2025-10-16 23:47:57] INFO: ⏰ 60초 후 재확인...
[2025-10-16 23:48:57] INFO: 
[사이클 1028] 모니터링 시간대가 아닙니다 (08:00-20:00)
[2025-10-16 23:48:57] INFO: ⏰ 60초 후 재확인...
[2025-10-16 23:49:57] INFO: 
[사이클 1029] 모니터링 시간대가 아닙니다 (08:00-20:00)
[2025-10-16 23:49:57] INFO: ⏰ 60초 후 재확인...
[2025-10-16 23:50:57] INFO: 
[사이클 1030] 모니터링 시간대가 아닙니다 (08:00-20:00)
[2025-10-16 23:50:57] INFO: ⏰ 60초 후 재확인...
[2025-10-16 23:51:57] INFO: 
[사이클 1031] 모니터링 시간대가 아닙니다 (08:00-20:00)
[2025-10-16 23:51:57] INFO: ⏰ 60초 후 재확인...
[2025-10-16 23:52:57] INFO: 
[사이클 1032] 모니터링 시간대가 아닙니다 (08:00-20:00)
[2025-10-16 23:52:57] INFO: ⏰ 60초 후 재확인...
[2025-10-16 23:53:57] INFO: 
[사이클 1033] 모니터링 시간대가 아닙니다 (08:00-20:00)
[2025-10-16 23:53:57] INFO: ⏰ 60초 후 재확인...
[2025-10-16 23:54:57] INFO: 
[사이클 1034] 모니터링 시간대가 아닙니다 (08:00-20:00)
[2025-10-16 23:54:57] INFO: ⏰ 60초 후 재확인...
[2025-10-16 23:55:57] INFO: 
[사이클 1035] 모니터링 시간대가 아닙니다 (08:00-20:00)
[2025-10-16 23:55:57] INFO: ⏰ 60초 후 재확인...
[2025-10-16 23:56:57] INFO: 
[사이클 1036] 모니터링 시간대가 아닙니다 (08:00-20:00)
[2025-10-16 23:56:57] INFO: ⏰ 60초 후 재확인...
[2025-10-16 23:57:57] INFO: 
[사이클 1037] 모니터링 시간대가 아닙니다 (08:00-20:00)
[2025-10-16 23:57:57] INFO: ⏰ 60초 후 재확인...
[2025-10-16 23:58:57] INFO: 
[사이클 1038] 모니터링 시간대가 아닙니다 (08:00-20:00)
[2025-10-16 23:58:57] INFO: ⏰ 60초 후 재확인...
[2025-10-16 23:59:57] INFO: 
[사이클 1039] 모니터링 시간대가 아닙니다 (08:00-20:00)
[2025-10-16 23:59:57] INFO: ⏰ 60초 후 재확인...
[2025-10-17 00:00:57] INFO: 
[사이클 1040] 모니터링 시간대가 아닙니다 (08:00-20:00)
[2025-10-17 00:00:57] INFO: ⏰ 60초 후 재확인...
[2025-10-17 00:01:57] INFO: 
[사이클 1041] 모니터링 시간대가 아닙니다 (08:00-20:00)
[2025-10-17 00:01:57] INFO: ⏰ 60초 후 재확인...
[2025-10-17 00:02:57] INFO: 
[사이클 1042] 모니터링 시간대가 아닙니다 (08:00-20:00)
[2025-10-17 00:02:57] INFO: ⏰ 60초 후 재확인...
[2025-10-17 00:03:57] INFO: 
[사이클 1043] 모니터링 시간대가 아닙니다 (08:00-20:00)
[2025-10-17 00:03:57] INFO: ⏰ 60초 후 재확인...
[2025-10-17 00:04:57] INFO: 
[사이클 1044] 모니터링 시간대가 아닙니다 (08:00-20:00)
[2025-10-17 00:04:57] INFO: ⏰ 60초 후 재확인...
[2025-10-17 00:05:57] INFO: 
[사이클 1045] 모니터링 시간대가 아닙니다 (08:00-20:00)
[2025-10-17 00:05:57] INFO: ⏰ 60초 후 재확인...
[2025-10-17 00:06:57] INFO: 
[사이클 1046] 모니터링 시간대가 아닙니다 (08:00-20:00)
[2025-10-17 00:06:57] INFO: ⏰ 60초 후 재확인...
[2025-10-17 00:07:57] INFO: 
[사이클 1047] 모니터링 시간대가 아닙니다 (08:00-20:00)
[2025-10-17 00:07:57] INFO: ⏰ 60초 후 재확인...
[2025-10-17 00:08:57] INFO: 
[사이클 1048] 모니터링 시간대가 아닙니다 (08:00-20:00)
[2025-10-17 00:08:57] INFO: ⏰ 60초 후 재확인...
[2025-10-17 00:09:57] INFO: 
[사이클 1049] 모니터링 시간대가 아닙니다 (08:00-20:00)
[2025-10-17 00:09:57] INFO: ⏰ 60초 후 재확인...
[2025-10-17 00:10:57] INFO: 
[사이클 1050] 모니터링 시간대가 아닙니다 (08:00-20:00)
[2025-10-17 00:10:57] INFO: ⏰ 60초 후 재확인...
[2025-10-17 00:11:57] INFO: 
[사이클 1051] 모니터링 시간대가 아닙니다 (08:00-20:00)
[2025-10-17 00:11:57] INFO: ⏰ 60초 후 재확인...
[2025-10-17 00:12:57] INFO: 
[사이클 1052] 모니터링 시간대가 아닙니다 (08:00-20:00)
[2025-10-17 00:12:57] INFO: ⏰ 60초 후 재확인...
[2025-10-17 00:13:57] INFO: 
[사이클 1053] 모니터링 시간대가 아닙니다 (08:00-20:00)
[2025-10-17 00:13:57] INFO: ⏰ 60초 후 재확인...
[2025-10-17 00:14:57] INFO: 
[사이클 1054] 모니터링 시간대가 아닙니다 (08:00-20:00)
[2025-10-17 00:14:57] INFO: ⏰ 60초 후 재확인...
[2025-10-17 00:15:57] INFO: 
[사이클 1055] 모니터링 시간대가 아닙니다 (08:00-20:00)
[2025-10-17 00:15:57] INFO: ⏰ 60초 후 재확인...
[2025-10-17 00:16:57] INFO: 
[사이클 1056] 모니터링 시간대가 아닙니다 (08:00-20:00)
[2025-10-17 00:16:57] INFO: ⏰ 60초 후 재확인...
[2025-10-17 00:17:57] INFO: 
[사이클 1057] 모니터링 시간대가 아닙니다 (08:00-20:00)
[2025-10-17 00:17:57] INFO: ⏰ 60초 후 재확인...
[2025-10-17 00:18:57] INFO: 
[사이클 1058] 모니터링 시간대가 아닙니다 (08:00-20:00)
[2025-10-17 00:18:57] INFO: ⏰ 60초 후 재확인...
[2025-10-17 00:19:57] INFO: 
[사이클 1059] 모니터링 시간대가 아닙니다 (08:00-20:00)
[2025-10-17 00:19:57] INFO: ⏰ 60초 후 재확인...
[2025-10-17 00:20:57] INFO: 
[사이클 1060] 모니터링 시간대가 아닙니다 (08:00-20:00)
[2025-10-17 00:20:57] INFO: ⏰ 60초 후 재확인...
[2025-10-17 00:21:57] INFO: 
[사이클 1061] 모니터링 시간대가 아닙니다 (08:00-20:00)
[2025-10-17 00:21:57] INFO: ⏰ 60초 후 재확인...
[2025-10-17 00:22:57] INFO: 
[사이클 1062] 모니터링 시간대가 아닙니다 (08:00-20:00)
[2025-10-17 00:22:57] INFO: ⏰ 60초 후 재확인...
[2025-10-17 00:23:57] INFO: 
[사이클 1063] 모니터링 시간대가 아닙니다 (08:00-20:00)
[2025-10-17 00:23:57] INFO: ⏰ 60초 후 재확인...
[2025-10-17 00:24:57] INFO: 
[사이클 1064] 모니터링 시간대가 아닙니다 (08:00-20:00)
[2025-10-17 00:24:57] INFO: ⏰ 60초 후 재확인...
[2025-10-17 00:25:57] INFO: 
[사이클 1065] 모니터링 시간대가 아닙니다 (08:00-20:00)
[2025-10-17 00:25:57] INFO: ⏰ 60초 후 재확인...
[2025-10-17 00:26:57] INFO: 
[사이클 1066] 모니터링 시간대가 아닙니다 (08:00-20:00)
[2025-10-17 00:26:57] INFO: ⏰ 60초 후 재확인...
[2025-10-17 00:27:57] INFO: 
[사이클 1067] 모니터링 시간대가 아닙니다 (08:00-20:00)
[2025-10-17 00:27:57] INFO: ⏰ 60초 후 재확인...
[2025-10-17 00:28:57] INFO: 
[사이클 1068] 모니터링 시간대가 아닙니다 (08:00-20:00)
[2025-10-17 00:28:57] INFO: ⏰ 60초 후 재확인...
[2025-10-17 00:29:57] INFO: 
[사이클 1069] 모니터링 시간대가 아닙니다 (08:00-20:00)
[2025-10-17 00:29:57] INFO: ⏰ 60초 후 재확인...
[2025-10-17 00:30:57] INFO: 
[사이클 1070] 모니터링 시간대가 아닙니다 (08:00-20:00)
[2025-10-17 00:30:57] INFO: ⏰ 60초 후 재확인...
[2025-10-17 00:31:57] INFO: 
[사이클 1071] 모니터링 시간대가 아닙니다 (08:00-20:00)
[2025-10-17 00:31:57] INFO: ⏰ 60초 후 재확인...
[2025-10-17 00:32:57] INFO: 
[사이클 1072] 모니터링 시간대가 아닙니다 (08:00-20:00)
[2025-10-17 00:32:57] INFO: ⏰ 60초 후 재확인...
[2025-10-17 00:33:57] INFO: 
[사이클 1073] 모니터링 시간대가 아닙니다 (08:00-20:00)
[2025-10-17 00:33:57] INFO: ⏰ 60초 후 재확인...
[2025-10-17 00:34:57] INFO: 
[사이클 1074] 모니터링 시간대가 아닙니다 (08:00-20:00)
[2025-10-17 00:34:57] INFO: ⏰ 60초 후 재확인...
[2025-10-17 00:35:57] INFO: 
[사이클 1075] 모니터링 시간대가 아닙니다 (08:00-20:00)
[2025-10-17 00:35:57] INFO: ⏰ 60초 후 재확인...
[2025-10-17 00:36:57] INFO: 
[사이클 1076] 모니터링 시간대가 아닙니다 (08:00-20:00)
[2025-10-17 00:36:57] INFO: ⏰ 60초 후 재확인...
[2025-10-17 00:37:57] INFO: 
[사이클 1077] 모니터링 시간대가 아닙니다 (08:00-20:00)
[2025-10-17 00:37:57] INFO: ⏰ 60초 후 재확인...
[2025-10-17 00:38:57] INFO: 
[사이클 1078] 모니터링 시간대가 아닙니다 (08:00-20:00)
[2025-10-17 00:38:57] INFO: ⏰ 60초 후 재확인...
[2025-10-17 00:39:57] INFO: 
[사이클 1079] 모니터링 시간대가 아닙니다 (08:00-20:00)
[2025-10-17 00:39:57] INFO: ⏰ 60초 후 재확인...
[2025-10-17 00:40:57] INFO: 
[사이클 1080] 모니터링 시간대가 아닙니다 (08:00-20:00)
[2025-10-17 00:40:57] INFO: ⏰ 60초 후 재확인...
[2025-10-17 00:41:57] INFO: 
[사이클 1081] 모니터링 시간대가 아닙니다 (08:00-20:00)
[2025-10-17 00:41:57] INFO: ⏰ 60초 후 재확인...
[2025-10-17 00:42:57] INFO: 
[사이클 1082] 모니터링 시간대가 아닙니다 (08:00-20:00)
[2025-10-17 00:42:57] INFO: ⏰ 60초 후 재확인...
[2025-10-17 00:43:58] INFO: 
[사이클 1083] 모니터링 시간대가 아닙니다 (08:00-20:00)
[2025-10-17 00:43:58] INFO: ⏰ 60초 후 재확인...
[2025-10-17 00:44:58] INFO: 
[사이클 1084] 모니터링 시간대가 아닙니다 (08:00-20:00)
[2025-10-17 00:44:58] INFO: ⏰ 60초 후 재확인...
[2025-10-17 00:45:58] INFO: 
[사이클 1085] 모니터링 시간대가 아닙니다 (08:00-20:00)
[2025-10-17 00:45:58] INFO: ⏰ 60초 후 재확인...
[2025-10-17 00:46:58] INFO: 
[사이클 1086] 모니터링 시간대가 아닙니다 (08:00-20:00)
[2025-10-17 00:46:58] INFO: ⏰ 60초 후 재확인...
[2025-10-17 00:47:58] INFO: 
[사이클 1087] 모니터링 시간대가 아닙니다 (08:00-20:00)
[2025-10-17 00:47:58] INFO: ⏰ 60초 후 재확인...
[2025-10-17 00:48:58] INFO: 
[사이클 1088] 모니터링 시간대가 아닙니다 (08:00-20:00)
[2025-10-17 00:48:58] INFO: ⏰ 60초 후 재확인...
[2025-10-17 00:49:58] INFO: 
[사이클 1089] 모니터링 시간대가 아닙니다 (08:00-20:00)
[2025-10-17 00:49:58] INFO: ⏰ 60초 후 재확인...
[2025-10-17 00:50:58] INFO: 
[사이클 1090] 모니터링 시간대가 아닙니다 (08:00-20:00)
[2025-10-17 00:50:58] INFO: ⏰ 60초 후 재확인...
[2025-10-17 00:51:58] INFO: 
[사이클 1091] 모니터링 시간대가 아닙니다 (08:00-20:00)
[2025-10-17 00:51:58] INFO: ⏰ 60초 후 재확인...
[2025-10-17 00:52:58] INFO: 
[사이클 1092] 모니터링 시간대가 아닙니다 (08:00-20:00)
[2025-10-17 00:52:58] INFO: ⏰ 60초 후 재확인...
[2025-10-17 00:53:58] INFO: 
[사이클 1093] 모니터링 시간대가 아닙니다 (08:00-20:00)
[2025-10-17 00:53:58] INFO: ⏰ 60초 후 재확인...
[2025-10-17 00:54:58] INFO: 
[사이클 1094] 모니터링 시간대가 아닙니다 (08:00-20:00)
[2025-10-17 00:54:58] INFO: ⏰ 60초 후 재확인...
[2025-10-17 00:55:58] INFO: 
[사이클 1095] 모니터링 시간대가 아닙니다 (08:00-20:00)
[2025-10-17 00:55:58] INFO: ⏰ 60초 후 재확인...
[2025-10-17 00:56:58] INFO: 
[사이클 1096] 모니터링 시간대가 아닙니다 (08:00-20:00)
[2025-10-17 00:56:58] INFO: ⏰ 60초 후 재확인...
[2025-10-17 00:57:58] INFO: 
[사이클 1097] 모니터링 시간대가 아닙니다 (08:00-20:00)
[2025-10-17 00:57:58] INFO: ⏰ 60초 후 재확인...
[2025-10-17 00:58:58] INFO: 
[사이클 1098] 모니터링 시간대가 아닙니다 (08:00-20:00)
[2025-10-17 00:58:58] INFO: ⏰ 60초 후 재확인...
[2025-10-17 00:59:58] INFO: 
[사이클 1099] 모니터링 시간대가 아닙니다 (08:00-20:00)
[2025-10-17 00:59:58] INFO: ⏰ 60초 후 재확인...
[2025-10-17 01:00:58] INFO: 
[사이클 1100] 모니터링 시간대가 아닙니다 (08:00-20:00)
[2025-10-17 01:00:58] INFO: ⏰ 60초 후 재확인...
[2025-10-17 01:01:58] INFO: 
[사이클 1101] 모니터링 시간대가 아닙니다 (08:00-20:00)
[2025-10-17 01:01:58] INFO: ⏰ 60초 후 재확인...
[2025-10-17 01:02:58] INFO: 
[사이클 1102] 모니터링 시간대가 아닙니다 (08:00-20:00)
[2025-10-17 01:02:58] INFO: ⏰ 60초 후 재확인...
[2025-10-17 01:03:58] INFO: 
[사이클 1103] 모니터링 시간대가 아닙니다 (08:00-20:00)
[2025-10-17 01:03:58] INFO: ⏰ 60초 후 재확인...
[2025-10-17 01:04:58] INFO: 
[사이클 1104] 모니터링 시간대가 아닙니다 (08:00-20:00)
[2025-10-17 01:04:58] INFO: ⏰ 60초 후 재확인...
[2025-10-17 01:05:58] INFO: 
[사이클 1105] 모니터링 시간대가 아닙니다 (08:00-20:00)
[2025-10-17 01:05:58] INFO: ⏰ 60초 후 재확인...
[2025-10-17 01:06:58] INFO: 
[사이클 1106] 모니터링 시간대가 아닙니다 (08:00-20:00)
[2025-10-17 01:06:58] INFO: ⏰ 60초 후 재확인...
[2025-10-17 01:07:58] INFO: 
[사이클 1107] 모니터링 시간대가 아닙니다 (08:00-20:00)
[2025-10-17 01:07:58] INFO: ⏰ 60초 후 재확인...
[2025-10-17 01:08:58] INFO: 
[사이클 1108] 모니터링 시간대가 아닙니다 (08:00-20:00)
[2025-10-17 01:08:58] INFO: ⏰ 60초 후 재확인...
[2025-10-17 01:09:58] INFO: 
[사이클 1109] 모니터링 시간대가 아닙니다 (08:00-20:00)
[2025-10-17 01:09:58] INFO: ⏰ 60초 후 재확인...
[2025-10-17 01:10:58] INFO: 
[사이클 1110] 모니터링 시간대가 아닙니다 (08:00-20:00)
[2025-10-17 01:10:58] INFO: ⏰ 60초 후 재확인...
[2025-10-17 01:11:58] INFO: 
[사이클 1111] 모니터링 시간대가 아닙니다 (08:00-20:00)
[2025-10-17 01:11:58] INFO: ⏰ 60초 후 재확인...
[2025-10-17 01:12:58] INFO: 
[사이클 1112] 모니터링 시간대가 아닙니다 (08:00-20:00)
[2025-10-17 01:12:58] INFO: ⏰ 60초 후 재확인...
[2025-10-17 01:13:58] INFO: 
[사이클 1113] 모니터링 시간대가 아닙니다 (08:00-20:00)
[2025-10-17 01:13:58] INFO: ⏰ 60초 후 재확인...
[2025-10-17 01:14:58] INFO: 
[사이클 1114] 모니터링 시간대가 아닙니다 (08:00-20:00)
[2025-10-17 01:14:58] INFO: ⏰ 60초 후 재확인...
[2025-10-17 01:15:58] INFO: 
[사이클 1115] 모니터링 시간대가 아닙니다 (08:00-20:00)
[2025-10-17 01:15:58] INFO: ⏰ 60초 후 재확인...
[2025-10-17 01:16:58] INFO: 
[사이클 1116] 모니터링 시간대가 아닙니다 (08:00-20:00)
[2025-10-17 01:16:58] INFO: ⏰ 60초 후 재확인...
[2025-10-17 01:17:58] INFO: 
[사이클 1117] 모니터링 시간대가 아닙니다 (08:00-20:00)
[2025-10-17 01:17:58] INFO: ⏰ 60초 후 재확인...
[2025-10-17 01:18:58] INFO: 
[사이클 1118] 모니터링 시간대가 아닙니다 (08:00-20:00)
[2025-10-17 01:18:58] INFO: ⏰ 60초 후 재확인...
[2025-10-17 01:19:58] INFO: 
[사이클 1119] 모니터링 시간대가 아닙니다 (08:00-20:00)
[2025-10-17 01:19:58] INFO: ⏰ 60초 후 재확인...
[2025-10-17 01:20:58] INFO: 
[사이클 1120] 모니터링 시간대가 아닙니다 (08:00-20:00)
[2025-10-17 01:20:58] INFO: ⏰ 60초 후 재확인...
[2025-10-17 01:21:58] INFO: 
[사이클 1121] 모니터링 시간대가 아닙니다 (08:00-20:00)
[2025-10-17 01:21:58] INFO: ⏰ 60초 후 재확인...
[2025-10-17 01:22:58] INFO: 
[사이클 1122] 모니터링 시간대가 아닙니다 (08:00-20:00)
[2025-10-17 01:22:58] INFO: ⏰ 60초 후 재확인...
[2025-10-17 01:23:58] INFO: 
[사이클 1123] 모니터링 시간대가 아닙니다 (08:00-20:00)
[2025-10-17 01:23:58] INFO: ⏰ 60초 후 재확인...
[2025-10-17 01:24:58] INFO: 
[사이클 1124] 모니터링 시간대가 아닙니다 (08:00-20:00)
[2025-10-17 01:24:58] INFO: ⏰ 60초 후 재확인...
[2025-10-17 01:25:58] INFO: 
[사이클 1125] 모니터링 시간대가 아닙니다 (08:00-20:00)
[2025-10-17 01:25:58] INFO: ⏰ 60초 후 재확인...
[2025-10-17 01:26:58] INFO: 
[사이클 1126] 모니터링 시간대가 아닙니다 (08:00-20:00)
[2025-10-17 01:26:58] INFO: ⏰ 60초 후 재확인...
[2025-10-17 01:27:58] INFO: 
[사이클 1127] 모니터링 시간대가 아닙니다 (08:00-20:00)
[2025-10-17 01:27:58] INFO: ⏰ 60초 후 재확인...
[2025-10-17 01:29:00] INFO: 
[사이클 1128] 모니터링 시간대가 아닙니다 (08:00-20:00)
[2025-10-17 01:29:00] INFO: ⏰ 60초 후 재확인...
[2025-10-17 01:30:00] INFO: 
[사이클 1129] 모니터링 시간대가 아닙니다 (08:00-20:00)
[2025-10-17 01:30:00] INFO: ⏰ 60초 후 재확인...
[2025-10-17 01:31:00] INFO: 
[사이클 1130] 모니터링 시간대가 아닙니다 (08:00-20:00)
[2025-10-17 01:31:00] INFO: ⏰ 60초 후 재확인...
[2025-10-17 01:32:00] INFO: 
[사이클 1131] 모니터링 시간대가 아닙니다 (08:00-20:00)
[2025-10-17 01:32:00] INFO: ⏰ 60초 후 재확인...
[2025-10-17 01:33:00] INFO: 
[사이클 1132] 모니터링 시간대가 아닙니다 (08:00-20:00)
[2025-10-17 01:33:00] INFO: ⏰ 60초 후 재확인...
[2025-10-17 01:34:00] INFO: 
[사이클 1133] 모니터링 시간대가 아닙니다 (08:00-20:00)
[2025-10-17 01:34:00] INFO: ⏰ 60초 후 재확인...
[2025-10-17 01:35:00] INFO: 
[사이클 1134] 모니터링 시간대가 아닙니다 (08:00-20:00)
[2025-10-17 01:35:00] INFO: ⏰ 60초 후 재확인...
[2025-10-17 01:36:00] INFO: 
[사이클 1135] 모니터링 시간대가 아닙니다 (08:00-20:00)
[2025-10-17 01:36:00] INFO: ⏰ 60초 후 재확인...
[2025-10-17 01:37:00] INFO: 
[사이클 1136] 모니터링 시간대가 아닙니다 (08:00-20:00)
[2025-10-17 01:37:00] INFO: ⏰ 60초 후 재확인...
[2025-10-17 01:38:00] INFO: 
[사이클 1137] 모니터링 시간대가 아닙니다 (08:00-20:00)
[2025-10-17 01:38:00] INFO: ⏰ 60초 후 재확인...
[2025-10-17 01:39:00] INFO: 
[사이클 1138] 모니터링 시간대가 아닙니다 (08:00-20:00)
[2025-10-17 01:39:00] INFO: ⏰ 60초 후 재확인...
[2025-10-17 01:40:00] INFO: 
[사이클 1139] 모니터링 시간대가 아닙니다 (08:00-20:00)
[2025-10-17 01:40:00] INFO: ⏰ 60초 후 재확인...
[2025-10-17 01:41:00] INFO: 
[사이클 1140] 모니터링 시간대가 아닙니다 (08:00-20:00)
[2025-10-17 01:41:00] INFO: ⏰ 60초 후 재확인...
[2025-10-17 01:42:00] INFO: 
[사이클 1141] 모니터링 시간대가 아닙니다 (08:00-20:00)
[2025-10-17 01:42:00] INFO: ⏰ 60초 후 재확인...
[2025-10-17 01:43:00] INFO: 
[사이클 1142] 모니터링 시간대가 아닙니다 (08:00-20:00)
[2025-10-17 01:43:00] INFO: ⏰ 60초 후 재확인...
[2025-10-17 01:44:00] INFO: 
[사이클 1143] 모니터링 시간대가 아닙니다 (08:00-20:00)
[2025-10-17 01:44:00] INFO: ⏰ 60초 후 재확인...
[2025-10-17 01:45:00] INFO: 
[사이클 1144] 모니터링 시간대가 아닙니다 (08:00-20:00)
[2025-10-17 01:45:00] INFO: ⏰ 60초 후 재확인...
[2025-10-17 01:46:00] INFO: 
[사이클 1145] 모니터링 시간대가 아닙니다 (08:00-20:00)
[2025-10-17 01:46:00] INFO: ⏰ 60초 후 재확인...
[2025-10-17 01:47:00] INFO: 
[사이클 1146] 모니터링 시간대가 아닙니다 (08:00-20:00)
[2025-10-17 01:47:00] INFO: ⏰ 60초 후 재확인...
[2025-10-17 01:48:00] INFO: 
[사이클 1147] 모니터링 시간대가 아닙니다 (08:00-20:00)
[2025-10-17 01:48:00] INFO: ⏰ 60초 후 재확인...
[2025-10-17 01:49:00] INFO: 
[사이클 1148] 모니터링 시간대가 아닙니다 (08:00-20:00)
[2025-10-17 01:49:00] INFO: ⏰ 60초 후 재확인...
[2025-10-17 01:50:00] INFO: 
[사이클 1149] 모니터링 시간대가 아닙니다 (08:00-20:00)
[2025-10-17 01:50:00] INFO: ⏰ 60초 후 재확인...
[2025-10-17 01:51:00] INFO: 
[사이클 1150] 모니터링 시간대가 아닙니다 (08:00-20:00)
[2025-10-17 01:51:00] INFO: ⏰ 60초 후 재확인...
[2025-10-17 01:52:00] INFO: 
[사이클 1151] 모니터링 시간대가 아닙니다 (08:00-20:00)
[2025-10-17 01:52:00] INFO: ⏰ 60초 후 재확인...
[2025-10-17 01:53:00] INFO: 
[사이클 1152] 모니터링 시간대가 아닙니다 (08:00-20:00)
[2025-10-17 01:53:00] INFO: ⏰ 60초 후 재확인...
[2025-10-17 01:54:00] INFO: 
[사이클 1153] 모니터링 시간대가 아닙니다 (08:00-20:00)
[2025-10-17 01:54:00] INFO: ⏰ 60초 후 재확인...
[2025-10-17 01:55:00] INFO: 
[사이클 1154] 모니터링 시간대가 아닙니다 (08:00-20:00)
[2025-10-17 01:55:00] INFO: ⏰ 60초 후 재확인...
[2025-10-17 01:56:00] INFO: 
[사이클 1155] 모니터링 시간대가 아닙니다 (08:00-20:00)
[2025-10-17 01:56:00] INFO: ⏰ 60초 후 재확인...
[2025-10-17 01:57:00] INFO: 
[사이클 1156] 모니터링 시간대가 아닙니다 (08:00-20:00)
[2025-10-17 01:57:00] INFO: ⏰ 60초 후 재확인...
[2025-10-17 01:58:00] INFO: 
[사이클 1157] 모니터링 시간대가 아닙니다 (08:00-20:00)
[2025-10-17 01:58:00] INFO: ⏰ 60초 후 재확인...
[2025-10-17 01:59:00] INFO: 
[사이클 1158] 모니터링 시간대가 아닙니다 (08:00-20:00)
[2025-10-17 01:59:00] INFO: ⏰ 60초 후 재확인...
[2025-10-17 02:00:00] INFO: 
[사이클 1159] 모니터링 시간대가 아닙니다 (08:00-20:00)
[2025-10-17 02:00:00] INFO: ⏰ 60초 후 재확인...
[2025-10-17 02:01:00] INFO: 
[사이클 1160] 모니터링 시간대가 아닙니다 (08:00-20:00)
[2025-10-17 02:01:00] INFO: ⏰ 60초 후 재확인...
[2025-10-17 02:02:00] INFO: 
[사이클 1161] 모니터링 시간대가 아닙니다 (08:00-20:00)
[2025-10-17 02:02:00] INFO: ⏰ 60초 후 재확인...
[2025-10-17 02:03:00] INFO: 
[사이클 1162] 모니터링 시간대가 아닙니다 (08:00-20:00)
[2025-10-17 02:03:00] INFO: ⏰ 60초 후 재확인...
[2025-10-17 02:04:00] INFO: 
[사이클 1163] 모니터링 시간대가 아닙니다 (08:00-20:00)
[2025-10-17 02:04:00] INFO: ⏰ 60초 후 재확인...
[2025-10-17 02:05:00] INFO: 
[사이클 1164] 모니터링 시간대가 아닙니다 (08:00-20:00)
[2025-10-17 02:05:00] INFO: ⏰ 60초 후 재확인...
[2025-10-17 02:06:00] INFO: 
[사이클 1165] 모니터링 시간대가 아닙니다 (08:00-20:00)
[2025-10-17 02:06:00] INFO: ⏰ 60초 후 재확인...
[2025-10-17 02:07:00] INFO: 
[사이클 1166] 모니터링 시간대가 아닙니다 (08:00-20:00)
[2025-10-17 02:07:00] INFO: ⏰ 60초 후 재확인...
[2025-10-17 02:08:00] INFO: 
[사이클 1167] 모니터링 시간대가 아닙니다 (08:00-20:00)
[2025-10-17 02:08:00] INFO: ⏰ 60초 후 재확인...
[2025-10-17 02:09:00] INFO: 
[사이클 1168] 모니터링 시간대가 아닙니다 (08:00-20:00)
[2025-10-17 02:09:00] INFO: ⏰ 60초 후 재확인...
[2025-10-17 02:10:00] INFO: 
[사이클 1169] 모니터링 시간대가 아닙니다 (08:00-20:00)
[2025-10-17 02:10:00] INFO: ⏰ 60초 후 재확인...
[2025-10-17 02:11:00] INFO: 
[사이클 1170] 모니터링 시간대가 아닙니다 (08:00-20:00)
[2025-10-17 02:11:00] INFO: ⏰ 60초 후 재확인...
[2025-10-17 02:12:00] INFO: 
[사이클 1171] 모니터링 시간대가 아닙니다 (08:00-20:00)
[2025-10-17 02:12:00] INFO: ⏰ 60초 후 재확인...
[2025-10-17 02:13:00] INFO: 
[사이클 1172] 모니터링 시간대가 아닙니다 (08:00-20:00)
[2025-10-17 02:13:00] INFO: ⏰ 60초 후 재확인...
[2025-10-17 02:14:00] INFO: 
[사이클 1173] 모니터링 시간대가 아닙니다 (08:00-20:00)
[2025-10-17 02:14:00] INFO: ⏰ 60초 후 재확인...
[2025-10-17 02:15:00] INFO: 
[사이클 1174] 모니터링 시간대가 아닙니다 (08:00-20:00)
[2025-10-17 02:15:00] INFO: ⏰ 60초 후 재확인...
[2025-10-17 02:16:00] INFO: 
[사이클 1175] 모니터링 시간대가 아닙니다 (08:00-20:00)
[2025-10-17 02:16:00] INFO: ⏰ 60초 후 재확인...
[2025-10-17 02:17:00] INFO: 
[사이클 1176] 모니터링 시간대가 아닙니다 (08:00-20:00)
[2025-10-17 02:17:00] INFO: ⏰ 60초 후 재확인...
[2025-10-17 02:18:00] INFO: 
[사이클 1177] 모니터링 시간대가 아닙니다 (08:00-20:00)
[2025-10-17 02:18:00] INFO: ⏰ 60초 후 재확인...
[2025-10-17 02:19:00] INFO: 
[사이클 1178] 모니터링 시간대가 아닙니다 (08:00-20:00)
[2025-10-17 02:19:00] INFO: ⏰ 60초 후 재확인...
[2025-10-17 02:20:00] INFO: 
[사이클 1179] 모니터링 시간대가 아닙니다 (08:00-20:00)
[2025-10-17 02:20:00] INFO: ⏰ 60초 후 재확인...
[2025-10-17 02:21:00] INFO: 
[사이클 1180] 모니터링 시간대가 아닙니다 (08:00-20:00)
[2025-10-17 02:21:00] INFO: ⏰ 60초 후 재확인...
[2025-10-17 02:22:00] INFO: 
[사이클 1181] 모니터링 시간대가 아닙니다 (08:00-20:00)
[2025-10-17 02:22:00] INFO: ⏰ 60초 후 재확인...
[2025-10-17 02:23:00] INFO: 
[사이클 1182] 모니터링 시간대가 아닙니다 (08:00-20:00)
[2025-10-17 02:23:00] INFO: ⏰ 60초 후 재확인...
[2025-10-17 02:24:00] INFO: 
[사이클 1183] 모니터링 시간대가 아닙니다 (08:00-20:00)
[2025-10-17 02:24:00] INFO: ⏰ 60초 후 재확인...
[2025-10-17 02:25:00] INFO: 
[사이클 1184] 모니터링 시간대가 아닙니다 (08:00-20:00)
[2025-10-17 02:25:00] INFO: ⏰ 60초 후 재확인...
[2025-10-17 02:26:00] INFO: 
[사이클 1185] 모니터링 시간대가 아닙니다 (08:00-20:00)
[2025-10-17 02:26:00] INFO: ⏰ 60초 후 재확인...
[2025-10-17 02:27:00] INFO: 
[사이클 1186] 모니터링 시간대가 아닙니다 (08:00-20:00)
[2025-10-17 02:27:00] INFO: ⏰ 60초 후 재확인...
[2025-10-17 02:28:00] INFO: 
[사이클 1187] 모니터링 시간대가 아닙니다 (08:00-20:00)
[2025-10-17 02:28:00] INFO: ⏰ 60초 후 재확인...
[2025-10-17 02:29:00] INFO: 
[사이클 1188] 모니터링 시간대가 아닙니다 (08:00-20:00)
[2025-10-17 02:29:00] INFO: ⏰ 60초 후 재확인...
[2025-10-17 02:30:00] INFO: 
[사이클 1189] 모니터링 시간대가 아닙니다 (08:00-20:00)
[2025-10-17 02:30:00] INFO: ⏰ 60초 후 재확인...
[2025-10-17 02:31:00] INFO: 
[사이클 1190] 모니터링 시간대가 아닙니다 (08:00-20:00)
[2025-10-17 02:31:00] INFO: ⏰ 60초 후 재확인...
[2025-10-17 02:32:00] INFO: 
[사이클 1191] 모니터링 시간대가 아닙니다 (08:00-20:00)
[2025-10-17 02:32:00] INFO: ⏰ 60초 후 재확인...
[2025-10-17 02:33:00] INFO: 
[사이클 1192] 모니터링 시간대가 아닙니다 (08:00-20:00)
[2025-10-17 02:33:00] INFO: ⏰ 60초 후 재확인...
[2025-10-17 02:34:00] INFO: 
[사이클 1193] 모니터링 시간대가 아닙니다 (08:00-20:00)
[2025-10-17 02:34:00] INFO: ⏰ 60초 후 재확인...
[2025-10-17 02:35:00] INFO: 
[사이클 1194] 모니터링 시간대가 아닙니다 (08:00-20:00)
[2025-10-17 02:35:00] INFO: ⏰ 60초 후 재확인...
[2025-10-17 02:36:00] INFO: 
[사이클 1195] 모니터링 시간대가 아닙니다 (08:00-20:00)
[2025-10-17 02:36:00] INFO: ⏰ 60초 후 재확인...
[2025-10-17 02:37:00] INFO: 
[사이클 1196] 모니터링 시간대가 아닙니다 (08:00-20:00)
[2025-10-17 02:37:00] INFO: ⏰ 60초 후 재확인...
[2025-10-17 02:38:00] INFO: 
[사이클 1197] 모니터링 시간대가 아닙니다 (08:00-20:00)
[2025-10-17 02:38:00] INFO: ⏰ 60초 후 재확인...
[2025-10-17 02:39:00] INFO: 
[사이클 1198] 모니터링 시간대가 아닙니다 (08:00-20:00)
[2025-10-17 02:39:00] INFO: ⏰ 60초 후 재확인...
[2025-10-17 02:40:00] INFO: 
[사이클 1199] 모니터링 시간대가 아닙니다 (08:00-20:00)
[2025-10-17 02:40:00] INFO: ⏰ 60초 후 재확인...
[2025-10-17 02:41:00] INFO: 
[사이클 1200] 모니터링 시간대가 아닙니다 (08:00-20:00)
[2025-10-17 02:41:00] INFO: ⏰ 60초 후 재확인...
[2025-10-17 02:42:00] INFO: 
[사이클 1201] 모니터링 시간대가 아닙니다 (08:00-20:00)
[2025-10-17 02:42:00] INFO: ⏰ 60초 후 재확인...
[2025-10-17 02:43:00] INFO: 
[사이클 1202] 모니터링 시간대가 아닙니다 (08:00-20:00)
[2025-10-17 02:43:00] INFO: ⏰ 60초 후 재확인...
[2025-10-17 02:44:00] INFO: 
[사이클 1203] 모니터링 시간대가 아닙니다 (08:00-20:00)
[2025-10-17 02:44:00] INFO: ⏰ 60초 후 재확인...
[2025-10-17 02:45:00] INFO: 
[사이클 1204] 모니터링 시간대가 아닙니다 (08:00-20:00)
[2025-10-17 02:45:00] INFO: ⏰ 60초 후 재확인...
[2025-10-17 02:46:00] INFO: 
[사이클 1205] 모니터링 시간대가 아닙니다 (08:00-20:00)
[2025-10-17 02:46:00] INFO: ⏰ 60초 후 재확인...
[2025-10-17 02:47:00] INFO: 
[사이클 1206] 모니터링 시간대가 아닙니다 (08:00-20:00)
[2025-10-17 02:47:00] INFO: ⏰ 60초 후 재확인...
[2025-10-17 02:48:00] INFO: 
[사이클 1207] 모니터링 시간대가 아닙니다 (08:00-20:00)
[2025-10-17 02:48:00] INFO: ⏰ 60초 후 재확인...
[2025-10-17 02:49:00] INFO: 
[사이클 1208] 모니터링 시간대가 아닙니다 (08:00-20:00)
[2025-10-17 02:49:00] INFO: ⏰ 60초 후 재확인...
[2025-10-17 02:50:00] INFO: 
[사이클 1209] 모니터링 시간대가 아닙니다 (08:00-20:00)
[2025-10-17 02:50:00] INFO: ⏰ 60초 후 재확인...
[2025-10-17 02:51:00] INFO: 
[사이클 1210] 모니터링 시간대가 아닙니다 (08:00-20:00)
[2025-10-17 02:51:00] INFO: ⏰ 60초 후 재확인...
[2025-10-17 02:52:00] INFO: 
[사이클 1211] 모니터링 시간대가 아닙니다 (08:00-20:00)
[2025-10-17 02:52:00] INFO: ⏰ 60초 후 재확인...
[2025-10-17 02:53:00] INFO: 
[사이클 1212] 모니터링 시간대가 아닙니다 (08:00-20:00)
[2025-10-17 02:53:00] INFO: ⏰ 60초 후 재확인...
[2025-10-17 02:54:00] INFO: 
[사이클 1213] 모니터링 시간대가 아닙니다 (08:00-20:00)
[2025-10-17 02:54:00] INFO: ⏰ 60초 후 재확인...
[2025-10-17 02:55:00] INFO: 
[사이클 1214] 모니터링 시간대가 아닙니다 (08:00-20:00)
[2025-10-17 02:55:00] INFO: ⏰ 60초 후 재확인...
[2025-10-17 02:56:00] INFO: 
[사이클 1215] 모니터링 시간대가 아닙니다 (08:00-20:00)
[2025-10-17 02:56:00] INFO: ⏰ 60초 후 재확인...
[2025-10-17 02:57:00] INFO: 
[사이클 1216] 모니터링 시간대가 아닙니다 (08:00-20:00)
[2025-10-17 02:57:00] INFO: ⏰ 60초 후 재확인...
[2025-10-17 02:58:00] INFO: 
[사이클 1217] 모니터링 시간대가 아닙니다 (08:00-20:00)
[2025-10-17 02:58:00] INFO: ⏰ 60초 후 재확인...
[2025-10-17 02:59:00] INFO: 
[사이클 1218] 모니터링 시간대가 아닙니다 (08:00-20:00)
[2025-10-17 02:59:00] INFO: ⏰ 60초 후 재확인...
[2025-10-17 03:00:00] INFO: 
[사이클 1219] 모니터링 시간대가 아닙니다 (08:00-20:00)
[2025-10-17 03:00:00] INFO: ⏰ 60초 후 재확인...
[2025-10-17 03:01:00] INFO: 
[사이클 1220] 모니터링 시간대가 아닙니다 (08:00-20:00)
[2025-10-17 03:01:00] INFO: ⏰ 60초 후 재확인...
[2025-10-17 03:02:00] INFO: 
[사이클 1221] 모니터링 시간대가 아닙니다 (08:00-20:00)
[2025-10-17 03:02:00] INFO: ⏰ 60초 후 재확인...
[2025-10-17 03:03:00] INFO: 
[사이클 1222] 모니터링 시간대가 아닙니다 (08:00-20:00)
[2025-10-17 03:03:00] INFO: ⏰ 60초 후 재확인...
[2025-10-17 03:04:00] INFO: 
[사이클 1223] 모니터링 시간대가 아닙니다 (08:00-20:00)
[2025-10-17 03:04:00] INFO: ⏰ 60초 후 재확인...
[2025-10-17 03:05:00] INFO: 
[사이클 1224] 모니터링 시간대가 아닙니다 (08:00-20:00)
[2025-10-17 03:05:00] INFO: ⏰ 60초 후 재확인...
[2025-10-17 03:06:00] INFO: 
[사이클 1225] 모니터링 시간대가 아닙니다 (08:00-20:00)
[2025-10-17 03:06:00] INFO: ⏰ 60초 후 재확인...
[2025-10-17 03:07:00] INFO: 
[사이클 1226] 모니터링 시간대가 아닙니다 (08:00-20:00)
[2025-10-17 03:07:00] INFO: ⏰ 60초 후 재확인...
[2025-10-17 03:08:00] INFO: 
[사이클 1227] 모니터링 시간대가 아닙니다 (08:00-20:00)
[2025-10-17 03:08:00] INFO: ⏰ 60초 후 재확인...
[2025-10-17 03:09:00] INFO: 
[사이클 1228] 모니터링 시간대가 아닙니다 (08:00-20:00)
[2025-10-17 03:09:00] INFO: ⏰ 60초 후 재확인...
[2025-10-17 03:10:00] INFO: 
[사이클 1229] 모니터링 시간대가 아닙니다 (08:00-20:00)
[2025-10-17 03:10:00] INFO: ⏰ 60초 후 재확인...
[2025-10-17 03:11:00] INFO: 
[사이클 1230] 모니터링 시간대가 아닙니다 (08:00-20:00)
[2025-10-17 03:11:00] INFO: ⏰ 60초 후 재확인...
[2025-10-17 03:12:00] INFO: 
[사이클 1231] 모니터링 시간대가 아닙니다 (08:00-20:00)
[2025-10-17 03:12:00] INFO: ⏰ 60초 후 재확인...
[2025-10-17 03:13:00] INFO: 
[사이클 1232] 모니터링 시간대가 아닙니다 (08:00-20:00)
[2025-10-17 03:13:00] INFO: ⏰ 60초 후 재확인...
[2025-10-17 03:14:00] INFO: 
[사이클 1233] 모니터링 시간대가 아닙니다 (08:00-20:00)
[2025-10-17 03:14:00] INFO: ⏰ 60초 후 재확인...
[2025-10-17 03:15:00] INFO: 
[사이클 1234] 모니터링 시간대가 아닙니다 (08:00-20:00)
[2025-10-17 03:15:00] INFO: ⏰ 60초 후 재확인...
[2025-10-17 03:16:00] INFO: 
[사이클 1235] 모니터링 시간대가 아닙니다 (08:00-20:00)
[2025-10-17 03:16:00] INFO: ⏰ 60초 후 재확인...
[2025-10-17 03:17:00] INFO: 
[사이클 1236] 모니터링 시간대가 아닙니다 (08:00-20:00)
[2025-10-17 03:17:00] INFO: ⏰ 60초 후 재확인...
[2025-10-17 03:18:00] INFO: 
[사이클 1237] 모니터링 시간대가 아닙니다 (08:00-20:00)
[2025-10-17 03:18:00] INFO: ⏰ 60초 후 재확인...
[2025-10-17 03:19:00] INFO: 
[사이클 1238] 모니터링 시간대가 아닙니다 (08:00-20:00)
[2025-10-17 03:19:00] INFO: ⏰ 60초 후 재확인...
[2025-10-17 03:20:00] INFO: 
[사이클 1239] 모니터링 시간대가 아닙니다 (08:00-20:00)
[2025-10-17 03:20:00] INFO: ⏰ 60초 후 재확인...
[2025-10-17 03:21:00] INFO: 
[사이클 1240] 모니터링 시간대가 아닙니다 (08:00-20:00)
[2025-10-17 03:21:00] INFO: ⏰ 60초 후 재확인...
[2025-10-17 03:22:00] INFO: 
[사이클 1241] 모니터링 시간대가 아닙니다 (08:00-20:00)
[2025-10-17 03:22:00] INFO: ⏰ 60초 후 재확인...
[2025-10-17 03:23:00] INFO: 
[사이클 1242] 모니터링 시간대가 아닙니다 (08:00-20:00)
[2025-10-17 03:23:00] INFO: ⏰ 60초 후 재확인...
[2025-10-17 03:24:00] INFO: 
[사이클 1243] 모니터링 시간대가 아닙니다 (08:00-20:00)
[2025-10-17 03:24:00] INFO: ⏰ 60초 후 재확인...
[2025-10-17 03:25:00] INFO: 
[사이클 1244] 모니터링 시간대가 아닙니다 (08:00-20:00)
[2025-10-17 03:25:00] INFO: ⏰ 60초 후 재확인...
[2025-10-17 03:26:00] INFO: 
[사이클 1245] 모니터링 시간대가 아닙니다 (08:00-20:00)
[2025-10-17 03:26:00] INFO: ⏰ 60초 후 재확인...
[2025-10-17 03:27:00] INFO: 
[사이클 1246] 모니터링 시간대가 아닙니다 (08:00-20:00)
[2025-10-17 03:27:00] INFO: ⏰ 60초 후 재확인...
[2025-10-17 03:28:00] INFO: 
[사이클 1247] 모니터링 시간대가 아닙니다 (08:00-20:00)
[2025-10-17 03:28:00] INFO: ⏰ 60초 후 재확인...
[2025-10-17 03:29:00] INFO: 
[사이클 1248] 모니터링 시간대가 아닙니다 (08:00-20:00)
[2025-10-17 03:29:00] INFO: ⏰ 60초 후 재확인...
[2025-10-17 03:30:00] INFO: 
[사이클 1249] 모니터링 시간대가 아닙니다 (08:00-20:00)
[2025-10-17 03:30:00] INFO: ⏰ 60초 후 재확인...
[2025-10-17 03:31:00] INFO: 
[사이클 1250] 모니터링 시간대가 아닙니다 (08:00-20:00)
[2025-10-17 03:31:00] INFO: ⏰ 60초 후 재확인...
[2025-10-17 03:32:00] INFO: 
[사이클 1251] 모니터링 시간대가 아닙니다 (08:00-20:00)
[2025-10-17 03:32:00] INFO: ⏰ 60초 후 재확인...
[2025-10-17 03:33:00] INFO: 
[사이클 1252] 모니터링 시간대가 아닙니다 (08:00-20:00)
[2025-10-17 03:33:00] INFO: ⏰ 60초 후 재확인...
[2025-10-17 03:34:00] INFO: 
[사이클 1253] 모니터링 시간대가 아닙니다 (08:00-20:00)
[2025-10-17 03:34:00] INFO: ⏰ 60초 후 재확인...
[2025-10-17 03:35:00] INFO: 
[사이클 1254] 모니터링 시간대가 아닙니다 (08:00-20:00)
[2025-10-17 03:35:00] INFO: ⏰ 60초 후 재확인...
[2025-10-17 03:36:00] INFO: 
[사이클 1255] 모니터링 시간대가 아닙니다 (08:00-20:00)
[2025-10-17 03:36:00] INFO: ⏰ 60초 후 재확인...
[2025-10-17 03:37:00] INFO: 
[사이클 1256] 모니터링 시간대가 아닙니다 (08:00-20:00)
[2025-10-17 03:37:00] INFO: ⏰ 60초 후 재확인...
[2025-10-17 03:38:00] INFO: 
[사이클 1257] 모니터링 시간대가 아닙니다 (08:00-20:00)
[2025-10-17 03:38:00] INFO: ⏰ 60초 후 재확인...
[2025-10-17 03:39:00] INFO: 
[사이클 1258] 모니터링 시간대가 아닙니다 (08:00-20:00)
[2025-10-17 03:39:00] INFO: ⏰ 60초 후 재확인...
[2025-10-17 03:40:00] INFO: 
[사이클 1259] 모니터링 시간대가 아닙니다 (08:00-20:00)
[2025-10-17 03:40:00] INFO: ⏰ 60초 후 재확인...
[2025-10-17 03:41:00] INFO: 
[사이클 1260] 모니터링 시간대가 아닙니다 (08:00-20:00)
[2025-10-17 03:41:00] INFO: ⏰ 60초 후 재확인...
[2025-10-17 03:42:00] INFO: 
[사이클 1261] 모니터링 시간대가 아닙니다 (08:00-20:00)
[2025-10-17 03:42:00] INFO: ⏰ 60초 후 재확인...
[2025-10-17 03:43:00] INFO: 
[사이클 1262] 모니터링 시간대가 아닙니다 (08:00-20:00)
[2025-10-17 03:43:00] INFO: ⏰ 60초 후 재확인...
[2025-10-17 03:44:00] INFO: 
[사이클 1263] 모니터링 시간대가 아닙니다 (08:00-20:00)
[2025-10-17 03:44:00] INFO: ⏰ 60초 후 재확인...
[2025-10-17 03:45:00] INFO: 
[사이클 1264] 모니터링 시간대가 아닙니다 (08:00-20:00)
[2025-10-17 03:45:00] INFO: ⏰ 60초 후 재확인...
[2025-10-17 03:46:00] INFO: 
[사이클 1265] 모니터링 시간대가 아닙니다 (08:00-20:00)
[2025-10-17 03:46:00] INFO: ⏰ 60초 후 재확인...
[2025-10-17 03:47:00] INFO: 
[사이클 1266] 모니터링 시간대가 아닙니다 (08:00-20:00)
[2025-10-17 03:47:00] INFO: ⏰ 60초 후 재확인...
[2025-10-17 03:48:00] INFO: 
[사이클 1267] 모니터링 시간대가 아닙니다 (08:00-20:00)
[2025-10-17 03:48:00] INFO: ⏰ 60초 후 재확인...
[2025-10-17 03:49:00] INFO: 
[사이클 1268] 모니터링 시간대가 아닙니다 (08:00-20:00)
[2025-10-17 03:49:00] INFO: ⏰ 60초 후 재확인...
[2025-10-17 03:50:00] INFO: 
[사이클 1269] 모니터링 시간대가 아닙니다 (08:00-20:00)
[2025-10-17 03:50:00] INFO: ⏰ 60초 후 재확인...
[2025-10-17 03:51:00] INFO: 
[사이클 1270] 모니터링 시간대가 아닙니다 (08:00-20:00)
[2025-10-17 03:51:00] INFO: ⏰ 60초 후 재확인...
[2025-10-17 03:52:00] INFO: 
[사이클 1271] 모니터링 시간대가 아닙니다 (08:00-20:00)
[2025-10-17 03:52:00] INFO: ⏰ 60초 후 재확인...
[2025-10-17 03:53:00] INFO: 
[사이클 1272] 모니터링 시간대가 아닙니다 (08:00-20:00)
[2025-10-17 03:53:00] INFO: ⏰ 60초 후 재확인...
[2025-10-17 03:54:00] INFO: 
[사이클 1273] 모니터링 시간대가 아닙니다 (08:00-20:00)
[2025-10-17 03:54:00] INFO: ⏰ 60초 후 재확인...
[2025-10-17 03:55:00] INFO: 
[사이클 1274] 모니터링 시간대가 아닙니다 (08:00-20:00)
[2025-10-17 03:55:00] INFO: ⏰ 60초 후 재확인...
[2025-10-17 03:56:00] INFO: 
[사이클 1275] 모니터링 시간대가 아닙니다 (08:00-20:00)
[2025-10-17 03:56:00] INFO: ⏰ 60초 후 재확인...
[2025-10-17 03:57:00] INFO: 
[사이클 1276] 모니터링 시간대가 아닙니다 (08:00-20:00)
[2025-10-17 03:57:00] INFO: ⏰ 60초 후 재확인...
[2025-10-17 03:58:00] INFO: 
[사이클 1277] 모니터링 시간대가 아닙니다 (08:00-20:00)
[2025-10-17 03:58:00] INFO: ⏰ 60초 후 재확인...
[2025-10-17 03:59:00] INFO: 
[사이클 1278] 모니터링 시간대가 아닙니다 (08:00-20:00)
[2025-10-17 03:59:00] INFO: ⏰ 60초 후 재확인...
[2025-10-17 04:00:00] INFO: 
[사이클 1279] 모니터링 시간대가 아닙니다 (08:00-20:00)
[2025-10-17 04:00:00] INFO: ⏰ 60초 후 재확인...
[2025-10-17 04:01:00] INFO: 
[사이클 1280] 모니터링 시간대가 아닙니다 (08:00-20:00)
[2025-10-17 04:01:00] INFO: ⏰ 60초 후 재확인...
[2025-10-17 04:02:00] INFO: 
[사이클 1281] 모니터링 시간대가 아닙니다 (08:00-20:00)
[2025-10-17 04:02:00] INFO: ⏰ 60초 후 재확인...
[2025-10-17 04:03:00] INFO: 
[사이클 1282] 모니터링 시간대가 아닙니다 (08:00-20:00)
[2025-10-17 04:03:00] INFO: ⏰ 60초 후 재확인...
[2025-10-17 04:04:00] INFO: 
[사이클 1283] 모니터링 시간대가 아닙니다 (08:00-20:00)
[2025-10-17 04:04:00] INFO: ⏰ 60초 후 재확인...
[2025-10-17 04:05:00] INFO: 
[사이클 1284] 모니터링 시간대가 아닙니다 (08:00-20:00)
[2025-10-17 04:05:00] INFO: ⏰ 60초 후 재확인...
[2025-10-17 04:06:00] INFO: 
[사이클 1285] 모니터링 시간대가 아닙니다 (08:00-20:00)
[2025-10-17 04:06:00] INFO: ⏰ 60초 후 재확인...
[2025-10-17 04:07:00] INFO: 
[사이클 1286] 모니터링 시간대가 아닙니다 (08:00-20:00)
[2025-10-17 04:07:00] INFO: ⏰ 60초 후 재확인...
[2025-10-17 04:08:00] INFO: 
[사이클 1287] 모니터링 시간대가 아닙니다 (08:00-20:00)
[2025-10-17 04:08:00] INFO: ⏰ 60초 후 재확인...
[2025-10-17 04:09:00] INFO: 
[사이클 1288] 모니터링 시간대가 아닙니다 (08:00-20:00)
[2025-10-17 04:09:00] INFO: ⏰ 60초 후 재확인...
[2025-10-17 04:10:00] INFO: 
[사이클 1289] 모니터링 시간대가 아닙니다 (08:00-20:00)
[2025-10-17 04:10:00] INFO: ⏰ 60초 후 재확인...
[2025-10-17 04:11:00] INFO: 
[사이클 1290] 모니터링 시간대가 아닙니다 (08:00-20:00)
[2025-10-17 04:11:00] INFO: ⏰ 60초 후 재확인...
[2025-10-17 04:12:00] INFO: 
[사이클 1291] 모니터링 시간대가 아닙니다 (08:00-20:00)
[2025-10-17 04:12:00] INFO: ⏰ 60초 후 재확인...
[2025-10-17 04:13:00] INFO: 
[사이클 1292] 모니터링 시간대가 아닙니다 (08:00-20:00)
[2025-10-17 04:13:00] INFO: ⏰ 60초 후 재확인...
[2025-10-17 04:14:00] INFO: 
[사이클 1293] 모니터링 시간대가 아닙니다 (08:00-20:00)
[2025-10-17 04:14:00] INFO: ⏰ 60초 후 재확인...
[2025-10-17 04:15:00] INFO: 
[사이클 1294] 모니터링 시간대가 아닙니다 (08:00-20:00)
[2025-10-17 04:15:00] INFO: ⏰ 60초 후 재확인...
[2025-10-17 04:16:00] INFO: 
[사이클 1295] 모니터링 시간대가 아닙니다 (08:00-20:00)
[2025-10-17 04:16:00] INFO: ⏰ 60초 후 재확인...
[2025-10-17 04:17:00] INFO: 
[사이클 1296] 모니터링 시간대가 아닙니다 (08:00-20:00)
[2025-10-17 04:17:00] INFO: ⏰ 60초 후 재확인...
[2025-10-17 04:18:00] INFO: 
[사이클 1297] 모니터링 시간대가 아닙니다 (08:00-20:00)
[2025-10-17 04:18:00] INFO: ⏰ 60초 후 재확인...
[2025-10-17 04:19:00] INFO: 
[사이클 1298] 모니터링 시간대가 아닙니다 (08:00-20:00)
[2025-10-17 04:19:00] INFO: ⏰ 60초 후 재확인...
[2025-10-17 04:20:00] INFO: 
[사이클 1299] 모니터링 시간대가 아닙니다 (08:00-20:00)
[2025-10-17 04:20:00] INFO: ⏰ 60초 후 재확인...
[2025-10-17 04:21:00] INFO: 
[사이클 1300] 모니터링 시간대가 아닙니다 (08:00-20:00)
[2025-10-17 04:21:00] INFO: ⏰ 60초 후 재확인...
[2025-10-17 04:22:00] INFO: 
[사이클 1301] 모니터링 시간대가 아닙니다 (08:00-20:00)
[2025-10-17 04:22:00] INFO: ⏰ 60초 후 재확인...
[2025-10-17 04:23:00] INFO: 
[사이클 1302] 모니터링 시간대가 아닙니다 (08:00-20:00)
[2025-10-17 04:23:00] INFO: ⏰ 60초 후 재확인...
[2025-10-17 04:24:00] INFO: 
[사이클 1303] 모니터링 시간대가 아닙니다 (08:00-20:00)
[2025-10-17 04:24:00] INFO: ⏰ 60초 후 재확인...
[2025-10-17 04:25:00] INFO: 
[사이클 1304] 모니터링 시간대가 아닙니다 (08:00-20:00)
[2025-10-17 04:25:00] INFO: ⏰ 60초 후 재확인...
[2025-10-17 04:26:00] INFO: 
[사이클 1305] 모니터링 시간대가 아닙니다 (08:00-20:00)
[2025-10-17 04:26:00] INFO: ⏰ 60초 후 재확인...
[2025-10-17 04:27:00] INFO: 
[사이클 1306] 모니터링 시간대가 아닙니다 (08:00-20:00)
[2025-10-17 04:27:00] INFO: ⏰ 60초 후 재확인...
[2025-10-17 04:28:00] INFO: 
[사이클 1307] 모니터링 시간대가 아닙니다 (08:00-20:00)
[2025-10-17 04:28:00] INFO: ⏰ 60초 후 재확인...
[2025-10-17 04:29:00] INFO: 
[사이클 1308] 모니터링 시간대가 아닙니다 (08:00-20:00)
[2025-10-17 04:29:00] INFO: ⏰ 60초 후 재확인...
[2025-10-17 04:30:00] INFO: 
[사이클 1309] 모니터링 시간대가 아닙니다 (08:00-20:00)
[2025-10-17 04:30:00] INFO: ⏰ 60초 후 재확인...
[2025-10-17 04:31:00] INFO: 
[사이클 1310] 모니터링 시간대가 아닙니다 (08:00-20:00)
[2025-10-17 04:31:00] INFO: ⏰ 60초 후 재확인...
[2025-10-17 04:32:00] INFO: 
[사이클 1311] 모니터링 시간대가 아닙니다 (08:00-20:00)
[2025-10-17 04:32:00] INFO: ⏰ 60초 후 재확인...
[2025-10-17 04:33:00] INFO: 
[사이클 1312] 모니터링 시간대가 아닙니다 (08:00-20:00)
[2025-10-17 04:33:00] INFO: ⏰ 60초 후 재확인...
[2025-10-17 04:34:00] INFO: 
[사이클 1313] 모니터링 시간대가 아닙니다 (08:00-20:00)
[2025-10-17 04:34:00] INFO: ⏰ 60초 후 재확인...
[2025-10-17 04:35:00] INFO: 
[사이클 1314] 모니터링 시간대가 아닙니다 (08:00-20:00)
[2025-10-17 04:35:00] INFO: ⏰ 60초 후 재확인...
[2025-10-17 04:36:00] INFO: 
[사이클 1315] 모니터링 시간대가 아닙니다 (08:00-20:00)
[2025-10-17 04:36:00] INFO: ⏰ 60초 후 재확인...
[2025-10-17 04:37:00] INFO: 
[사이클 1316] 모니터링 시간대가 아닙니다 (08:00-20:00)
[2025-10-17 04:37:00] INFO: ⏰ 60초 후 재확인...
[2025-10-17 04:38:00] INFO: 
[사이클 1317] 모니터링 시간대가 아닙니다 (08:00-20:00)
[2025-10-17 04:38:00] INFO: ⏰ 60초 후 재확인...
[2025-10-17 04:39:00] INFO: 
[사이클 1318] 모니터링 시간대가 아닙니다 (08:00-20:00)
[2025-10-17 04:39:00] INFO: ⏰ 60초 후 재확인...
[2025-10-17 04:40:00] INFO: 
[사이클 1319] 모니터링 시간대가 아닙니다 (08:00-20:00)
[2025-10-17 04:40:00] INFO: ⏰ 60초 후 재확인...
[2025-10-17 04:41:00] INFO: 
[사이클 1320] 모니터링 시간대가 아닙니다 (08:00-20:00)
[2025-10-17 04:41:00] INFO: ⏰ 60초 후 재확인...
[2025-10-17 04:42:00] INFO: 
[사이클 1321] 모니터링 시간대가 아닙니다 (08:00-20:00)
[2025-10-17 04:42:00] INFO: ⏰ 60초 후 재확인...
[2025-10-17 04:43:00] INFO: 
[사이클 1322] 모니터링 시간대가 아닙니다 (08:00-20:00)
[2025-10-17 04:43:00] INFO: ⏰ 60초 후 재확인...
[2025-10-17 04:44:00] INFO: 
[사이클 1323] 모니터링 시간대가 아닙니다 (08:00-20:00)
[2025-10-17 04:44:00] INFO: ⏰ 60초 후 재확인...
[2025-10-17 04:45:00] INFO: 
[사이클 1324] 모니터링 시간대가 아닙니다 (08:00-20:00)
[2025-10-17 04:45:00] INFO: ⏰ 60초 후 재확인...
[2025-10-17 04:46:00] INFO: 
[사이클 1325] 모니터링 시간대가 아닙니다 (08:00-20:00)
[2025-10-17 04:46:00] INFO: ⏰ 60초 후 재확인...
[2025-10-17 04:47:00] INFO: 
[사이클 1326] 모니터링 시간대가 아닙니다 (08:00-20:00)
[2025-10-17 04:47:00] INFO: ⏰ 60초 후 재확인...
[2025-10-17 04:48:00] INFO: 
[사이클 1327] 모니터링 시간대가 아닙니다 (08:00-20:00)
[2025-10-17 04:48:00] INFO: ⏰ 60초 후 재확인...
[2025-10-17 04:49:00] INFO: 
[사이클 1328] 모니터링 시간대가 아닙니다 (08:00-20:00)
[2025-10-17 04:49:00] INFO: ⏰ 60초 후 재확인...
[2025-10-17 04:50:00] INFO: 
[사이클 1329] 모니터링 시간대가 아닙니다 (08:00-20:00)
[2025-10-17 04:50:00] INFO: ⏰ 60초 후 재확인...
[2025-10-17 04:51:00] INFO: 
[사이클 1330] 모니터링 시간대가 아닙니다 (08:00-20:00)
[2025-10-17 04:51:00] INFO: ⏰ 60초 후 재확인...
[2025-10-17 04:52:00] INFO: 
[사이클 1331] 모니터링 시간대가 아닙니다 (08:00-20:00)
[2025-10-17 04:52:00] INFO: ⏰ 60초 후 재확인...
[2025-10-17 04:53:00] INFO: 
[사이클 1332] 모니터링 시간대가 아닙니다 (08:00-20:00)
[2025-10-17 04:53:00] INFO: ⏰ 60초 후 재확인...
[2025-10-17 04:54:00] INFO: 
[사이클 1333] 모니터링 시간대가 아닙니다 (08:00-20:00)
[2025-10-17 04:54:00] INFO: ⏰ 60초 후 재확인...
[2025-10-17 04:55:00] INFO: 
[사이클 1334] 모니터링 시간대가 아닙니다 (08:00-20:00)
[2025-10-17 04:55:00] INFO: ⏰ 60초 후 재확인...
[2025-10-17 04:56:00] INFO: 
[사이클 1335] 모니터링 시간대가 아닙니다 (08:00-20:00)
[2025-10-17 04:56:00] INFO: ⏰ 60초 후 재확인...
[2025-10-17 04:57:00] INFO: 
[사이클 1336] 모니터링 시간대가 아닙니다 (08:00-20:00)
[2025-10-17 04:57:00] INFO: ⏰ 60초 후 재확인...
[2025-10-17 04:58:00] INFO: 
[사이클 1337] 모니터링 시간대가 아닙니다 (08:00-20:00)
[2025-10-17 04:58:00] INFO: ⏰ 60초 후 재확인...
[2025-10-17 04:59:00] INFO: 
[사이클 1338] 모니터링 시간대가 아닙니다 (08:00-20:00)
[2025-10-17 04:59:00] INFO: ⏰ 60초 후 재확인...
[2025-10-17 05:00:00] INFO: 
[사이클 1339] 모니터링 시간대가 아닙니다 (08:00-20:00)
[2025-10-17 05:00:00] INFO: ⏰ 60초 후 재확인...
[2025-10-17 05:01:00] INFO: 
[사이클 1340] 모니터링 시간대가 아닙니다 (08:00-20:00)
[2025-10-17 05:01:00] INFO: ⏰ 60초 후 재확인...
[2025-10-17 05:02:00] INFO: 
[사이클 1341] 모니터링 시간대가 아닙니다 (08:00-20:00)
[2025-10-17 05:02:00] INFO: ⏰ 60초 후 재확인...
[2025-10-17 05:03:00] INFO: 
[사이클 1342] 모니터링 시간대가 아닙니다 (08:00-20:00)
[2025-10-17 05:03:00] INFO: ⏰ 60초 후 재확인...
[2025-10-17 05:04:00] INFO: 
[사이클 1343] 모니터링 시간대가 아닙니다 (08:00-20:00)
[2025-10-17 05:04:00] INFO: ⏰ 60초 후 재확인...
[2025-10-17 05:05:00] INFO: 
[사이클 1344] 모니터링 시간대가 아닙니다 (08:00-20:00)
[2025-10-17 05:05:00] INFO: ⏰ 60초 후 재확인...
[2025-10-17 05:06:00] INFO: 
[사이클 1345] 모니터링 시간대가 아닙니다 (08:00-20:00)
[2025-10-17 05:06:00] INFO: ⏰ 60초 후 재확인...
[2025-10-17 05:07:00] INFO: 
[사이클 1346] 모니터링 시간대가 아닙니다 (08:00-20:00)
[2025-10-17 05:07:00] INFO: ⏰ 60초 후 재확인...
[2025-10-17 05:08:00] INFO: 
[사이클 1347] 모니터링 시간대가 아닙니다 (08:00-20:00)
[2025-10-17 05:08:00] INFO: ⏰ 60초 후 재확인...
[2025-10-17 05:09:00] INFO: 
[사이클 1348] 모니터링 시간대가 아닙니다 (08:00-20:00)
[2025-10-17 05:09:00] INFO: ⏰ 60초 후 재확인...
[2025-10-17 05:10:00] INFO: 
[사이클 1349] 모니터링 시간대가 아닙니다 (08:00-20:00)
[2025-10-17 05:10:00] INFO: ⏰ 60초 후 재확인...
[2025-10-17 05:11:00] INFO: 
[사이클 1350] 모니터링 시간대가 아닙니다 (08:00-20:00)
[2025-10-17 05:11:00] INFO: ⏰ 60초 후 재확인...
[2025-10-17 05:12:00] INFO: 
[사이클 1351] 모니터링 시간대가 아닙니다 (08:00-20:00)
[2025-10-17 05:12:00] INFO: ⏰ 60초 후 재확인...
[2025-10-17 05:13:00] INFO: 
[사이클 1352] 모니터링 시간대가 아닙니다 (08:00-20:00)
[2025-10-17 05:13:00] INFO: ⏰ 60초 후 재확인...
[2025-10-17 05:14:00] INFO: 
[사이클 1353] 모니터링 시간대가 아닙니다 (08:00-20:00)
[2025-10-17 05:14:00] INFO: ⏰ 60초 후 재확인...
[2025-10-17 05:15:00] INFO: 
[사이클 1354] 모니터링 시간대가 아닙니다 (08:00-20:00)
[2025-10-17 05:15:00] INFO: ⏰ 60초 후 재확인...
[2025-10-17 05:16:00] INFO: 
[사이클 1355] 모니터링 시간대가 아닙니다 (08:00-20:00)
[2025-10-17 05:16:00] INFO: ⏰ 60초 후 재확인...
[2025-10-17 05:17:00] INFO: 
[사이클 1356] 모니터링 시간대가 아닙니다 (08:00-20:00)
[2025-10-17 05:17:00] INFO: ⏰ 60초 후 재확인...
[2025-10-17 05:18:00] INFO: 
[사이클 1357] 모니터링 시간대가 아닙니다 (08:00-20:00)
[2025-10-17 05:18:00] INFO: ⏰ 60초 후 재확인...
[2025-10-17 05:19:00] INFO: 
[사이클 1358] 모니터링 시간대가 아닙니다 (08:00-20:00)
[2025-10-17 05:19:00] INFO: ⏰ 60초 후 재확인...
[2025-10-17 05:20:00] INFO: 
[사이클 1359] 모니터링 시간대가 아닙니다 (08:00-20:00)
[2025-10-17 05:20:00] INFO: ⏰ 60초 후 재확인...
[2025-10-17 05:21:00] INFO: 
[사이클 1360] 모니터링 시간대가 아닙니다 (08:00-20:00)
[2025-10-17 05:21:00] INFO: ⏰ 60초 후 재확인...
[2025-10-17 05:22:00] INFO: 
[사이클 1361] 모니터링 시간대가 아닙니다 (08:00-20:00)
[2025-10-17 05:22:00] INFO: ⏰ 60초 후 재확인...
[2025-10-17 05:23:00] INFO: 
[사이클 1362] 모니터링 시간대가 아닙니다 (08:00-20:00)
[2025-10-17 05:23:00] INFO: ⏰ 60초 후 재확인...
[2025-10-17 05:24:00] INFO: 
[사이클 1363] 모니터링 시간대가 아닙니다 (08:00-20:00)
[2025-10-17 05:24:00] INFO: ⏰ 60초 후 재확인...
[2025-10-17 05:25:00] INFO: 
[사이클 1364] 모니터링 시간대가 아닙니다 (08:00-20:00)
[2025-10-17 05:25:00] INFO: ⏰ 60초 후 재확인...
[2025-10-17 05:26:00] INFO: 
[사이클 1365] 모니터링 시간대가 아닙니다 (08:00-20:00)
[2025-10-17 05:26:00] INFO: ⏰ 60초 후 재확인...
[2025-10-17 05:27:00] INFO: 
[사이클 1366] 모니터링 시간대가 아닙니다 (08:00-20:00)
[2025-10-17 05:27:00] INFO: ⏰ 60초 후 재확인...
[2025-10-17 05:28:00] INFO: 
[사이클 1367] 모니터링 시간대가 아닙니다 (08:00-20:00)
[2025-10-17 05:28:00] INFO: ⏰ 60초 후 재확인...
[2025-10-17 05:29:00] INFO: 
[사이클 1368] 모니터링 시간대가 아닙니다 (08:00-20:00)
[2025-10-17 05:29:00] INFO: ⏰ 60초 후 재확인...
[2025-10-17 05:30:00] INFO: 
[사이클 1369] 모니터링 시간대가 아닙니다 (08:00-20:00)
[2025-10-17 05:30:00] INFO: ⏰ 60초 후 재확인...
[2025-10-17 05:31:00] INFO: 
[사이클 1370] 모니터링 시간대가 아닙니다 (08:00-20:00)
[2025-10-17 05:31:00] INFO: ⏰ 60초 후 재확인...
[2025-10-17 05:32:00] INFO: 
[사이클 1371] 모니터링 시간대가 아닙니다 (08:00-20:00)
[2025-10-17 05:32:00] INFO: ⏰ 60초 후 재확인...
[2025-10-17 05:33:00] INFO: 
[사이클 1372] 모니터링 시간대가 아닙니다 (08:00-20:00)
[2025-10-17 05:33:00] INFO: ⏰ 60초 후 재확인...
[2025-10-17 05:34:00] INFO: 
[사이클 1373] 모니터링 시간대가 아닙니다 (08:00-20:00)
[2025-10-17 05:34:00] INFO: ⏰ 60초 후 재확인...
[2025-10-17 05:35:00] INFO: 
[사이클 1374] 모니터링 시간대가 아닙니다 (08:00-20:00)
[2025-10-17 05:35:00] INFO: ⏰ 60초 후 재확인...
[2025-10-17 05:36:00] INFO: 
[사이클 1375] 모니터링 시간대가 아닙니다 (08:00-20:00)
[2025-10-17 05:36:00] INFO: ⏰ 60초 후 재확인...
[2025-10-17 05:37:00] INFO: 
[사이클 1376] 모니터링 시간대가 아닙니다 (08:00-20:00)
[2025-10-17 05:37:00] INFO: ⏰ 60초 후 재확인...
[2025-10-17 05:38:00] INFO: 
[사이클 1377] 모니터링 시간대가 아닙니다 (08:00-20:00)
[2025-10-17 05:38:00] INFO: ⏰ 60초 후 재확인...
[2025-10-17 05:39:00] INFO: 
[사이클 1378] 모니터링 시간대가 아닙니다 (08:00-20:00)
[2025-10-17 05:39:00] INFO: ⏰ 60초 후 재확인...
[2025-10-17 05:40:00] INFO: 
[사이클 1379] 모니터링 시간대가 아닙니다 (08:00-20:00)
[2025-10-17 05:40:00] INFO: ⏰ 60초 후 재확인...
[2025-10-17 05:41:00] INFO: 
[사이클 1380] 모니터링 시간대가 아닙니다 (08:00-20:00)
[2025-10-17 05:41:00] INFO: ⏰ 60초 후 재확인...
[2025-10-17 05:42:00] INFO: 
[사이클 1381] 모니터링 시간대가 아닙니다 (08:00-20:00)
[2025-10-17 05:42:00] INFO: ⏰ 60초 후 재확인...
[2025-10-17 05:43:00] INFO: 
[사이클 1382] 모니터링 시간대가 아닙니다 (08:00-20:00)
[2025-10-17 05:43:00] INFO: ⏰ 60초 후 재확인...
[2025-10-17 05:44:00] INFO: 
[사이클 1383] 모니터링 시간대가 아닙니다 (08:00-20:00)
[2025-10-17 05:44:00] INFO: ⏰ 60초 후 재확인...
[2025-10-17 05:45:00] INFO: 
[사이클 1384] 모니터링 시간대가 아닙니다 (08:00-20:00)
[2025-10-17 05:45:00] INFO: ⏰ 60초 후 재확인...
[2025-10-17 05:46:00] INFO: 
[사이클 1385] 모니터링 시간대가 아닙니다 (08:00-20:00)
[2025-10-17 05:46:00] INFO: ⏰ 60초 후 재확인...
[2025-10-17 05:47:00] INFO: 
[사이클 1386] 모니터링 시간대가 아닙니다 (08:00-20:00)
[2025-10-17 05:47:00] INFO: ⏰ 60초 후 재확인...
[2025-10-17 05:48:00] INFO: 
[사이클 1387] 모니터링 시간대가 아닙니다 (08:00-20:00)
[2025-10-17 05:48:00] INFO: ⏰ 60초 후 재확인...
[2025-10-17 05:49:00] INFO: 
[사이클 1388] 모니터링 시간대가 아닙니다 (08:00-20:00)
[2025-10-17 05:49:00] INFO: ⏰ 60초 후 재확인...
[2025-10-17 05:50:00] INFO: 
[사이클 1389] 모니터링 시간대가 아닙니다 (08:00-20:00)
[2025-10-17 05:50:00] INFO: ⏰ 60초 후 재확인...
[2025-10-17 05:51:00] INFO: 
[사이클 1390] 모니터링 시간대가 아닙니다 (08:00-20:00)
[2025-10-17 05:51:00] INFO: ⏰ 60초 후 재확인...
[2025-10-17 05:52:00] INFO: 
[사이클 1391] 모니터링 시간대가 아닙니다 (08:00-20:00)
[2025-10-17 05:52:00] INFO: ⏰ 60초 후 재확인...
[2025-10-17 05:53:00] INFO: 
[사이클 1392] 모니터링 시간대가 아닙니다 (08:00-20:00)
[2025-10-17 05:53:00] INFO: ⏰ 60초 후 재확인...
[2025-10-17 05:54:00] INFO: 
[사이클 1393] 모니터링 시간대가 아닙니다 (08:00-20:00)
[2025-10-17 05:54:00] INFO: ⏰ 60초 후 재확인...
[2025-10-17 05:55:00] INFO: 
[사이클 1394] 모니터링 시간대가 아닙니다 (08:00-20:00)
[2025-10-17 05:55:00] INFO: ⏰ 60초 후 재확인...
[2025-10-17 05:56:00] INFO: 
[사이클 1395] 모니터링 시간대가 아닙니다 (08:00-20:00)
[2025-10-17 05:56:00] INFO: ⏰ 60초 후 재확인...
[2025-10-17 05:57:00] INFO: 
[사이클 1396] 모니터링 시간대가 아닙니다 (08:00-20:00)
[2025-10-17 05:57:00] INFO: ⏰ 60초 후 재확인...
[2025-10-17 05:58:00] INFO: 
[사이클 1397] 모니터링 시간대가 아닙니다 (08:00-20:00)
[2025-10-17 05:58:00] INFO: ⏰ 60초 후 재확인...
[2025-10-17 05:59:00] INFO: 
[사이클 1398] 모니터링 시간대가 아닙니다 (08:00-20:00)
[2025-10-17 05:59:00] INFO: ⏰ 60초 후 재확인...
[2025-10-17 06:00:00] INFO: 
[사이클 1399] 모니터링 시간대가 아닙니다 (08:00-20:00)
[2025-10-17 06:00:00] INFO: ⏰ 60초 후 재확인...
[2025-10-17 06:01:00] INFO: 
[사이클 1400] 모니터링 시간대가 아닙니다 (08:00-20:00)
[2025-10-17 06:01:00] INFO: ⏰ 60초 후 재확인...
[2025-10-17 06:02:00] INFO: 
[사이클 1401] 모니터링 시간대가 아닙니다 (08:00-20:00)
[2025-10-17 06:02:00] INFO: ⏰ 60초 후 재확인...
[2025-10-17 06:03:00] INFO: 
[사이클 1402] 모니터링 시간대가 아닙니다 (08:00-20:00)
[2025-10-17 06:03:00] INFO: ⏰ 60초 후 재확인...
[2025-10-17 06:04:00] INFO: 
[사이클 1403] 모니터링 시간대가 아닙니다 (08:00-20:00)
[2025-10-17 06:04:00] INFO: ⏰ 60초 후 재확인...
[2025-10-17 06:05:00] INFO: 
[사이클 1404] 모니터링 시간대가 아닙니다 (08:00-20:00)
[2025-10-17 06:05:00] INFO: ⏰ 60초 후 재확인...
[2025-10-17 06:06:00] INFO: 
[사이클 1405] 모니터링 시간대가 아닙니다 (08:00-20:00)
[2025-10-17 06:06:00] INFO: ⏰ 60초 후 재확인...
[2025-10-17 06:07:00] INFO: 
[사이클 1406] 모니터링 시간대가 아닙니다 (08:00-20:00)
[2025-10-17 06:07:00] INFO: ⏰ 60초 후 재확인...
[2025-10-17 06:08:00] INFO: 
[사이클 1407] 모니터링 시간대가 아닙니다 (08:00-20:00)
[2025-10-17 06:08:00] INFO: ⏰ 60초 후 재확인...
[2025-10-17 06:09:00] INFO: 
[사이클 1408] 모니터링 시간대가 아닙니다 (08:00-20:00)
[2025-10-17 06:09:00] INFO: ⏰ 60초 후 재확인...
[2025-10-17 06:10:00] INFO: 
[사이클 1409] 모니터링 시간대가 아닙니다 (08:00-20:00)
[2025-10-17 06:10:00] INFO: ⏰ 60초 후 재확인...
[2025-10-17 06:11:00] INFO: 
[사이클 1410] 모니터링 시간대가 아닙니다 (08:00-20:00)
[2025-10-17 06:11:00] INFO: ⏰ 60초 후 재확인...
[2025-10-17 06:12:00] INFO: 
[사이클 1411] 모니터링 시간대가 아닙니다 (08:00-20:00)
[2025-10-17 06:12:00] INFO: ⏰ 60초 후 재확인...
[2025-10-17 06:13:00] INFO: 
[사이클 1412] 모니터링 시간대가 아닙니다 (08:00-20:00)
[2025-10-17 06:13:00] INFO: ⏰ 60초 후 재확인...
[2025-10-17 06:14:00] INFO: 
[사이클 1413] 모니터링 시간대가 아닙니다 (08:00-20:00)
[2025-10-17 06:14:00] INFO: ⏰ 60초 후 재확인...
[2025-10-17 06:15:00] INFO: 
[사이클 1414] 모니터링 시간대가 아닙니다 (08:00-20:00)
[2025-10-17 06:15:00] INFO: ⏰ 60초 후 재확인...
[2025-10-17 06:16:00] INFO: 
[사이클 1415] 모니터링 시간대가 아닙니다 (08:00-20:00)
[2025-10-17 06:16:00] INFO: ⏰ 60초 후 재확인...
[2025-10-17 06:17:00] INFO: 
[사이클 1416] 모니터링 시간대가 아닙니다 (08:00-20:00)
[2025-10-17 06:17:00] INFO: ⏰ 60초 후 재확인...
[2025-10-17 06:18:00] INFO: 
[사이클 1417] 모니터링 시간대가 아닙니다 (08:00-20:00)
[2025-10-17 06:18:00] INFO: ⏰ 60초 후 재확인...
[2025-10-17 06:19:00] INFO: 
[사이클 1418] 모니터링 시간대가 아닙니다 (08:00-20:00)
[2025-10-17 06:19:00] INFO: ⏰ 60초 후 재확인...
[2025-10-17 06:20:00] INFO: 
[사이클 1419] 모니터링 시간대가 아닙니다 (08:00-20:00)
[2025-10-17 06:20:00] INFO: ⏰ 60초 후 재확인...
[2025-10-17 06:21:00] INFO: 
[사이클 1420] 모니터링 시간대가 아닙니다 (08:00-20:00)
[2025-10-17 06:21:00] INFO: ⏰ 60초 후 재확인...
[2025-10-17 06:22:00] INFO: 
[사이클 1421] 모니터링 시간대가 아닙니다 (08:00-20:00)
[2025-10-17 06:22:00] INFO: ⏰ 60초 후 재확인...
[2025-10-17 06:23:00] INFO: 
[사이클 1422] 모니터링 시간대가 아닙니다 (08:00-20:00)
[2025-10-17 06:23:00] INFO: ⏰ 60초 후 재확인...
[2025-10-17 06:24:00] INFO: 
[사이클 1423] 모니터링 시간대가 아닙니다 (08:00-20:00)
[2025-10-17 06:24:00] INFO: ⏰ 60초 후 재확인...
[2025-10-17 06:25:00] INFO: 
[사이클 1424] 모니터링 시간대가 아닙니다 (08:00-20:00)
[2025-10-17 06:25:00] INFO: ⏰ 60초 후 재확인...
[2025-10-17 06:26:00] INFO: 
[사이클 1425] 모니터링 시간대가 아닙니다 (08:00-20:00)
[2025-10-17 06:26:00] INFO: ⏰ 60초 후 재확인...
[2025-10-17 06:27:00] INFO: 
[사이클 1426] 모니터링 시간대가 아닙니다 (08:00-20:00)
[2025-10-17 06:27:00] INFO: ⏰ 60초 후 재확인...
[2025-10-17 06:28:00] INFO: 
[사이클 1427] 모니터링 시간대가 아닙니다 (08:00-20:00)
[2025-10-17 06:28:00] INFO: ⏰ 60초 후 재확인...
[2025-10-17 06:29:00] INFO: 
[사이클 1428] 모니터링 시간대가 아닙니다 (08:00-20:00)
[2025-10-17 06:29:00] INFO: ⏰ 60초 후 재확인...
[2025-10-17 06:30:00] INFO: 
[사이클 1429] 모니터링 시간대가 아닙니다 (08:00-20:00)
[2025-10-17 06:30:00] INFO: ⏰ 60초 후 재확인...
[2025-10-17 06:31:00] INFO: 
[사이클 1430] 모니터링 시간대가 아닙니다 (08:00-20:00)
[2025-10-17 06:31:00] INFO: ⏰ 60초 후 재확인...
[2025-10-17 06:32:00] INFO: 
[사이클 1431] 모니터링 시간대가 아닙니다 (08:00-20:00)
[2025-10-17 06:32:00] INFO: ⏰ 60초 후 재확인...
[2025-10-17 06:33:00] INFO: 
[사이클 1432] 모니터링 시간대가 아닙니다 (08:00-20:00)
[2025-10-17 06:33:00] INFO: ⏰ 60초 후 재확인...
[2025-10-17 06:34:00] INFO: 
[사이클 1433] 모니터링 시간대가 아닙니다 (08:00-20:00)
[2025-10-17 06:34:00] INFO: ⏰ 60초 후 재확인...
[2025-10-17 06:35:00] INFO: 
[사이클 1434] 모니터링 시간대가 아닙니다 (08:00-20:00)
[2025-10-17 06:35:00] INFO: ⏰ 60초 후 재확인...
[2025-10-17 06:36:00] INFO: 
[사이클 1435] 모니터링 시간대가 아닙니다 (08:00-20:00)
[2025-10-17 06:36:00] INFO: ⏰ 60초 후 재확인...
[2025-10-17 06:37:00] INFO: 
[사이클 1436] 모니터링 시간대가 아닙니다 (08:00-20:00)
[2025-10-17 06:37:00] INFO: ⏰ 60초 후 재확인...
[2025-10-17 06:38:00] INFO: 
[사이클 1437] 모니터링 시간대가 아닙니다 (08:00-20:00)
[2025-10-17 06:38:00] INFO: ⏰ 60초 후 재확인...
[2025-10-17 06:39:00] INFO: 
[사이클 1438] 모니터링 시간대가 아닙니다 (08:00-20:00)
[2025-10-17 06:39:00] INFO: ⏰ 60초 후 재확인...
[2025-10-17 06:40:00] INFO: 
[사이클 1439] 모니터링 시간대가 아닙니다 (08:00-20:00)
[2025-10-17 06:40:00] INFO: ⏰ 60초 후 재확인...
[2025-10-17 06:41:00] INFO: 
[사이클 1440] 모니터링 시간대가 아닙니다 (08:00-20:00)
[2025-10-17 06:41:00] INFO: ⏰ 60초 후 재확인...
[2025-10-17 06:42:00] INFO: 
[사이클 1441] 모니터링 시간대가 아닙니다 (08:00-20:00)
[2025-10-17 06:42:00] INFO: ⏰ 60초 후 재확인...
[2025-10-17 06:43:00] INFO: 
[사이클 1442] 모니터링 시간대가 아닙니다 (08:00-20:00)
[2025-10-17 06:43:00] INFO: ⏰ 60초 후 재확인...
[2025-10-17 06:44:00] INFO: 
[사이클 1443] 모니터링 시간대가 아닙니다 (08:00-20:00)
[2025-10-17 06:44:00] INFO: ⏰ 60초 후 재확인...
[2025-10-17 06:45:00] INFO: 
[사이클 1444] 모니터링 시간대가 아닙니다 (08:00-20:00)
[2025-10-17 06:45:00] INFO: ⏰ 60초 후 재확인...
[2025-10-17 06:46:00] INFO: 
[사이클 1445] 모니터링 시간대가 아닙니다 (08:00-20:00)
[2025-10-17 06:46:00] INFO: ⏰ 60초 후 재확인...
[2025-10-17 06:47:00] INFO: 
[사이클 1446] 모니터링 시간대가 아닙니다 (08:00-20:00)
[2025-10-17 06:47:00] INFO: ⏰ 60초 후 재확인...
[2025-10-17 06:48:00] INFO: 
[사이클 1447] 모니터링 시간대가 아닙니다 (08:00-20:00)
[2025-10-17 06:48:00] INFO: ⏰ 60초 후 재확인...
[2025-10-17 06:49:00] INFO: 
[사이클 1448] 모니터링 시간대가 아닙니다 (08:00-20:00)
[2025-10-17 06:49:00] INFO: ⏰ 60초 후 재확인...
[2025-10-17 06:50:00] INFO: 
[사이클 1449] 모니터링 시간대가 아닙니다 (08:00-20:00)
[2025-10-17 06:50:00] INFO: ⏰ 60초 후 재확인...
[2025-10-17 06:51:00] INFO: 
[사이클 1450] 모니터링 시간대가 아닙니다 (08:00-20:00)
[2025-10-17 06:51:00] INFO: ⏰ 60초 후 재확인...
[2025-10-17 06:52:00] INFO: 
[사이클 1451] 모니터링 시간대가 아닙니다 (08:00-20:00)
[2025-10-17 06:52:00] INFO: ⏰ 60초 후 재확인...
[2025-10-17 06:53:00] INFO: 
[사이클 1452] 모니터링 시간대가 아닙니다 (08:00-20:00)
[2025-10-17 06:53:00] INFO: ⏰ 60초 후 재확인...
[2025-10-17 06:54:00] INFO: 
[사이클 1453] 모니터링 시간대가 아닙니다 (08:00-20:00)
[2025-10-17 06:54:00] INFO: ⏰ 60초 후 재확인...
[2025-10-17 06:55:00] INFO: 
[사이클 1454] 모니터링 시간대가 아닙니다 (08:00-20:00)
[2025-10-17 06:55:00] INFO: ⏰ 60초 후 재확인...
[2025-10-17 06:56:00] INFO: 
[사이클 1455] 모니터링 시간대가 아닙니다 (08:00-20:00)
[2025-10-17 06:56:00] INFO: ⏰ 60초 후 재확인...
[2025-10-17 06:57:00] INFO: 
[사이클 1456] 모니터링 시간대가 아닙니다 (08:00-20:00)
[2025-10-17 06:57:00] INFO: ⏰ 60초 후 재확인...
[2025-10-17 06:58:00] INFO: 
[사이클 1457] 모니터링 시간대가 아닙니다 (08:00-20:00)
[2025-10-17 06:58:00] INFO: ⏰ 60초 후 재확인...
[2025-10-17 06:59:00] INFO: 
[사이클 1458] 모니터링 시간대가 아닙니다 (08:00-20:00)
[2025-10-17 06:59:00] INFO: ⏰ 60초 후 재확인...
[2025-10-17 07:00:00] INFO: 
[사이클 1459] 모니터링 시간대가 아닙니다 (08:00-20:00)
[2025-10-17 07:00:00] INFO: ⏰ 60초 후 재확인...
[2025-10-17 07:01:00] INFO: 
[사이클 1460] 모니터링 시간대가 아닙니다 (08:00-20:00)
[2025-10-17 07:01:00] INFO: ⏰ 60초 후 재확인...
[2025-10-17 07:02:00] INFO: 
[사이클 1461] 모니터링 시간대가 아닙니다 (08:00-20:00)
[2025-10-17 07:02:00] INFO: ⏰ 60초 후 재확인...
[2025-10-17 07:03:00] INFO: 
[사이클 1462] 모니터링 시간대가 아닙니다 (08:00-20:00)
[2025-10-17 07:03:00] INFO: ⏰ 60초 후 재확인...
[2025-10-17 07:04:00] INFO: 
[사이클 1463] 모니터링 시간대가 아닙니다 (08:00-20:00)
[2025-10-17 07:04:00] INFO: ⏰ 60초 후 재확인...
[2025-10-17 07:05:00] INFO: 
[사이클 1464] 모니터링 시간대가 아닙니다 (08:00-20:00)
[2025-10-17 07:05:00] INFO: ⏰ 60초 후 재확인...
[2025-10-17 07:06:00] INFO: 
[사이클 1465] 모니터링 시간대가 아닙니다 (08:00-20:00)
[2025-10-17 07:06:00] INFO: ⏰ 60초 후 재확인...
[2025-10-17 07:07:00] INFO: 
[사이클 1466] 모니터링 시간대가 아닙니다 (08:00-20:00)
[2025-10-17 07:07:00] INFO: ⏰ 60초 후 재확인...
[2025-10-17 07:08:00] INFO: 
[사이클 1467] 모니터링 시간대가 아닙니다 (08:00-20:00)
[2025-10-17 07:08:00] INFO: ⏰ 60초 후 재확인...
[2025-10-17 07:09:00] INFO: 
[사이클 1468] 모니터링 시간대가 아닙니다 (08:00-20:00)
[2025-10-17 07:09:00] INFO: ⏰ 60초 후 재확인...
[2025-10-17 07:10:00] INFO: 
[사이클 1469] 모니터링 시간대가 아닙니다 (08:00-20:00)
[2025-10-17 07:10:00] INFO: ⏰ 60초 후 재확인...
[2025-10-17 07:11:00] INFO: 
[사이클 1470] 모니터링 시간대가 아닙니다 (08:00-20:00)
[2025-10-17 07:11:00] INFO: ⏰ 60초 후 재확인...
[2025-10-17 07:12:00] INFO: 
[사이클 1471] 모니터링 시간대가 아닙니다 (08:00-20:00)
[2025-10-17 07:12:00] INFO: ⏰ 60초 후 재확인...
[2025-10-17 07:13:00] INFO: 
[사이클 1472] 모니터링 시간대가 아닙니다 (08:00-20:00)
[2025-10-17 07:13:00] INFO: ⏰ 60초 후 재확인...
[2025-10-17 07:14:00] INFO: 
[사이클 1473] 모니터링 시간대가 아닙니다 (08:00-20:00)
[2025-10-17 07:14:00] INFO: ⏰ 60초 후 재확인...
[2025-10-17 07:15:00] INFO: 
[사이클 1474] 모니터링 시간대가 아닙니다 (08:00-20:00)
[2025-10-17 07:15:00] INFO: ⏰ 60초 후 재확인...
[2025-10-17 07:16:00] INFO: 
[사이클 1475] 모니터링 시간대가 아닙니다 (08:00-20:00)
[2025-10-17 07:16:00] INFO: ⏰ 60초 후 재확인...
[2025-10-17 07:17:00] INFO: 
[사이클 1476] 모니터링 시간대가 아닙니다 (08:00-20:00)
[2025-10-17 07:17:00] INFO: ⏰ 60초 후 재확인...
[2025-10-17 07:18:00] INFO: 
[사이클 1477] 모니터링 시간대가 아닙니다 (08:00-20:00)
[2025-10-17 07:18:00] INFO: ⏰ 60초 후 재확인...
[2025-10-17 07:19:00] INFO: 
[사이클 1478] 모니터링 시간대가 아닙니다 (08:00-20:00)
[2025-10-17 07:19:00] INFO: ⏰ 60초 후 재확인...
[2025-10-17 07:20:00] INFO: 
[사이클 1479] 모니터링 시간대가 아닙니다 (08:00-20:00)
[2025-10-17 07:20:00] INFO: ⏰ 60초 후 재확인...
[2025-10-17 07:21:00] INFO: 
[사이클 1480] 모니터링 시간대가 아닙니다 (08:00-20:00)
[2025-10-17 07:21:00] INFO: ⏰ 60초 후 재확인...
[2025-10-17 07:22:00] INFO: 
[사이클 1481] 모니터링 시간대가 아닙니다 (08:00-20:00)
[2025-10-17 07:22:00] INFO: ⏰ 60초 후 재확인...
[2025-10-17 07:23:00] INFO: 
[사이클 1482] 모니터링 시간대가 아닙니다 (08:00-20:00)
[2025-10-17 07:23:00] INFO: ⏰ 60초 후 재확인...
[2025-10-17 07:24:00] INFO: 
[사이클 1483] 모니터링 시간대가 아닙니다 (08:00-20:00)
[2025-10-17 07:24:00] INFO: ⏰ 60초 후 재확인...
[2025-10-17 07:25:00] INFO: 
[사이클 1484] 모니터링 시간대가 아닙니다 (08:00-20:00)
[2025-10-17 07:25:00] INFO: ⏰ 60초 후 재확인...
[2025-10-17 07:26:00] INFO: 
[사이클 1485] 모니터링 시간대가 아닙니다 (08:00-20:00)
[2025-10-17 07:26:00] INFO: ⏰ 60초 후 재확인...
[2025-10-17 07:27:00] INFO: 
[사이클 1486] 모니터링 시간대가 아닙니다 (08:00-20:00)
[2025-10-17 07:27:00] INFO: ⏰ 60초 후 재확인...
[2025-10-17 07:28:00] INFO: 
[사이클 1487] 모니터링 시간대가 아닙니다 (08:00-20:00)
[2025-10-17 07:28:00] INFO: ⏰ 60초 후 재확인...
[2025-10-17 07:29:00] INFO: 
[사이클 1488] 모니터링 시간대가 아닙니다 (08:00-20:00)
[2025-10-17 07:29:00] INFO: ⏰ 60초 후 재확인...
[2025-10-17 07:30:00] INFO: 
[사이클 1489] 모니터링 시간대가 아닙니다 (08:00-20:00)
[2025-10-17 07:30:00] INFO: ⏰ 60초 후 재확인...
[2025-10-17 07:31:00] INFO: 
[사이클 1490] 모니터링 시간대가 아닙니다 (08:00-20:00)
[2025-10-17 07:31:00] INFO: ⏰ 60초 후 재확인...
[2025-10-17 07:32:00] INFO: 
[사이클 1491] 모니터링 시간대가 아닙니다 (08:00-20:00)
[2025-10-17 07:32:00] INFO: ⏰ 60초 후 재확인...
[2025-10-17 07:33:00] INFO: 
[사이클 1492] 모니터링 시간대가 아닙니다 (08:00-20:00)
[2025-10-17 07:33:00] INFO: ⏰ 60초 후 재확인...
[2025-10-17 07:34:00] INFO: 
[사이클 1493] 모니터링 시간대가 아닙니다 (08:00-20:00)
[2025-10-17 07:34:00] INFO: ⏰ 60초 후 재확인...
[2025-10-17 07:35:00] INFO: 
[사이클 1494] 모니터링 시간대가 아닙니다 (08:00-20:00)
[2025-10-17 07:35:00] INFO: ⏰ 60초 후 재확인...
[2025-10-17 07:36:00] INFO: 
[사이클 1495] 모니터링 시간대가 아닙니다 (08:00-20:00)
[2025-10-17 07:36:00] INFO: ⏰ 60초 후 재확인...
[2025-10-17 07:37:00] INFO: 
[사이클 1496] 모니터링 시간대가 아닙니다 (08:00-20:00)
[2025-10-17 07:37:00] INFO: ⏰ 60초 후 재확인...
[2025-10-17 07:38:00] INFO: 
[사이클 1497] 모니터링 시간대가 아닙니다 (08:00-20:00)
[2025-10-17 07:38:00] INFO: ⏰ 60초 후 재확인...
[2025-10-17 07:39:00] INFO: 
[사이클 1498] 모니터링 시간대가 아닙니다 (08:00-20:00)
[2025-10-17 07:39:00] INFO: ⏰ 60초 후 재확인...
[2025-10-17 07:40:00] INFO: 
[사이클 1499] 모니터링 시간대가 아닙니다 (08:00-20:00)
[2025-10-17 07:40:00] INFO: ⏰ 60초 후 재확인...
[2025-10-17 07:41:00] INFO: 
[사이클 1500] 모니터링 시간대가 아닙니다 (08:00-20:00)
[2025-10-17 07:41:00] INFO: ⏰ 60초 후 재확인...
[2025-10-17 07:42:00] INFO: 
[사이클 1501] 모니터링 시간대가 아닙니다 (08:00-20:00)
[2025-10-17 07:42:00] INFO: ⏰ 60초 후 재확인...
[2025-10-17 07:43:00] INFO: 
[사이클 1502] 모니터링 시간대가 아닙니다 (08:00-20:00)
[2025-10-17 07:43:00] INFO: ⏰ 60초 후 재확인...
[2025-10-17 07:44:00] INFO: 
[사이클 1503] 모니터링 시간대가 아닙니다 (08:00-20:00)
[2025-10-17 07:44:00] INFO: ⏰ 60초 후 재확인...
[2025-10-17 07:45:00] INFO: 
[사이클 1504] 모니터링 시간대가 아닙니다 (08:00-20:00)
[2025-10-17 07:45:00] INFO: ⏰ 60초 후 재확인...
[2025-10-17 07:46:00] INFO: 
[사이클 1505] 모니터링 시간대가 아닙니다 (08:00-20:00)
[2025-10-17 07:46:00] INFO: ⏰ 60초 후 재확인...
[2025-10-17 07:47:00] INFO: 
[사이클 1506] 모니터링 시간대가 아닙니다 (08:00-20:00)
[2025-10-17 07:47:00] INFO: ⏰ 60초 후 재확인...
[2025-10-17 07:48:00] INFO: 
[사이클 1507] 모니터링 시간대가 아닙니다 (08:00-20:00)
[2025-10-17 07:48:00] INFO: ⏰ 60초 후 재확인...
[2025-10-17 07:49:00] INFO: 
[사이클 1508] 모니터링 시간대가 아닙니다 (08:00-20:00)
[2025-10-17 07:49:00] INFO: ⏰ 60초 후 재확인...
[2025-10-17 07:50:00] INFO: 
[사이클 1509] 모니터링 시간대가 아닙니다 (08:00-20:00)
[2025-10-17 07:50:00] INFO: ⏰ 60초 후 재확인...
[2025-10-17 07:51:00] INFO: 
[사이클 1510] 모니터링 시간대가 아닙니다 (08:00-20:00)
[2025-10-17 07:51:00] INFO: ⏰ 60초 후 재확인...
[2025-10-17 07:52:00] INFO: 
[사이클 1511] 모니터링 시간대가 아닙니다 (08:00-20:00)
[2025-10-17 07:52:00] INFO: ⏰ 60초 후 재확인...
[2025-10-17 07:53:00] INFO: 
[사이클 1512] 모니터링 시간대가 아닙니다 (08:00-20:00)
[2025-10-17 07:53:00] INFO: ⏰ 60초 후 재확인...
[2025-10-17 07:54:00] INFO: 
[사이클 1513] 모니터링 시간대가 아닙니다 (08:00-20:00)
[2025-10-17 07:54:00] INFO: ⏰ 60초 후 재확인...
[2025-10-17 07:55:00] INFO: 
[사이클 1514] 모니터링 시간대가 아닙니다 (08:00-20:00)
[2025-10-17 07:55:00] INFO: ⏰ 60초 후 재확인...
[2025-10-17 07:56:00] INFO: 
[사이클 1515] 모니터링 시간대가 아닙니다 (08:00-20:00)
[2025-10-17 07:56:00] INFO: ⏰ 60초 후 재확인...
[2025-10-17 07:57:00] INFO: 
[사이클 1516] 모니터링 시간대가 아닙니다 (08:00-20:00)
[2025-10-17 07:57:00] INFO: ⏰ 60초 후 재확인...
[2025-10-17 07:58:00] INFO: 
[사이클 1517] 모니터링 시간대가 아닙니다 (08:00-20:00)
[2025-10-17 07:58:00] INFO: ⏰ 60초 후 재확인...
[2025-10-17 07:59:00] INFO: 
[사이클 1518] 모니터링 시간대가 아닙니다 (08:00-20:00)
[2025-10-17 07:59:00] INFO: ⏰ 60초 후 재확인...
[2025-10-17 08:00:00] INFO: 
================================================================================
[2025-10-17 08:00:00] INFO: [사이클 1519] 2025-10-17 08:00:00
[2025-10-17 08:00:00] INFO: ================================================================================
[2025-10-17 08:00:00] WARNING: ⚠ trading_signals.xlsx 파일이 없습니다.
[2025-10-17 08:00:00] INFO: ℹ 모니터링 대상 종목이 없습니다.
[2025-10-17 08:00:00] INFO: 
⏰ 60초 후 다음 사이클 실행...
[2025-10-17 08:00:00] INFO:    종료하려면 Ctrl+C를 누르세요.
[2025-10-17 08:01:00] INFO: 
================================================================================
[2025-10-17 08:01:00] INFO: [사이클 1520] 2025-10-17 08:01:00
[2025-10-17 08:01:00] INFO: ================================================================================
[2025-10-17 08:01:00] WARNING: ⚠ trading_signals.xlsx 파일이 없습니다.
[2025-10-17 08:01:00] INFO: ℹ 모니터링 대상 종목이 없습니다.
[2025-10-17 08:01:00] INFO: 
⏰ 60초 후 다음 사이클 실행...
[2025-10-17 08:01:00] INFO:    종료하려면 Ctrl+C를 누르세요.
[2025-10-17 08:02:00] INFO: 
================================================================================
[2025-10-17 08:02:00] INFO: [사이클 1521] 2025-10-17 08:02:00
[2025-10-17 08:02:00] INFO: ================================================================================
[2025-10-17 08:02:00] WARNING: ⚠ trading_signals.xlsx 파일이 없습니다.
[2025-10-17 08:02:00] INFO: ℹ 모니터링 대상 종목이 없습니다.
[2025-10-17 08:02:00] INFO: 
⏰ 60초 후 다음 사이클 실행...
[2025-10-17 08:02:00] INFO:    종료하려면 Ctrl+C를 누르세요.
[2025-10-17 08:03:00] INFO: 
================================================================================
[2025-10-17 08:03:00] INFO: [사이클 1522] 2025-10-17 08:03:00
[2025-10-17 08:03:00] INFO: ================================================================================
[2025-10-17 08:03:00] WARNING: ⚠ trading_signals.xlsx 파일이 없습니다.
[2025-10-17 08:03:00] INFO: ℹ 모니터링 대상 종목이 없습니다.
[2025-10-17 08:03:00] INFO: 
⏰ 60초 후 다음 사이클 실행...
[2025-10-17 08:03:00] INFO:    종료하려면 Ctrl+C를 누르세요.
[2025-10-17 08:04:00] INFO: 
================================================================================
[2025-10-17 08:04:00] INFO: [사이클 1523] 2025-10-17 08:04:00
[2025-10-17 08:04:00] INFO: ================================================================================
[2025-10-17 08:04:00] WARNING: ⚠ trading_signals.xlsx 파일이 없습니다.
[2025-10-17 08:04:00] INFO: ℹ 모니터링 대상 종목이 없습니다.
[2025-10-17 08:04:00] INFO: 
⏰ 60초 후 다음 사이클 실행...
[2025-10-17 08:04:00] INFO:    종료하려면 Ctrl+C를 누르세요.
[2025-10-17 08:05:00] INFO: 
================================================================================
[2025-10-17 08:05:00] INFO: [사이클 1524] 2025-10-17 08:05:00
[2025-10-17 08:05:00] INFO: ================================================================================
[2025-10-17 08:05:00] WARNING: ⚠ trading_signals.xlsx 파일이 없습니다.
[2025-10-17 08:05:00] INFO: ℹ 모니터링 대상 종목이 없습니다.
[2025-10-17 08:05:00] INFO: 
⏰ 60초 후 다음 사이클 실행...
[2025-10-17 08:05:00] INFO:    종료하려면 Ctrl+C를 누르세요.
[2025-10-17 08:06:00] INFO: 
================================================================================
[2025-10-17 08:06:00] INFO: [사이클 1525] 2025-10-17 08:06:00
[2025-10-17 08:06:00] INFO: ================================================================================
[2025-10-17 08:06:00] WARNING: ⚠ trading_signals.xlsx 파일이 없습니다.
[2025-10-17 08:06:00] INFO: ℹ 모니터링 대상 종목이 없습니다.
[2025-10-17 08:06:00] INFO: 
⏰ 60초 후 다음 사이클 실행...
[2025-10-17 08:06:00] INFO:    종료하려면 Ctrl+C를 누르세요.
[2025-10-17 08:07:00] INFO: 
================================================================================
[2025-10-17 08:07:00] INFO: [사이클 1526] 2025-10-17 08:07:00
[2025-10-17 08:07:00] INFO: ================================================================================
[2025-10-17 08:07:00] WARNING: ⚠ trading_signals.xlsx 파일이 없습니다.
[2025-10-17 08:07:00] INFO: ℹ 모니터링 대상 종목이 없습니다.
[2025-10-17 08:07:00] INFO: 
⏰ 60초 후 다음 사이클 실행...
[2025-10-17 08:07:00] INFO:    종료하려면 Ctrl+C를 누르세요.
[2025-10-17 08:08:00] INFO: 
================================================================================
[2025-10-17 08:08:00] INFO: [사이클 1527] 2025-10-17 08:08:00
[2025-10-17 08:08:00] INFO: ================================================================================
[2025-10-17 08:08:00] WARNING: ⚠ trading_signals.xlsx 파일이 없습니다.
[2025-10-17 08:08:00] INFO: ℹ 모니터링 대상 종목이 없습니다.
[2025-10-17 08:08:00] INFO: 
⏰ 60초 후 다음 사이클 실행...
[2025-10-17 08:08:00] INFO:    종료하려면 Ctrl+C를 누르세요.
[2025-10-17 08:09:00] INFO: 
================================================================================
[2025-10-17 08:09:00] INFO: [사이클 1528] 2025-10-17 08:09:00
[2025-10-17 08:09:00] INFO: ================================================================================
[2025-10-17 08:09:00] WARNING: ⚠ trading_signals.xlsx 파일이 없습니다.
[2025-10-17 08:09:00] INFO: ℹ 모니터링 대상 종목이 없습니다.
[2025-10-17 08:09:00] INFO: 
⏰ 60초 후 다음 사이클 실행...
[2025-10-17 08:09:00] INFO:    종료하려면 Ctrl+C를 누르세요.
[2025-10-17 08:10:00] INFO: 
================================================================================
[2025-10-17 08:10:00] INFO: [사이클 1529] 2025-10-17 08:10:00
[2025-10-17 08:10:00] INFO: ================================================================================
[2025-10-17 08:10:00] WARNING: ⚠ trading_signals.xlsx 파일이 없습니다.
[2025-10-17 08:10:00] INFO: ℹ 모니터링 대상 종목이 없습니다.
[2025-10-17 08:10:00] INFO: 
⏰ 60초 후 다음 사이클 실행...
[2025-10-17 08:10:00] INFO:    종료하려면 Ctrl+C를 누르세요.
[2025-10-17 08:11:00] INFO: 
================================================================================
[2025-10-17 08:11:00] INFO: [사이클 1530] 2025-10-17 08:11:00
[2025-10-17 08:11:00] INFO: ================================================================================
[2025-10-17 08:11:00] WARNING: ⚠ trading_signals.xlsx 파일이 없습니다.
[2025-10-17 08:11:00] INFO: ℹ 모니터링 대상 종목이 없습니다.
[2025-10-17 08:11:00] INFO: 
⏰ 60초 후 다음 사이클 실행...
[2025-10-17 08:11:00] INFO:    종료하려면 Ctrl+C를 누르세요.
[2025-10-17 08:12:00] INFO: 
================================================================================
[2025-10-17 08:12:00] INFO: [사이클 1531] 2025-10-17 08:12:00
[2025-10-17 08:12:00] INFO: ================================================================================
[2025-10-17 08:12:00] WARNING: ⚠ trading_signals.xlsx 파일이 없습니다.
[2025-10-17 08:12:00] INFO: ℹ 모니터링 대상 종목이 없습니다.
[2025-10-17 08:12:00] INFO: 
⏰ 60초 후 다음 사이클 실행...
[2025-10-17 08:12:00] INFO:    종료하려면 Ctrl+C를 누르세요.
[2025-10-17 08:13:00] INFO: 
================================================================================
[2025-10-17 08:13:00] INFO: [사이클 1532] 2025-10-17 08:13:00
[2025-10-17 08:13:00] INFO: ================================================================================
[2025-10-17 08:13:00] WARNING: ⚠ trading_signals.xlsx 파일이 없습니다.
[2025-10-17 08:13:00] INFO: ℹ 모니터링 대상 종목이 없습니다.
[2025-10-17 08:13:00] INFO: 
⏰ 60초 후 다음 사이클 실행...
[2025-10-17 08:13:00] INFO:    종료하려면 Ctrl+C를 누르세요.
[2025-10-17 08:14:00] INFO: 
================================================================================
[2025-10-17 08:14:00] INFO: [사이클 1533] 2025-10-17 08:14:00
[2025-10-17 08:14:00] INFO: ================================================================================
[2025-10-17 08:14:00] WARNING: ⚠ trading_signals.xlsx 파일이 없습니다.
[2025-10-17 08:14:00] INFO: ℹ 모니터링 대상 종목이 없습니다.
[2025-10-17 08:14:00] INFO: 
⏰ 60초 후 다음 사이클 실행...
[2025-10-17 08:14:00] INFO:    종료하려면 Ctrl+C를 누르세요.
[2025-10-17 08:15:00] INFO: 
================================================================================
[2025-10-17 08:15:00] INFO: [사이클 1534] 2025-10-17 08:15:00
[2025-10-17 08:15:00] INFO: ================================================================================
[2025-10-17 08:15:00] WARNING: ⚠ trading_signals.xlsx 파일이 없습니다.
[2025-10-17 08:15:00] INFO: ℹ 모니터링 대상 종목이 없습니다.
[2025-10-17 08:15:00] INFO: 
⏰ 60초 후 다음 사이클 실행...
[2025-10-17 08:15:00] INFO:    종료하려면 Ctrl+C를 누르세요.
[2025-10-17 08:16:00] INFO: 
================================================================================
[2025-10-17 08:16:00] INFO: [사이클 1535] 2025-10-17 08:16:00
[2025-10-17 08:16:00] INFO: ================================================================================
[2025-10-17 08:16:00] WARNING: ⚠ trading_signals.xlsx 파일이 없습니다.
[2025-10-17 08:16:00] INFO: ℹ 모니터링 대상 종목이 없습니다.
[2025-10-17 08:16:00] INFO: 
⏰ 60초 후 다음 사이클 실행...
[2025-10-17 08:16:00] INFO:    종료하려면 Ctrl+C를 누르세요.
[2025-10-17 08:17:00] INFO: 
================================================================================
[2025-10-17 08:17:00] INFO: [사이클 1536] 2025-10-17 08:17:00
[2025-10-17 08:17:00] INFO: ================================================================================
[2025-10-17 08:17:00] WARNING: ⚠ trading_signals.xlsx 파일이 없습니다.
[2025-10-17 08:17:00] INFO: ℹ 모니터링 대상 종목이 없습니다.
[2025-10-17 08:17:00] INFO: 
⏰ 60초 후 다음 사이클 실행...
[2025-10-17 08:17:00] INFO:    종료하려면 Ctrl+C를 누르세요.
[2025-10-17 08:18:00] INFO: 
================================================================================
[2025-10-17 08:18:00] INFO: [사이클 1537] 2025-10-17 08:18:00
[2025-10-17 08:18:00] INFO: ================================================================================
[2025-10-17 08:18:00] WARNING: ⚠ trading_signals.xlsx 파일이 없습니다.
[2025-10-17 08:18:00] INFO: ℹ 모니터링 대상 종목이 없습니다.
[2025-10-17 08:18:00] INFO: 
⏰ 60초 후 다음 사이클 실행...
[2025-10-17 08:18:00] INFO:    종료하려면 Ctrl+C를 누르세요.
[2025-10-17 08:19:00] INFO: 
================================================================================
[2025-10-17 08:19:00] INFO: [사이클 1538] 2025-10-17 08:19:00
[2025-10-17 08:19:00] INFO: ================================================================================
[2025-10-17 08:19:00] WARNING: ⚠ trading_signals.xlsx 파일이 없습니다.
[2025-10-17 08:19:00] INFO: ℹ 모니터링 대상 종목이 없습니다.
[2025-10-17 08:19:00] INFO: 
⏰ 60초 후 다음 사이클 실행...
[2025-10-17 08:19:00] INFO:    종료하려면 Ctrl+C를 누르세요.
[2025-10-17 08:20:00] INFO: 
================================================================================
[2025-10-17 08:20:00] INFO: [사이클 1539] 2025-10-17 08:20:00
[2025-10-17 08:20:00] INFO: ================================================================================
[2025-10-17 08:20:00] WARNING: ⚠ trading_signals.xlsx 파일이 없습니다.
[2025-10-17 08:20:00] INFO: ℹ 모니터링 대상 종목이 없습니다.
[2025-10-17 08:20:00] INFO: 
⏰ 60초 후 다음 사이클 실행...
[2025-10-17 08:20:00] INFO:    종료하려면 Ctrl+C를 누르세요.
[2025-10-17 08:21:00] INFO: 
================================================================================
[2025-10-17 08:21:00] INFO: [사이클 1540] 2025-10-17 08:21:00
[2025-10-17 08:21:00] INFO: ================================================================================
[2025-10-17 08:21:00] WARNING: ⚠ trading_signals.xlsx 파일이 없습니다.
[2025-10-17 08:21:00] INFO: ℹ 모니터링 대상 종목이 없습니다.
[2025-10-17 08:21:00] INFO: 
⏰ 60초 후 다음 사이클 실행...
[2025-10-17 08:21:00] INFO:    종료하려면 Ctrl+C를 누르세요.
[2025-10-17 08:22:00] INFO: 
================================================================================
[2025-10-17 08:22:00] INFO: [사이클 1541] 2025-10-17 08:22:00
[2025-10-17 08:22:00] INFO: ================================================================================
[2025-10-17 08:22:00] WARNING: ⚠ trading_signals.xlsx 파일이 없습니다.
[2025-10-17 08:22:00] INFO: ℹ 모니터링 대상 종목이 없습니다.
[2025-10-17 08:22:00] INFO: 
⏰ 60초 후 다음 사이클 실행...
[2025-10-17 08:22:00] INFO:    종료하려면 Ctrl+C를 누르세요.
[2025-10-17 08:23:00] INFO: 
================================================================================
[2025-10-17 08:23:00] INFO: [사이클 1542] 2025-10-17 08:23:00
[2025-10-17 08:23:00] INFO: ================================================================================
[2025-10-17 08:23:00] WARNING: ⚠ trading_signals.xlsx 파일이 없습니다.
[2025-10-17 08:23:00] INFO: ℹ 모니터링 대상 종목이 없습니다.
[2025-10-17 08:23:00] INFO: 
⏰ 60초 후 다음 사이클 실행...
[2025-10-17 08:23:00] INFO:    종료하려면 Ctrl+C를 누르세요.
[2025-10-17 08:24:00] INFO: 
================================================================================
[2025-10-17 08:24:00] INFO: [사이클 1543] 2025-10-17 08:24:00
[2025-10-17 08:24:00] INFO: ================================================================================
[2025-10-17 08:24:00] WARNING: ⚠ trading_signals.xlsx 파일이 없습니다.
[2025-10-17 08:24:00] INFO: ℹ 모니터링 대상 종목이 없습니다.
[2025-10-17 08:24:00] INFO: 
⏰ 60초 후 다음 사이클 실행...
[2025-10-17 08:24:00] INFO:    종료하려면 Ctrl+C를 누르세요.
[2025-10-17 08:25:00] INFO: 
================================================================================
[2025-10-17 08:25:00] INFO: [사이클 1544] 2025-10-17 08:25:00
[2025-10-17 08:25:00] INFO: ================================================================================
[2025-10-17 08:25:00] WARNING: ⚠ trading_signals.xlsx 파일이 없습니다.
[2025-10-17 08:25:00] INFO: ℹ 모니터링 대상 종목이 없습니다.
[2025-10-17 08:25:00] INFO: 
⏰ 60초 후 다음 사이클 실행...
[2025-10-17 08:25:00] INFO:    종료하려면 Ctrl+C를 누르세요.
[2025-10-17 08:26:00] INFO: 
================================================================================
[2025-10-17 08:26:00] INFO: [사이클 1545] 2025-10-17 08:26:00
[2025-10-17 08:26:00] INFO: ================================================================================
[2025-10-17 08:26:00] WARNING: ⚠ trading_signals.xlsx 파일이 없습니다.
[2025-10-17 08:26:00] INFO: ℹ 모니터링 대상 종목이 없습니다.
[2025-10-17 08:26:00] INFO: 
⏰ 60초 후 다음 사이클 실행...
[2025-10-17 08:26:00] INFO:    종료하려면 Ctrl+C를 누르세요.
[2025-10-17 08:27:00] INFO: 
================================================================================
[2025-10-17 08:27:00] INFO: [사이클 1546] 2025-10-17 08:27:00
[2025-10-17 08:27:00] INFO: ================================================================================
[2025-10-17 08:27:00] WARNING: ⚠ trading_signals.xlsx 파일이 없습니다.
[2025-10-17 08:27:00] INFO: ℹ 모니터링 대상 종목이 없습니다.
[2025-10-17 08:27:00] INFO: 
⏰ 60초 후 다음 사이클 실행...
[2025-10-17 08:27:00] INFO:    종료하려면 Ctrl+C를 누르세요.
[2025-10-17 08:28:00] INFO: 
================================================================================
[2025-10-17 08:28:00] INFO: [사이클 1547] 2025-10-17 08:28:00
[2025-10-17 08:28:00] INFO: ================================================================================
[2025-10-17 08:28:00] WARNING: ⚠ trading_signals.xlsx 파일이 없습니다.
[2025-10-17 08:28:00] INFO: ℹ 모니터링 대상 종목이 없습니다.
[2025-10-17 08:28:00] INFO: 
⏰ 60초 후 다음 사이클 실행...
[2025-10-17 08:28:00] INFO:    종료하려면 Ctrl+C를 누르세요.
[2025-10-17 08:29:00] INFO: 
================================================================================
[2025-10-17 08:29:00] INFO: [사이클 1548] 2025-10-17 08:29:00
[2025-10-17 08:29:00] INFO: ================================================================================
[2025-10-17 08:29:00] WARNING: ⚠ trading_signals.xlsx 파일이 없습니다.
[2025-10-17 08:29:00] INFO: ℹ 모니터링 대상 종목이 없습니다.
[2025-10-17 08:29:00] INFO: 
⏰ 60초 후 다음 사이클 실행...
[2025-10-17 08:29:00] INFO:    종료하려면 Ctrl+C를 누르세요.
[2025-10-17 08:30:00] INFO: 
================================================================================
[2025-10-17 08:30:00] INFO: [사이클 1549] 2025-10-17 08:30:00
[2025-10-17 08:30:00] INFO: ================================================================================
[2025-10-17 08:30:00] WARNING: ⚠ trading_signals.xlsx 파일이 없습니다.
[2025-10-17 08:30:00] INFO: ℹ 모니터링 대상 종목이 없습니다.
[2025-10-17 08:30:00] INFO: 
⏰ 60초 후 다음 사이클 실행...
[2025-10-17 08:30:00] INFO:    종료하려면 Ctrl+C를 누르세요.
[2025-10-17 08:31:00] INFO: 
================================================================================
[2025-10-17 08:31:00] INFO: [사이클 1550] 2025-10-17 08:31:00
[2025-10-17 08:31:00] INFO: ================================================================================
[2025-10-17 08:31:00] WARNING: ⚠ trading_signals.xlsx 파일이 없습니다.
[2025-10-17 08:31:00] INFO: ℹ 모니터링 대상 종목이 없습니다.
[2025-10-17 08:31:00] INFO: 
⏰ 60초 후 다음 사이클 실행...
[2025-10-17 08:31:00] INFO:    종료하려면 Ctrl+C를 누르세요.
[2025-10-17 08:32:00] INFO: 
================================================================================
[2025-10-17 08:32:00] INFO: [사이클 1551] 2025-10-17 08:32:00
[2025-10-17 08:32:00] INFO: ================================================================================
[2025-10-17 08:32:00] WARNING: ⚠ trading_signals.xlsx 파일이 없습니다.
[2025-10-17 08:32:00] INFO: ℹ 모니터링 대상 종목이 없습니다.
[2025-10-17 08:32:00] INFO: 
⏰ 60초 후 다음 사이클 실행...
[2025-10-17 08:32:00] INFO:    종료하려면 Ctrl+C를 누르세요.
[2025-10-17 08:33:00] INFO: 
================================================================================
[2025-10-17 08:33:00] INFO: [사이클 1552] 2025-10-17 08:33:00
[2025-10-17 08:33:00] INFO: ================================================================================
[2025-10-17 08:33:00] WARNING: ⚠ trading_signals.xlsx 파일이 없습니다.
[2025-10-17 08:33:00] INFO: ℹ 모니터링 대상 종목이 없습니다.
[2025-10-17 08:33:00] INFO: 
⏰ 60초 후 다음 사이클 실행...
[2025-10-17 08:33:00] INFO:    종료하려면 Ctrl+C를 누르세요.
[2025-10-17 08:34:00] INFO: 
================================================================================
[2025-10-17 08:34:00] INFO: [사이클 1553] 2025-10-17 08:34:00
[2025-10-17 08:34:00] INFO: ================================================================================
[2025-10-17 08:34:00] WARNING: ⚠ trading_signals.xlsx 파일이 없습니다.
[2025-10-17 08:34:00] INFO: ℹ 모니터링 대상 종목이 없습니다.
[2025-10-17 08:34:00] INFO: 
⏰ 60초 후 다음 사이클 실행...
[2025-10-17 08:34:00] INFO:    종료하려면 Ctrl+C를 누르세요.
[2025-10-17 08:35:00] INFO: 
================================================================================
[2025-10-17 08:35:00] INFO: [사이클 1554] 2025-10-17 08:35:00
[2025-10-17 08:35:00] INFO: ================================================================================
[2025-10-17 08:35:00] WARNING: ⚠ trading_signals.xlsx 파일이 없습니다.
[2025-10-17 08:35:00] INFO: ℹ 모니터링 대상 종목이 없습니다.
[2025-10-17 08:35:00] INFO: 
⏰ 60초 후 다음 사이클 실행...
[2025-10-17 08:35:00] INFO:    종료하려면 Ctrl+C를 누르세요.
[2025-10-17 08:36:00] INFO: 
================================================================================
[2025-10-17 08:36:00] INFO: [사이클 1555] 2025-10-17 08:36:00
[2025-10-17 08:36:00] INFO: ================================================================================
[2025-10-17 08:36:00] WARNING: ⚠ trading_signals.xlsx 파일이 없습니다.
[2025-10-17 08:36:00] INFO: ℹ 모니터링 대상 종목이 없습니다.
[2025-10-17 08:36:00] INFO: 
⏰ 60초 후 다음 사이클 실행...
[2025-10-17 08:36:00] INFO:    종료하려면 Ctrl+C를 누르세요.
[2025-10-17 08:37:00] INFO: 
================================================================================
[2025-10-17 08:37:00] INFO: [사이클 1556] 2025-10-17 08:37:00
[2025-10-17 08:37:00] INFO: ================================================================================
[2025-10-17 08:37:00] WARNING: ⚠ trading_signals.xlsx 파일이 없습니다.
[2025-10-17 08:37:00] INFO: ℹ 모니터링 대상 종목이 없습니다.
[2025-10-17 08:37:00] INFO: 
⏰ 60초 후 다음 사이클 실행...
[2025-10-17 08:37:00] INFO:    종료하려면 Ctrl+C를 누르세요.
[2025-10-17 08:38:00] INFO: 
================================================================================
[2025-10-17 08:38:00] INFO: [사이클 1557] 2025-10-17 08:38:00
[2025-10-17 08:38:00] INFO: ================================================================================
[2025-10-17 08:38:00] WARNING: ⚠ trading_signals.xlsx 파일이 없습니다.
[2025-10-17 08:38:00] INFO: ℹ 모니터링 대상 종목이 없습니다.
[2025-10-17 08:38:00] INFO: 
⏰ 60초 후 다음 사이클 실행...
[2025-10-17 08:38:00] INFO:    종료하려면 Ctrl+C를 누르세요.
[2025-10-17 08:39:00] INFO: 
================================================================================
[2025-10-17 08:39:00] INFO: [사이클 1558] 2025-10-17 08:39:00
[2025-10-17 08:39:00] INFO: ================================================================================
[2025-10-17 08:39:00] WARNING: ⚠ trading_signals.xlsx 파일이 없습니다.
[2025-10-17 08:39:00] INFO: ℹ 모니터링 대상 종목이 없습니다.
[2025-10-17 08:39:00] INFO: 
⏰ 60초 후 다음 사이클 실행...
[2025-10-17 08:39:00] INFO:    종료하려면 Ctrl+C를 누르세요.
[2025-10-17 08:40:00] INFO: 
================================================================================
[2025-10-17 08:40:00] INFO: [사이클 1559] 2025-10-17 08:40:00
[2025-10-17 08:40:00] INFO: ================================================================================
[2025-10-17 08:40:00] WARNING: ⚠ trading_signals.xlsx 파일이 없습니다.
[2025-10-17 08:40:00] INFO: ℹ 모니터링 대상 종목이 없습니다.
[2025-10-17 08:40:00] INFO: 
⏰ 60초 후 다음 사이클 실행...
[2025-10-17 08:40:00] INFO:    종료하려면 Ctrl+C를 누르세요.
[2025-10-17 08:41:00] INFO: 
================================================================================
[2025-10-17 08:41:00] INFO: [사이클 1560] 2025-10-17 08:41:00
[2025-10-17 08:41:00] INFO: ================================================================================
[2025-10-17 08:41:00] WARNING: ⚠ trading_signals.xlsx 파일이 없습니다.
[2025-10-17 08:41:00] INFO: ℹ 모니터링 대상 종목이 없습니다.
[2025-10-17 08:41:00] INFO: 
⏰ 60초 후 다음 사이클 실행...
[2025-10-17 08:41:00] INFO:    종료하려면 Ctrl+C를 누르세요.
[2025-10-17 08:42:00] INFO: 
================================================================================
[2025-10-17 08:42:00] INFO: [사이클 1561] 2025-10-17 08:42:00
[2025-10-17 08:42:00] INFO: ================================================================================
[2025-10-17 08:42:00] WARNING: ⚠ trading_signals.xlsx 파일이 없습니다.
[2025-10-17 08:42:00] INFO: ℹ 모니터링 대상 종목이 없습니다.
[2025-10-17 08:42:00] INFO: 
⏰ 60초 후 다음 사이클 실행...
[2025-10-17 08:42:00] INFO:    종료하려면 Ctrl+C를 누르세요.
[2025-10-17 08:43:00] INFO: 
================================================================================
[2025-10-17 08:43:00] INFO: [사이클 1562] 2025-10-17 08:43:00
[2025-10-17 08:43:00] INFO: ================================================================================
[2025-10-17 08:43:00] WARNING: ⚠ trading_signals.xlsx 파일이 없습니다.
[2025-10-17 08:43:00] INFO: ℹ 모니터링 대상 종목이 없습니다.
[2025-10-17 08:43:00] INFO: 
⏰ 60초 후 다음 사이클 실행...
[2025-10-17 08:43:00] INFO:    종료하려면 Ctrl+C를 누르세요.
[2025-10-17 08:44:00] INFO: 
================================================================================
[2025-10-17 08:44:00] INFO: [사이클 1563] 2025-10-17 08:44:00
[2025-10-17 08:44:00] INFO: ================================================================================
[2025-10-17 08:44:00] WARNING: ⚠ trading_signals.xlsx 파일이 없습니다.
[2025-10-17 08:44:00] INFO: ℹ 모니터링 대상 종목이 없습니다.
[2025-10-17 08:44:00] INFO: 
⏰ 60초 후 다음 사이클 실행...
[2025-10-17 08:44:00] INFO:    종료하려면 Ctrl+C를 누르세요.
[2025-10-17 08:45:00] INFO: 
================================================================================
[2025-10-17 08:45:00] INFO: [사이클 1564] 2025-10-17 08:45:00
[2025-10-17 08:45:00] INFO: ================================================================================
[2025-10-17 08:45:00] WARNING: ⚠ trading_signals.xlsx 파일이 없습니다.
[2025-10-17 08:45:00] INFO: ℹ 모니터링 대상 종목이 없습니다.
[2025-10-17 08:45:00] INFO: 
⏰ 60초 후 다음 사이클 실행...
[2025-10-17 08:45:00] INFO:    종료하려면 Ctrl+C를 누르세요.
[2025-10-17 08:46:00] INFO: 
================================================================================
[2025-10-17 08:46:00] INFO: [사이클 1565] 2025-10-17 08:46:00
[2025-10-17 08:46:00] INFO: ================================================================================
[2025-10-17 08:46:00] WARNING: ⚠ trading_signals.xlsx 파일이 없습니다.
[2025-10-17 08:46:00] INFO: ℹ 모니터링 대상 종목이 없습니다.
[2025-10-17 08:46:00] INFO: 
⏰ 60초 후 다음 사이클 실행...
[2025-10-17 08:46:00] INFO:    종료하려면 Ctrl+C를 누르세요.
[2025-10-17 08:47:00] INFO: 
================================================================================
[2025-10-17 08:47:00] INFO: [사이클 1566] 2025-10-17 08:47:00
[2025-10-17 08:47:00] INFO: ================================================================================
[2025-10-17 08:47:00] WARNING: ⚠ trading_signals.xlsx 파일이 없습니다.
[2025-10-17 08:47:00] INFO: ℹ 모니터링 대상 종목이 없습니다.
[2025-10-17 08:47:00] INFO: 
⏰ 60초 후 다음 사이클 실행...
[2025-10-17 08:47:00] INFO:    종료하려면 Ctrl+C를 누르세요.
[2025-10-17 08:48:00] INFO: 
================================================================================
[2025-10-17 08:48:00] INFO: [사이클 1567] 2025-10-17 08:48:00
[2025-10-17 08:48:00] INFO: ================================================================================
[2025-10-17 08:48:00] WARNING: ⚠ trading_signals.xlsx 파일이 없습니다.
[2025-10-17 08:48:00] INFO: ℹ 모니터링 대상 종목이 없습니다.
[2025-10-17 08:48:00] INFO: 
⏰ 60초 후 다음 사이클 실행...
[2025-10-17 08:48:00] INFO:    종료하려면 Ctrl+C를 누르세요.
[2025-10-17 08:49:00] INFO: 
================================================================================
[2025-10-17 08:49:00] INFO: [사이클 1568] 2025-10-17 08:49:00
[2025-10-17 08:49:00] INFO: ================================================================================
[2025-10-17 08:49:00] WARNING: ⚠ trading_signals.xlsx 파일이 없습니다.
[2025-10-17 08:49:00] INFO: ℹ 모니터링 대상 종목이 없습니다.
[2025-10-17 08:49:00] INFO: 
⏰ 60초 후 다음 사이클 실행...
[2025-10-17 08:49:00] INFO:    종료하려면 Ctrl+C를 누르세요.
[2025-10-17 08:50:00] INFO: 
================================================================================
[2025-10-17 08:50:00] INFO: [사이클 1569] 2025-10-17 08:50:00
[2025-10-17 08:50:00] INFO: ================================================================================
[2025-10-17 08:50:00] WARNING: ⚠ trading_signals.xlsx 파일이 없습니다.
[2025-10-17 08:50:00] INFO: ℹ 모니터링 대상 종목이 없습니다.
[2025-10-17 08:50:00] INFO: 
⏰ 60초 후 다음 사이클 실행...
[2025-10-17 08:50:00] INFO:    종료하려면 Ctrl+C를 누르세요.
[2025-10-17 08:51:00] INFO: 
================================================================================
[2025-10-17 08:51:00] INFO: [사이클 1570] 2025-10-17 08:51:00
[2025-10-17 08:51:00] INFO: ================================================================================
[2025-10-17 08:51:00] WARNING: ⚠ trading_signals.xlsx 파일이 없습니다.
[2025-10-17 08:51:00] INFO: ℹ 모니터링 대상 종목이 없습니다.
[2025-10-17 08:51:00] INFO: 
⏰ 60초 후 다음 사이클 실행...
[2025-10-17 08:51:00] INFO:    종료하려면 Ctrl+C를 누르세요.
[2025-10-17 08:52:00] INFO: 
================================================================================
[2025-10-17 08:52:00] INFO: [사이클 1571] 2025-10-17 08:52:00
[2025-10-17 08:52:00] INFO: ================================================================================
[2025-10-17 08:52:00] WARNING: ⚠ trading_signals.xlsx 파일이 없습니다.
[2025-10-17 08:52:00] INFO: ℹ 모니터링 대상 종목이 없습니다.
[2025-10-17 08:52:00] INFO: 
⏰ 60초 후 다음 사이클 실행...
[2025-10-17 08:52:00] INFO:    종료하려면 Ctrl+C를 누르세요.
[2025-10-17 08:53:00] INFO: 
================================================================================
[2025-10-17 08:53:00] INFO: [사이클 1572] 2025-10-17 08:53:00
[2025-10-17 08:53:00] INFO: ================================================================================
[2025-10-17 08:53:00] WARNING: ⚠ trading_signals.xlsx 파일이 없습니다.
[2025-10-17 08:53:00] INFO: ℹ 모니터링 대상 종목이 없습니다.
[2025-10-17 08:53:00] INFO: 
⏰ 60초 후 다음 사이클 실행...
[2025-10-17 08:53:00] INFO:    종료하려면 Ctrl+C를 누르세요.
[2025-10-17 08:54:00] INFO: 
================================================================================
[2025-10-17 08:54:00] INFO: [사이클 1573] 2025-10-17 08:54:00
[2025-10-17 08:54:00] INFO: ================================================================================
[2025-10-17 08:54:00] WARNING: ⚠ trading_signals.xlsx 파일이 없습니다.
[2025-10-17 08:54:00] INFO: ℹ 모니터링 대상 종목이 없습니다.
[2025-10-17 08:54:00] INFO: 
⏰ 60초 후 다음 사이클 실행...
[2025-10-17 08:54:00] INFO:    종료하려면 Ctrl+C를 누르세요.
[2025-10-17 08:55:01] INFO: 
================================================================================
[2025-10-17 08:55:01] INFO: [사이클 1574] 2025-10-17 08:55:01
[2025-10-17 08:55:01] INFO: ================================================================================
[2025-10-17 08:55:01] WARNING: ⚠ trading_signals.xlsx 파일이 없습니다.
[2025-10-17 08:55:01] INFO: ℹ 모니터링 대상 종목이 없습니다.
[2025-10-17 08:55:01] INFO: 
⏰ 60초 후 다음 사이클 실행...
[2025-10-17 08:55:01] INFO:    종료하려면 Ctrl+C를 누르세요.
[2025-10-17 08:56:01] INFO: 
================================================================================
[2025-10-17 08:56:01] INFO: [사이클 1575] 2025-10-17 08:56:01
[2025-10-17 08:56:01] INFO: ================================================================================
[2025-10-17 08:56:01] WARNING: ⚠ trading_signals.xlsx 파일이 없습니다.
[2025-10-17 08:56:01] INFO: ℹ 모니터링 대상 종목이 없습니다.
[2025-10-17 08:56:01] INFO: 
⏰ 60초 후 다음 사이클 실행...
[2025-10-17 08:56:01] INFO:    종료하려면 Ctrl+C를 누르세요.
[2025-10-17 08:57:01] INFO: 
================================================================================
[2025-10-17 08:57:01] INFO: [사이클 1576] 2025-10-17 08:57:01
[2025-10-17 08:57:01] INFO: ================================================================================
[2025-10-17 08:57:01] WARNING: ⚠ trading_signals.xlsx 파일이 없습니다.
[2025-10-17 08:57:01] INFO: ℹ 모니터링 대상 종목이 없습니다.
[2025-10-17 08:57:01] INFO: 
⏰ 60초 후 다음 사이클 실행...
[2025-10-17 08:57:01] INFO:    종료하려면 Ctrl+C를 누르세요.
[2025-10-17 08:58:01] INFO: 
================================================================================
[2025-10-17 08:58:01] INFO: [사이클 1577] 2025-10-17 08:58:01
[2025-10-17 08:58:01] INFO: ================================================================================
[2025-10-17 08:58:01] WARNING: ⚠ trading_signals.xlsx 파일이 없습니다.
[2025-10-17 08:58:01] INFO: ℹ 모니터링 대상 종목이 없습니다.
[2025-10-17 08:58:01] INFO: 
⏰ 60초 후 다음 사이클 실행...
[2025-10-17 08:58:01] INFO:    종료하려면 Ctrl+C를 누르세요.
[2025-10-17 08:59:01] INFO: 
================================================================================
[2025-10-17 08:59:01] INFO: [사이클 1578] 2025-10-17 08:59:01
[2025-10-17 08:59:01] INFO: ================================================================================
[2025-10-17 08:59:01] WARNING: ⚠ trading_signals.xlsx 파일이 없습니다.
[2025-10-17 08:59:01] INFO: ℹ 모니터링 대상 종목이 없습니다.
[2025-10-17 08:59:01] INFO: 
⏰ 60초 후 다음 사이클 실행...
[2025-10-17 08:59:01] INFO:    종료하려면 Ctrl+C를 누르세요.
[2025-10-17 09:00:01] INFO: 
================================================================================
[2025-10-17 09:00:01] INFO: [사이클 1579] 2025-10-17 09:00:01
[2025-10-17 09:00:01] INFO: ================================================================================
[2025-10-17 09:00:01] WARNING: ⚠ trading_signals.xlsx 파일이 없습니다.
[2025-10-17 09:00:01] INFO: ℹ 모니터링 대상 종목이 없습니다.
[2025-10-17 09:00:01] INFO: 
⏰ 60초 후 다음 사이클 실행...
[2025-10-17 09:00:01] INFO:    종료하려면 Ctrl+C를 누르세요.
[2025-10-17 09:01:01] INFO: 
================================================================================
[2025-10-17 09:01:01] INFO: [사이클 1580] 2025-10-17 09:01:01
[2025-10-17 09:01:01] INFO: ================================================================================
[2025-10-17 09:01:01] WARNING: ⚠ trading_signals.xlsx 파일이 없습니다.
[2025-10-17 09:01:01] INFO: ℹ 모니터링 대상 종목이 없습니다.
[2025-10-17 09:01:01] INFO: 
⏰ 60초 후 다음 사이클 실행...
[2025-10-17 09:01:01] INFO:    종료하려면 Ctrl+C를 누르세요.
[2025-10-17 09:02:01] INFO: 
================================================================================
[2025-10-17 09:02:01] INFO: [사이클 1581] 2025-10-17 09:02:01
[2025-10-17 09:02:01] INFO: ================================================================================
[2025-10-17 09:02:01] WARNING: ⚠ trading_signals.xlsx 파일이 없습니다.
[2025-10-17 09:02:01] INFO: ℹ 모니터링 대상 종목이 없습니다.
[2025-10-17 09:02:01] INFO: 
⏰ 60초 후 다음 사이클 실행...
[2025-10-17 09:02:01] INFO:    종료하려면 Ctrl+C를 누르세요.
[2025-10-17 09:03:01] INFO: 
================================================================================
[2025-10-17 09:03:01] INFO: [사이클 1582] 2025-10-17 09:03:01
[2025-10-17 09:03:01] INFO: ================================================================================
[2025-10-17 09:03:01] WARNING: ⚠ trading_signals.xlsx 파일이 없습니다.
[2025-10-17 09:03:01] INFO: ℹ 모니터링 대상 종목이 없습니다.
[2025-10-17 09:03:01] INFO: 
⏰ 60초 후 다음 사이클 실행...
[2025-10-17 09:03:01] INFO:    종료하려면 Ctrl+C를 누르세요.
[2025-10-17 09:04:01] INFO: 
================================================================================
[2025-10-17 09:04:01] INFO: [사이클 1583] 2025-10-17 09:04:01
[2025-10-17 09:04:01] INFO: ================================================================================
[2025-10-17 09:04:01] WARNING: ⚠ trading_signals.xlsx 파일이 없습니다.
[2025-10-17 09:04:01] INFO: ℹ 모니터링 대상 종목이 없습니다.
[2025-10-17 09:04:01] INFO: 
⏰ 60초 후 다음 사이클 실행...
[2025-10-17 09:04:01] INFO:    종료하려면 Ctrl+C를 누르세요.
[2025-10-17 09:05:01] INFO: 
================================================================================
[2025-10-17 09:05:01] INFO: [사이클 1584] 2025-10-17 09:05:01
[2025-10-17 09:05:01] INFO: ================================================================================
[2025-10-17 09:05:01] WARNING: ⚠ trading_signals.xlsx 파일이 없습니다.
[2025-10-17 09:05:01] INFO: ℹ 모니터링 대상 종목이 없습니다.
[2025-10-17 09:05:01] INFO: 
⏰ 60초 후 다음 사이클 실행...
[2025-10-17 09:05:01] INFO:    종료하려면 Ctrl+C를 누르세요.
[2025-10-17 09:06:01] INFO: 
================================================================================
[2025-10-17 09:06:01] INFO: [사이클 1585] 2025-10-17 09:06:01
[2025-10-17 09:06:01] INFO: ================================================================================
[2025-10-17 09:06:01] WARNING: ⚠ trading_signals.xlsx 파일이 없습니다.
[2025-10-17 09:06:01] INFO: ℹ 모니터링 대상 종목이 없습니다.
[2025-10-17 09:06:01] INFO: 
⏰ 60초 후 다음 사이클 실행...
[2025-10-17 09:06:01] INFO:    종료하려면 Ctrl+C를 누르세요.
[2025-10-17 09:07:01] INFO: 
================================================================================
[2025-10-17 09:07:01] INFO: [사이클 1586] 2025-10-17 09:07:01
[2025-10-17 09:07:01] INFO: ================================================================================
[2025-10-17 09:07:01] WARNING: ⚠ trading_signals.xlsx 파일이 없습니다.
[2025-10-17 09:07:01] INFO: ℹ 모니터링 대상 종목이 없습니다.
[2025-10-17 09:07:01] INFO: 
⏰ 60초 후 다음 사이클 실행...
[2025-10-17 09:07:01] INFO:    종료하려면 Ctrl+C를 누르세요.
[2025-10-17 09:08:01] INFO: 
================================================================================
[2025-10-17 09:08:01] INFO: [사이클 1587] 2025-10-17 09:08:01
[2025-10-17 09:08:01] INFO: ================================================================================
[2025-10-17 09:08:01] WARNING: ⚠ trading_signals.xlsx 파일이 없습니다.
[2025-10-17 09:08:01] INFO: ℹ 모니터링 대상 종목이 없습니다.
[2025-10-17 09:08:01] INFO: 
⏰ 60초 후 다음 사이클 실행...
[2025-10-17 09:08:01] INFO:    종료하려면 Ctrl+C를 누르세요.
[2025-10-17 09:09:01] INFO: 
================================================================================
[2025-10-17 09:09:01] INFO: [사이클 1588] 2025-10-17 09:09:01
[2025-10-17 09:09:01] INFO: ================================================================================
[2025-10-17 09:09:01] WARNING: ⚠ trading_signals.xlsx 파일이 없습니다.
[2025-10-17 09:09:01] INFO: ℹ 모니터링 대상 종목이 없습니다.
[2025-10-17 09:09:01] INFO: 
⏰ 60초 후 다음 사이클 실행...
[2025-10-17 09:09:01] INFO:    종료하려면 Ctrl+C를 누르세요.
[2025-10-17 09:10:01] INFO: 
================================================================================
[2025-10-17 09:10:01] INFO: [사이클 1589] 2025-10-17 09:10:01
[2025-10-17 09:10:01] INFO: ================================================================================
[2025-10-17 09:10:01] WARNING: ⚠ trading_signals.xlsx 파일이 없습니다.
[2025-10-17 09:10:01] INFO: ℹ 모니터링 대상 종목이 없습니다.
[2025-10-17 09:10:01] INFO: 
⏰ 60초 후 다음 사이클 실행...
[2025-10-17 09:10:01] INFO:    종료하려면 Ctrl+C를 누르세요.
[2025-10-17 09:11:01] INFO: 
================================================================================
[2025-10-17 09:11:01] INFO: [사이클 1590] 2025-10-17 09:11:01
[2025-10-17 09:11:01] INFO: ================================================================================
[2025-10-17 09:11:01] WARNING: ⚠ trading_signals.xlsx 파일이 없습니다.
[2025-10-17 09:11:01] INFO: ℹ 모니터링 대상 종목이 없습니다.
[2025-10-17 09:11:01] INFO: 
⏰ 60초 후 다음 사이클 실행...
[2025-10-17 09:11:01] INFO:    종료하려면 Ctrl+C를 누르세요.
[2025-10-17 09:12:01] INFO: 
================================================================================
[2025-10-17 09:12:01] INFO: [사이클 1591] 2025-10-17 09:12:01
[2025-10-17 09:12:01] INFO: ================================================================================
[2025-10-17 09:12:01] WARNING: ⚠ trading_signals.xlsx 파일이 없습니다.
[2025-10-17 09:12:01] INFO: ℹ 모니터링 대상 종목이 없습니다.
[2025-10-17 09:12:01] INFO: 
⏰ 60초 후 다음 사이클 실행...
[2025-10-17 09:12:01] INFO:    종료하려면 Ctrl+C를 누르세요.
[2025-10-17 09:13:01] INFO: 
================================================================================
[2025-10-17 09:13:01] INFO: [사이클 1592] 2025-10-17 09:13:01
[2025-10-17 09:13:01] INFO: ================================================================================
[2025-10-17 09:13:01] WARNING: ⚠ trading_signals.xlsx 파일이 없습니다.
[2025-10-17 09:13:01] INFO: ℹ 모니터링 대상 종목이 없습니다.
[2025-10-17 09:13:01] INFO: 
⏰ 60초 후 다음 사이클 실행...
[2025-10-17 09:13:01] INFO:    종료하려면 Ctrl+C를 누르세요.
[2025-10-17 09:14:01] INFO: 
================================================================================
[2025-10-17 09:14:01] INFO: [사이클 1593] 2025-10-17 09:14:01
[2025-10-17 09:14:01] INFO: ================================================================================
[2025-10-17 09:14:01] WARNING: ⚠ trading_signals.xlsx 파일이 없습니다.
[2025-10-17 09:14:01] INFO: ℹ 모니터링 대상 종목이 없습니다.
[2025-10-17 09:14:01] INFO: 
⏰ 60초 후 다음 사이클 실행...
[2025-10-17 09:14:01] INFO:    종료하려면 Ctrl+C를 누르세요.
[2025-10-17 09:15:01] INFO: 
================================================================================
[2025-10-17 09:15:01] INFO: [사이클 1594] 2025-10-17 09:15:01
[2025-10-17 09:15:01] INFO: ================================================================================
[2025-10-17 09:15:01] WARNING: ⚠ trading_signals.xlsx 파일이 없습니다.
[2025-10-17 09:15:01] INFO: ℹ 모니터링 대상 종목이 없습니다.
[2025-10-17 09:15:01] INFO: 
⏰ 60초 후 다음 사이클 실행...
[2025-10-17 09:15:01] INFO:    종료하려면 Ctrl+C를 누르세요.
[2025-10-17 09:16:01] INFO: 
================================================================================
[2025-10-17 09:16:01] INFO: [사이클 1595] 2025-10-17 09:16:01
[2025-10-17 09:16:01] INFO: ================================================================================
[2025-10-17 09:16:01] WARNING: ⚠ trading_signals.xlsx 파일이 없습니다.
[2025-10-17 09:16:01] INFO: ℹ 모니터링 대상 종목이 없습니다.
[2025-10-17 09:16:01] INFO: 
⏰ 60초 후 다음 사이클 실행...
[2025-10-17 09:16:01] INFO:    종료하려면 Ctrl+C를 누르세요.
[2025-10-17 09:17:01] INFO: 
================================================================================
[2025-10-17 09:17:01] INFO: [사이클 1596] 2025-10-17 09:17:01
[2025-10-17 09:17:01] INFO: ================================================================================
[2025-10-17 09:17:01] WARNING: ⚠ trading_signals.xlsx 파일이 없습니다.
[2025-10-17 09:17:01] INFO: ℹ 모니터링 대상 종목이 없습니다.
[2025-10-17 09:17:01] INFO: 
⏰ 60초 후 다음 사이클 실행...
[2025-10-17 09:17:01] INFO:    종료하려면 Ctrl+C를 누르세요.
[2025-10-17 09:18:01] INFO: 
================================================================================
[2025-10-17 09:18:01] INFO: [사이클 1597] 2025-10-17 09:18:01
[2025-10-17 09:18:01] INFO: ================================================================================
[2025-10-17 09:18:01] WARNING: ⚠ trading_signals.xlsx 파일이 없습니다.
[2025-10-17 09:18:01] INFO: ℹ 모니터링 대상 종목이 없습니다.
[2025-10-17 09:18:01] INFO: 
⏰ 60초 후 다음 사이클 실행...
[2025-10-17 09:18:01] INFO:    종료하려면 Ctrl+C를 누르세요.
[2025-10-17 09:19:01] INFO: 
================================================================================
[2025-10-17 09:19:01] INFO: [사이클 1598] 2025-10-17 09:19:01
[2025-10-17 09:19:01] INFO: ================================================================================
[2025-10-17 09:19:01] WARNING: ⚠ trading_signals.xlsx 파일이 없습니다.
[2025-10-17 09:19:01] INFO: ℹ 모니터링 대상 종목이 없습니다.
[2025-10-17 09:19:01] INFO: 
⏰ 60초 후 다음 사이클 실행...
[2025-10-17 09:19:01] INFO:    종료하려면 Ctrl+C를 누르세요.
[2025-10-17 09:20:01] INFO: 
================================================================================
[2025-10-17 09:20:01] INFO: [사이클 1599] 2025-10-17 09:20:01
[2025-10-17 09:20:01] INFO: ================================================================================
[2025-10-17 09:20:01] WARNING: ⚠ trading_signals.xlsx 파일이 없습니다.
[2025-10-17 09:20:01] INFO: ℹ 모니터링 대상 종목이 없습니다.
[2025-10-17 09:20:01] INFO: 
⏰ 60초 후 다음 사이클 실행...
[2025-10-17 09:20:01] INFO:    종료하려면 Ctrl+C를 누르세요.
[2025-10-17 09:21:01] INFO: 
================================================================================
[2025-10-17 09:21:01] INFO: [사이클 1600] 2025-10-17 09:21:01
[2025-10-17 09:21:01] INFO: ================================================================================
[2025-10-17 09:21:01] WARNING: ⚠ trading_signals.xlsx 파일이 없습니다.
[2025-10-17 09:21:01] INFO: ℹ 모니터링 대상 종목이 없습니다.
[2025-10-17 09:21:01] INFO: 
⏰ 60초 후 다음 사이클 실행...
[2025-10-17 09:21:01] INFO:    종료하려면 Ctrl+C를 누르세요.
[2025-10-17 09:22:01] INFO: 
================================================================================
[2025-10-17 09:22:01] INFO: [사이클 1601] 2025-10-17 09:22:01
[2025-10-17 09:22:01] INFO: ================================================================================
[2025-10-17 09:22:01] WARNING: ⚠ trading_signals.xlsx 파일이 없습니다.
[2025-10-17 09:22:01] INFO: ℹ 모니터링 대상 종목이 없습니다.
[2025-10-17 09:22:01] INFO: 
⏰ 60초 후 다음 사이클 실행...
[2025-10-17 09:22:01] INFO:    종료하려면 Ctrl+C를 누르세요.
[2025-10-17 09:23:01] INFO: 
================================================================================
[2025-10-17 09:23:01] INFO: [사이클 1602] 2025-10-17 09:23:01
[2025-10-17 09:23:01] INFO: ================================================================================
[2025-10-17 09:23:01] WARNING: ⚠ trading_signals.xlsx 파일이 없습니다.
[2025-10-17 09:23:01] INFO: ℹ 모니터링 대상 종목이 없습니다.
[2025-10-17 09:23:01] INFO: 
⏰ 60초 후 다음 사이클 실행...
[2025-10-17 09:23:01] INFO:    종료하려면 Ctrl+C를 누르세요.
[2025-10-17 09:24:01] INFO: 
================================================================================
[2025-10-17 09:24:01] INFO: [사이클 1603] 2025-10-17 09:24:01
[2025-10-17 09:24:01] INFO: ================================================================================
[2025-10-17 09:24:01] WARNING: ⚠ trading_signals.xlsx 파일이 없습니다.
[2025-10-17 09:24:01] INFO: ℹ 모니터링 대상 종목이 없습니다.
[2025-10-17 09:24:01] INFO: 
⏰ 60초 후 다음 사이클 실행...
[2025-10-17 09:24:01] INFO:    종료하려면 Ctrl+C를 누르세요.
[2025-10-17 09:25:01] INFO: 
================================================================================
[2025-10-17 09:25:01] INFO: [사이클 1604] 2025-10-17 09:25:01
[2025-10-17 09:25:01] INFO: ================================================================================
[2025-10-17 09:25:01] WARNING: ⚠ trading_signals.xlsx 파일이 없습니다.
[2025-10-17 09:25:01] INFO: ℹ 모니터링 대상 종목이 없습니다.
[2025-10-17 09:25:01] INFO: 
⏰ 60초 후 다음 사이클 실행...
[2025-10-17 09:25:01] INFO:    종료하려면 Ctrl+C를 누르세요.
[2025-10-17 09:26:01] INFO: 
================================================================================
[2025-10-17 09:26:01] INFO: [사이클 1605] 2025-10-17 09:26:01
[2025-10-17 09:26:01] INFO: ================================================================================
[2025-10-17 09:26:01] WARNING: ⚠ trading_signals.xlsx 파일이 없습니다.
[2025-10-17 09:26:01] INFO: ℹ 모니터링 대상 종목이 없습니다.
[2025-10-17 09:26:01] INFO: 
⏰ 60초 후 다음 사이클 실행...
[2025-10-17 09:26:01] INFO:    종료하려면 Ctrl+C를 누르세요.
[2025-10-17 09:27:01] INFO: 
================================================================================
[2025-10-17 09:27:01] INFO: [사이클 1606] 2025-10-17 09:27:01
[2025-10-17 09:27:01] INFO: ================================================================================
[2025-10-17 09:27:01] WARNING: ⚠ trading_signals.xlsx 파일이 없습니다.
[2025-10-17 09:27:01] INFO: ℹ 모니터링 대상 종목이 없습니다.
[2025-10-17 09:27:01] INFO: 
⏰ 60초 후 다음 사이클 실행...
[2025-10-17 09:27:01] INFO:    종료하려면 Ctrl+C를 누르세요.
[2025-10-17 09:28:01] INFO: 
================================================================================
[2025-10-17 09:28:01] INFO: [사이클 1607] 2025-10-17 09:28:01
[2025-10-17 09:28:01] INFO: ================================================================================
[2025-10-17 09:28:01] WARNING: ⚠ trading_signals.xlsx 파일이 없습니다.
[2025-10-17 09:28:01] INFO: ℹ 모니터링 대상 종목이 없습니다.
[2025-10-17 09:28:01] INFO: 
⏰ 60초 후 다음 사이클 실행...
[2025-10-17 09:28:01] INFO:    종료하려면 Ctrl+C를 누르세요.
[2025-10-17 09:29:01] INFO: 
================================================================================
[2025-10-17 09:29:01] INFO: [사이클 1608] 2025-10-17 09:29:01
[2025-10-17 09:29:01] INFO: ================================================================================
[2025-10-17 09:29:01] WARNING: ⚠ trading_signals.xlsx 파일이 없습니다.
[2025-10-17 09:29:01] INFO: ℹ 모니터링 대상 종목이 없습니다.
[2025-10-17 09:29:01] INFO: 
⏰ 60초 후 다음 사이클 실행...
[2025-10-17 09:29:01] INFO:    종료하려면 Ctrl+C를 누르세요.
[2025-10-17 09:30:01] INFO: 
================================================================================
[2025-10-17 09:30:01] INFO: [사이클 1609] 2025-10-17 09:30:01
[2025-10-17 09:30:01] INFO: ================================================================================
[2025-10-17 09:30:01] WARNING: ⚠ trading_signals.xlsx 파일이 없습니다.
[2025-10-17 09:30:01] INFO: ℹ 모니터링 대상 종목이 없습니다.
[2025-10-17 09:30:01] INFO: 
⏰ 60초 후 다음 사이클 실행...
[2025-10-17 09:30:01] INFO:    종료하려면 Ctrl+C를 누르세요.
[2025-10-17 09:31:01] INFO: 
================================================================================
[2025-10-17 09:31:01] INFO: [사이클 1610] 2025-10-17 09:31:01
[2025-10-17 09:31:01] INFO: ================================================================================
[2025-10-17 09:31:01] WARNING: ⚠ trading_signals.xlsx 파일이 없습니다.
[2025-10-17 09:31:01] INFO: ℹ 모니터링 대상 종목이 없습니다.
[2025-10-17 09:31:01] INFO: 
⏰ 60초 후 다음 사이클 실행...
[2025-10-17 09:31:01] INFO:    종료하려면 Ctrl+C를 누르세요.
[2025-10-17 09:32:01] INFO: 
================================================================================
[2025-10-17 09:32:01] INFO: [사이클 1611] 2025-10-17 09:32:01
[2025-10-17 09:32:01] INFO: ================================================================================
[2025-10-17 09:32:01] WARNING: ⚠ trading_signals.xlsx 파일이 없습니다.
[2025-10-17 09:32:01] INFO: ℹ 모니터링 대상 종목이 없습니다.
[2025-10-17 09:32:01] INFO: 
⏰ 60초 후 다음 사이클 실행...
[2025-10-17 09:32:01] INFO:    종료하려면 Ctrl+C를 누르세요.
[2025-10-17 09:33:01] INFO: 
================================================================================
[2025-10-17 09:33:01] INFO: [사이클 1612] 2025-10-17 09:33:01
[2025-10-17 09:33:01] INFO: ================================================================================
[2025-10-17 09:33:01] WARNING: ⚠ trading_signals.xlsx 파일이 없습니다.
[2025-10-17 09:33:01] INFO: ℹ 모니터링 대상 종목이 없습니다.
[2025-10-17 09:33:01] INFO: 
⏰ 60초 후 다음 사이클 실행...
[2025-10-17 09:33:01] INFO:    종료하려면 Ctrl+C를 누르세요.
[2025-10-17 09:34:01] INFO: 
================================================================================
[2025-10-17 09:34:01] INFO: [사이클 1613] 2025-10-17 09:34:01
[2025-10-17 09:34:01] INFO: ================================================================================
[2025-10-17 09:34:01] WARNING: ⚠ trading_signals.xlsx 파일이 없습니다.
[2025-10-17 09:34:01] INFO: ℹ 모니터링 대상 종목이 없습니다.
[2025-10-17 09:34:01] INFO: 
⏰ 60초 후 다음 사이클 실행...
[2025-10-17 09:34:01] INFO:    종료하려면 Ctrl+C를 누르세요.
[2025-10-17 09:35:01] INFO: 
================================================================================
[2025-10-17 09:35:01] INFO: [사이클 1614] 2025-10-17 09:35:01
[2025-10-17 09:35:01] INFO: ================================================================================
[2025-10-17 09:35:01] WARNING: ⚠ trading_signals.xlsx 파일이 없습니다.
[2025-10-17 09:35:01] INFO: ℹ 모니터링 대상 종목이 없습니다.
[2025-10-17 09:35:01] INFO: 
⏰ 60초 후 다음 사이클 실행...
[2025-10-17 09:35:01] INFO:    종료하려면 Ctrl+C를 누르세요.
[2025-10-17 09:36:01] INFO: 
================================================================================
[2025-10-17 09:36:01] INFO: [사이클 1615] 2025-10-17 09:36:01
[2025-10-17 09:36:01] INFO: ================================================================================
[2025-10-17 09:36:01] WARNING: ⚠ trading_signals.xlsx 파일이 없습니다.
[2025-10-17 09:36:01] INFO: ℹ 모니터링 대상 종목이 없습니다.
[2025-10-17 09:36:01] INFO: 
⏰ 60초 후 다음 사이클 실행...
[2025-10-17 09:36:01] INFO:    종료하려면 Ctrl+C를 누르세요.
[2025-10-17 09:37:01] INFO: 
================================================================================
[2025-10-17 09:37:01] INFO: [사이클 1616] 2025-10-17 09:37:01
[2025-10-17 09:37:01] INFO: ================================================================================
[2025-10-17 09:37:01] WARNING: ⚠ trading_signals.xlsx 파일이 없습니다.
[2025-10-17 09:37:01] INFO: ℹ 모니터링 대상 종목이 없습니다.
[2025-10-17 09:37:01] INFO: 
⏰ 60초 후 다음 사이클 실행...
[2025-10-17 09:37:01] INFO:    종료하려면 Ctrl+C를 누르세요.
[2025-10-17 09:38:01] INFO: 
================================================================================
[2025-10-17 09:38:01] INFO: [사이클 1617] 2025-10-17 09:38:01
[2025-10-17 09:38:01] INFO: ================================================================================
[2025-10-17 09:38:01] WARNING: ⚠ trading_signals.xlsx 파일이 없습니다.
[2025-10-17 09:38:01] INFO: ℹ 모니터링 대상 종목이 없습니다.
[2025-10-17 09:38:01] INFO: 
⏰ 60초 후 다음 사이클 실행...
[2025-10-17 09:38:01] INFO:    종료하려면 Ctrl+C를 누르세요.
[2025-10-17 09:39:01] INFO: 
================================================================================
[2025-10-17 09:39:01] INFO: [사이클 1618] 2025-10-17 09:39:01
[2025-10-17 09:39:01] INFO: ================================================================================
[2025-10-17 09:39:01] WARNING: ⚠ trading_signals.xlsx 파일이 없습니다.
[2025-10-17 09:39:01] INFO: ℹ 모니터링 대상 종목이 없습니다.
[2025-10-17 09:39:01] INFO: 
⏰ 60초 후 다음 사이클 실행...
[2025-10-17 09:39:01] INFO:    종료하려면 Ctrl+C를 누르세요.
[2025-10-17 09:40:01] INFO: 
================================================================================
[2025-10-17 09:40:01] INFO: [사이클 1619] 2025-10-17 09:40:01
[2025-10-17 09:40:01] INFO: ================================================================================
[2025-10-17 09:40:01] WARNING: ⚠ trading_signals.xlsx 파일이 없습니다.
[2025-10-17 09:40:01] INFO: ℹ 모니터링 대상 종목이 없습니다.
[2025-10-17 09:40:01] INFO: 
⏰ 60초 후 다음 사이클 실행...
[2025-10-17 09:40:01] INFO:    종료하려면 Ctrl+C를 누르세요.
[2025-10-17 09:41:01] INFO: 
================================================================================
[2025-10-17 09:41:01] INFO: [사이클 1620] 2025-10-17 09:41:01
[2025-10-17 09:41:01] INFO: ================================================================================
[2025-10-17 09:41:01] WARNING: ⚠ trading_signals.xlsx 파일이 없습니다.
[2025-10-17 09:41:01] INFO: ℹ 모니터링 대상 종목이 없습니다.
[2025-10-17 09:41:01] INFO: 
⏰ 60초 후 다음 사이클 실행...
[2025-10-17 09:41:01] INFO:    종료하려면 Ctrl+C를 누르세요.
[2025-10-17 09:42:01] INFO: 
================================================================================
[2025-10-17 09:42:01] INFO: [사이클 1621] 2025-10-17 09:42:01
[2025-10-17 09:42:01] INFO: ================================================================================
[2025-10-17 09:42:01] WARNING: ⚠ trading_signals.xlsx 파일이 없습니다.
[2025-10-17 09:42:01] INFO: ℹ 모니터링 대상 종목이 없습니다.
[2025-10-17 09:42:01] INFO: 
⏰ 60초 후 다음 사이클 실행...
[2025-10-17 09:42:01] INFO:    종료하려면 Ctrl+C를 누르세요.
[2025-10-17 09:43:01] INFO: 
================================================================================
[2025-10-17 09:43:01] INFO: [사이클 1622] 2025-10-17 09:43:01
[2025-10-17 09:43:01] INFO: ================================================================================
[2025-10-17 09:43:01] WARNING: ⚠ trading_signals.xlsx 파일이 없습니다.
[2025-10-17 09:43:01] INFO: ℹ 모니터링 대상 종목이 없습니다.
[2025-10-17 09:43:01] INFO: 
⏰ 60초 후 다음 사이클 실행...
[2025-10-17 09:43:01] INFO:    종료하려면 Ctrl+C를 누르세요.
[2025-10-17 09:44:01] INFO: 
================================================================================
[2025-10-17 09:44:01] INFO: [사이클 1623] 2025-10-17 09:44:01
[2025-10-17 09:44:01] INFO: ================================================================================
[2025-10-17 09:44:01] WARNING: ⚠ trading_signals.xlsx 파일이 없습니다.
[2025-10-17 09:44:01] INFO: ℹ 모니터링 대상 종목이 없습니다.
[2025-10-17 09:44:01] INFO: 
⏰ 60초 후 다음 사이클 실행...
[2025-10-17 09:44:01] INFO:    종료하려면 Ctrl+C를 누르세요.
[2025-10-17 09:45:01] INFO: 
================================================================================
[2025-10-17 09:45:01] INFO: [사이클 1624] 2025-10-17 09:45:01
[2025-10-17 09:45:01] INFO: ================================================================================
[2025-10-17 09:45:01] WARNING: ⚠ trading_signals.xlsx 파일이 없습니다.
[2025-10-17 09:45:01] INFO: ℹ 모니터링 대상 종목이 없습니다.
[2025-10-17 09:45:01] INFO: 
⏰ 60초 후 다음 사이클 실행...
[2025-10-17 09:45:01] INFO:    종료하려면 Ctrl+C를 누르세요.
[2025-10-17 09:46:01] INFO: 
================================================================================
[2025-10-17 09:46:01] INFO: [사이클 1625] 2025-10-17 09:46:01
[2025-10-17 09:46:01] INFO: ================================================================================
[2025-10-17 09:46:01] WARNING: ⚠ trading_signals.xlsx 파일이 없습니다.
[2025-10-17 09:46:01] INFO: ℹ 모니터링 대상 종목이 없습니다.
[2025-10-17 09:46:01] INFO: 
⏰ 60초 후 다음 사이클 실행...
[2025-10-17 09:46:01] INFO:    종료하려면 Ctrl+C를 누르세요.
[2025-10-17 09:47:01] INFO: 
================================================================================
[2025-10-17 09:47:01] INFO: [사이클 1626] 2025-10-17 09:47:01
[2025-10-17 09:47:01] INFO: ================================================================================
[2025-10-17 09:47:01] WARNING: ⚠ trading_signals.xlsx 파일이 없습니다.
[2025-10-17 09:47:01] INFO: ℹ 모니터링 대상 종목이 없습니다.
[2025-10-17 09:47:01] INFO: 
⏰ 60초 후 다음 사이클 실행...
[2025-10-17 09:47:01] INFO:    종료하려면 Ctrl+C를 누르세요.
[2025-10-17 09:48:01] INFO: 
================================================================================
[2025-10-17 09:48:01] INFO: [사이클 1627] 2025-10-17 09:48:01
[2025-10-17 09:48:01] INFO: ================================================================================
[2025-10-17 09:48:01] WARNING: ⚠ trading_signals.xlsx 파일이 없습니다.
[2025-10-17 09:48:01] INFO: ℹ 모니터링 대상 종목이 없습니다.
[2025-10-17 09:48:01] INFO: 
⏰ 60초 후 다음 사이클 실행...
[2025-10-17 09:48:01] INFO:    종료하려면 Ctrl+C를 누르세요.
[2025-10-17 09:49:01] INFO: 
================================================================================
[2025-10-17 09:49:01] INFO: [사이클 1628] 2025-10-17 09:49:01
[2025-10-17 09:49:01] INFO: ================================================================================
[2025-10-17 09:49:01] WARNING: ⚠ trading_signals.xlsx 파일이 없습니다.
[2025-10-17 09:49:01] INFO: ℹ 모니터링 대상 종목이 없습니다.
[2025-10-17 09:49:01] INFO: 
⏰ 60초 후 다음 사이클 실행...
[2025-10-17 09:49:01] INFO:    종료하려면 Ctrl+C를 누르세요.
[2025-10-17 09:50:01] INFO: 
================================================================================
[2025-10-17 09:50:01] INFO: [사이클 1629] 2025-10-17 09:50:01
[2025-10-17 09:50:01] INFO: ================================================================================
[2025-10-17 09:50:01] WARNING: ⚠ trading_signals.xlsx 파일이 없습니다.
[2025-10-17 09:50:01] INFO: ℹ 모니터링 대상 종목이 없습니다.
[2025-10-17 09:50:01] INFO: 
⏰ 60초 후 다음 사이클 실행...
[2025-10-17 09:50:01] INFO:    종료하려면 Ctrl+C를 누르세요.
[2025-10-17 09:51:01] INFO: 
================================================================================
[2025-10-17 09:51:01] INFO: [사이클 1630] 2025-10-17 09:51:01
[2025-10-17 09:51:01] INFO: ================================================================================
[2025-10-17 09:51:01] WARNING: ⚠ trading_signals.xlsx 파일이 없습니다.
[2025-10-17 09:51:01] INFO: ℹ 모니터링 대상 종목이 없습니다.
[2025-10-17 09:51:01] INFO: 
⏰ 60초 후 다음 사이클 실행...
[2025-10-17 09:51:01] INFO:    종료하려면 Ctrl+C를 누르세요.
[2025-10-17 09:52:01] INFO: 
================================================================================
[2025-10-17 09:52:01] INFO: [사이클 1631] 2025-10-17 09:52:01
[2025-10-17 09:52:01] INFO: ================================================================================
[2025-10-17 09:52:01] WARNING: ⚠ trading_signals.xlsx 파일이 없습니다.
[2025-10-17 09:52:01] INFO: ℹ 모니터링 대상 종목이 없습니다.
[2025-10-17 09:52:01] INFO: 
⏰ 60초 후 다음 사이클 실행...
[2025-10-17 09:52:01] INFO:    종료하려면 Ctrl+C를 누르세요.
[2025-10-17 09:53:01] INFO: 
================================================================================
[2025-10-17 09:53:01] INFO: [사이클 1632] 2025-10-17 09:53:01
[2025-10-17 09:53:01] INFO: ================================================================================
[2025-10-17 09:53:01] WARNING: ⚠ trading_signals.xlsx 파일이 없습니다.
[2025-10-17 09:53:01] INFO: ℹ 모니터링 대상 종목이 없습니다.
[2025-10-17 09:53:01] INFO: 
⏰ 60초 후 다음 사이클 실행...
[2025-10-17 09:53:01] INFO:    종료하려면 Ctrl+C를 누르세요.
[2025-10-17 09:54:01] INFO: 
================================================================================
[2025-10-17 09:54:01] INFO: [사이클 1633] 2025-10-17 09:54:01
[2025-10-17 09:54:01] INFO: ================================================================================
[2025-10-17 09:54:01] WARNING: ⚠ trading_signals.xlsx 파일이 없습니다.
[2025-10-17 09:54:01] INFO: ℹ 모니터링 대상 종목이 없습니다.
[2025-10-17 09:54:01] INFO: 
⏰ 60초 후 다음 사이클 실행...
[2025-10-17 09:54:01] INFO:    종료하려면 Ctrl+C를 누르세요.
[2025-10-17 09:55:01] INFO: 
================================================================================
[2025-10-17 09:55:01] INFO: [사이클 1634] 2025-10-17 09:55:01
[2025-10-17 09:55:01] INFO: ================================================================================
[2025-10-17 09:55:01] WARNING: ⚠ trading_signals.xlsx 파일이 없습니다.
[2025-10-17 09:55:01] INFO: ℹ 모니터링 대상 종목이 없습니다.
[2025-10-17 09:55:01] INFO: 
⏰ 60초 후 다음 사이클 실행...
[2025-10-17 09:55:01] INFO:    종료하려면 Ctrl+C를 누르세요.
[2025-10-17 09:56:01] INFO: 
================================================================================
[2025-10-17 09:56:01] INFO: [사이클 1635] 2025-10-17 09:56:01
[2025-10-17 09:56:01] INFO: ================================================================================
[2025-10-17 09:56:01] WARNING: ⚠ trading_signals.xlsx 파일이 없습니다.
[2025-10-17 09:56:01] INFO: ℹ 모니터링 대상 종목이 없습니다.
[2025-10-17 09:56:01] INFO: 
⏰ 60초 후 다음 사이클 실행...
[2025-10-17 09:56:01] INFO:    종료하려면 Ctrl+C를 누르세요.
[2025-10-17 09:57:01] INFO: 
================================================================================
[2025-10-17 09:57:01] INFO: [사이클 1636] 2025-10-17 09:57:01
[2025-10-17 09:57:01] INFO: ================================================================================
[2025-10-17 09:57:01] WARNING: ⚠ trading_signals.xlsx 파일이 없습니다.
[2025-10-17 09:57:01] INFO: ℹ 모니터링 대상 종목이 없습니다.
[2025-10-17 09:57:01] INFO: 
⏰ 60초 후 다음 사이클 실행...
[2025-10-17 09:57:01] INFO:    종료하려면 Ctrl+C를 누르세요.
[2025-10-17 09:58:01] INFO: 
================================================================================
[2025-10-17 09:58:01] INFO: [사이클 1637] 2025-10-17 09:58:01
[2025-10-17 09:58:01] INFO: ================================================================================
[2025-10-17 09:58:01] WARNING: ⚠ trading_signals.xlsx 파일이 없습니다.
[2025-10-17 09:58:01] INFO: ℹ 모니터링 대상 종목이 없습니다.
[2025-10-17 09:58:01] INFO: 
⏰ 60초 후 다음 사이클 실행...
[2025-10-17 09:58:01] INFO:    종료하려면 Ctrl+C를 누르세요.
[2025-10-17 09:59:01] INFO: 
================================================================================
[2025-10-17 09:59:01] INFO: [사이클 1638] 2025-10-17 09:59:01
[2025-10-17 09:59:01] INFO: ================================================================================
[2025-10-17 09:59:01] WARNING: ⚠ trading_signals.xlsx 파일이 없습니다.
[2025-10-17 09:59:01] INFO: ℹ 모니터링 대상 종목이 없습니다.
[2025-10-17 09:59:01] INFO: 
⏰ 60초 후 다음 사이클 실행...
[2025-10-17 09:59:01] INFO:    종료하려면 Ctrl+C를 누르세요.
[2025-10-17 10:00:01] INFO: 
================================================================================
[2025-10-17 10:00:01] INFO: [사이클 1639] 2025-10-17 10:00:01
[2025-10-17 10:00:01] INFO: ================================================================================
[2025-10-17 10:00:01] WARNING: ⚠ trading_signals.xlsx 파일이 없습니다.
[2025-10-17 10:00:01] INFO: ℹ 모니터링 대상 종목이 없습니다.
[2025-10-17 10:00:01] INFO: 
⏰ 60초 후 다음 사이클 실행...
[2025-10-17 10:00:01] INFO:    종료하려면 Ctrl+C를 누르세요.
[2025-10-17 10:01:01] INFO: 
================================================================================
[2025-10-17 10:01:01] INFO: [사이클 1640] 2025-10-17 10:01:01
[2025-10-17 10:01:01] INFO: ================================================================================
[2025-10-17 10:01:01] WARNING: ⚠ trading_signals.xlsx 파일이 없습니다.
[2025-10-17 10:01:01] INFO: ℹ 모니터링 대상 종목이 없습니다.
[2025-10-17 10:01:01] INFO: 
⏰ 60초 후 다음 사이클 실행...
[2025-10-17 10:01:01] INFO:    종료하려면 Ctrl+C를 누르세요.
[2025-10-17 10:02:01] INFO: 
================================================================================
[2025-10-17 10:02:01] INFO: [사이클 1641] 2025-10-17 10:02:01
[2025-10-17 10:02:01] INFO: ================================================================================
[2025-10-17 10:02:01] WARNING: ⚠ trading_signals.xlsx 파일이 없습니다.
[2025-10-17 10:02:01] INFO: ℹ 모니터링 대상 종목이 없습니다.
[2025-10-17 10:02:01] INFO: 
⏰ 60초 후 다음 사이클 실행...
[2025-10-17 10:02:01] INFO:    종료하려면 Ctrl+C를 누르세요.
[2025-10-17 10:03:01] INFO: 
================================================================================
[2025-10-17 10:03:01] INFO: [사이클 1642] 2025-10-17 10:03:01
[2025-10-17 10:03:01] INFO: ================================================================================
[2025-10-17 10:03:01] WARNING: ⚠ trading_signals.xlsx 파일이 없습니다.
[2025-10-17 10:03:01] INFO: ℹ 모니터링 대상 종목이 없습니다.
[2025-10-17 10:03:01] INFO: 
⏰ 60초 후 다음 사이클 실행...
[2025-10-17 10:03:01] INFO:    종료하려면 Ctrl+C를 누르세요.
[2025-10-17 10:04:01] INFO: 
================================================================================
[2025-10-17 10:04:01] INFO: [사이클 1643] 2025-10-17 10:04:01
[2025-10-17 10:04:01] INFO: ================================================================================
[2025-10-17 10:04:01] WARNING: ⚠ trading_signals.xlsx 파일이 없습니다.
[2025-10-17 10:04:01] INFO: ℹ 모니터링 대상 종목이 없습니다.
[2025-10-17 10:04:01] INFO: 
⏰ 60초 후 다음 사이클 실행...
[2025-10-17 10:04:01] INFO:    종료하려면 Ctrl+C를 누르세요.
[2025-10-17 10:05:01] INFO: 
================================================================================
[2025-10-17 10:05:01] INFO: [사이클 1644] 2025-10-17 10:05:01
[2025-10-17 10:05:01] INFO: ================================================================================
[2025-10-17 10:05:01] WARNING: ⚠ trading_signals.xlsx 파일이 없습니다.
[2025-10-17 10:05:01] INFO: ℹ 모니터링 대상 종목이 없습니다.
[2025-10-17 10:05:01] INFO: 
⏰ 60초 후 다음 사이클 실행...
[2025-10-17 10:05:01] INFO:    종료하려면 Ctrl+C를 누르세요.
[2025-10-17 10:06:01] INFO: 
================================================================================
[2025-10-17 10:06:01] INFO: [사이클 1645] 2025-10-17 10:06:01
[2025-10-17 10:06:01] INFO: ================================================================================
[2025-10-17 10:06:01] WARNING: ⚠ trading_signals.xlsx 파일이 없습니다.
[2025-10-17 10:06:01] INFO: ℹ 모니터링 대상 종목이 없습니다.
[2025-10-17 10:06:01] INFO: 
⏰ 60초 후 다음 사이클 실행...
[2025-10-17 10:06:01] INFO:    종료하려면 Ctrl+C를 누르세요.
[2025-10-17 10:07:01] INFO: 
================================================================================
[2025-10-17 10:07:01] INFO: [사이클 1646] 2025-10-17 10:07:01
[2025-10-17 10:07:01] INFO: ================================================================================
[2025-10-17 10:07:01] WARNING: ⚠ trading_signals.xlsx 파일이 없습니다.
[2025-10-17 10:07:01] INFO: ℹ 모니터링 대상 종목이 없습니다.
[2025-10-17 10:07:01] INFO: 
⏰ 60초 후 다음 사이클 실행...
[2025-10-17 10:07:01] INFO:    종료하려면 Ctrl+C를 누르세요.
[2025-10-17 10:08:01] INFO: 
================================================================================
[2025-10-17 10:08:01] INFO: [사이클 1647] 2025-10-17 10:08:01
[2025-10-17 10:08:01] INFO: ================================================================================
[2025-10-17 10:08:01] WARNING: ⚠ trading_signals.xlsx 파일이 없습니다.
[2025-10-17 10:08:01] INFO: ℹ 모니터링 대상 종목이 없습니다.
[2025-10-17 10:08:01] INFO: 
⏰ 60초 후 다음 사이클 실행...
[2025-10-17 10:08:01] INFO:    종료하려면 Ctrl+C를 누르세요.
[2025-10-17 10:09:01] INFO: 
================================================================================
[2025-10-17 10:09:01] INFO: [사이클 1648] 2025-10-17 10:09:01
[2025-10-17 10:09:01] INFO: ================================================================================
[2025-10-17 10:09:01] WARNING: ⚠ trading_signals.xlsx 파일이 없습니다.
[2025-10-17 10:09:01] INFO: ℹ 모니터링 대상 종목이 없습니다.
[2025-10-17 10:09:01] INFO: 
⏰ 60초 후 다음 사이클 실행...
[2025-10-17 10:09:01] INFO:    종료하려면 Ctrl+C를 누르세요.
[2025-10-17 10:10:01] INFO: 
================================================================================
[2025-10-17 10:10:01] INFO: [사이클 1649] 2025-10-17 10:10:01
[2025-10-17 10:10:01] INFO: ================================================================================
[2025-10-17 10:10:01] WARNING: ⚠ trading_signals.xlsx 파일이 없습니다.
[2025-10-17 10:10:01] INFO: ℹ 모니터링 대상 종목이 없습니다.
[2025-10-17 10:10:01] INFO: 
⏰ 60초 후 다음 사이클 실행...
[2025-10-17 10:10:01] INFO:    종료하려면 Ctrl+C를 누르세요.
[2025-10-17 10:11:01] INFO: 
================================================================================
[2025-10-17 10:11:01] INFO: [사이클 1650] 2025-10-17 10:11:01
[2025-10-17 10:11:01] INFO: ================================================================================
[2025-10-17 10:11:01] WARNING: ⚠ trading_signals.xlsx 파일이 없습니다.
[2025-10-17 10:11:01] INFO: ℹ 모니터링 대상 종목이 없습니다.
[2025-10-17 10:11:01] INFO: 
⏰ 60초 후 다음 사이클 실행...
[2025-10-17 10:11:01] INFO:    종료하려면 Ctrl+C를 누르세요.
[2025-10-17 10:12:01] INFO: 
================================================================================
[2025-10-17 10:12:01] INFO: [사이클 1651] 2025-10-17 10:12:01
[2025-10-17 10:12:01] INFO: ================================================================================
[2025-10-17 10:12:01] WARNING: ⚠ trading_signals.xlsx 파일이 없습니다.
[2025-10-17 10:12:01] INFO: ℹ 모니터링 대상 종목이 없습니다.
[2025-10-17 10:12:01] INFO: 
⏰ 60초 후 다음 사이클 실행...
[2025-10-17 10:12:01] INFO:    종료하려면 Ctrl+C를 누르세요.
[2025-10-17 10:13:01] INFO: 
================================================================================
[2025-10-17 10:13:01] INFO: [사이클 1652] 2025-10-17 10:13:01
[2025-10-17 10:13:01] INFO: ================================================================================
[2025-10-17 10:13:01] WARNING: ⚠ trading_signals.xlsx 파일이 없습니다.
[2025-10-17 10:13:01] INFO: ℹ 모니터링 대상 종목이 없습니다.
[2025-10-17 10:13:01] INFO: 
⏰ 60초 후 다음 사이클 실행...
[2025-10-17 10:13:01] INFO:    종료하려면 Ctrl+C를 누르세요.
[2025-10-17 10:14:01] INFO: 
================================================================================
[2025-10-17 10:14:01] INFO: [사이클 1653] 2025-10-17 10:14:01
[2025-10-17 10:14:01] INFO: ================================================================================
[2025-10-17 10:14:01] WARNING: ⚠ trading_signals.xlsx 파일이 없습니다.
[2025-10-17 10:14:01] INFO: ℹ 모니터링 대상 종목이 없습니다.
[2025-10-17 10:14:01] INFO: 
⏰ 60초 후 다음 사이클 실행...
[2025-10-17 10:14:01] INFO:    종료하려면 Ctrl+C를 누르세요.
[2025-10-17 10:15:01] INFO: 
================================================================================
[2025-10-17 10:15:01] INFO: [사이클 1654] 2025-10-17 10:15:01
[2025-10-17 10:15:01] INFO: ================================================================================
[2025-10-17 10:15:01] WARNING: ⚠ trading_signals.xlsx 파일이 없습니다.
[2025-10-17 10:15:01] INFO: ℹ 모니터링 대상 종목이 없습니다.
[2025-10-17 10:15:01] INFO: 
⏰ 60초 후 다음 사이클 실행...
[2025-10-17 10:15:01] INFO:    종료하려면 Ctrl+C를 누르세요.
[2025-10-17 10:16:01] INFO: 
================================================================================
[2025-10-17 10:16:01] INFO: [사이클 1655] 2025-10-17 10:16:01
[2025-10-17 10:16:01] INFO: ================================================================================
[2025-10-17 10:16:01] WARNING: ⚠ trading_signals.xlsx 파일이 없습니다.
[2025-10-17 10:16:01] INFO: ℹ 모니터링 대상 종목이 없습니다.
[2025-10-17 10:16:01] INFO: 
⏰ 60초 후 다음 사이클 실행...
[2025-10-17 10:16:01] INFO:    종료하려면 Ctrl+C를 누르세요.
[2025-10-17 10:17:01] INFO: 
================================================================================
[2025-10-17 10:17:01] INFO: [사이클 1656] 2025-10-17 10:17:01
[2025-10-17 10:17:01] INFO: ================================================================================
[2025-10-17 10:17:01] WARNING: ⚠ trading_signals.xlsx 파일이 없습니다.
[2025-10-17 10:17:01] INFO: ℹ 모니터링 대상 종목이 없습니다.
[2025-10-17 10:17:01] INFO: 
⏰ 60초 후 다음 사이클 실행...
[2025-10-17 10:17:01] INFO:    종료하려면 Ctrl+C를 누르세요.
[2025-10-17 10:18:01] INFO: 
================================================================================
[2025-10-17 10:18:01] INFO: [사이클 1657] 2025-10-17 10:18:01
[2025-10-17 10:18:01] INFO: ================================================================================
[2025-10-17 10:18:01] WARNING: ⚠ trading_signals.xlsx 파일이 없습니다.
[2025-10-17 10:18:01] INFO: ℹ 모니터링 대상 종목이 없습니다.
[2025-10-17 10:18:01] INFO: 
⏰ 60초 후 다음 사이클 실행...
[2025-10-17 10:18:01] INFO:    종료하려면 Ctrl+C를 누르세요.
[2025-10-17 10:19:01] INFO: 
================================================================================
[2025-10-17 10:19:01] INFO: [사이클 1658] 2025-10-17 10:19:01
[2025-10-17 10:19:01] INFO: ================================================================================
[2025-10-17 10:19:01] WARNING: ⚠ trading_signals.xlsx 파일이 없습니다.
[2025-10-17 10:19:01] INFO: ℹ 모니터링 대상 종목이 없습니다.
[2025-10-17 10:19:01] INFO: 
⏰ 60초 후 다음 사이클 실행...
[2025-10-17 10:19:01] INFO:    종료하려면 Ctrl+C를 누르세요.
[2025-10-17 10:20:01] INFO: 
================================================================================
[2025-10-17 10:20:01] INFO: [사이클 1659] 2025-10-17 10:20:01
[2025-10-17 10:20:01] INFO: ================================================================================
[2025-10-17 10:20:01] WARNING: ⚠ trading_signals.xlsx 파일이 없습니다.
[2025-10-17 10:20:01] INFO: ℹ 모니터링 대상 종목이 없습니다.
[2025-10-17 10:20:01] INFO: 
⏰ 60초 후 다음 사이클 실행...
[2025-10-17 10:20:01] INFO:    종료하려면 Ctrl+C를 누르세요.
[2025-10-17 10:21:01] INFO: 
================================================================================
[2025-10-17 10:21:01] INFO: [사이클 1660] 2025-10-17 10:21:01
[2025-10-17 10:21:01] INFO: ================================================================================
[2025-10-17 10:21:01] WARNING: ⚠ trading_signals.xlsx 파일이 없습니다.
[2025-10-17 10:21:01] INFO: ℹ 모니터링 대상 종목이 없습니다.
[2025-10-17 10:21:01] INFO: 
⏰ 60초 후 다음 사이클 실행...
[2025-10-17 10:21:01] INFO:    종료하려면 Ctrl+C를 누르세요.
[2025-10-17 10:22:01] INFO: 
================================================================================
[2025-10-17 10:22:01] INFO: [사이클 1661] 2025-10-17 10:22:01
[2025-10-17 10:22:01] INFO: ================================================================================
[2025-10-17 10:22:01] WARNING: ⚠ trading_signals.xlsx 파일이 없습니다.
[2025-10-17 10:22:01] INFO: ℹ 모니터링 대상 종목이 없습니다.
[2025-10-17 10:22:01] INFO: 
⏰ 60초 후 다음 사이클 실행...
[2025-10-17 10:22:01] INFO:    종료하려면 Ctrl+C를 누르세요.
[2025-10-17 10:23:01] INFO: 
================================================================================
[2025-10-17 10:23:01] INFO: [사이클 1662] 2025-10-17 10:23:01
[2025-10-17 10:23:01] INFO: ================================================================================
[2025-10-17 10:23:01] WARNING: ⚠ trading_signals.xlsx 파일이 없습니다.
[2025-10-17 10:23:01] INFO: ℹ 모니터링 대상 종목이 없습니다.
[2025-10-17 10:23:01] INFO: 
⏰ 60초 후 다음 사이클 실행...
[2025-10-17 10:23:01] INFO:    종료하려면 Ctrl+C를 누르세요.
[2025-10-17 10:24:01] INFO: 
================================================================================
[2025-10-17 10:24:01] INFO: [사이클 1663] 2025-10-17 10:24:01
[2025-10-17 10:24:01] INFO: ================================================================================
[2025-10-17 10:24:01] WARNING: ⚠ trading_signals.xlsx 파일이 없습니다.
[2025-10-17 10:24:01] INFO: ℹ 모니터링 대상 종목이 없습니다.
[2025-10-17 10:24:01] INFO: 
⏰ 60초 후 다음 사이클 실행...
[2025-10-17 10:24:01] INFO:    종료하려면 Ctrl+C를 누르세요.
[2025-10-17 10:25:01] INFO: 
================================================================================
[2025-10-17 10:25:01] INFO: [사이클 1664] 2025-10-17 10:25:01
[2025-10-17 10:25:01] INFO: ================================================================================
[2025-10-17 10:25:01] WARNING: ⚠ trading_signals.xlsx 파일이 없습니다.
[2025-10-17 10:25:01] INFO: ℹ 모니터링 대상 종목이 없습니다.
[2025-10-17 10:25:01] INFO: 
⏰ 60초 후 다음 사이클 실행...
[2025-10-17 10:25:01] INFO:    종료하려면 Ctrl+C를 누르세요.
[2025-10-17 10:26:01] INFO: 
================================================================================
[2025-10-17 10:26:01] INFO: [사이클 1665] 2025-10-17 10:26:01
[2025-10-17 10:26:01] INFO: ================================================================================
[2025-10-17 10:26:01] WARNING: ⚠ trading_signals.xlsx 파일이 없습니다.
[2025-10-17 10:26:01] INFO: ℹ 모니터링 대상 종목이 없습니다.
[2025-10-17 10:26:01] INFO: 
⏰ 60초 후 다음 사이클 실행...
[2025-10-17 10:26:01] INFO:    종료하려면 Ctrl+C를 누르세요.
[2025-10-17 10:27:01] INFO: 
================================================================================
[2025-10-17 10:27:01] INFO: [사이클 1666] 2025-10-17 10:27:01
[2025-10-17 10:27:01] INFO: ================================================================================
[2025-10-17 10:27:01] WARNING: ⚠ trading_signals.xlsx 파일이 없습니다.
[2025-10-17 10:27:01] INFO: ℹ 모니터링 대상 종목이 없습니다.
[2025-10-17 10:27:01] INFO: 
⏰ 60초 후 다음 사이클 실행...
[2025-10-17 10:27:01] INFO:    종료하려면 Ctrl+C를 누르세요.
[2025-10-17 10:28:01] INFO: 
================================================================================
[2025-10-17 10:28:01] INFO: [사이클 1667] 2025-10-17 10:28:01
[2025-10-17 10:28:01] INFO: ================================================================================
[2025-10-17 10:28:01] WARNING: ⚠ trading_signals.xlsx 파일이 없습니다.
[2025-10-17 10:28:01] INFO: ℹ 모니터링 대상 종목이 없습니다.
[2025-10-17 10:28:01] INFO: 
⏰ 60초 후 다음 사이클 실행...
[2025-10-17 10:28:01] INFO:    종료하려면 Ctrl+C를 누르세요.
[2025-10-17 10:29:01] INFO: 
================================================================================
[2025-10-17 10:29:01] INFO: [사이클 1668] 2025-10-17 10:29:01
[2025-10-17 10:29:01] INFO: ================================================================================
[2025-10-17 10:29:01] WARNING: ⚠ trading_signals.xlsx 파일이 없습니다.
[2025-10-17 10:29:01] INFO: ℹ 모니터링 대상 종목이 없습니다.
[2025-10-17 10:29:01] INFO: 
⏰ 60초 후 다음 사이클 실행...
[2025-10-17 10:29:01] INFO:    종료하려면 Ctrl+C를 누르세요.
[2025-10-17 10:30:01] INFO: 
================================================================================
[2025-10-17 10:30:01] INFO: [사이클 1669] 2025-10-17 10:30:01
[2025-10-17 10:30:01] INFO: ================================================================================
[2025-10-17 10:30:01] WARNING: ⚠ trading_signals.xlsx 파일이 없습니다.
[2025-10-17 10:30:01] INFO: ℹ 모니터링 대상 종목이 없습니다.
[2025-10-17 10:30:01] INFO: 
⏰ 60초 후 다음 사이클 실행...
[2025-10-17 10:30:01] INFO:    종료하려면 Ctrl+C를 누르세요.
[2025-10-17 10:31:01] INFO: 
================================================================================
[2025-10-17 10:31:01] INFO: [사이클 1670] 2025-10-17 10:31:01
[2025-10-17 10:31:01] INFO: ================================================================================
[2025-10-17 10:31:01] WARNING: ⚠ trading_signals.xlsx 파일이 없습니다.
[2025-10-17 10:31:01] INFO: ℹ 모니터링 대상 종목이 없습니다.
[2025-10-17 10:31:01] INFO: 
⏰ 60초 후 다음 사이클 실행...
[2025-10-17 10:31:01] INFO:    종료하려면 Ctrl+C를 누르세요.
[2025-10-17 10:32:01] INFO: 
================================================================================
[2025-10-17 10:32:01] INFO: [사이클 1671] 2025-10-17 10:32:01
[2025-10-17 10:32:01] INFO: ================================================================================
[2025-10-17 10:32:01] WARNING: ⚠ trading_signals.xlsx 파일이 없습니다.
[2025-10-17 10:32:01] INFO: ℹ 모니터링 대상 종목이 없습니다.
[2025-10-17 10:32:01] INFO: 
⏰ 60초 후 다음 사이클 실행...
[2025-10-17 10:32:01] INFO:    종료하려면 Ctrl+C를 누르세요.
[2025-10-17 10:33:01] INFO: 
================================================================================
[2025-10-17 10:33:01] INFO: [사이클 1672] 2025-10-17 10:33:01
[2025-10-17 10:33:01] INFO: ================================================================================
[2025-10-17 10:33:01] WARNING: ⚠ trading_signals.xlsx 파일이 없습니다.
[2025-10-17 10:33:01] INFO: ℹ 모니터링 대상 종목이 없습니다.
[2025-10-17 10:33:01] INFO: 
⏰ 60초 후 다음 사이클 실행...
[2025-10-17 10:33:01] INFO:    종료하려면 Ctrl+C를 누르세요.
[2025-10-17 10:34:01] INFO: 
================================================================================
[2025-10-17 10:34:01] INFO: [사이클 1673] 2025-10-17 10:34:01
[2025-10-17 10:34:01] INFO: ================================================================================
[2025-10-17 10:34:01] WARNING: ⚠ trading_signals.xlsx 파일이 없습니다.
[2025-10-17 10:34:01] INFO: ℹ 모니터링 대상 종목이 없습니다.
[2025-10-17 10:34:01] INFO: 
⏰ 60초 후 다음 사이클 실행...
[2025-10-17 10:34:01] INFO:    종료하려면 Ctrl+C를 누르세요.
[2025-10-17 10:35:01] INFO: 
================================================================================
[2025-10-17 10:35:01] INFO: [사이클 1674] 2025-10-17 10:35:01
[2025-10-17 10:35:01] INFO: ================================================================================
[2025-10-17 10:35:01] WARNING: ⚠ trading_signals.xlsx 파일이 없습니다.
[2025-10-17 10:35:01] INFO: ℹ 모니터링 대상 종목이 없습니다.
[2025-10-17 10:35:01] INFO: 
⏰ 60초 후 다음 사이클 실행...
[2025-10-17 10:35:01] INFO:    종료하려면 Ctrl+C를 누르세요.
[2025-10-17 10:36:01] INFO: 
================================================================================
[2025-10-17 10:36:01] INFO: [사이클 1675] 2025-10-17 10:36:01
[2025-10-17 10:36:01] INFO: ================================================================================
[2025-10-17 10:36:01] WARNING: ⚠ trading_signals.xlsx 파일이 없습니다.
[2025-10-17 10:36:01] INFO: ℹ 모니터링 대상 종목이 없습니다.
[2025-10-17 10:36:01] INFO: 
⏰ 60초 후 다음 사이클 실행...
[2025-10-17 10:36:01] INFO:    종료하려면 Ctrl+C를 누르세요.
[2025-10-17 10:37:01] INFO: 
================================================================================
[2025-10-17 10:37:01] INFO: [사이클 1676] 2025-10-17 10:37:01
[2025-10-17 10:37:01] INFO: ================================================================================
[2025-10-17 10:37:01] WARNING: ⚠ trading_signals.xlsx 파일이 없습니다.
[2025-10-17 10:37:01] INFO: ℹ 모니터링 대상 종목이 없습니다.
[2025-10-17 10:37:01] INFO: 
⏰ 60초 후 다음 사이클 실행...
[2025-10-17 10:37:01] INFO:    종료하려면 Ctrl+C를 누르세요.
[2025-10-17 10:38:01] INFO: 
================================================================================
[2025-10-17 10:38:01] INFO: [사이클 1677] 2025-10-17 10:38:01
[2025-10-17 10:38:01] INFO: ================================================================================
[2025-10-17 10:38:01] WARNING: ⚠ trading_signals.xlsx 파일이 없습니다.
[2025-10-17 10:38:01] INFO: ℹ 모니터링 대상 종목이 없습니다.
[2025-10-17 10:38:01] INFO: 
⏰ 60초 후 다음 사이클 실행...
[2025-10-17 10:38:01] INFO:    종료하려면 Ctrl+C를 누르세요.
[2025-10-17 10:39:01] INFO: 
================================================================================
[2025-10-17 10:39:01] INFO: [사이클 1678] 2025-10-17 10:39:01
[2025-10-17 10:39:01] INFO: ================================================================================
[2025-10-17 10:39:01] WARNING: ⚠ trading_signals.xlsx 파일이 없습니다.
[2025-10-17 10:39:01] INFO: ℹ 모니터링 대상 종목이 없습니다.
[2025-10-17 10:39:01] INFO: 
⏰ 60초 후 다음 사이클 실행...
[2025-10-17 10:39:01] INFO:    종료하려면 Ctrl+C를 누르세요.
[2025-10-17 10:40:01] INFO: 
================================================================================
[2025-10-17 10:40:01] INFO: [사이클 1679] 2025-10-17 10:40:01
[2025-10-17 10:40:01] INFO: ================================================================================
[2025-10-17 10:40:01] WARNING: ⚠ trading_signals.xlsx 파일이 없습니다.
[2025-10-17 10:40:01] INFO: ℹ 모니터링 대상 종목이 없습니다.
[2025-10-17 10:40:01] INFO: 
⏰ 60초 후 다음 사이클 실행...
[2025-10-17 10:40:01] INFO:    종료하려면 Ctrl+C를 누르세요.
[2025-10-17 10:41:01] INFO: 
================================================================================
[2025-10-17 10:41:01] INFO: [사이클 1680] 2025-10-17 10:41:01
[2025-10-17 10:41:01] INFO: ================================================================================
[2025-10-17 10:41:01] WARNING: ⚠ trading_signals.xlsx 파일이 없습니다.
[2025-10-17 10:41:01] INFO: ℹ 모니터링 대상 종목이 없습니다.
[2025-10-17 10:41:01] INFO: 
⏰ 60초 후 다음 사이클 실행...
[2025-10-17 10:41:01] INFO:    종료하려면 Ctrl+C를 누르세요.
[2025-10-17 10:42:01] INFO: 
================================================================================
[2025-10-17 10:42:01] INFO: [사이클 1681] 2025-10-17 10:42:01
[2025-10-17 10:42:01] INFO: ================================================================================
[2025-10-17 10:42:01] WARNING: ⚠ trading_signals.xlsx 파일이 없습니다.
[2025-10-17 10:42:01] INFO: ℹ 모니터링 대상 종목이 없습니다.
[2025-10-17 10:42:01] INFO: 
⏰ 60초 후 다음 사이클 실행...
[2025-10-17 10:42:01] INFO:    종료하려면 Ctrl+C를 누르세요.
[2025-10-17 10:43:01] INFO: 
================================================================================
[2025-10-17 10:43:01] INFO: [사이클 1682] 2025-10-17 10:43:01
[2025-10-17 10:43:01] INFO: ================================================================================
[2025-10-17 10:43:01] WARNING: ⚠ trading_signals.xlsx 파일이 없습니다.
[2025-10-17 10:43:01] INFO: ℹ 모니터링 대상 종목이 없습니다.
[2025-10-17 10:43:01] INFO: 
⏰ 60초 후 다음 사이클 실행...
[2025-10-17 10:43:01] INFO:    종료하려면 Ctrl+C를 누르세요.
[2025-10-17 10:44:01] INFO: 
================================================================================
[2025-10-17 10:44:01] INFO: [사이클 1683] 2025-10-17 10:44:01
[2025-10-17 10:44:01] INFO: ================================================================================
[2025-10-17 10:44:01] WARNING: ⚠ trading_signals.xlsx 파일이 없습니다.
[2025-10-17 10:44:01] INFO: ℹ 모니터링 대상 종목이 없습니다.
[2025-10-17 10:44:01] INFO: 
⏰ 60초 후 다음 사이클 실행...
[2025-10-17 10:44:01] INFO:    종료하려면 Ctrl+C를 누르세요.
[2025-10-17 10:45:01] INFO: 
================================================================================
[2025-10-17 10:45:01] INFO: [사이클 1684] 2025-10-17 10:45:01
[2025-10-17 10:45:01] INFO: ================================================================================
[2025-10-17 10:45:01] WARNING: ⚠ trading_signals.xlsx 파일이 없습니다.
[2025-10-17 10:45:01] INFO: ℹ 모니터링 대상 종목이 없습니다.
[2025-10-17 10:45:01] INFO: 
⏰ 60초 후 다음 사이클 실행...
[2025-10-17 10:45:01] INFO:    종료하려면 Ctrl+C를 누르세요.
[2025-10-17 10:46:01] INFO: 
================================================================================
[2025-10-17 10:46:01] INFO: [사이클 1685] 2025-10-17 10:46:01
[2025-10-17 10:46:01] INFO: ================================================================================
[2025-10-17 10:46:01] WARNING: ⚠ trading_signals.xlsx 파일이 없습니다.
[2025-10-17 10:46:01] INFO: ℹ 모니터링 대상 종목이 없습니다.
[2025-10-17 10:46:01] INFO: 
⏰ 60초 후 다음 사이클 실행...
[2025-10-17 10:46:01] INFO:    종료하려면 Ctrl+C를 누르세요.
[2025-10-17 10:47:01] INFO: 
================================================================================
[2025-10-17 10:47:01] INFO: [사이클 1686] 2025-10-17 10:47:01
[2025-10-17 10:47:01] INFO: ================================================================================
[2025-10-17 10:47:01] WARNING: ⚠ trading_signals.xlsx 파일이 없습니다.
[2025-10-17 10:47:01] INFO: ℹ 모니터링 대상 종목이 없습니다.
[2025-10-17 10:47:01] INFO: 
⏰ 60초 후 다음 사이클 실행...
[2025-10-17 10:47:01] INFO:    종료하려면 Ctrl+C를 누르세요.
[2025-10-17 10:48:01] INFO: 
================================================================================
[2025-10-17 10:48:01] INFO: [사이클 1687] 2025-10-17 10:48:01
[2025-10-17 10:48:01] INFO: ================================================================================
[2025-10-17 10:48:01] INFO: ✓ Summary 탭에서 5개 종목 로드
[2025-10-17 10:48:01] INFO: 
[1] 삼성전자 (005930) 모니터링 중...
[2025-10-17 10:48:01] WARNING: ⚠ 005930: 가격 데이터 없음
[2025-10-17 10:48:01] WARNING: ⚠ 삼성전자: 가격 데이터 조회 실패, 스킵
[2025-10-17 10:48:01] INFO: 
[2] SK하이닉스 (000660) 모니터링 중...
[2025-10-17 10:48:02] WARNING: ⚠ 000660: 가격 데이터 없음
[2025-10-17 10:48:02] WARNING: ⚠ SK하이닉스: 가격 데이터 조회 실패, 스킵
[2025-10-17 10:48:02] INFO: 
[3] 에코프로 (086520) 모니터링 중...
[2025-10-17 10:48:02] WARNING: ⚠ 086520: 가격 데이터 없음
[2025-10-17 10:48:02] WARNING: ⚠ 에코프로: 가격 데이터 조회 실패, 스킵
[2025-10-17 10:48:02] INFO: 
[4] 에코프로비엠 (247540) 모니터링 중...
[2025-10-17 10:48:03] WARNING: ⚠ 247540: 가격 데이터 없음
[2025-10-17 10:48:03] WARNING: ⚠ 에코프로비엠: 가격 데이터 조회 실패, 스킵
[2025-10-17 10:48:03] INFO: 
[5] 두산에너빌리티 (034020) 모니터링 중...
[2025-10-17 10:48:03] WARNING: ⚠ 034020: 가격 데이터 없음
[2025-10-17 10:48:03] WARNING: ⚠ 두산에너빌리티: 가격 데이터 조회 실패, 스킵
[2025-10-17 10:48:03] INFO: 
================================================================================
[2025-10-17 10:48:03] INFO: ✓ 동적 모니터링 사이클 완료
[2025-10-17 10:48:03] INFO:   전체 종목: 5개
[2025-10-17 10:48:03] INFO:   체크한 종목: 5개
[2025-10-17 10:48:03] INFO:   전송 알람: 0개
[2025-10-17 10:48:03] INFO: ================================================================================
[2025-10-17 10:48:03] INFO: 
⏰ 60초 후 다음 사이클 실행...
[2025-10-17 10:48:03] INFO:    종료하려면 Ctrl+C를 누르세요.
[2025-10-17 10:49:03] INFO: 
================================================================================
[2025-10-17 10:49:03] INFO: [사이클 1688] 2025-10-17 10:49:03
[2025-10-17 10:49:03] INFO: ================================================================================
[2025-10-17 10:49:03] INFO: ✓ Summary 탭에서 5개 종목 로드
[2025-10-17 10:49:03] INFO: 
================================================================================
[2025-10-17 10:49:03] INFO: ✓ 동적 모니터링 사이클 완료
[2025-10-17 10:49:03] INFO:   전체 종목: 5개
[2025-10-17 10:49:03] INFO:   체크한 종목: 0개
[2025-10-17 10:49:03] INFO:   전송 알람: 0개
[2025-10-17 10:49:03] INFO: ================================================================================
[2025-10-17 10:49:03] INFO: 
⏰ 60초 후 다음 사이클 실행...
[2025-10-17 10:49:03] INFO:    종료하려면 Ctrl+C를 누르세요.
[2025-10-17 10:50:03] INFO: 
================================================================================
[2025-10-17 10:50:03] INFO: [사이클 1689] 2025-10-17 10:50:03
[2025-10-17 10:50:03] INFO: ================================================================================
[2025-10-17 10:50:03] INFO: ✓ Summary 탭에서 5개 종목 로드
[2025-10-17 10:50:03] INFO: 
================================================================================
[2025-10-17 10:50:03] INFO: ✓ 동적 모니터링 사이클 완료
[2025-10-17 10:50:03] INFO:   전체 종목: 5개
[2025-10-17 10:50:03] INFO:   체크한 종목: 0개
[2025-10-17 10:50:03] INFO:   전송 알람: 0개
[2025-10-17 10:50:03] INFO: ================================================================================
[2025-10-17 10:50:03] INFO: 
⏰ 60초 후 다음 사이클 실행...
[2025-10-17 10:50:03] INFO:    종료하려면 Ctrl+C를 누르세요.
[2025-10-17 10:51:03] INFO: 
================================================================================
[2025-10-17 10:51:03] INFO: [사이클 1690] 2025-10-17 10:51:03
[2025-10-17 10:51:03] INFO: ================================================================================
[2025-10-17 10:51:03] INFO: ✓ Summary 탭에서 5개 종목 로드
[2025-10-17 10:51:03] INFO: 
================================================================================
[2025-10-17 10:51:03] INFO: ✓ 동적 모니터링 사이클 완료
[2025-10-17 10:51:03] INFO:   전체 종목: 5개
[2025-10-17 10:51:03] INFO:   체크한 종목: 0개
[2025-10-17 10:51:03] INFO:   전송 알람: 0개
[2025-10-17 10:51:03] INFO: ================================================================================
[2025-10-17 10:51:03] INFO: 
⏰ 60초 후 다음 사이클 실행...
[2025-10-17 10:51:03] INFO:    종료하려면 Ctrl+C를 누르세요.
[2025-10-17 10:52:03] INFO: 
================================================================================
[2025-10-17 10:52:03] INFO: [사이클 1691] 2025-10-17 10:52:03
[2025-10-17 10:52:03] INFO: ================================================================================
[2025-10-17 10:52:03] INFO: ✓ Summary 탭에서 5개 종목 로드
[2025-10-17 10:52:03] INFO: 
================================================================================
[2025-10-17 10:52:03] INFO: ✓ 동적 모니터링 사이클 완료
[2025-10-17 10:52:03] INFO:   전체 종목: 5개
[2025-10-17 10:52:03] INFO:   체크한 종목: 0개
[2025-10-17 10:52:03] INFO:   전송 알람: 0개
[2025-10-17 10:52:03] INFO: ================================================================================
[2025-10-17 10:52:03] INFO: 
⏰ 60초 후 다음 사이클 실행...
[2025-10-17 10:52:03] INFO:    종료하려면 Ctrl+C를 누르세요.
[2025-10-17 10:53:03] INFO: 
================================================================================
[2025-10-17 10:53:03] INFO: [사이클 1692] 2025-10-17 10:53:03
[2025-10-17 10:53:03] INFO: ================================================================================
[2025-10-17 10:53:03] INFO: ✓ Summary 탭에서 5개 종목 로드
[2025-10-17 10:53:03] INFO: 
================================================================================
[2025-10-17 10:53:03] INFO: ✓ 동적 모니터링 사이클 완료
[2025-10-17 10:53:03] INFO:   전체 종목: 5개
[2025-10-17 10:53:03] INFO:   체크한 종목: 0개
[2025-10-17 10:53:03] INFO:   전송 알람: 0개
[2025-10-17 10:53:03] INFO: ================================================================================
[2025-10-17 10:53:03] INFO: 
⏰ 60초 후 다음 사이클 실행...
[2025-10-17 10:53:03] INFO:    종료하려면 Ctrl+C를 누르세요.
