[2025-10-14 18:59:02] INFO: ================================================================================
[2025-10-14 18:59:02] INFO: 🔍 실시간 주식 모니터링 시작
[2025-10-14 18:59:02] INFO: ⏰ 모니터링 간격: 10분
[2025-10-14 18:59:02] INFO: 🕐 모니터링 시간: 08:00-20:00
[2025-10-14 18:59:02] INFO: ================================================================================
[2025-10-14 18:59:02] INFO: 
================================================================================
[2025-10-14 18:59:02] INFO: [사이클 1] 2025-10-14 18:59:02
[2025-10-14 18:59:02] INFO: ================================================================================
[2025-10-14 18:59:02] INFO: ✓ 접근 토큰 발급 성공
[2025-10-14 18:59:02] INFO: ✓ Summary 탭에서 66개 종목 로드
[2025-10-14 18:59:02] INFO: 
[1/66] 삼성전자 (005930) 모니터링 중...
[2025-10-14 18:59:02] INFO:   💰 현재가: 91,600원
[2025-10-14 18:59:02] INFO:   📊 20일선: 84,005원
[2025-10-14 18:59:02] INFO:   📉 1차 매수선: 67,304원 (이격도: 36.1%)
[2025-10-14 18:59:02] INFO:   📉 2차 매수선: 60,574원 (이격도: 51.2%)
[2025-10-14 18:59:02] INFO:   📉 3차 매수선: 54,516원 (이격도: 68.0%)
[2025-10-14 18:59:02] INFO: 
[2/66] SK하이닉스 (000660) 모니터링 중...
[2025-10-14 18:59:03] INFO:   💰 현재가: 411,500원
[2025-10-14 18:59:03] INFO:   📊 20일선: 361,725원
[2025-10-14 18:59:03] INFO:   📉 1차 매수선: 289,880원 (이격도: 42.0%)
[2025-10-14 18:59:03] INFO:   📉 2차 매수선: 260,892원 (이격도: 57.7%)
[2025-10-14 18:59:03] INFO:   📉 3차 매수선: 234,803원 (이격도: 75.3%)
[2025-10-14 18:59:03] INFO: 
[3/66] 두산에너빌리티 (034020) 모니터링 중...
[2025-10-14 18:59:04] INFO:   💰 현재가: 75,800원
[2025-10-14 18:59:04] INFO:   📊 20일선: 65,200원
[2025-10-14 18:59:04] INFO:   📉 1차 매수선: 52,260원 (이격도: 45.0%)
[2025-10-14 18:59:04] INFO:   📉 2차 매수선: 47,034원 (이격도: 61.2%)
[2025-10-14 18:59:04] INFO:   📉 3차 매수선: 42,331원 (이격도: 79.1%)
[2025-10-14 18:59:04] INFO: 
[4/66] NAVER (035420) 모니터링 중...
[2025-10-14 18:59:04] INFO:   💰 현재가: 258,000원
[2025-10-14 18:59:04] INFO:   📊 20일선: 247,100원
[2025-10-14 18:59:04] INFO:   📉 1차 매수선: 198,180원 (이격도: 30.2%)
[2025-10-14 18:59:04] INFO:   📉 2차 매수선: 178,362원 (이격도: 44.6%)
[2025-10-14 18:59:04] INFO:   📉 3차 매수선: 160,526원 (이격도: 60.7%)
[2025-10-14 18:59:04] INFO: 
[5/66] 한미반도체 (042700) 모니터링 중...
[2025-10-14 18:59:05] INFO:   💰 현재가: 128,700원
[2025-10-14 18:59:05] INFO:   📊 20일선: 100,060원
[2025-10-14 18:59:05] INFO:   📉 1차 매수선: 80,148원 (이격도: 60.6%)
[2025-10-14 18:59:05] INFO:   📉 2차 매수선: 72,133원 (이격도: 78.4%)
[2025-10-14 18:59:05] INFO:   📉 3차 매수선: 64,920원 (이격도: 98.2%)
[2025-10-14 18:59:05] INFO: 
[6/66] 클로봇 (466100) 모니터링 중...
[2025-10-14 18:59:06] INFO:   💰 현재가: 42,000원
[2025-10-14 18:59:06] INFO:   📊 20일선: 30,660원
[2025-10-14 18:59:06] INFO:   📉 1차 매수선: 24,578원 (이격도: 70.9%)
[2025-10-14 18:59:06] INFO:   📉 2차 매수선: 22,120원 (이격도: 89.9%)
[2025-10-14 18:59:06] INFO:   📉 3차 매수선: 19,908원 (이격도: 111.0%)
[2025-10-14 18:59:06] INFO: 
[7/66] 로보티즈 (108490) 모니터링 중...
[2025-10-14 18:59:06] INFO:   💰 현재가: 185,300원
[2025-10-14 18:59:07] INFO:   📊 20일선: 142,873원
[2025-10-14 18:59:07] INFO:   📉 1차 매수선: 114,798원 (이격도: 61.4%)
[2025-10-14 18:59:07] INFO:   📉 2차 매수선: 103,319원 (이격도: 79.3%)
[2025-10-14 18:59:07] INFO:   📉 3차 매수선: 92,987원 (이격도: 99.3%)
[2025-10-14 18:59:07] INFO: 
[8/66] 삼성전자우 (005935) 모니터링 중...
[2025-10-14 18:59:07] INFO:   💰 현재가: 72,300원
[2025-10-14 18:59:07] INFO:   📊 20일선: 66,720원
[2025-10-14 18:59:07] INFO:   📉 1차 매수선: 53,476원 (이격도: 35.2%)
[2025-10-14 18:59:07] INFO:   📉 2차 매수선: 48,128원 (이격도: 50.2%)
[2025-10-14 18:59:07] INFO:   📉 3차 매수선: 43,316원 (이격도: 66.9%)
[2025-10-14 18:59:07] INFO: 
[9/66] 일동제약 (249420) 모니터링 중...
[2025-10-14 18:59:08] INFO:   💰 현재가: 23,850원
[2025-10-14 18:59:08] INFO:   📊 20일선: 26,682원
[2025-10-14 18:59:08] INFO:   📉 1차 매수선: 21,396원 (이격도: 11.5%)
[2025-10-14 18:59:08] INFO:   📉 2차 매수선: 19,256원 (이격도: 23.9%)
[2025-10-14 18:59:08] INFO:   📉 3차 매수선: 17,331원 (이격도: 37.6%)
[2025-10-14 18:59:08] INFO: 
[10/66] 우리기술투자 (041190) 모니터링 중...
[2025-10-14 18:59:09] INFO:   💰 현재가: 10,020원
[2025-10-14 18:59:09] INFO:   📊 20일선: 10,890원
[2025-10-14 18:59:09] INFO:   📉 1차 매수선: 8,722원 (이격도: 14.9%)
[2025-10-14 18:59:09] INFO:   📉 2차 매수선: 7,849원 (이격도: 27.7%)
[2025-10-14 18:59:09] INFO:   📉 3차 매수선: 7,064원 (이격도: 41.8%)
[2025-10-14 18:59:09] INFO: 
[11/66] NHN KCP (060250) 모니터링 중...
[2025-10-14 18:59:09] INFO:   💰 현재가: 17,440원
[2025-10-14 18:59:09] INFO:   📊 20일선: 16,378원
[2025-10-14 18:59:09] INFO:   📉 1차 매수선: 13,152원 (이격도: 32.6%)
[2025-10-14 18:59:09] INFO:   📉 2차 매수선: 11,837원 (이격도: 47.3%)
[2025-10-14 18:59:09] INFO:   📉 3차 매수선: 10,653원 (이격도: 63.7%)
[2025-10-14 18:59:09] INFO: 
[12/66] 카카오 (035720) 모니터링 중...
[2025-10-14 18:59:10] INFO:   💰 현재가: 59,600원
[2025-10-14 18:59:10] INFO:   📊 20일선: 62,105원
[2025-10-14 18:59:10] INFO:   📉 1차 매수선: 49,734원 (이격도: 19.8%)
[2025-10-14 18:59:10] INFO:   📉 2차 매수선: 44,761원 (이격도: 33.2%)
[2025-10-14 18:59:10] INFO:   📉 3차 매수선: 40,285원 (이격도: 47.9%)
[2025-10-14 18:59:10] INFO: 
[13/66] 레인보우로보틱스 (277810) 모니터링 중...
[2025-10-14 18:59:11] INFO:   💰 현재가: 337,000원
[2025-10-14 18:59:11] INFO:   📊 20일선: 309,825원
[2025-10-14 18:59:11] INFO:   📉 1차 매수선: 248,360원 (이격도: 35.7%)
[2025-10-14 18:59:11] INFO:   📉 2차 매수선: 223,524원 (이격도: 50.8%)
[2025-10-14 18:59:11] INFO:   📉 3차 매수선: 201,172원 (이격도: 67.5%)
[2025-10-14 18:59:11] INFO: 
[14/66] 알테오젠 (196170) 모니터링 중...
[2025-10-14 18:59:12] INFO:   💰 현재가: 446,000원
[2025-10-14 18:59:12] INFO:   📊 20일선: 468,700원
[2025-10-14 18:59:12] INFO:   📉 1차 매수선: 375,460원 (이격도: 18.8%)
[2025-10-14 18:59:12] INFO:   📉 2차 매수선: 337,914원 (이격도: 32.0%)
[2025-10-14 18:59:12] INFO:   📉 3차 매수선: 304,123원 (이격도: 46.7%)
[2025-10-14 18:59:12] INFO: 
[15/66] 셀트리온 (068270) 모니터링 중...
[2025-10-14 18:59:12] INFO:   💰 현재가: 169,700원
[2025-10-14 18:59:12] INFO:   📊 20일선: 173,130원
[2025-10-14 18:59:12] INFO:   📉 1차 매수선: 139,004원 (이격도: 22.1%)
[2025-10-14 18:59:12] INFO:   📉 2차 매수선: 125,104원 (이격도: 35.6%)
[2025-10-14 18:59:12] INFO:   📉 3차 매수선: 112,593원 (이격도: 50.7%)
[2025-10-14 18:59:12] INFO: 
[16/66] 디앤디파마텍 (347850) 모니터링 중...
[2025-10-14 18:59:13] INFO:   💰 현재가: 178,100원
[2025-10-14 18:59:13] INFO:   📊 20일선: 184,515원
[2025-10-14 18:59:13] INFO:   📉 1차 매수선: 148,112원 (이격도: 20.2%)
[2025-10-14 18:59:13] INFO:   📉 2차 매수선: 133,301원 (이격도: 33.6%)
[2025-10-14 18:59:13] INFO:   📉 3차 매수선: 119,971원 (이격도: 48.5%)
[2025-10-14 18:59:13] INFO: 
[17/66] 삼천당제약 (000250) 모니터링 중...
[2025-10-14 18:59:14] INFO:   💰 현재가: 201,500원
[2025-10-14 18:59:14] INFO:   📊 20일선: 219,125원
[2025-10-14 18:59:14] INFO:   📉 1차 매수선: 175,800원 (이격도: 14.6%)
[2025-10-14 18:59:14] INFO:   📉 2차 매수선: 158,220원 (이격도: 27.4%)
[2025-10-14 18:59:14] INFO:   📉 3차 매수선: 142,398원 (이격도: 41.5%)
[2025-10-14 18:59:14] INFO: 
[18/66] 다날 (064260) 모니터링 중...
[2025-10-14 18:59:14] INFO:   💰 현재가: 9,580원
[2025-10-14 18:59:15] INFO:   📊 20일선: 9,758원
[2025-10-14 18:59:15] INFO:   📉 1차 매수선: 7,817원 (이격도: 22.6%)
[2025-10-14 18:59:15] INFO:   📉 2차 매수선: 7,035원 (이격도: 36.2%)
[2025-10-14 18:59:15] INFO:   📉 3차 매수선: 6,332원 (이격도: 51.3%)
[2025-10-14 18:59:15] INFO: 
[19/66] 현대로템 (064350) 모니터링 중...
[2025-10-14 18:59:15] INFO:   💰 현재가: 202,000원
[2025-10-14 18:59:15] INFO:   📊 20일선: 216,925원
[2025-10-14 18:59:15] INFO:   📉 1차 매수선: 174,040원 (이격도: 16.1%)
[2025-10-14 18:59:15] INFO:   📉 2차 매수선: 156,636원 (이격도: 29.0%)
[2025-10-14 18:59:15] INFO:   📉 3차 매수선: 140,972원 (이격도: 43.3%)
[2025-10-14 18:59:15] INFO: 
[20/66] 로보스타 (090360) 모니터링 중...
[2025-10-14 18:59:16] INFO:   💰 현재가: 62,900원
[2025-10-14 18:59:16] INFO:   📊 20일선: 45,130원
[2025-10-14 18:59:16] INFO:   📉 1차 매수선: 36,154원 (이격도: 74.0%)
[2025-10-14 18:59:16] INFO:   📉 2차 매수선: 32,539원 (이격도: 93.3%)
[2025-10-14 18:59:16] INFO:   📉 3차 매수선: 29,285원 (이격도: 114.8%)
[2025-10-14 18:59:16] INFO: 
[21/66] 한국항공우주 (047810) 모니터링 중...
[2025-10-14 18:59:17] INFO:   💰 현재가: 98,600원
[2025-10-14 18:59:17] INFO:   📊 20일선: 105,190원
[2025-10-14 18:59:17] INFO:   📉 1차 매수선: 84,252원 (이격도: 17.0%)
[2025-10-14 18:59:17] INFO:   📉 2차 매수선: 75,827원 (이격도: 30.0%)
[2025-10-14 18:59:17] INFO:   📉 3차 매수선: 68,244원 (이격도: 44.5%)
[2025-10-14 18:59:17] INFO: 
[22/66] 한화오션 (042660) 모니터링 중...
[2025-10-14 18:59:17] INFO:   💰 현재가: 103,100원
[2025-10-14 18:59:17] INFO:   📊 20일선: 109,660원
[2025-10-14 18:59:17] INFO:   📉 1차 매수선: 87,828원 (이격도: 17.4%)
[2025-10-14 18:59:17] INFO:   📉 2차 매수선: 79,045원 (이격도: 30.4%)
[2025-10-14 18:59:17] INFO:   📉 3차 매수선: 71,141원 (이격도: 44.9%)
[2025-10-14 18:59:17] INFO: 
[23/66] 한라캐스트 (125490) 모니터링 중...
[2025-10-14 18:59:18] INFO:   💰 현재가: 8,420원
[2025-10-14 18:59:18] INFO:   📊 20일선: 7,777원
[2025-10-14 18:59:18] INFO:   📉 1차 매수선: 6,232원 (이격도: 35.1%)
[2025-10-14 18:59:18] INFO:   📉 2차 매수선: 5,608원 (이격도: 50.1%)
[2025-10-14 18:59:18] INFO:   📉 3차 매수선: 5,048원 (이격도: 66.8%)
[2025-10-14 18:59:18] INFO: 
[24/66] 지투지바이오 (456160) 모니터링 중...
[2025-10-14 18:59:19] INFO:   💰 현재가: 190,500원
[2025-10-14 18:59:19] INFO:   📊 20일선: 205,105원
[2025-10-14 18:59:19] INFO:   📉 1차 매수선: 164,584원 (이격도: 15.7%)
[2025-10-14 18:59:19] INFO:   📉 2차 매수선: 148,126원 (이격도: 28.6%)
[2025-10-14 18:59:19] INFO:   📉 3차 매수선: 133,313원 (이격도: 42.9%)
[2025-10-14 18:59:19] INFO: 
[25/66] 농심 (004370) 모니터링 중...
[2025-10-14 18:59:19] INFO:   💰 현재가: 429,000원
[2025-10-14 18:59:19] INFO:   📊 20일선: 460,150원
[2025-10-14 18:59:19] INFO:   📉 1차 매수선: 368,620원 (이격도: 16.4%)
[2025-10-14 18:59:19] INFO:   📉 2차 매수선: 331,758원 (이격도: 29.3%)
[2025-10-14 18:59:19] INFO:   📉 3차 매수선: 298,582원 (이격도: 43.7%)
[2025-10-14 18:59:19] INFO: 
[26/66] SK오션플랜트 (100090) 모니터링 중...
[2025-10-14 18:59:20] INFO:   💰 현재가: 22,300원
[2025-10-14 18:59:20] INFO:   📊 20일선: 25,642원
[2025-10-14 18:59:20] INFO:   📉 1차 매수선: 20,564원 (이격도: 8.4%)
[2025-10-14 18:59:20] INFO:   📉 2차 매수선: 18,508원 (이격도: 20.5%)
[2025-10-14 18:59:20] INFO:   📉 3차 매수선: 16,657원 (이격도: 33.9%)
[2025-10-14 18:59:20] INFO: 
[27/66] HJ중공업 (097230) 모니터링 중...
[2025-10-14 18:59:21] INFO:   💰 현재가: 23,950원
[2025-10-14 18:59:21] INFO:   📊 20일선: 28,382원
[2025-10-14 18:59:21] INFO:   📉 1차 매수선: 22,756원 (이격도: 5.2%)
[2025-10-14 18:59:21] INFO:   📉 2차 매수선: 20,480원 (이격도: 16.9%)
[2025-10-14 18:59:21] INFO:   📉 3차 매수선: 18,432원 (이격도: 29.9%)
[2025-10-14 18:59:21] INFO: 
[28/66] 세진중공업 (075580) 모니터링 중...
[2025-10-14 18:59:22] INFO:   💰 현재가: 19,640원
[2025-10-14 18:59:22] INFO:   📊 20일선: 22,064원
[2025-10-14 18:59:22] INFO:   📉 1차 매수선: 17,701원 (이격도: 11.0%)
[2025-10-14 18:59:22] INFO:   📉 2차 매수선: 15,931원 (이격도: 23.3%)
[2025-10-14 18:59:22] INFO:   📉 3차 매수선: 14,338원 (이격도: 37.0%)
[2025-10-14 18:59:22] INFO: 
[29/66] 엘앤씨바이오 (290650) 모니터링 중...
[2025-10-14 18:59:22] INFO:   💰 현재가: 47,400원
[2025-10-14 18:59:22] INFO:   📊 20일선: 55,228원
[2025-10-14 18:59:22] INFO:   📉 1차 매수선: 44,232원 (이격도: 7.2%)
[2025-10-14 18:59:22] INFO:   📉 2차 매수선: 39,809원 (이격도: 19.1%)
[2025-10-14 18:59:22] INFO:   📉 3차 매수선: 35,828원 (이격도: 32.3%)
[2025-10-14 18:59:22] INFO: 
[30/66] 한화엔진 (082740) 모니터링 중...
[2025-10-14 18:59:23] INFO:   💰 현재가: 43,700원
[2025-10-14 18:59:23] INFO:   📊 20일선: 44,648원
[2025-10-14 18:59:23] INFO:   📉 1차 매수선: 35,768원 (이격도: 22.2%)
[2025-10-14 18:59:23] INFO:   📉 2차 매수선: 32,191원 (이격도: 35.8%)
[2025-10-14 18:59:23] INFO:   📉 3차 매수선: 28,972원 (이격도: 50.8%)
[2025-10-14 18:59:23] INFO: 
[31/66] 현대힘스 (460930) 모니터링 중...
[2025-10-14 18:59:24] INFO:   💰 현재가: 23,100원
[2025-10-14 18:59:24] INFO:   📊 20일선: 26,355원
[2025-10-14 18:59:24] INFO:   📉 1차 매수선: 21,134원 (이격도: 9.3%)
[2025-10-14 18:59:24] INFO:   📉 2차 매수선: 19,021원 (이격도: 21.4%)
[2025-10-14 18:59:24] INFO:   📉 3차 매수선: 17,119원 (이격도: 34.9%)
[2025-10-14 18:59:24] INFO: 
[32/66] HD한국조선해양 (009540) 모니터링 중...
[2025-10-14 18:59:24] INFO:   💰 현재가: 408,000원
[2025-10-14 18:59:25] INFO:   📊 20일선: 410,100원
[2025-10-14 18:59:25] INFO:   📉 1차 매수선: 328,580원 (이격도: 24.2%)
[2025-10-14 18:59:25] INFO:   📉 2차 매수선: 295,722원 (이격도: 38.0%)
[2025-10-14 18:59:25] INFO:   📉 3차 매수선: 266,150원 (이격도: 53.3%)
[2025-10-14 18:59:25] INFO: 
[33/66] HD현대미포 (010620) 모니터링 중...
[2025-10-14 18:59:25] INFO:   💰 현재가: 196,000원
[2025-10-14 18:59:25] INFO:   📊 20일선: 198,855원
[2025-10-14 18:59:25] INFO:   📉 1차 매수선: 159,584원 (이격도: 22.8%)
[2025-10-14 18:59:25] INFO:   📉 2차 매수선: 143,626원 (이격도: 36.5%)
[2025-10-14 18:59:25] INFO:   📉 3차 매수선: 129,263원 (이격도: 51.6%)
[2025-10-14 18:59:25] INFO: 
[34/66] 삼성중공업 (010140) 모니터링 중...
[2025-10-14 18:59:26] INFO:   💰 현재가: 21,200원
[2025-10-14 18:59:26] INFO:   📊 20일선: 21,655원
[2025-10-14 18:59:26] INFO:   📉 1차 매수선: 17,374원 (이격도: 22.0%)
[2025-10-14 18:59:26] INFO:   📉 2차 매수선: 15,637원 (이격도: 35.6%)
[2025-10-14 18:59:26] INFO:   📉 3차 매수선: 14,073원 (이격도: 50.6%)
[2025-10-14 18:59:26] INFO: 
[35/66] 효성중공업 (298040) 모니터링 중...
[2025-10-14 18:59:27] INFO:   💰 현재가: 1,465,000원
[2025-10-14 18:59:27] INFO:   📊 20일선: 1,401,350원
[2025-10-14 18:59:27] INFO:   📉 1차 매수선: 1,122,080원 (이격도: 30.6%)
[2025-10-14 18:59:27] INFO:   📉 2차 매수선: 1,009,872원 (이격도: 45.1%)
[2025-10-14 18:59:27] INFO:   📉 3차 매수선: 908,885원 (이격도: 61.2%)
[2025-10-14 18:59:27] INFO: 
[36/66] LIG넥스원 (079550) 모니터링 중...
[2025-10-14 18:59:27] INFO:   💰 현재가: 447,000원
[2025-10-14 18:59:28] INFO:   📊 20일선: 496,225원
[2025-10-14 18:59:28] INFO:   📉 1차 매수선: 397,480원 (이격도: 12.5%)
[2025-10-14 18:59:28] INFO:   📉 2차 매수선: 357,732원 (이격도: 25.0%)
[2025-10-14 18:59:28] INFO:   📉 3차 매수선: 321,959원 (이격도: 38.8%)
[2025-10-14 18:59:28] INFO: 
[37/66] 에스엔시스 (0008Z0) 모니터링 중...
[2025-10-14 18:59:28] INFO:   💰 현재가: 38,900원
[2025-10-14 18:59:28] INFO:   📊 20일선: 42,348원
[2025-10-14 18:59:28] INFO:   📉 1차 매수선: 33,928원 (이격도: 14.7%)
[2025-10-14 18:59:28] INFO:   📉 2차 매수선: 30,535원 (이격도: 27.4%)
[2025-10-14 18:59:28] INFO:   📉 3차 매수선: 27,482원 (이격도: 41.5%)
[2025-10-14 18:59:28] INFO: 
[38/66] 삼양컴텍 (484590) 모니터링 중...
[2025-10-14 18:59:29] INFO:   💰 현재가: 16,890원
[2025-10-14 18:59:29] INFO:   📊 20일선: 18,970원
[2025-10-14 18:59:29] INFO:   📉 1차 매수선: 15,226원 (이격도: 10.9%)
[2025-10-14 18:59:29] INFO:   📉 2차 매수선: 13,704원 (이격도: 23.3%)
[2025-10-14 18:59:29] INFO:   📉 3차 매수선: 12,333원 (이격도: 36.9%)
[2025-10-14 18:59:29] INFO: 
[39/66] 에이비엘바이오 (298380) 모니터링 중...
[2025-10-14 18:59:29] INFO:   💰 현재가: 90,000원
[2025-10-14 18:59:30] INFO:   📊 20일선: 98,335원
[2025-10-14 18:59:30] INFO:   📉 1차 매수선: 78,768원 (이격도: 14.3%)
[2025-10-14 18:59:30] INFO:   📉 2차 매수선: 70,891원 (이격도: 27.0%)
[2025-10-14 18:59:30] INFO:   📉 3차 매수선: 63,802원 (이격도: 41.1%)
[2025-10-14 18:59:30] INFO: 
[40/66] LG디스플레이 (034220) 모니터링 중...
[2025-10-14 18:59:30] INFO:   💰 현재가: 14,030원
[2025-10-14 18:59:30] INFO:   📊 20일선: 13,689원
[2025-10-14 18:59:30] INFO:   📉 1차 매수선: 11,001원 (이격도: 27.5%)
[2025-10-14 18:59:30] INFO:   📉 2차 매수선: 9,901원 (이격도: 41.7%)
[2025-10-14 18:59:30] INFO:   📉 3차 매수선: 8,911원 (이격도: 57.4%)
[2025-10-14 18:59:30] INFO: 
[41/66] 한국전력 (015760) 모니터링 중...
[2025-10-14 18:59:31] INFO:   💰 현재가: 37,700원
[2025-10-14 18:59:31] INFO:   📊 20일선: 36,482원
[2025-10-14 18:59:31] INFO:   📉 1차 매수선: 29,236원 (이격도: 29.0%)
[2025-10-14 18:59:31] INFO:   📉 2차 매수선: 26,312원 (이격도: 43.3%)
[2025-10-14 18:59:31] INFO:   📉 3차 매수선: 23,681원 (이격도: 59.2%)
[2025-10-14 18:59:31] INFO: 
[42/66] 대한조선 (439260) 모니터링 중...
[2025-10-14 18:59:32] INFO:   💰 현재가: 75,300원
[2025-10-14 18:59:32] INFO:   📊 20일선: 80,485원
[2025-10-14 18:59:32] INFO:   📉 1차 매수선: 64,488원 (이격도: 16.8%)
[2025-10-14 18:59:32] INFO:   📉 2차 매수선: 58,039원 (이격도: 29.7%)
[2025-10-14 18:59:32] INFO:   📉 3차 매수선: 52,235원 (이격도: 44.2%)
[2025-10-14 18:59:32] INFO: 
[43/66] 에이피알 (278470) 모니터링 중...
[2025-10-14 18:59:32] INFO:   💰 현재가: 247,000원
[2025-10-14 18:59:32] INFO:   📊 20일선: 233,250원
[2025-10-14 18:59:32] INFO:   📉 1차 매수선: 187,100원 (이격도: 32.0%)
[2025-10-14 18:59:32] INFO:   📉 2차 매수선: 168,390원 (이격도: 46.7%)
[2025-10-14 18:59:32] INFO:   📉 3차 매수선: 151,551원 (이격도: 63.0%)
[2025-10-14 18:59:32] INFO: 
[44/66] SK바이오팜 (326030) 모니터링 중...
[2025-10-14 18:59:33] INFO:   💰 현재가: 101,500원
[2025-10-14 18:59:33] INFO:   📊 20일선: 106,350원
[2025-10-14 18:59:33] INFO:   📉 1차 매수선: 85,180원 (이격도: 19.2%)
[2025-10-14 18:59:33] INFO:   📉 2차 매수선: 76,662원 (이격도: 32.4%)
[2025-10-14 18:59:33] INFO:   📉 3차 매수선: 68,996원 (이격도: 47.1%)
[2025-10-14 18:59:33] INFO: 
[45/66] 에코프로비엠 (247540) 모니터링 중...
[2025-10-14 18:59:34] INFO:   💰 현재가: 123,700원
[2025-10-14 18:59:34] INFO:   📊 20일선: 118,245원
[2025-10-14 18:59:34] INFO:   📉 1차 매수선: 94,696원 (이격도: 30.6%)
[2025-10-14 18:59:34] INFO:   📉 2차 매수선: 85,226원 (이격도: 45.1%)
[2025-10-14 18:59:34] INFO:   📉 3차 매수선: 76,704원 (이격도: 61.3%)
[2025-10-14 18:59:34] INFO: 
[46/66] 삼성SDI (006400) 모니터링 중...
[2025-10-14 18:59:34] INFO:   💰 현재가: 220,000원
[2025-10-14 18:59:35] INFO:   📊 20일선: 206,940원
[2025-10-14 18:59:35] INFO:   📉 1차 매수선: 166,052원 (이격도: 32.5%)
[2025-10-14 18:59:35] INFO:   📉 2차 매수선: 149,447원 (이격도: 47.2%)
[2025-10-14 18:59:35] INFO:   📉 3차 매수선: 134,502원 (이격도: 63.6%)
[2025-10-14 18:59:35] INFO: 
[47/66] 한화에어로스페이스 (012450) 모니터링 중...
[2025-10-14 18:59:35] INFO:   💰 현재가: 933,000원
[2025-10-14 18:59:35] INFO:   📊 20일선: 1,027,400원
[2025-10-14 18:59:35] INFO:   📉 1차 매수선: 822,920원 (이격도: 13.4%)
[2025-10-14 18:59:35] INFO:   📉 2차 매수선: 740,628원 (이격도: 26.0%)
[2025-10-14 18:59:35] INFO:   📉 3차 매수선: 666,565원 (이격도: 40.0%)
[2025-10-14 18:59:35] INFO: 
[48/66] 현대차 (005380) 모니터링 중...
[2025-10-14 18:59:36] INFO:   💰 현재가: 223,000원
[2025-10-14 18:59:36] INFO:   📊 20일선: 217,900원
[2025-10-14 18:59:36] INFO:   📉 1차 매수선: 174,820원 (이격도: 27.6%)
[2025-10-14 18:59:36] INFO:   📉 2차 매수선: 157,338원 (이격도: 41.7%)
[2025-10-14 18:59:36] INFO:   📉 3차 매수선: 141,604원 (이격도: 57.5%)
[2025-10-14 18:59:36] INFO: 
[49/66] 한화시스템 (272210) 모니터링 중...
[2025-10-14 18:59:37] INFO:   💰 현재가: 51,500원
[2025-10-14 18:59:37] INFO:   📊 20일선: 57,530원
[2025-10-14 18:59:37] INFO:   📉 1차 매수선: 46,074원 (이격도: 11.8%)
[2025-10-14 18:59:37] INFO:   📉 2차 매수선: 41,467원 (이격도: 24.2%)
[2025-10-14 18:59:37] INFO:   📉 3차 매수선: 37,320원 (이격도: 38.0%)
[2025-10-14 18:59:37] INFO: 
[50/66] 한화솔루션 (009830) 모니터링 중...
[2025-10-14 18:59:37] INFO:   💰 현재가: 27,800원
[2025-10-14 18:59:38] INFO:   📊 20일선: 29,142원
[2025-10-14 18:59:38] INFO:   📉 1차 매수선: 23,364원 (이격도: 19.0%)
[2025-10-14 18:59:38] INFO:   📉 2차 매수선: 21,028원 (이격도: 32.2%)
[2025-10-14 18:59:38] INFO:   📉 3차 매수선: 18,925원 (이격도: 46.9%)
[2025-10-14 18:59:38] INFO: 
[51/66] 삼성전기 (009150) 모니터링 중...
[2025-10-14 18:59:38] INFO:   💰 현재가: 198,200원
[2025-10-14 18:59:38] INFO:   📊 20일선: 196,970원
[2025-10-14 18:59:38] INFO:   📉 1차 매수선: 158,076원 (이격도: 25.4%)
[2025-10-14 18:59:38] INFO:   📉 2차 매수선: 142,268원 (이격도: 39.3%)
[2025-10-14 18:59:38] INFO:   📉 3차 매수선: 128,042원 (이격도: 54.8%)
[2025-10-14 18:59:38] INFO: 
[52/66] 한화비전 (489790) 모니터링 중...
[2025-10-14 18:59:39] INFO:   💰 현재가: 51,300원
[2025-10-14 18:59:39] INFO:   📊 20일선: 56,610원
[2025-10-14 18:59:39] INFO:   📉 1차 매수선: 45,338원 (이격도: 13.2%)
[2025-10-14 18:59:39] INFO:   📉 2차 매수선: 40,804원 (이격도: 25.7%)
[2025-10-14 18:59:39] INFO:   📉 3차 매수선: 36,724원 (이격도: 39.7%)
[2025-10-14 18:59:39] INFO: 
[53/66] HD현대인프라코어 (042670) 모니터링 중...
[2025-10-14 18:59:40] INFO:   💰 현재가: 14,450원
[2025-10-14 18:59:40] INFO:   📊 20일선: 15,392원
[2025-10-14 18:59:40] INFO:   📉 1차 매수선: 12,364원 (이격도: 16.9%)
[2025-10-14 18:59:40] INFO:   📉 2차 매수선: 11,127원 (이격도: 29.9%)
[2025-10-14 18:59:40] INFO:   📉 3차 매수선: 10,015원 (이격도: 44.3%)
[2025-10-14 18:59:40] INFO: 
[54/66] 도우인시스 (484120) 모니터링 중...
[2025-10-14 18:59:40] INFO:   💰 현재가: 28,250원
[2025-10-14 18:59:40] INFO:   📊 20일선: 30,595원
[2025-10-14 18:59:40] INFO:   📉 1차 매수선: 24,526원 (이격도: 15.2%)
[2025-10-14 18:59:40] INFO:   📉 2차 매수선: 22,073원 (이격도: 28.0%)
[2025-10-14 18:59:40] INFO:   📉 3차 매수선: 19,866원 (이격도: 42.2%)
[2025-10-14 18:59:40] INFO: 
[55/66] KBI동양철관 (008970) 모니터링 중...
[2025-10-14 18:59:41] INFO:   💰 현재가: 2,450원
[2025-10-14 18:59:41] INFO:   📊 20일선: 2,664원
[2025-10-14 18:59:41] INFO:   📉 1차 매수선: 2,137원 (이격도: 14.7%)
[2025-10-14 18:59:41] INFO:   📉 2차 매수선: 1,923원 (이격도: 27.4%)
[2025-10-14 18:59:41] INFO:   📉 3차 매수선: 1,731원 (이격도: 41.6%)
[2025-10-14 18:59:41] INFO: 
[56/66] YG PLUS (037270) 모니터링 중...
[2025-10-14 18:59:42] INFO:   💰 현재가: 6,880원
[2025-10-14 18:59:42] INFO:   📊 20일선: 7,976원
[2025-10-14 18:59:42] INFO:   📉 1차 매수선: 6,390원 (이격도: 7.7%)
[2025-10-14 18:59:42] INFO:   📉 2차 매수선: 5,751원 (이격도: 19.6%)
[2025-10-14 18:59:42] INFO:   📉 3차 매수선: 5,176원 (이격도: 32.9%)
[2025-10-14 18:59:42] INFO: 
[57/66] 포스코퓨처엠 (003670) 모니터링 중...
[2025-10-14 18:59:42] INFO:   💰 현재가: 166,700원
[2025-10-14 18:59:43] INFO:   📊 20일선: 143,675원
[2025-10-14 18:59:43] INFO:   📉 1차 매수선: 115,440원 (이격도: 44.4%)
[2025-10-14 18:59:43] INFO:   📉 2차 매수선: 103,896원 (이격도: 60.4%)
[2025-10-14 18:59:43] INFO:   📉 3차 매수선: 93,506원 (이격도: 78.3%)
[2025-10-14 18:59:43] INFO: 
[58/66] 리가켐바이오 (141080) 모니터링 중...
[2025-10-14 18:59:43] INFO:   💰 현재가: 146,700원
[2025-10-14 18:59:43] INFO:   📊 20일선: 150,090원
[2025-10-14 18:59:43] INFO:   📉 1차 매수선: 120,572원 (이격도: 21.7%)
[2025-10-14 18:59:43] INFO:   📉 2차 매수선: 108,515원 (이격도: 35.2%)
[2025-10-14 18:59:43] INFO:   📉 3차 매수선: 97,663원 (이격도: 50.2%)
[2025-10-14 18:59:43] INFO: 
[59/66] 쿠콘 (294570) 모니터링 중...
[2025-10-14 18:59:44] INFO:   💰 현재가: 37,600원
[2025-10-14 18:59:44] INFO:   📊 20일선: 38,265원
[2025-10-14 18:59:44] INFO:   📉 1차 매수선: 30,662원 (이격도: 22.6%)
[2025-10-14 18:59:44] INFO:   📉 2차 매수선: 27,596원 (이격도: 36.3%)
[2025-10-14 18:59:44] INFO:   📉 3차 매수선: 24,836원 (이격도: 51.4%)
[2025-10-14 18:59:44] INFO: 
[60/66] 파인엠텍 (441270) 모니터링 중...
[2025-10-14 18:59:45] INFO:   💰 현재가: 9,820원
[2025-10-14 18:59:45] INFO:   📊 20일선: 11,376원
[2025-10-14 18:59:45] INFO:   📉 1차 매수선: 9,111원 (이격도: 7.8%)
[2025-10-14 18:59:45] INFO:   📉 2차 매수선: 8,200원 (이격도: 19.8%)
[2025-10-14 18:59:45] INFO:   📉 3차 매수선: 7,380원 (이격도: 33.1%)
[2025-10-14 18:59:45] INFO: 
[61/66] SK스퀘어 (402340) 모니터링 중...
[2025-10-14 18:59:46] INFO:   💰 현재가: 234,500원
[2025-10-14 18:59:46] INFO:   📊 20일선: 213,715원
[2025-10-14 18:59:46] INFO:   📉 1차 매수선: 171,472원 (이격도: 36.8%)
[2025-10-14 18:59:46] INFO:   📉 2차 매수선: 154,325원 (이격도: 52.0%)
[2025-10-14 18:59:46] INFO:   📉 3차 매수선: 138,892원 (이격도: 68.8%)
[2025-10-14 18:59:46] INFO: 
[62/66] POSCO홀딩스 (005490) 모니터링 중...
[2025-10-14 18:59:47] INFO:   💰 현재가: 278,000원
[2025-10-14 18:59:47] INFO:   📊 20일선: 278,500원
[2025-10-14 18:59:47] INFO:   📉 1차 매수선: 223,300원 (이격도: 24.5%)
[2025-10-14 18:59:47] INFO:   📉 2차 매수선: 200,970원 (이격도: 38.3%)
[2025-10-14 18:59:47] INFO:   📉 3차 매수선: 180,873원 (이격도: 53.7%)
[2025-10-14 18:59:47] INFO: 
[63/66] HD현대건설기계 (267270) 모니터링 중...
[2025-10-14 18:59:48] INFO:   💰 현재가: 91,700원
[2025-10-14 18:59:48] INFO:   📊 20일선: 95,200원
[2025-10-14 18:59:48] INFO:   📉 1차 매수선: 76,260원 (이격도: 20.2%)
[2025-10-14 18:59:48] INFO:   📉 2차 매수선: 68,634원 (이격도: 33.6%)
[2025-10-14 18:59:48] INFO:   📉 3차 매수선: 61,771원 (이격도: 48.5%)
[2025-10-14 18:59:48] INFO: 
[64/66] 한화 (000880) 모니터링 중...
[2025-10-14 18:59:48] INFO:   💰 현재가: 79,700원
[2025-10-14 18:59:49] INFO:   📊 20일선: 86,805원
[2025-10-14 18:59:49] INFO:   📉 1차 매수선: 69,544원 (이격도: 14.6%)
[2025-10-14 18:59:49] INFO:   📉 2차 매수선: 62,590원 (이격도: 27.3%)
[2025-10-14 18:59:49] INFO:   📉 3차 매수선: 56,331원 (이격도: 41.5%)
[2025-10-14 18:59:49] INFO: 
[65/66] SK (034730) 모니터링 중...
[2025-10-14 18:59:49] INFO:   💰 현재가: 222,000원
[2025-10-14 18:59:49] INFO:   📊 20일선: 220,250원
[2025-10-14 18:59:49] INFO:   📉 1차 매수선: 176,700원 (이격도: 25.6%)
[2025-10-14 18:59:49] INFO:   📉 2차 매수선: 159,030원 (이격도: 39.6%)
[2025-10-14 18:59:49] INFO:   📉 3차 매수선: 143,127원 (이격도: 55.1%)
[2025-10-14 18:59:49] INFO: 
[66/66] SK이노베이션 (096770) 모니터링 중...
[2025-10-14 18:59:50] INFO:   💰 현재가: 106,200원
[2025-10-14 18:59:50] INFO:   📊 20일선: 104,325원
[2025-10-14 18:59:50] INFO:   📉 1차 매수선: 83,560원 (이격도: 27.1%)
[2025-10-14 18:59:50] INFO:   📉 2차 매수선: 75,204원 (이격도: 41.2%)
[2025-10-14 18:59:50] INFO:   📉 3차 매수선: 67,684원 (이격도: 56.9%)
[2025-10-14 18:59:50] INFO: 
================================================================================
[2025-10-14 18:59:50] INFO: ✓ 모니터링 사이클 완료
[2025-10-14 18:59:50] INFO:   모니터링 종목: 66개
[2025-10-14 18:59:50] INFO:   전송 알람: 0개
[2025-10-14 18:59:50] INFO: ================================================================================
[2025-10-14 18:59:50] INFO: 
⏰ 10분 후 다음 사이클 실행...
[2025-10-14 18:59:50] INFO:    종료하려면 Ctrl+C를 누르세요.
[2025-10-14 19:04:18] INFO: ================================================================================
[2025-10-14 19:04:18] INFO: 🔍 실시간 주식 모니터링 시작
[2025-10-14 19:04:18] INFO: ⏰ 모니터링 간격: 10분
[2025-10-14 19:04:18] INFO: 🕐 모니터링 시간: 08:00-20:00
[2025-10-14 19:04:18] INFO: ================================================================================
[2025-10-14 19:04:18] INFO: 
================================================================================
[2025-10-14 19:04:18] INFO: [사이클 1] 2025-10-14 19:04:18
[2025-10-14 19:04:18] INFO: ================================================================================
[2025-10-14 19:04:18] INFO: ✓ 접근 토큰 발급 성공
[2025-10-14 19:04:19] INFO: ✓ Summary 탭에서 66개 종목 로드
[2025-10-14 19:04:19] INFO: 
[1/66] 삼성전자 (005930) 모니터링 중...
[2025-10-14 19:04:19] INFO:   💰 현재가: 91,600원
[2025-10-14 19:04:19] INFO:   📊 20일선: 84,005원
[2025-10-14 19:04:19] INFO:   📉 1차 매수선: 67,304원 (이격도: 36.1%)
[2025-10-14 19:04:19] INFO:   📉 2차 매수선: 60,574원 (이격도: 51.2%)
[2025-10-14 19:04:19] INFO:   📉 3차 매수선: 54,516원 (이격도: 68.0%)
[2025-10-14 19:04:19] INFO: 
[2/66] SK하이닉스 (000660) 모니터링 중...
[2025-10-14 19:04:20] INFO:   💰 현재가: 411,500원
[2025-10-14 19:04:20] INFO:   📊 20일선: 361,725원
[2025-10-14 19:04:20] INFO:   📉 1차 매수선: 289,880원 (이격도: 42.0%)
[2025-10-14 19:04:20] INFO:   📉 2차 매수선: 260,892원 (이격도: 57.7%)
[2025-10-14 19:04:20] INFO:   📉 3차 매수선: 234,803원 (이격도: 75.3%)
[2025-10-14 19:04:20] INFO: 
[3/66] 두산에너빌리티 (034020) 모니터링 중...
[2025-10-14 19:04:21] INFO:   💰 현재가: 75,800원
[2025-10-14 19:04:21] INFO:   📊 20일선: 65,200원
[2025-10-14 19:04:21] INFO:   📉 1차 매수선: 52,260원 (이격도: 45.0%)
[2025-10-14 19:04:21] INFO:   📉 2차 매수선: 47,034원 (이격도: 61.2%)
[2025-10-14 19:04:21] INFO:   📉 3차 매수선: 42,331원 (이격도: 79.1%)
[2025-10-14 19:04:21] INFO: 
[4/66] NAVER (035420) 모니터링 중...
[2025-10-14 19:04:22] INFO:   💰 현재가: 258,000원
[2025-10-14 19:04:22] INFO:   📊 20일선: 247,100원
[2025-10-14 19:04:22] INFO:   📉 1차 매수선: 198,180원 (이격도: 30.2%)
[2025-10-14 19:04:22] INFO:   📉 2차 매수선: 178,362원 (이격도: 44.6%)
[2025-10-14 19:04:22] INFO:   📉 3차 매수선: 160,526원 (이격도: 60.7%)
[2025-10-14 19:04:22] INFO: 
[5/66] 한미반도체 (042700) 모니터링 중...
[2025-10-14 19:04:22] INFO:   💰 현재가: 128,700원
[2025-10-14 19:04:23] INFO:   📊 20일선: 100,060원
[2025-10-14 19:04:23] INFO:   📉 1차 매수선: 80,148원 (이격도: 60.6%)
[2025-10-14 19:04:23] INFO:   📉 2차 매수선: 72,133원 (이격도: 78.4%)
[2025-10-14 19:04:23] INFO:   📉 3차 매수선: 64,920원 (이격도: 98.2%)
[2025-10-14 19:04:23] INFO: 
[6/66] 클로봇 (466100) 모니터링 중...
[2025-10-14 19:04:23] INFO:   💰 현재가: 42,000원
[2025-10-14 19:04:23] INFO:   📊 20일선: 30,660원
[2025-10-14 19:04:23] INFO:   📉 1차 매수선: 24,578원 (이격도: 70.9%)
[2025-10-14 19:04:23] INFO:   📉 2차 매수선: 22,120원 (이격도: 89.9%)
[2025-10-14 19:04:23] INFO:   📉 3차 매수선: 19,908원 (이격도: 111.0%)
[2025-10-14 19:04:23] INFO: 
[7/66] 로보티즈 (108490) 모니터링 중...
[2025-10-14 19:04:24] INFO:   💰 현재가: 185,300원
[2025-10-14 19:04:24] INFO:   📊 20일선: 142,873원
[2025-10-14 19:04:24] INFO:   📉 1차 매수선: 114,798원 (이격도: 61.4%)
[2025-10-14 19:04:24] INFO:   📉 2차 매수선: 103,319원 (이격도: 79.3%)
[2025-10-14 19:04:24] INFO:   📉 3차 매수선: 92,987원 (이격도: 99.3%)
[2025-10-14 19:04:24] INFO: 
[8/66] 삼성전자우 (005935) 모니터링 중...
[2025-10-14 19:04:25] INFO:   💰 현재가: 72,300원
[2025-10-14 19:04:25] INFO:   📊 20일선: 66,720원
[2025-10-14 19:04:25] INFO:   📉 1차 매수선: 53,476원 (이격도: 35.2%)
[2025-10-14 19:04:25] INFO:   📉 2차 매수선: 48,128원 (이격도: 50.2%)
[2025-10-14 19:04:25] INFO:   📉 3차 매수선: 43,316원 (이격도: 66.9%)
[2025-10-14 19:04:25] INFO: 
[9/66] 일동제약 (249420) 모니터링 중...
[2025-10-14 19:04:26] INFO:   💰 현재가: 23,850원
[2025-10-14 19:04:26] INFO:   📊 20일선: 26,682원
[2025-10-14 19:04:26] INFO:   📉 1차 매수선: 21,396원 (이격도: 11.5%)
[2025-10-14 19:04:26] INFO:   📉 2차 매수선: 19,256원 (이격도: 23.9%)
[2025-10-14 19:04:26] INFO:   📉 3차 매수선: 17,331원 (이격도: 37.6%)
[2025-10-14 19:04:26] INFO: 
[10/66] 우리기술투자 (041190) 모니터링 중...
[2025-10-14 19:04:27] INFO:   💰 현재가: 10,020원
[2025-10-14 19:04:27] INFO:   📊 20일선: 10,890원
[2025-10-14 19:04:27] INFO:   📉 1차 매수선: 8,722원 (이격도: 14.9%)
[2025-10-14 19:04:27] INFO:   📉 2차 매수선: 7,849원 (이격도: 27.7%)
[2025-10-14 19:04:27] INFO:   📉 3차 매수선: 7,064원 (이격도: 41.8%)
[2025-10-14 19:04:27] INFO: 
[11/66] NHN KCP (060250) 모니터링 중...
[2025-10-14 19:04:27] INFO:   💰 현재가: 17,440원
[2025-10-14 19:04:28] INFO:   📊 20일선: 16,378원
[2025-10-14 19:04:28] INFO:   📉 1차 매수선: 13,152원 (이격도: 32.6%)
[2025-10-14 19:04:28] INFO:   📉 2차 매수선: 11,837원 (이격도: 47.3%)
[2025-10-14 19:04:28] INFO:   📉 3차 매수선: 10,653원 (이격도: 63.7%)
[2025-10-14 19:04:28] INFO: 
[12/66] 카카오 (035720) 모니터링 중...
[2025-10-14 19:04:28] INFO:   💰 현재가: 59,600원
[2025-10-14 19:04:29] INFO:   📊 20일선: 62,105원
[2025-10-14 19:04:29] INFO:   📉 1차 매수선: 49,734원 (이격도: 19.8%)
[2025-10-14 19:04:29] INFO:   📉 2차 매수선: 44,761원 (이격도: 33.2%)
[2025-10-14 19:04:29] INFO:   📉 3차 매수선: 40,285원 (이격도: 47.9%)
[2025-10-14 19:04:29] INFO: 
[13/66] 레인보우로보틱스 (277810) 모니터링 중...
[2025-10-14 19:04:29] INFO:   💰 현재가: 337,000원
[2025-10-14 19:04:29] INFO:   📊 20일선: 309,825원
[2025-10-14 19:04:29] INFO:   📉 1차 매수선: 248,360원 (이격도: 35.7%)
[2025-10-14 19:04:29] INFO:   📉 2차 매수선: 223,524원 (이격도: 50.8%)
[2025-10-14 19:04:29] INFO:   📉 3차 매수선: 201,172원 (이격도: 67.5%)
[2025-10-14 19:04:29] INFO: 
[14/66] 알테오젠 (196170) 모니터링 중...
[2025-10-14 19:04:30] INFO:   💰 현재가: 446,000원
[2025-10-14 19:04:30] INFO:   📊 20일선: 468,700원
[2025-10-14 19:04:30] INFO:   📉 1차 매수선: 375,460원 (이격도: 18.8%)
[2025-10-14 19:04:30] INFO:   📉 2차 매수선: 337,914원 (이격도: 32.0%)
[2025-10-14 19:04:30] INFO:   📉 3차 매수선: 304,123원 (이격도: 46.7%)
[2025-10-14 19:04:30] INFO: 
[15/66] 셀트리온 (068270) 모니터링 중...
[2025-10-14 19:04:31] INFO:   💰 현재가: 169,700원
[2025-10-14 19:04:31] INFO:   📊 20일선: 173,130원
[2025-10-14 19:04:31] INFO:   📉 1차 매수선: 139,004원 (이격도: 22.1%)
[2025-10-14 19:04:31] INFO:   📉 2차 매수선: 125,104원 (이격도: 35.6%)
[2025-10-14 19:04:31] INFO:   📉 3차 매수선: 112,593원 (이격도: 50.7%)
[2025-10-14 19:04:31] INFO: 
[16/66] 디앤디파마텍 (347850) 모니터링 중...
[2025-10-14 19:04:32] INFO:   💰 현재가: 178,100원
[2025-10-14 19:04:32] INFO:   📊 20일선: 184,515원
[2025-10-14 19:04:32] INFO:   📉 1차 매수선: 148,112원 (이격도: 20.2%)
[2025-10-14 19:04:32] INFO:   📉 2차 매수선: 133,301원 (이격도: 33.6%)
[2025-10-14 19:04:32] INFO:   📉 3차 매수선: 119,971원 (이격도: 48.5%)
[2025-10-14 19:04:32] INFO: 
[17/66] 삼천당제약 (000250) 모니터링 중...
[2025-10-14 19:04:33] INFO:   💰 현재가: 201,500원
[2025-10-14 19:04:33] INFO:   📊 20일선: 219,125원
[2025-10-14 19:04:33] INFO:   📉 1차 매수선: 175,800원 (이격도: 14.6%)
[2025-10-14 19:04:33] INFO:   📉 2차 매수선: 158,220원 (이격도: 27.4%)
[2025-10-14 19:04:33] INFO:   📉 3차 매수선: 142,398원 (이격도: 41.5%)
[2025-10-14 19:04:33] INFO: 
[18/66] 다날 (064260) 모니터링 중...
[2025-10-14 19:04:34] INFO:   💰 현재가: 9,580원
[2025-10-14 19:04:34] INFO:   📊 20일선: 9,758원
[2025-10-14 19:04:34] INFO:   📉 1차 매수선: 7,817원 (이격도: 22.6%)
[2025-10-14 19:04:34] INFO:   📉 2차 매수선: 7,035원 (이격도: 36.2%)
[2025-10-14 19:04:34] INFO:   📉 3차 매수선: 6,332원 (이격도: 51.3%)
[2025-10-14 19:04:34] INFO: 
[19/66] 현대로템 (064350) 모니터링 중...
[2025-10-14 19:04:34] INFO:   💰 현재가: 202,000원
[2025-10-14 19:04:35] INFO:   📊 20일선: 216,925원
[2025-10-14 19:04:35] INFO:   📉 1차 매수선: 174,040원 (이격도: 16.1%)
[2025-10-14 19:04:35] INFO:   📉 2차 매수선: 156,636원 (이격도: 29.0%)
[2025-10-14 19:04:35] INFO:   📉 3차 매수선: 140,972원 (이격도: 43.3%)
[2025-10-14 19:04:35] INFO: 
[20/66] 로보스타 (090360) 모니터링 중...
[2025-10-14 19:04:35] INFO:   💰 현재가: 62,900원
[2025-10-14 19:04:36] INFO:   📊 20일선: 45,130원
[2025-10-14 19:04:36] INFO:   📉 1차 매수선: 36,154원 (이격도: 74.0%)
[2025-10-14 19:04:36] INFO:   📉 2차 매수선: 32,539원 (이격도: 93.3%)
[2025-10-14 19:04:36] INFO:   📉 3차 매수선: 29,285원 (이격도: 114.8%)
[2025-10-14 19:04:36] INFO: 
[21/66] 한국항공우주 (047810) 모니터링 중...
[2025-10-14 19:04:36] INFO:   💰 현재가: 98,600원
[2025-10-14 19:04:37] INFO:   📊 20일선: 105,190원
[2025-10-14 19:04:37] INFO:   📉 1차 매수선: 84,252원 (이격도: 17.0%)
[2025-10-14 19:04:37] INFO:   📉 2차 매수선: 75,827원 (이격도: 30.0%)
[2025-10-14 19:04:37] INFO:   📉 3차 매수선: 68,244원 (이격도: 44.5%)
[2025-10-14 19:04:37] INFO: 
[22/66] 한화오션 (042660) 모니터링 중...
[2025-10-14 19:04:37] INFO:   💰 현재가: 103,100원
[2025-10-14 19:04:37] INFO:   📊 20일선: 109,660원
[2025-10-14 19:04:37] INFO:   📉 1차 매수선: 87,828원 (이격도: 17.4%)
[2025-10-14 19:04:37] INFO:   📉 2차 매수선: 79,045원 (이격도: 30.4%)
[2025-10-14 19:04:37] INFO:   📉 3차 매수선: 71,141원 (이격도: 44.9%)
[2025-10-14 19:04:37] INFO: 
[23/66] 한라캐스트 (125490) 모니터링 중...
[2025-10-14 19:04:38] INFO:   💰 현재가: 8,420원
[2025-10-14 19:04:38] INFO:   📊 20일선: 7,777원
[2025-10-14 19:04:38] INFO:   📉 1차 매수선: 6,232원 (이격도: 35.1%)
[2025-10-14 19:04:38] INFO:   📉 2차 매수선: 5,608원 (이격도: 50.1%)
[2025-10-14 19:04:38] INFO:   📉 3차 매수선: 5,048원 (이격도: 66.8%)
[2025-10-14 19:04:38] INFO: 
[24/66] 지투지바이오 (456160) 모니터링 중...
[2025-10-14 19:04:39] INFO:   💰 현재가: 190,500원
[2025-10-14 19:04:39] INFO:   📊 20일선: 205,105원
[2025-10-14 19:04:39] INFO:   📉 1차 매수선: 164,584원 (이격도: 15.7%)
[2025-10-14 19:04:39] INFO:   📉 2차 매수선: 148,126원 (이격도: 28.6%)
[2025-10-14 19:04:39] INFO:   📉 3차 매수선: 133,313원 (이격도: 42.9%)
[2025-10-14 19:04:39] INFO: 
[25/66] 농심 (004370) 모니터링 중...
[2025-10-14 19:04:39] INFO:   💰 현재가: 429,000원
[2025-10-14 19:04:40] INFO:   📊 20일선: 460,150원
[2025-10-14 19:04:40] INFO:   📉 1차 매수선: 368,620원 (이격도: 16.4%)
[2025-10-14 19:04:40] INFO:   📉 2차 매수선: 331,758원 (이격도: 29.3%)
[2025-10-14 19:04:40] INFO:   📉 3차 매수선: 298,582원 (이격도: 43.7%)
[2025-10-14 19:04:40] INFO: 
[26/66] SK오션플랜트 (100090) 모니터링 중...
[2025-10-14 19:04:40] INFO:   💰 현재가: 22,300원
[2025-10-14 19:04:41] INFO:   📊 20일선: 25,642원
[2025-10-14 19:04:41] INFO:   📉 1차 매수선: 20,564원 (이격도: 8.4%)
[2025-10-14 19:04:41] INFO:   📉 2차 매수선: 18,508원 (이격도: 20.5%)
[2025-10-14 19:04:41] INFO:   📉 3차 매수선: 16,657원 (이격도: 33.9%)
[2025-10-14 19:04:42] INFO: ✓ 텔레그램 전송 성공: me
[2025-10-14 19:04:42] INFO: 🔔 SK오션플랜트 (100090): 1차 매수선 5% 인접 알람 전송
[2025-10-14 19:04:42] INFO: 
[27/66] HJ중공업 (097230) 모니터링 중...
[2025-10-14 19:04:42] INFO:   💰 현재가: 23,950원
[2025-10-14 19:04:42] INFO:   📊 20일선: 28,382원
[2025-10-14 19:04:42] INFO:   📉 1차 매수선: 22,756원 (이격도: 5.2%)
[2025-10-14 19:04:42] INFO:   📉 2차 매수선: 20,480원 (이격도: 16.9%)
[2025-10-14 19:04:42] INFO:   📉 3차 매수선: 18,432원 (이격도: 29.9%)
[2025-10-14 19:04:44] INFO: ✓ 텔레그램 전송 성공: me
[2025-10-14 19:04:44] INFO: 🔔 HJ중공업 (097230): 1차 매수선 5% 인접 알람 전송
[2025-10-14 19:04:44] INFO: 
[28/66] 세진중공업 (075580) 모니터링 중...
[2025-10-14 19:04:44] INFO:   💰 현재가: 19,640원
[2025-10-14 19:04:44] INFO:   📊 20일선: 22,064원
[2025-10-14 19:04:44] INFO:   📉 1차 매수선: 17,701원 (이격도: 11.0%)
[2025-10-14 19:04:44] INFO:   📉 2차 매수선: 15,931원 (이격도: 23.3%)
[2025-10-14 19:04:44] INFO:   📉 3차 매수선: 14,338원 (이격도: 37.0%)
[2025-10-14 19:04:44] INFO: 
[29/66] 엘앤씨바이오 (290650) 모니터링 중...
[2025-10-14 19:04:45] INFO:   💰 현재가: 47,400원
[2025-10-14 19:04:45] INFO:   📊 20일선: 55,228원
[2025-10-14 19:04:45] INFO:   📉 1차 매수선: 44,232원 (이격도: 7.2%)
[2025-10-14 19:04:45] INFO:   📉 2차 매수선: 39,809원 (이격도: 19.1%)
[2025-10-14 19:04:45] INFO:   📉 3차 매수선: 35,828원 (이격도: 32.3%)
[2025-10-14 19:04:46] INFO: ✓ 텔레그램 전송 성공: me
[2025-10-14 19:04:46] INFO: 🔔 엘앤씨바이오 (290650): 1차 매수선 5% 인접 알람 전송
[2025-10-14 19:04:46] INFO: 
[30/66] 한화엔진 (082740) 모니터링 중...
[2025-10-14 19:04:47] INFO:   💰 현재가: 43,700원
[2025-10-14 19:04:47] INFO:   📊 20일선: 44,648원
[2025-10-14 19:04:47] INFO:   📉 1차 매수선: 35,768원 (이격도: 22.2%)
[2025-10-14 19:04:47] INFO:   📉 2차 매수선: 32,191원 (이격도: 35.8%)
[2025-10-14 19:04:47] INFO:   📉 3차 매수선: 28,972원 (이격도: 50.8%)
[2025-10-14 19:04:47] INFO: 
[31/66] 현대힘스 (460930) 모니터링 중...
[2025-10-14 19:04:48] INFO:   💰 현재가: 23,100원
[2025-10-14 19:04:48] INFO:   📊 20일선: 26,355원
[2025-10-14 19:04:48] INFO:   📉 1차 매수선: 21,134원 (이격도: 9.3%)
[2025-10-14 19:04:48] INFO:   📉 2차 매수선: 19,021원 (이격도: 21.4%)
[2025-10-14 19:04:48] INFO:   📉 3차 매수선: 17,119원 (이격도: 34.9%)
[2025-10-14 19:04:49] INFO: ✓ 텔레그램 전송 성공: me
[2025-10-14 19:04:49] INFO: 🔔 현대힘스 (460930): 1차 매수선 5% 인접 알람 전송
[2025-10-14 19:04:49] INFO: 
[32/66] HD한국조선해양 (009540) 모니터링 중...
[2025-10-14 19:04:50] INFO:   💰 현재가: 408,000원
[2025-10-14 19:04:50] INFO:   📊 20일선: 410,100원
[2025-10-14 19:04:50] INFO:   📉 1차 매수선: 328,580원 (이격도: 24.2%)
[2025-10-14 19:04:50] INFO:   📉 2차 매수선: 295,722원 (이격도: 38.0%)
[2025-10-14 19:04:50] INFO:   📉 3차 매수선: 266,150원 (이격도: 53.3%)
[2025-10-14 19:04:50] INFO: 
[33/66] HD현대미포 (010620) 모니터링 중...
[2025-10-14 19:04:51] INFO:   💰 현재가: 196,000원
[2025-10-14 19:04:51] INFO:   📊 20일선: 198,855원
[2025-10-14 19:04:51] INFO:   📉 1차 매수선: 159,584원 (이격도: 22.8%)
[2025-10-14 19:04:51] INFO:   📉 2차 매수선: 143,626원 (이격도: 36.5%)
[2025-10-14 19:04:51] INFO:   📉 3차 매수선: 129,263원 (이격도: 51.6%)
[2025-10-14 19:04:51] INFO: 
[34/66] 삼성중공업 (010140) 모니터링 중...
[2025-10-14 19:04:52] INFO:   💰 현재가: 21,200원
[2025-10-14 19:04:52] INFO:   📊 20일선: 21,655원
[2025-10-14 19:04:52] INFO:   📉 1차 매수선: 17,374원 (이격도: 22.0%)
[2025-10-14 19:04:52] INFO:   📉 2차 매수선: 15,637원 (이격도: 35.6%)
[2025-10-14 19:04:52] INFO:   📉 3차 매수선: 14,073원 (이격도: 50.6%)
[2025-10-14 19:04:52] INFO: 
[35/66] 효성중공업 (298040) 모니터링 중...
[2025-10-14 19:04:53] INFO:   💰 현재가: 1,465,000원
[2025-10-14 19:04:53] INFO:   📊 20일선: 1,401,350원
[2025-10-14 19:04:53] INFO:   📉 1차 매수선: 1,122,080원 (이격도: 30.6%)
[2025-10-14 19:04:53] INFO:   📉 2차 매수선: 1,009,872원 (이격도: 45.1%)
[2025-10-14 19:04:53] INFO:   📉 3차 매수선: 908,885원 (이격도: 61.2%)
[2025-10-14 19:04:53] INFO: 
[36/66] LIG넥스원 (079550) 모니터링 중...
[2025-10-14 19:04:53] INFO:   💰 현재가: 447,000원
[2025-10-14 19:04:54] INFO:   📊 20일선: 496,225원
[2025-10-14 19:04:54] INFO:   📉 1차 매수선: 397,480원 (이격도: 12.5%)
[2025-10-14 19:04:54] INFO:   📉 2차 매수선: 357,732원 (이격도: 25.0%)
[2025-10-14 19:04:54] INFO:   📉 3차 매수선: 321,959원 (이격도: 38.8%)
[2025-10-14 19:04:54] INFO: 
[37/66] 에스엔시스 (0008Z0) 모니터링 중...
[2025-10-14 19:04:54] INFO:   💰 현재가: 38,900원
[2025-10-14 19:04:54] INFO:   📊 20일선: 42,348원
[2025-10-14 19:04:54] INFO:   📉 1차 매수선: 33,928원 (이격도: 14.7%)
[2025-10-14 19:04:54] INFO:   📉 2차 매수선: 30,535원 (이격도: 27.4%)
[2025-10-14 19:04:54] INFO:   📉 3차 매수선: 27,482원 (이격도: 41.5%)
[2025-10-14 19:04:54] INFO: 
[38/66] 삼양컴텍 (484590) 모니터링 중...
[2025-10-14 19:04:55] INFO:   💰 현재가: 16,890원
[2025-10-14 19:04:55] INFO:   📊 20일선: 18,970원
[2025-10-14 19:04:55] INFO:   📉 1차 매수선: 15,226원 (이격도: 10.9%)
[2025-10-14 19:04:55] INFO:   📉 2차 매수선: 13,704원 (이격도: 23.3%)
[2025-10-14 19:04:55] INFO:   📉 3차 매수선: 12,333원 (이격도: 36.9%)
[2025-10-14 19:04:55] INFO: 
[39/66] 에이비엘바이오 (298380) 모니터링 중...
[2025-10-14 19:04:56] INFO:   💰 현재가: 90,000원
[2025-10-14 19:04:56] INFO:   📊 20일선: 98,335원
[2025-10-14 19:04:56] INFO:   📉 1차 매수선: 78,768원 (이격도: 14.3%)
[2025-10-14 19:04:56] INFO:   📉 2차 매수선: 70,891원 (이격도: 27.0%)
[2025-10-14 19:04:56] INFO:   📉 3차 매수선: 63,802원 (이격도: 41.1%)
[2025-10-14 19:04:56] INFO: 
[40/66] LG디스플레이 (034220) 모니터링 중...
[2025-10-14 19:04:56] INFO:   💰 현재가: 14,030원
[2025-10-14 19:04:57] INFO:   📊 20일선: 13,689원
[2025-10-14 19:04:57] INFO:   📉 1차 매수선: 11,001원 (이격도: 27.5%)
[2025-10-14 19:04:57] INFO:   📉 2차 매수선: 9,901원 (이격도: 41.7%)
[2025-10-14 19:04:57] INFO:   📉 3차 매수선: 8,911원 (이격도: 57.4%)
[2025-10-14 19:04:57] INFO: 
[41/66] 한국전력 (015760) 모니터링 중...
[2025-10-14 19:04:57] INFO:   💰 현재가: 37,700원
[2025-10-14 19:04:58] INFO:   📊 20일선: 36,482원
[2025-10-14 19:04:58] INFO:   📉 1차 매수선: 29,236원 (이격도: 29.0%)
[2025-10-14 19:04:58] INFO:   📉 2차 매수선: 26,312원 (이격도: 43.3%)
[2025-10-14 19:04:58] INFO:   📉 3차 매수선: 23,681원 (이격도: 59.2%)
[2025-10-14 19:04:58] INFO: 
[42/66] 대한조선 (439260) 모니터링 중...
[2025-10-14 19:04:58] INFO:   💰 현재가: 75,300원
[2025-10-14 19:04:58] INFO:   📊 20일선: 80,485원
[2025-10-14 19:04:58] INFO:   📉 1차 매수선: 64,488원 (이격도: 16.8%)
[2025-10-14 19:04:58] INFO:   📉 2차 매수선: 58,039원 (이격도: 29.7%)
[2025-10-14 19:04:58] INFO:   📉 3차 매수선: 52,235원 (이격도: 44.2%)
[2025-10-14 19:04:58] INFO: 
[43/66] 에이피알 (278470) 모니터링 중...
[2025-10-14 19:04:59] INFO:   💰 현재가: 247,000원
[2025-10-14 19:04:59] INFO:   📊 20일선: 233,250원
[2025-10-14 19:04:59] INFO:   📉 1차 매수선: 187,100원 (이격도: 32.0%)
[2025-10-14 19:04:59] INFO:   📉 2차 매수선: 168,390원 (이격도: 46.7%)
[2025-10-14 19:04:59] INFO:   📉 3차 매수선: 151,551원 (이격도: 63.0%)
[2025-10-14 19:04:59] INFO: 
[44/66] SK바이오팜 (326030) 모니터링 중...
[2025-10-14 19:05:00] INFO:   💰 현재가: 101,500원
[2025-10-14 19:05:00] INFO:   📊 20일선: 106,350원
[2025-10-14 19:05:00] INFO:   📉 1차 매수선: 85,180원 (이격도: 19.2%)
[2025-10-14 19:05:00] INFO:   📉 2차 매수선: 76,662원 (이격도: 32.4%)
[2025-10-14 19:05:00] INFO:   📉 3차 매수선: 68,996원 (이격도: 47.1%)
[2025-10-14 19:05:00] INFO: 
[45/66] 에코프로비엠 (247540) 모니터링 중...
[2025-10-14 19:05:00] INFO:   💰 현재가: 123,700원
[2025-10-14 19:05:01] INFO:   📊 20일선: 118,245원
[2025-10-14 19:05:01] INFO:   📉 1차 매수선: 94,696원 (이격도: 30.6%)
[2025-10-14 19:05:01] INFO:   📉 2차 매수선: 85,226원 (이격도: 45.1%)
[2025-10-14 19:05:01] INFO:   📉 3차 매수선: 76,704원 (이격도: 61.3%)
[2025-10-14 19:05:01] INFO: 
[46/66] 삼성SDI (006400) 모니터링 중...
[2025-10-14 19:05:01] INFO:   💰 현재가: 220,000원
[2025-10-14 19:05:02] INFO:   📊 20일선: 206,940원
[2025-10-14 19:05:02] INFO:   📉 1차 매수선: 166,052원 (이격도: 32.5%)
[2025-10-14 19:05:02] INFO:   📉 2차 매수선: 149,447원 (이격도: 47.2%)
[2025-10-14 19:05:02] INFO:   📉 3차 매수선: 134,502원 (이격도: 63.6%)
[2025-10-14 19:05:02] INFO: 
[47/66] 한화에어로스페이스 (012450) 모니터링 중...
[2025-10-14 19:05:02] INFO:   💰 현재가: 933,000원
[2025-10-14 19:05:02] INFO:   📊 20일선: 1,027,400원
[2025-10-14 19:05:02] INFO:   📉 1차 매수선: 822,920원 (이격도: 13.4%)
[2025-10-14 19:05:02] INFO:   📉 2차 매수선: 740,628원 (이격도: 26.0%)
[2025-10-14 19:05:02] INFO:   📉 3차 매수선: 666,565원 (이격도: 40.0%)
[2025-10-14 19:05:02] INFO: 
[48/66] 현대차 (005380) 모니터링 중...
[2025-10-14 19:05:03] INFO:   💰 현재가: 223,000원
[2025-10-14 19:05:03] INFO:   📊 20일선: 217,900원
[2025-10-14 19:05:03] INFO:   📉 1차 매수선: 174,820원 (이격도: 27.6%)
[2025-10-14 19:05:03] INFO:   📉 2차 매수선: 157,338원 (이격도: 41.7%)
[2025-10-14 19:05:03] INFO:   📉 3차 매수선: 141,604원 (이격도: 57.5%)
[2025-10-14 19:05:03] INFO: 
[49/66] 한화시스템 (272210) 모니터링 중...
[2025-10-14 19:05:04] INFO:   💰 현재가: 51,500원
[2025-10-14 19:05:04] INFO:   📊 20일선: 57,530원
[2025-10-14 19:05:04] INFO:   📉 1차 매수선: 46,074원 (이격도: 11.8%)
[2025-10-14 19:05:04] INFO:   📉 2차 매수선: 41,467원 (이격도: 24.2%)
[2025-10-14 19:05:04] INFO:   📉 3차 매수선: 37,320원 (이격도: 38.0%)
[2025-10-14 19:05:04] INFO: 
[50/66] 한화솔루션 (009830) 모니터링 중...
[2025-10-14 19:05:05] INFO:   💰 현재가: 27,800원
[2025-10-14 19:05:05] INFO:   📊 20일선: 29,142원
[2025-10-14 19:05:05] INFO:   📉 1차 매수선: 23,364원 (이격도: 19.0%)
[2025-10-14 19:05:05] INFO:   📉 2차 매수선: 21,028원 (이격도: 32.2%)
[2025-10-14 19:05:05] INFO:   📉 3차 매수선: 18,925원 (이격도: 46.9%)
[2025-10-14 19:05:05] INFO: 
[51/66] 삼성전기 (009150) 모니터링 중...
[2025-10-14 19:05:06] INFO:   💰 현재가: 198,200원
[2025-10-14 19:05:06] INFO:   📊 20일선: 196,970원
[2025-10-14 19:05:06] INFO:   📉 1차 매수선: 158,076원 (이격도: 25.4%)
[2025-10-14 19:05:06] INFO:   📉 2차 매수선: 142,268원 (이격도: 39.3%)
[2025-10-14 19:05:06] INFO:   📉 3차 매수선: 128,042원 (이격도: 54.8%)
[2025-10-14 19:05:06] INFO: 
[52/66] 한화비전 (489790) 모니터링 중...
[2025-10-14 19:05:06] INFO:   💰 현재가: 51,300원
[2025-10-14 19:05:07] INFO:   📊 20일선: 56,610원
[2025-10-14 19:05:07] INFO:   📉 1차 매수선: 45,338원 (이격도: 13.2%)
[2025-10-14 19:05:07] INFO:   📉 2차 매수선: 40,804원 (이격도: 25.7%)
[2025-10-14 19:05:07] INFO:   📉 3차 매수선: 36,724원 (이격도: 39.7%)
[2025-10-14 19:05:07] INFO: 
[53/66] HD현대인프라코어 (042670) 모니터링 중...
[2025-10-14 19:05:07] INFO:   💰 현재가: 14,450원
[2025-10-14 19:05:07] INFO:   📊 20일선: 15,392원
[2025-10-14 19:05:07] INFO:   📉 1차 매수선: 12,364원 (이격도: 16.9%)
[2025-10-14 19:05:07] INFO:   📉 2차 매수선: 11,127원 (이격도: 29.9%)
[2025-10-14 19:05:07] INFO:   📉 3차 매수선: 10,015원 (이격도: 44.3%)
[2025-10-14 19:05:07] INFO: 
[54/66] 도우인시스 (484120) 모니터링 중...
[2025-10-14 19:05:08] INFO:   💰 현재가: 28,250원
[2025-10-14 19:05:08] INFO:   📊 20일선: 30,595원
[2025-10-14 19:05:08] INFO:   📉 1차 매수선: 24,526원 (이격도: 15.2%)
[2025-10-14 19:05:08] INFO:   📉 2차 매수선: 22,073원 (이격도: 28.0%)
[2025-10-14 19:05:08] INFO:   📉 3차 매수선: 19,866원 (이격도: 42.2%)
[2025-10-14 19:05:08] INFO: 
[55/66] KBI동양철관 (008970) 모니터링 중...
[2025-10-14 19:05:09] INFO:   💰 현재가: 2,450원
[2025-10-14 19:05:09] INFO:   📊 20일선: 2,664원
[2025-10-14 19:05:09] INFO:   📉 1차 매수선: 2,137원 (이격도: 14.7%)
[2025-10-14 19:05:09] INFO:   📉 2차 매수선: 1,923원 (이격도: 27.4%)
[2025-10-14 19:05:09] INFO:   📉 3차 매수선: 1,731원 (이격도: 41.6%)
[2025-10-14 19:05:09] INFO: 
[56/66] YG PLUS (037270) 모니터링 중...
[2025-10-14 19:05:10] INFO:   💰 현재가: 6,880원
[2025-10-14 19:05:10] INFO:   📊 20일선: 7,976원
[2025-10-14 19:05:10] INFO:   📉 1차 매수선: 6,390원 (이격도: 7.7%)
[2025-10-14 19:05:10] INFO:   📉 2차 매수선: 5,751원 (이격도: 19.6%)
[2025-10-14 19:05:10] INFO:   📉 3차 매수선: 5,176원 (이격도: 32.9%)
[2025-10-14 19:05:11] INFO: ✓ 텔레그램 전송 성공: me
[2025-10-14 19:05:11] INFO: 🔔 YG PLUS (037270): 1차 매수선 5% 인접 알람 전송
[2025-10-14 19:05:11] INFO: 
[57/66] 포스코퓨처엠 (003670) 모니터링 중...
[2025-10-14 19:05:11] INFO:   💰 현재가: 166,700원
[2025-10-14 19:05:12] INFO:   📊 20일선: 143,675원
[2025-10-14 19:05:12] INFO:   📉 1차 매수선: 115,440원 (이격도: 44.4%)
[2025-10-14 19:05:12] INFO:   📉 2차 매수선: 103,896원 (이격도: 60.4%)
[2025-10-14 19:05:12] INFO:   📉 3차 매수선: 93,506원 (이격도: 78.3%)
[2025-10-14 19:05:12] INFO: 
[58/66] 리가켐바이오 (141080) 모니터링 중...
[2025-10-14 19:05:12] INFO:   💰 현재가: 146,700원
[2025-10-14 19:05:13] INFO:   📊 20일선: 150,090원
[2025-10-14 19:05:13] INFO:   📉 1차 매수선: 120,572원 (이격도: 21.7%)
[2025-10-14 19:05:13] INFO:   📉 2차 매수선: 108,515원 (이격도: 35.2%)
[2025-10-14 19:05:13] INFO:   📉 3차 매수선: 97,663원 (이격도: 50.2%)
[2025-10-14 19:05:13] INFO: 
[59/66] 쿠콘 (294570) 모니터링 중...
[2025-10-14 19:05:13] INFO:   💰 현재가: 37,600원
[2025-10-14 19:05:13] INFO:   📊 20일선: 38,265원
[2025-10-14 19:05:13] INFO:   📉 1차 매수선: 30,662원 (이격도: 22.6%)
[2025-10-14 19:05:13] INFO:   📉 2차 매수선: 27,596원 (이격도: 36.3%)
[2025-10-14 19:05:13] INFO:   📉 3차 매수선: 24,836원 (이격도: 51.4%)
[2025-10-14 19:05:13] INFO: 
[60/66] 파인엠텍 (441270) 모니터링 중...
[2025-10-14 19:05:14] INFO:   💰 현재가: 9,820원
[2025-10-14 19:05:14] INFO:   📊 20일선: 11,376원
[2025-10-14 19:05:14] INFO:   📉 1차 매수선: 9,111원 (이격도: 7.8%)
[2025-10-14 19:05:14] INFO:   📉 2차 매수선: 8,200원 (이격도: 19.8%)
[2025-10-14 19:05:14] INFO:   📉 3차 매수선: 7,380원 (이격도: 33.1%)
[2025-10-14 19:05:15] INFO: ✓ 텔레그램 전송 성공: me
[2025-10-14 19:05:15] INFO: 🔔 파인엠텍 (441270): 1차 매수선 5% 인접 알람 전송
[2025-10-14 19:05:15] INFO: 
[61/66] SK스퀘어 (402340) 모니터링 중...
[2025-10-14 19:05:16] INFO:   💰 현재가: 234,500원
[2025-10-14 19:05:16] INFO:   📊 20일선: 213,715원
[2025-10-14 19:05:16] INFO:   📉 1차 매수선: 171,472원 (이격도: 36.8%)
[2025-10-14 19:05:16] INFO:   📉 2차 매수선: 154,325원 (이격도: 52.0%)
[2025-10-14 19:05:16] INFO:   📉 3차 매수선: 138,892원 (이격도: 68.8%)
[2025-10-14 19:05:16] INFO: 
[62/66] POSCO홀딩스 (005490) 모니터링 중...
[2025-10-14 19:05:17] INFO:   💰 현재가: 278,000원
[2025-10-14 19:05:17] INFO:   📊 20일선: 278,500원
[2025-10-14 19:05:17] INFO:   📉 1차 매수선: 223,300원 (이격도: 24.5%)
[2025-10-14 19:05:17] INFO:   📉 2차 매수선: 200,970원 (이격도: 38.3%)
[2025-10-14 19:05:17] INFO:   📉 3차 매수선: 180,873원 (이격도: 53.7%)
[2025-10-14 19:05:17] INFO: 
[63/66] HD현대건설기계 (267270) 모니터링 중...
[2025-10-14 19:05:17] INFO:   💰 현재가: 91,700원
[2025-10-14 19:05:18] INFO:   📊 20일선: 95,200원
[2025-10-14 19:05:18] INFO:   📉 1차 매수선: 76,260원 (이격도: 20.2%)
[2025-10-14 19:05:18] INFO:   📉 2차 매수선: 68,634원 (이격도: 33.6%)
[2025-10-14 19:05:18] INFO:   📉 3차 매수선: 61,771원 (이격도: 48.5%)
[2025-10-14 19:05:18] INFO: 
[64/66] 한화 (000880) 모니터링 중...
[2025-10-14 19:05:18] INFO:   💰 현재가: 79,700원
[2025-10-14 19:05:18] INFO:   📊 20일선: 86,805원
[2025-10-14 19:05:18] INFO:   📉 1차 매수선: 69,544원 (이격도: 14.6%)
[2025-10-14 19:05:18] INFO:   📉 2차 매수선: 62,590원 (이격도: 27.3%)
[2025-10-14 19:05:18] INFO:   📉 3차 매수선: 56,331원 (이격도: 41.5%)
[2025-10-14 19:05:18] INFO: 
[65/66] SK (034730) 모니터링 중...
[2025-10-14 19:05:19] INFO:   💰 현재가: 222,000원
[2025-10-14 19:05:19] INFO:   📊 20일선: 220,250원
[2025-10-14 19:05:19] INFO:   📉 1차 매수선: 176,700원 (이격도: 25.6%)
[2025-10-14 19:05:19] INFO:   📉 2차 매수선: 159,030원 (이격도: 39.6%)
[2025-10-14 19:05:19] INFO:   📉 3차 매수선: 143,127원 (이격도: 55.1%)
[2025-10-14 19:05:19] INFO: 
[66/66] SK이노베이션 (096770) 모니터링 중...
[2025-10-14 19:05:20] INFO:   💰 현재가: 106,200원
[2025-10-14 19:05:20] INFO:   📊 20일선: 104,325원
[2025-10-14 19:05:20] INFO:   📉 1차 매수선: 83,560원 (이격도: 27.1%)
[2025-10-14 19:05:20] INFO:   📉 2차 매수선: 75,204원 (이격도: 41.2%)
[2025-10-14 19:05:20] INFO:   📉 3차 매수선: 67,684원 (이격도: 56.9%)
[2025-10-14 19:05:20] INFO: 
================================================================================
[2025-10-14 19:05:20] INFO: ✓ 모니터링 사이클 완료
[2025-10-14 19:05:20] INFO:   모니터링 종목: 66개
[2025-10-14 19:05:20] INFO:   전송 알람: 6개
[2025-10-14 19:05:20] INFO: ================================================================================
[2025-10-14 19:05:20] INFO: 
⏰ 10분 후 다음 사이클 실행...
[2025-10-14 19:05:20] INFO:    종료하려면 Ctrl+C를 누르세요.
[2025-10-14 19:07:02] INFO: ================================================================================
[2025-10-14 19:07:02] INFO: 🔍 실시간 주식 모니터링 시작
[2025-10-14 19:07:02] INFO: ⏰ 모니터링 간격: 10분
[2025-10-14 19:07:02] INFO: 🕐 모니터링 시간: 08:00-20:00
[2025-10-14 19:07:02] INFO: ================================================================================
[2025-10-14 19:07:02] INFO: 
================================================================================
[2025-10-14 19:07:02] INFO: [사이클 1] 2025-10-14 19:07:02
[2025-10-14 19:07:02] INFO: ================================================================================
[2025-10-14 19:07:02] INFO: ✓ 접근 토큰 발급 성공
[2025-10-14 19:07:03] INFO: ✓ Summary 탭에서 66개 종목 로드
[2025-10-14 19:07:03] INFO: 
[1/66] 삼성전자 (005930) 모니터링 중...
[2025-10-14 19:07:03] INFO:   💰 현재가: 91,600원
[2025-10-14 19:07:03] INFO:   📊 20일선: 84,005원
[2025-10-14 19:07:03] INFO:   📉 1차 매수선: 67,304원 (이격도: 36.1%)
[2025-10-14 19:07:03] INFO:   📉 2차 매수선: 60,574원 (이격도: 51.2%)
[2025-10-14 19:07:03] INFO:   📉 3차 매수선: 54,516원 (이격도: 68.0%)
[2025-10-14 19:07:03] INFO: 
[2/66] SK하이닉스 (000660) 모니터링 중...
[2025-10-14 19:07:04] INFO:   💰 현재가: 411,500원
[2025-10-14 19:07:04] INFO:   📊 20일선: 361,725원
[2025-10-14 19:07:04] INFO:   📉 1차 매수선: 289,880원 (이격도: 42.0%)
[2025-10-14 19:07:04] INFO:   📉 2차 매수선: 260,892원 (이격도: 57.7%)
[2025-10-14 19:07:04] INFO:   📉 3차 매수선: 234,803원 (이격도: 75.3%)
[2025-10-14 19:07:04] INFO: 
[3/66] 두산에너빌리티 (034020) 모니터링 중...
[2025-10-14 19:07:04] INFO:   💰 현재가: 75,800원
[2025-10-14 19:07:05] INFO:   📊 20일선: 65,200원
[2025-10-14 19:07:05] INFO:   📉 1차 매수선: 52,260원 (이격도: 45.0%)
[2025-10-14 19:07:05] INFO:   📉 2차 매수선: 47,034원 (이격도: 61.2%)
[2025-10-14 19:07:05] INFO:   📉 3차 매수선: 42,331원 (이격도: 79.1%)
[2025-10-14 19:07:05] INFO: 
[4/66] NAVER (035420) 모니터링 중...
[2025-10-14 19:07:05] INFO:   💰 현재가: 258,000원
[2025-10-14 19:07:05] INFO:   📊 20일선: 247,100원
[2025-10-14 19:07:05] INFO:   📉 1차 매수선: 198,180원 (이격도: 30.2%)
[2025-10-14 19:07:05] INFO:   📉 2차 매수선: 178,362원 (이격도: 44.6%)
[2025-10-14 19:07:05] INFO:   📉 3차 매수선: 160,526원 (이격도: 60.7%)
[2025-10-14 19:07:05] INFO: 
[5/66] 한미반도체 (042700) 모니터링 중...
[2025-10-14 19:07:06] INFO:   💰 현재가: 128,700원
[2025-10-14 19:07:06] INFO:   📊 20일선: 100,060원
[2025-10-14 19:07:06] INFO:   📉 1차 매수선: 80,148원 (이격도: 60.6%)
[2025-10-14 19:07:06] INFO:   📉 2차 매수선: 72,133원 (이격도: 78.4%)
[2025-10-14 19:07:06] INFO:   📉 3차 매수선: 64,920원 (이격도: 98.2%)
[2025-10-14 19:07:06] INFO: 
[6/66] 클로봇 (466100) 모니터링 중...
[2025-10-14 19:07:07] INFO:   💰 현재가: 42,000원
[2025-10-14 19:07:07] INFO:   📊 20일선: 30,660원
[2025-10-14 19:07:07] INFO:   📉 1차 매수선: 24,578원 (이격도: 70.9%)
[2025-10-14 19:07:07] INFO:   📉 2차 매수선: 22,120원 (이격도: 89.9%)
[2025-10-14 19:07:07] INFO:   📉 3차 매수선: 19,908원 (이격도: 111.0%)
[2025-10-14 19:07:07] INFO: 
[7/66] 로보티즈 (108490) 모니터링 중...
[2025-10-14 19:07:07] INFO:   💰 현재가: 185,300원
[2025-10-14 19:07:07] INFO:   📊 20일선: 142,873원
[2025-10-14 19:07:07] INFO:   📉 1차 매수선: 114,798원 (이격도: 61.4%)
[2025-10-14 19:07:07] INFO:   📉 2차 매수선: 103,319원 (이격도: 79.3%)
[2025-10-14 19:07:07] INFO:   📉 3차 매수선: 92,987원 (이격도: 99.3%)
[2025-10-14 19:07:07] INFO: 
[8/66] 삼성전자우 (005935) 모니터링 중...
[2025-10-14 19:07:08] INFO:   💰 현재가: 72,300원
[2025-10-14 19:07:08] INFO:   📊 20일선: 66,720원
[2025-10-14 19:07:08] INFO:   📉 1차 매수선: 53,476원 (이격도: 35.2%)
[2025-10-14 19:07:08] INFO:   📉 2차 매수선: 48,128원 (이격도: 50.2%)
[2025-10-14 19:07:08] INFO:   📉 3차 매수선: 43,316원 (이격도: 66.9%)
[2025-10-14 19:07:08] INFO: 
[9/66] 일동제약 (249420) 모니터링 중...
[2025-10-14 19:07:09] INFO:   💰 현재가: 23,850원
[2025-10-14 19:07:09] INFO:   📊 20일선: 26,682원
[2025-10-14 19:07:09] INFO:   📉 1차 매수선: 21,396원 (이격도: 11.5%)
[2025-10-14 19:07:09] INFO:   📉 2차 매수선: 19,256원 (이격도: 23.9%)
[2025-10-14 19:07:09] INFO:   📉 3차 매수선: 17,331원 (이격도: 37.6%)
[2025-10-14 19:07:09] INFO: 
[10/66] 우리기술투자 (041190) 모니터링 중...
[2025-10-14 19:07:09] INFO:   💰 현재가: 10,020원
[2025-10-14 19:07:10] INFO:   📊 20일선: 10,890원
[2025-10-14 19:07:10] INFO:   📉 1차 매수선: 8,722원 (이격도: 14.9%)
[2025-10-14 19:07:10] INFO:   📉 2차 매수선: 7,849원 (이격도: 27.7%)
[2025-10-14 19:07:10] INFO:   📉 3차 매수선: 7,064원 (이격도: 41.8%)
[2025-10-14 19:07:10] INFO: 
[11/66] NHN KCP (060250) 모니터링 중...
[2025-10-14 19:07:10] INFO:   💰 현재가: 17,440원
[2025-10-14 19:07:10] INFO:   📊 20일선: 16,378원
[2025-10-14 19:07:10] INFO:   📉 1차 매수선: 13,152원 (이격도: 32.6%)
[2025-10-14 19:07:10] INFO:   📉 2차 매수선: 11,837원 (이격도: 47.3%)
[2025-10-14 19:07:10] INFO:   📉 3차 매수선: 10,653원 (이격도: 63.7%)
[2025-10-14 19:07:10] INFO: 
[12/66] 카카오 (035720) 모니터링 중...
[2025-10-14 19:07:11] INFO:   💰 현재가: 59,600원
[2025-10-14 19:07:11] INFO:   📊 20일선: 62,105원
[2025-10-14 19:07:11] INFO:   📉 1차 매수선: 49,734원 (이격도: 19.8%)
[2025-10-14 19:07:11] INFO:   📉 2차 매수선: 44,761원 (이격도: 33.2%)
[2025-10-14 19:07:11] INFO:   📉 3차 매수선: 40,285원 (이격도: 47.9%)
[2025-10-14 19:07:11] INFO: 
[13/66] 레인보우로보틱스 (277810) 모니터링 중...
[2025-10-14 19:07:12] INFO:   💰 현재가: 337,000원
[2025-10-14 19:07:12] INFO:   📊 20일선: 309,825원
[2025-10-14 19:07:12] INFO:   📉 1차 매수선: 248,360원 (이격도: 35.7%)
[2025-10-14 19:07:12] INFO:   📉 2차 매수선: 223,524원 (이격도: 50.8%)
[2025-10-14 19:07:12] INFO:   📉 3차 매수선: 201,172원 (이격도: 67.5%)
[2025-10-14 19:07:12] INFO: 
[14/66] 알테오젠 (196170) 모니터링 중...
[2025-10-14 19:07:12] INFO:   💰 현재가: 446,000원
[2025-10-14 19:07:13] INFO:   📊 20일선: 468,700원
[2025-10-14 19:07:13] INFO:   📉 1차 매수선: 375,460원 (이격도: 18.8%)
[2025-10-14 19:07:13] INFO:   📉 2차 매수선: 337,914원 (이격도: 32.0%)
[2025-10-14 19:07:13] INFO:   📉 3차 매수선: 304,123원 (이격도: 46.7%)
[2025-10-14 19:07:13] INFO: 
[15/66] 셀트리온 (068270) 모니터링 중...
[2025-10-14 19:07:13] INFO:   💰 현재가: 169,700원
[2025-10-14 19:07:13] INFO:   📊 20일선: 173,130원
[2025-10-14 19:07:13] INFO:   📉 1차 매수선: 139,004원 (이격도: 22.1%)
[2025-10-14 19:07:13] INFO:   📉 2차 매수선: 125,104원 (이격도: 35.6%)
[2025-10-14 19:07:13] INFO:   📉 3차 매수선: 112,593원 (이격도: 50.7%)
[2025-10-14 19:07:13] INFO: 
[16/66] 디앤디파마텍 (347850) 모니터링 중...
[2025-10-14 19:07:14] INFO:   💰 현재가: 178,100원
[2025-10-14 19:07:14] INFO:   📊 20일선: 184,515원
[2025-10-14 19:07:14] INFO:   📉 1차 매수선: 148,112원 (이격도: 20.2%)
[2025-10-14 19:07:14] INFO:   📉 2차 매수선: 133,301원 (이격도: 33.6%)
[2025-10-14 19:07:14] INFO:   📉 3차 매수선: 119,971원 (이격도: 48.5%)
[2025-10-14 19:07:14] INFO: 
[17/66] 삼천당제약 (000250) 모니터링 중...
[2025-10-14 19:07:15] INFO:   💰 현재가: 201,500원
[2025-10-14 19:07:15] INFO:   📊 20일선: 219,125원
[2025-10-14 19:07:15] INFO:   📉 1차 매수선: 175,800원 (이격도: 14.6%)
[2025-10-14 19:07:15] INFO:   📉 2차 매수선: 158,220원 (이격도: 27.4%)
[2025-10-14 19:07:15] INFO:   📉 3차 매수선: 142,398원 (이격도: 41.5%)
[2025-10-14 19:07:15] INFO: 
[18/66] 다날 (064260) 모니터링 중...
[2025-10-14 19:07:15] INFO:   💰 현재가: 9,580원
[2025-10-14 19:07:16] INFO:   📊 20일선: 9,758원
[2025-10-14 19:07:16] INFO:   📉 1차 매수선: 7,817원 (이격도: 22.6%)
[2025-10-14 19:07:16] INFO:   📉 2차 매수선: 7,035원 (이격도: 36.2%)
[2025-10-14 19:07:16] INFO:   📉 3차 매수선: 6,332원 (이격도: 51.3%)
[2025-10-14 19:07:16] INFO: 
[19/66] 현대로템 (064350) 모니터링 중...
[2025-10-14 19:07:16] INFO:   💰 현재가: 202,000원
[2025-10-14 19:07:16] INFO:   📊 20일선: 216,925원
[2025-10-14 19:07:16] INFO:   📉 1차 매수선: 174,040원 (이격도: 16.1%)
[2025-10-14 19:07:16] INFO:   📉 2차 매수선: 156,636원 (이격도: 29.0%)
[2025-10-14 19:07:16] INFO:   📉 3차 매수선: 140,972원 (이격도: 43.3%)
[2025-10-14 19:07:16] INFO: 
[20/66] 로보스타 (090360) 모니터링 중...
[2025-10-14 19:07:17] INFO:   💰 현재가: 62,900원
[2025-10-14 19:07:17] INFO:   📊 20일선: 45,130원
[2025-10-14 19:07:17] INFO:   📉 1차 매수선: 36,154원 (이격도: 74.0%)
[2025-10-14 19:07:17] INFO:   📉 2차 매수선: 32,539원 (이격도: 93.3%)
[2025-10-14 19:07:17] INFO:   📉 3차 매수선: 29,285원 (이격도: 114.8%)
[2025-10-14 19:07:17] INFO: 
[21/66] 한국항공우주 (047810) 모니터링 중...
[2025-10-14 19:07:18] INFO:   💰 현재가: 98,600원
[2025-10-14 19:07:18] INFO:   📊 20일선: 105,190원
[2025-10-14 19:07:18] INFO:   📉 1차 매수선: 84,252원 (이격도: 17.0%)
[2025-10-14 19:07:18] INFO:   📉 2차 매수선: 75,827원 (이격도: 30.0%)
[2025-10-14 19:07:18] INFO:   📉 3차 매수선: 68,244원 (이격도: 44.5%)
[2025-10-14 19:07:18] INFO: 
[22/66] 한화오션 (042660) 모니터링 중...
[2025-10-14 19:07:19] INFO:   💰 현재가: 103,100원
[2025-10-14 19:07:19] INFO:   📊 20일선: 109,660원
[2025-10-14 19:07:19] INFO:   📉 1차 매수선: 87,828원 (이격도: 17.4%)
[2025-10-14 19:07:19] INFO:   📉 2차 매수선: 79,045원 (이격도: 30.4%)
[2025-10-14 19:07:19] INFO:   📉 3차 매수선: 71,141원 (이격도: 44.9%)
[2025-10-14 19:07:19] INFO: 
[23/66] 한라캐스트 (125490) 모니터링 중...
[2025-10-14 19:07:19] INFO:   💰 현재가: 8,420원
[2025-10-14 19:07:19] INFO:   📊 20일선: 7,777원
[2025-10-14 19:07:19] INFO:   📉 1차 매수선: 6,232원 (이격도: 35.1%)
[2025-10-14 19:07:19] INFO:   📉 2차 매수선: 5,608원 (이격도: 50.1%)
[2025-10-14 19:07:19] INFO:   📉 3차 매수선: 5,048원 (이격도: 66.8%)
[2025-10-14 19:07:19] INFO: 
[24/66] 지투지바이오 (456160) 모니터링 중...
[2025-10-14 19:07:20] INFO:   💰 현재가: 190,500원
[2025-10-14 19:07:20] INFO:   📊 20일선: 205,105원
[2025-10-14 19:07:20] INFO:   📉 1차 매수선: 164,584원 (이격도: 15.7%)
[2025-10-14 19:07:20] INFO:   📉 2차 매수선: 148,126원 (이격도: 28.6%)
[2025-10-14 19:07:20] INFO:   📉 3차 매수선: 133,313원 (이격도: 42.9%)
[2025-10-14 19:07:20] INFO: 
[25/66] 농심 (004370) 모니터링 중...
[2025-10-14 19:07:21] INFO:   💰 현재가: 429,000원
[2025-10-14 19:07:21] INFO:   📊 20일선: 460,150원
[2025-10-14 19:07:21] INFO:   📉 1차 매수선: 368,620원 (이격도: 16.4%)
[2025-10-14 19:07:21] INFO:   📉 2차 매수선: 331,758원 (이격도: 29.3%)
[2025-10-14 19:07:21] INFO:   📉 3차 매수선: 298,582원 (이격도: 43.7%)
[2025-10-14 19:07:21] INFO: 
[26/66] SK오션플랜트 (100090) 모니터링 중...
[2025-10-14 19:07:21] INFO:   💰 현재가: 22,300원
[2025-10-14 19:07:22] INFO:   📊 20일선: 25,642원
[2025-10-14 19:07:22] INFO:   📉 1차 매수선: 20,564원 (이격도: 8.4%)
[2025-10-14 19:07:22] INFO:   📉 2차 매수선: 18,508원 (이격도: 20.5%)
[2025-10-14 19:07:22] INFO:   📉 3차 매수선: 16,657원 (이격도: 33.9%)
[2025-10-14 19:07:22] INFO: 
[27/66] HJ중공업 (097230) 모니터링 중...
[2025-10-14 19:07:22] INFO:   💰 현재가: 23,950원
[2025-10-14 19:07:22] INFO:   📊 20일선: 28,382원
[2025-10-14 19:07:22] INFO:   📉 1차 매수선: 22,756원 (이격도: 5.2%)
[2025-10-14 19:07:22] INFO:   📉 2차 매수선: 20,480원 (이격도: 16.9%)
[2025-10-14 19:07:22] INFO:   📉 3차 매수선: 18,432원 (이격도: 29.9%)
[2025-10-14 19:07:22] INFO: 
[28/66] 세진중공업 (075580) 모니터링 중...
[2025-10-14 19:07:23] INFO:   💰 현재가: 19,640원
[2025-10-14 19:07:23] INFO:   📊 20일선: 22,064원
[2025-10-14 19:07:23] INFO:   📉 1차 매수선: 17,701원 (이격도: 11.0%)
[2025-10-14 19:07:23] INFO:   📉 2차 매수선: 15,931원 (이격도: 23.3%)
[2025-10-14 19:07:23] INFO:   📉 3차 매수선: 14,338원 (이격도: 37.0%)
[2025-10-14 19:07:23] INFO: 
[29/66] 엘앤씨바이오 (290650) 모니터링 중...
[2025-10-14 19:07:24] INFO:   💰 현재가: 47,400원
[2025-10-14 19:07:24] INFO:   📊 20일선: 55,228원
[2025-10-14 19:07:24] INFO:   📉 1차 매수선: 44,232원 (이격도: 7.2%)
[2025-10-14 19:07:24] INFO:   📉 2차 매수선: 39,809원 (이격도: 19.1%)
[2025-10-14 19:07:24] INFO:   📉 3차 매수선: 35,828원 (이격도: 32.3%)
[2025-10-14 19:07:24] INFO: 
[30/66] 한화엔진 (082740) 모니터링 중...
[2025-10-14 19:07:24] INFO:   💰 현재가: 43,700원
[2025-10-14 19:07:25] INFO:   📊 20일선: 44,648원
[2025-10-14 19:07:25] INFO:   📉 1차 매수선: 35,768원 (이격도: 22.2%)
[2025-10-14 19:07:25] INFO:   📉 2차 매수선: 32,191원 (이격도: 35.8%)
[2025-10-14 19:07:25] INFO:   📉 3차 매수선: 28,972원 (이격도: 50.8%)
[2025-10-14 19:07:25] INFO: 
[31/66] 현대힘스 (460930) 모니터링 중...
[2025-10-14 19:07:25] INFO:   💰 현재가: 23,100원
[2025-10-14 19:07:25] INFO:   📊 20일선: 26,355원
[2025-10-14 19:07:25] INFO:   📉 1차 매수선: 21,134원 (이격도: 9.3%)
[2025-10-14 19:07:25] INFO:   📉 2차 매수선: 19,021원 (이격도: 21.4%)
[2025-10-14 19:07:25] INFO:   📉 3차 매수선: 17,119원 (이격도: 34.9%)
[2025-10-14 19:07:25] INFO: 
[32/66] HD한국조선해양 (009540) 모니터링 중...
[2025-10-14 19:07:26] INFO:   💰 현재가: 408,000원
[2025-10-14 19:07:26] INFO:   📊 20일선: 410,100원
[2025-10-14 19:07:26] INFO:   📉 1차 매수선: 328,580원 (이격도: 24.2%)
[2025-10-14 19:07:26] INFO:   📉 2차 매수선: 295,722원 (이격도: 38.0%)
[2025-10-14 19:07:26] INFO:   📉 3차 매수선: 266,150원 (이격도: 53.3%)
[2025-10-14 19:07:26] INFO: 
[33/66] HD현대미포 (010620) 모니터링 중...
[2025-10-14 19:07:27] INFO:   💰 현재가: 196,000원
[2025-10-14 19:07:27] INFO:   📊 20일선: 198,855원
[2025-10-14 19:07:27] INFO:   📉 1차 매수선: 159,584원 (이격도: 22.8%)
[2025-10-14 19:07:27] INFO:   📉 2차 매수선: 143,626원 (이격도: 36.5%)
[2025-10-14 19:07:27] INFO:   📉 3차 매수선: 129,263원 (이격도: 51.6%)
[2025-10-14 19:07:27] INFO: 
[34/66] 삼성중공업 (010140) 모니터링 중...
[2025-10-14 19:07:27] INFO:   💰 현재가: 21,200원
[2025-10-14 19:07:28] INFO:   📊 20일선: 21,655원
[2025-10-14 19:07:28] INFO:   📉 1차 매수선: 17,374원 (이격도: 22.0%)
[2025-10-14 19:07:28] INFO:   📉 2차 매수선: 15,637원 (이격도: 35.6%)
[2025-10-14 19:07:28] INFO:   📉 3차 매수선: 14,073원 (이격도: 50.6%)
[2025-10-14 19:07:28] INFO: 
[35/66] 효성중공업 (298040) 모니터링 중...
[2025-10-14 19:07:28] INFO:   💰 현재가: 1,465,000원
[2025-10-14 19:07:28] INFO:   📊 20일선: 1,401,350원
[2025-10-14 19:07:28] INFO:   📉 1차 매수선: 1,122,080원 (이격도: 30.6%)
[2025-10-14 19:07:28] INFO:   📉 2차 매수선: 1,009,872원 (이격도: 45.1%)
[2025-10-14 19:07:28] INFO:   📉 3차 매수선: 908,885원 (이격도: 61.2%)
[2025-10-14 19:07:28] INFO: 
[36/66] LIG넥스원 (079550) 모니터링 중...
[2025-10-14 19:07:29] INFO:   💰 현재가: 447,000원
[2025-10-14 19:07:29] INFO:   📊 20일선: 496,225원
[2025-10-14 19:07:29] INFO:   📉 1차 매수선: 397,480원 (이격도: 12.5%)
[2025-10-14 19:07:29] INFO:   📉 2차 매수선: 357,732원 (이격도: 25.0%)
[2025-10-14 19:07:29] INFO:   📉 3차 매수선: 321,959원 (이격도: 38.8%)
[2025-10-14 19:07:29] INFO: 
[37/66] 에스엔시스 (0008Z0) 모니터링 중...
[2025-10-14 19:07:30] INFO:   💰 현재가: 38,900원
[2025-10-14 19:07:30] INFO:   📊 20일선: 42,348원
[2025-10-14 19:07:30] INFO:   📉 1차 매수선: 33,928원 (이격도: 14.7%)
[2025-10-14 19:07:30] INFO:   📉 2차 매수선: 30,535원 (이격도: 27.4%)
[2025-10-14 19:07:30] INFO:   📉 3차 매수선: 27,482원 (이격도: 41.5%)
[2025-10-14 19:07:30] INFO: 
[38/66] 삼양컴텍 (484590) 모니터링 중...
[2025-10-14 19:07:30] INFO:   💰 현재가: 16,890원
[2025-10-14 19:07:30] INFO:   📊 20일선: 18,970원
[2025-10-14 19:07:30] INFO:   📉 1차 매수선: 15,226원 (이격도: 10.9%)
[2025-10-14 19:07:30] INFO:   📉 2차 매수선: 13,704원 (이격도: 23.3%)
[2025-10-14 19:07:30] INFO:   📉 3차 매수선: 12,333원 (이격도: 36.9%)
[2025-10-14 19:07:30] INFO: 
[39/66] 에이비엘바이오 (298380) 모니터링 중...
[2025-10-14 19:07:31] INFO:   💰 현재가: 90,000원
[2025-10-14 19:07:31] INFO:   📊 20일선: 98,335원
[2025-10-14 19:07:31] INFO:   📉 1차 매수선: 78,768원 (이격도: 14.3%)
[2025-10-14 19:07:31] INFO:   📉 2차 매수선: 70,891원 (이격도: 27.0%)
[2025-10-14 19:07:31] INFO:   📉 3차 매수선: 63,802원 (이격도: 41.1%)
[2025-10-14 19:07:31] INFO: 
[40/66] LG디스플레이 (034220) 모니터링 중...
[2025-10-14 19:07:32] INFO:   💰 현재가: 14,030원
[2025-10-14 19:07:32] INFO:   📊 20일선: 13,689원
[2025-10-14 19:07:32] INFO:   📉 1차 매수선: 11,001원 (이격도: 27.5%)
[2025-10-14 19:07:32] INFO:   📉 2차 매수선: 9,901원 (이격도: 41.7%)
[2025-10-14 19:07:32] INFO:   📉 3차 매수선: 8,911원 (이격도: 57.4%)
[2025-10-14 19:07:32] INFO: 
[41/66] 한국전력 (015760) 모니터링 중...
[2025-10-14 19:07:32] INFO:   💰 현재가: 37,700원
[2025-10-14 19:07:33] INFO:   📊 20일선: 36,482원
[2025-10-14 19:07:33] INFO:   📉 1차 매수선: 29,236원 (이격도: 29.0%)
[2025-10-14 19:07:33] INFO:   📉 2차 매수선: 26,312원 (이격도: 43.3%)
[2025-10-14 19:07:33] INFO:   📉 3차 매수선: 23,681원 (이격도: 59.2%)
[2025-10-14 19:07:33] INFO: 
[42/66] 대한조선 (439260) 모니터링 중...
[2025-10-14 19:07:33] INFO:   💰 현재가: 75,300원
[2025-10-14 19:07:33] INFO:   📊 20일선: 80,485원
[2025-10-14 19:07:33] INFO:   📉 1차 매수선: 64,488원 (이격도: 16.8%)
[2025-10-14 19:07:33] INFO:   📉 2차 매수선: 58,039원 (이격도: 29.7%)
[2025-10-14 19:07:33] INFO:   📉 3차 매수선: 52,235원 (이격도: 44.2%)
[2025-10-14 19:07:33] INFO: 
[43/66] 에이피알 (278470) 모니터링 중...
[2025-10-14 19:07:34] INFO:   💰 현재가: 247,000원
[2025-10-14 19:07:34] INFO:   📊 20일선: 233,250원
[2025-10-14 19:07:34] INFO:   📉 1차 매수선: 187,100원 (이격도: 32.0%)
[2025-10-14 19:07:34] INFO:   📉 2차 매수선: 168,390원 (이격도: 46.7%)
[2025-10-14 19:07:34] INFO:   📉 3차 매수선: 151,551원 (이격도: 63.0%)
[2025-10-14 19:07:34] INFO: 
[44/66] SK바이오팜 (326030) 모니터링 중...
[2025-10-14 19:07:35] INFO:   💰 현재가: 101,500원
[2025-10-14 19:07:35] INFO:   📊 20일선: 106,350원
[2025-10-14 19:07:35] INFO:   📉 1차 매수선: 85,180원 (이격도: 19.2%)
[2025-10-14 19:07:35] INFO:   📉 2차 매수선: 76,662원 (이격도: 32.4%)
[2025-10-14 19:07:35] INFO:   📉 3차 매수선: 68,996원 (이격도: 47.1%)
[2025-10-14 19:07:35] INFO: 
[45/66] 에코프로비엠 (247540) 모니터링 중...
[2025-10-14 19:07:35] INFO:   💰 현재가: 123,700원
[2025-10-14 19:07:35] INFO:   📊 20일선: 118,245원
[2025-10-14 19:07:35] INFO:   📉 1차 매수선: 94,696원 (이격도: 30.6%)
[2025-10-14 19:07:35] INFO:   📉 2차 매수선: 85,226원 (이격도: 45.1%)
[2025-10-14 19:07:35] INFO:   📉 3차 매수선: 76,704원 (이격도: 61.3%)
[2025-10-14 19:07:35] INFO: 
[46/66] 삼성SDI (006400) 모니터링 중...
[2025-10-14 19:07:36] INFO:   💰 현재가: 220,000원
[2025-10-14 19:07:36] INFO:   📊 20일선: 206,940원
[2025-10-14 19:07:36] INFO:   📉 1차 매수선: 166,052원 (이격도: 32.5%)
[2025-10-14 19:07:36] INFO:   📉 2차 매수선: 149,447원 (이격도: 47.2%)
[2025-10-14 19:07:36] INFO:   📉 3차 매수선: 134,502원 (이격도: 63.6%)
[2025-10-14 19:07:36] INFO: 
[47/66] 한화에어로스페이스 (012450) 모니터링 중...
[2025-10-14 19:07:37] INFO:   💰 현재가: 933,000원
[2025-10-14 19:07:37] INFO:   📊 20일선: 1,027,400원
[2025-10-14 19:07:37] INFO:   📉 1차 매수선: 822,920원 (이격도: 13.4%)
[2025-10-14 19:07:37] INFO:   📉 2차 매수선: 740,628원 (이격도: 26.0%)
[2025-10-14 19:07:37] INFO:   📉 3차 매수선: 666,565원 (이격도: 40.0%)
[2025-10-14 19:07:37] INFO: 
[48/66] 현대차 (005380) 모니터링 중...
[2025-10-14 19:07:38] INFO:   💰 현재가: 223,000원
[2025-10-14 19:07:38] INFO:   📊 20일선: 217,900원
[2025-10-14 19:07:38] INFO:   📉 1차 매수선: 174,820원 (이격도: 27.6%)
[2025-10-14 19:07:38] INFO:   📉 2차 매수선: 157,338원 (이격도: 41.7%)
[2025-10-14 19:07:38] INFO:   📉 3차 매수선: 141,604원 (이격도: 57.5%)
[2025-10-14 19:07:38] INFO: 
[49/66] 한화시스템 (272210) 모니터링 중...
[2025-10-14 19:07:38] INFO:   💰 현재가: 51,500원
[2025-10-14 19:07:38] INFO:   📊 20일선: 57,530원
[2025-10-14 19:07:38] INFO:   📉 1차 매수선: 46,074원 (이격도: 11.8%)
[2025-10-14 19:07:38] INFO:   📉 2차 매수선: 41,467원 (이격도: 24.2%)
[2025-10-14 19:07:38] INFO:   📉 3차 매수선: 37,320원 (이격도: 38.0%)
[2025-10-14 19:07:38] INFO: 
[50/66] 한화솔루션 (009830) 모니터링 중...
[2025-10-14 19:07:39] INFO:   💰 현재가: 27,800원
[2025-10-14 19:07:39] INFO:   📊 20일선: 29,142원
[2025-10-14 19:07:39] INFO:   📉 1차 매수선: 23,364원 (이격도: 19.0%)
[2025-10-14 19:07:39] INFO:   📉 2차 매수선: 21,028원 (이격도: 32.2%)
[2025-10-14 19:07:39] INFO:   📉 3차 매수선: 18,925원 (이격도: 46.9%)
[2025-10-14 19:07:39] INFO: 
[51/66] 삼성전기 (009150) 모니터링 중...
[2025-10-14 19:07:40] INFO:   💰 현재가: 198,200원
[2025-10-14 19:07:40] INFO:   📊 20일선: 196,970원
[2025-10-14 19:07:40] INFO:   📉 1차 매수선: 158,076원 (이격도: 25.4%)
[2025-10-14 19:07:40] INFO:   📉 2차 매수선: 142,268원 (이격도: 39.3%)
[2025-10-14 19:07:40] INFO:   📉 3차 매수선: 128,042원 (이격도: 54.8%)
[2025-10-14 19:07:40] INFO: 
[52/66] 한화비전 (489790) 모니터링 중...
[2025-10-14 19:07:40] INFO:   💰 현재가: 51,300원
[2025-10-14 19:07:41] INFO:   📊 20일선: 56,610원
[2025-10-14 19:07:41] INFO:   📉 1차 매수선: 45,338원 (이격도: 13.2%)
[2025-10-14 19:07:41] INFO:   📉 2차 매수선: 40,804원 (이격도: 25.7%)
[2025-10-14 19:07:41] INFO:   📉 3차 매수선: 36,724원 (이격도: 39.7%)
[2025-10-14 19:07:41] INFO: 
[53/66] HD현대인프라코어 (042670) 모니터링 중...
[2025-10-14 19:07:41] INFO:   💰 현재가: 14,450원
[2025-10-14 19:07:41] INFO:   📊 20일선: 15,392원
[2025-10-14 19:07:41] INFO:   📉 1차 매수선: 12,364원 (이격도: 16.9%)
[2025-10-14 19:07:41] INFO:   📉 2차 매수선: 11,127원 (이격도: 29.9%)
[2025-10-14 19:07:41] INFO:   📉 3차 매수선: 10,015원 (이격도: 44.3%)
[2025-10-14 19:07:41] INFO: 
[54/66] 도우인시스 (484120) 모니터링 중...
[2025-10-14 19:07:42] INFO:   💰 현재가: 28,250원
[2025-10-14 19:07:42] INFO:   📊 20일선: 30,595원
[2025-10-14 19:07:42] INFO:   📉 1차 매수선: 24,526원 (이격도: 15.2%)
[2025-10-14 19:07:42] INFO:   📉 2차 매수선: 22,073원 (이격도: 28.0%)
[2025-10-14 19:07:42] INFO:   📉 3차 매수선: 19,866원 (이격도: 42.2%)
[2025-10-14 19:07:42] INFO: 
[55/66] KBI동양철관 (008970) 모니터링 중...
[2025-10-14 19:07:43] INFO:   💰 현재가: 2,450원
[2025-10-14 19:07:43] INFO:   📊 20일선: 2,664원
[2025-10-14 19:07:43] INFO:   📉 1차 매수선: 2,137원 (이격도: 14.7%)
[2025-10-14 19:07:43] INFO:   📉 2차 매수선: 1,923원 (이격도: 27.4%)
[2025-10-14 19:07:43] INFO:   📉 3차 매수선: 1,731원 (이격도: 41.6%)
[2025-10-14 19:07:43] INFO: 
[56/66] YG PLUS (037270) 모니터링 중...
[2025-10-14 19:07:43] INFO:   💰 현재가: 6,880원
[2025-10-14 19:07:43] INFO:   📊 20일선: 7,976원
[2025-10-14 19:07:43] INFO:   📉 1차 매수선: 6,390원 (이격도: 7.7%)
[2025-10-14 19:07:43] INFO:   📉 2차 매수선: 5,751원 (이격도: 19.6%)
[2025-10-14 19:07:43] INFO:   📉 3차 매수선: 5,176원 (이격도: 32.9%)
[2025-10-14 19:07:43] INFO: 
[57/66] 포스코퓨처엠 (003670) 모니터링 중...
[2025-10-14 19:07:44] INFO:   💰 현재가: 166,700원
[2025-10-14 19:07:44] INFO:   📊 20일선: 143,675원
[2025-10-14 19:07:44] INFO:   📉 1차 매수선: 115,440원 (이격도: 44.4%)
[2025-10-14 19:07:44] INFO:   📉 2차 매수선: 103,896원 (이격도: 60.4%)
[2025-10-14 19:07:44] INFO:   📉 3차 매수선: 93,506원 (이격도: 78.3%)
[2025-10-14 19:07:44] INFO: 
[58/66] 리가켐바이오 (141080) 모니터링 중...
[2025-10-14 19:07:45] INFO:   💰 현재가: 146,700원
[2025-10-14 19:07:45] INFO:   📊 20일선: 150,090원
[2025-10-14 19:07:45] INFO:   📉 1차 매수선: 120,572원 (이격도: 21.7%)
[2025-10-14 19:07:45] INFO:   📉 2차 매수선: 108,515원 (이격도: 35.2%)
[2025-10-14 19:07:45] INFO:   📉 3차 매수선: 97,663원 (이격도: 50.2%)
[2025-10-14 19:07:45] INFO: 
[59/66] 쿠콘 (294570) 모니터링 중...
[2025-10-14 19:07:46] INFO:   💰 현재가: 37,600원
[2025-10-14 19:07:46] INFO:   📊 20일선: 38,265원
[2025-10-14 19:07:46] INFO:   📉 1차 매수선: 30,662원 (이격도: 22.6%)
[2025-10-14 19:07:46] INFO:   📉 2차 매수선: 27,596원 (이격도: 36.3%)
[2025-10-14 19:07:46] INFO:   📉 3차 매수선: 24,836원 (이격도: 51.4%)
[2025-10-14 19:07:46] INFO: 
[60/66] 파인엠텍 (441270) 모니터링 중...
[2025-10-14 19:07:46] INFO:   💰 현재가: 9,820원
[2025-10-14 19:07:47] INFO:   📊 20일선: 11,376원
[2025-10-14 19:07:47] INFO:   📉 1차 매수선: 9,111원 (이격도: 7.8%)
[2025-10-14 19:07:47] INFO:   📉 2차 매수선: 8,200원 (이격도: 19.8%)
[2025-10-14 19:07:47] INFO:   📉 3차 매수선: 7,380원 (이격도: 33.1%)
[2025-10-14 19:07:47] INFO: 
[61/66] SK스퀘어 (402340) 모니터링 중...
[2025-10-14 19:07:47] INFO:   💰 현재가: 234,500원
[2025-10-14 19:07:47] INFO:   📊 20일선: 213,715원
[2025-10-14 19:07:47] INFO:   📉 1차 매수선: 171,472원 (이격도: 36.8%)
[2025-10-14 19:07:47] INFO:   📉 2차 매수선: 154,325원 (이격도: 52.0%)
[2025-10-14 19:07:47] INFO:   📉 3차 매수선: 138,892원 (이격도: 68.8%)
[2025-10-14 19:07:47] INFO: 
[62/66] POSCO홀딩스 (005490) 모니터링 중...
[2025-10-14 19:07:48] INFO:   💰 현재가: 278,000원
[2025-10-14 19:07:48] INFO:   📊 20일선: 278,500원
[2025-10-14 19:07:48] INFO:   📉 1차 매수선: 223,300원 (이격도: 24.5%)
[2025-10-14 19:07:48] INFO:   📉 2차 매수선: 200,970원 (이격도: 38.3%)
[2025-10-14 19:07:48] INFO:   📉 3차 매수선: 180,873원 (이격도: 53.7%)
[2025-10-14 19:07:48] INFO: 
[63/66] HD현대건설기계 (267270) 모니터링 중...
[2025-10-14 19:07:49] INFO:   💰 현재가: 91,700원
[2025-10-14 19:07:49] INFO:   📊 20일선: 95,200원
[2025-10-14 19:07:49] INFO:   📉 1차 매수선: 76,260원 (이격도: 20.2%)
[2025-10-14 19:07:49] INFO:   📉 2차 매수선: 68,634원 (이격도: 33.6%)
[2025-10-14 19:07:49] INFO:   📉 3차 매수선: 61,771원 (이격도: 48.5%)
[2025-10-14 19:07:49] INFO: 
[64/66] 한화 (000880) 모니터링 중...
[2025-10-14 19:07:49] INFO:   💰 현재가: 79,700원
[2025-10-14 19:07:49] INFO:   📊 20일선: 86,805원
[2025-10-14 19:07:49] INFO:   📉 1차 매수선: 69,544원 (이격도: 14.6%)
[2025-10-14 19:07:49] INFO:   📉 2차 매수선: 62,590원 (이격도: 27.3%)
[2025-10-14 19:07:49] INFO:   📉 3차 매수선: 56,331원 (이격도: 41.5%)
[2025-10-14 19:07:49] INFO: 
[65/66] SK (034730) 모니터링 중...
[2025-10-14 19:07:50] INFO:   💰 현재가: 222,000원
[2025-10-14 19:07:50] INFO:   📊 20일선: 220,250원
[2025-10-14 19:07:50] INFO:   📉 1차 매수선: 176,700원 (이격도: 25.6%)
[2025-10-14 19:07:50] INFO:   📉 2차 매수선: 159,030원 (이격도: 39.6%)
[2025-10-14 19:07:50] INFO:   📉 3차 매수선: 143,127원 (이격도: 55.1%)
[2025-10-14 19:07:50] INFO: 
[66/66] SK이노베이션 (096770) 모니터링 중...
[2025-10-14 19:07:51] INFO:   💰 현재가: 106,200원
[2025-10-14 19:07:51] INFO:   📊 20일선: 104,325원
[2025-10-14 19:07:51] INFO:   📉 1차 매수선: 83,560원 (이격도: 27.1%)
[2025-10-14 19:07:51] INFO:   📉 2차 매수선: 75,204원 (이격도: 41.2%)
[2025-10-14 19:07:51] INFO:   📉 3차 매수선: 67,684원 (이격도: 56.9%)
[2025-10-14 19:07:51] INFO: 
================================================================================
[2025-10-14 19:07:51] INFO: ✓ 모니터링 사이클 완료
[2025-10-14 19:07:51] INFO:   모니터링 종목: 66개
[2025-10-14 19:07:51] INFO:   전송 알람: 0개
[2025-10-14 19:07:51] INFO: ================================================================================
[2025-10-14 19:07:51] INFO: 
⏰ 10분 후 다음 사이클 실행...
[2025-10-14 19:07:51] INFO:    종료하려면 Ctrl+C를 누르세요.
[2025-10-14 19:17:51] INFO: 
================================================================================
[2025-10-14 19:17:51] INFO: [사이클 2] 2025-10-14 19:17:51
[2025-10-14 19:17:51] INFO: ================================================================================
[2025-10-14 19:17:51] INFO: ✓ Summary 탭에서 66개 종목 로드
[2025-10-14 19:17:51] INFO: 
[1/66] 삼성전자 (005930) 모니터링 중...
[2025-10-14 19:17:51] INFO:   💰 현재가: 91,600원
[2025-10-14 19:17:51] INFO:   📊 20일선: 84,005원
[2025-10-14 19:17:51] INFO:   📉 1차 매수선: 67,304원 (이격도: 36.1%)
[2025-10-14 19:17:51] INFO:   📉 2차 매수선: 60,574원 (이격도: 51.2%)
[2025-10-14 19:17:51] INFO:   📉 3차 매수선: 54,516원 (이격도: 68.0%)
[2025-10-14 19:17:51] INFO: 
[2/66] SK하이닉스 (000660) 모니터링 중...
[2025-10-14 19:17:52] INFO:   💰 현재가: 411,500원
[2025-10-14 19:17:52] INFO:   📊 20일선: 361,725원
[2025-10-14 19:17:52] INFO:   📉 1차 매수선: 289,880원 (이격도: 42.0%)
[2025-10-14 19:17:52] INFO:   📉 2차 매수선: 260,892원 (이격도: 57.7%)
[2025-10-14 19:17:52] INFO:   📉 3차 매수선: 234,803원 (이격도: 75.3%)
[2025-10-14 19:17:52] INFO: 
[3/66] 두산에너빌리티 (034020) 모니터링 중...
[2025-10-14 19:17:53] INFO:   💰 현재가: 75,800원
[2025-10-14 19:17:53] INFO:   📊 20일선: 65,200원
[2025-10-14 19:17:53] INFO:   📉 1차 매수선: 52,260원 (이격도: 45.0%)
[2025-10-14 19:17:53] INFO:   📉 2차 매수선: 47,034원 (이격도: 61.2%)
[2025-10-14 19:17:53] INFO:   📉 3차 매수선: 42,331원 (이격도: 79.1%)
[2025-10-14 19:17:53] INFO: 
[4/66] NAVER (035420) 모니터링 중...
[2025-10-14 19:17:53] INFO:   💰 현재가: 258,000원
[2025-10-14 19:17:53] INFO:   📊 20일선: 247,100원
[2025-10-14 19:17:53] INFO:   📉 1차 매수선: 198,180원 (이격도: 30.2%)
[2025-10-14 19:17:54] INFO:   📉 2차 매수선: 178,362원 (이격도: 44.6%)
[2025-10-14 19:17:54] INFO:   📉 3차 매수선: 160,526원 (이격도: 60.7%)
[2025-10-14 19:17:54] INFO: 
[5/66] 한미반도체 (042700) 모니터링 중...
[2025-10-14 19:17:54] INFO:   💰 현재가: 128,700원
[2025-10-14 19:17:54] INFO:   📊 20일선: 100,060원
[2025-10-14 19:17:54] INFO:   📉 1차 매수선: 80,148원 (이격도: 60.6%)
[2025-10-14 19:17:54] INFO:   📉 2차 매수선: 72,133원 (이격도: 78.4%)
[2025-10-14 19:17:54] INFO:   📉 3차 매수선: 64,920원 (이격도: 98.2%)
[2025-10-14 19:17:54] INFO: 
[6/66] 클로봇 (466100) 모니터링 중...
[2025-10-14 19:17:55] INFO:   💰 현재가: 42,000원
[2025-10-14 19:17:55] INFO:   📊 20일선: 30,660원
[2025-10-14 19:17:55] INFO:   📉 1차 매수선: 24,578원 (이격도: 70.9%)
[2025-10-14 19:17:55] INFO:   📉 2차 매수선: 22,120원 (이격도: 89.9%)
[2025-10-14 19:17:55] INFO:   📉 3차 매수선: 19,908원 (이격도: 111.0%)
[2025-10-14 19:17:55] INFO: 
[7/66] 로보티즈 (108490) 모니터링 중...
[2025-10-14 19:17:55] INFO:   💰 현재가: 185,300원
[2025-10-14 19:17:56] INFO:   📊 20일선: 142,873원
[2025-10-14 19:17:56] INFO:   📉 1차 매수선: 114,798원 (이격도: 61.4%)
[2025-10-14 19:17:56] INFO:   📉 2차 매수선: 103,319원 (이격도: 79.3%)
[2025-10-14 19:17:56] INFO:   📉 3차 매수선: 92,987원 (이격도: 99.3%)
[2025-10-14 19:17:56] INFO: 
[8/66] 삼성전자우 (005935) 모니터링 중...
[2025-10-14 19:17:56] INFO:   💰 현재가: 72,300원
[2025-10-14 19:17:57] INFO:   📊 20일선: 66,720원
[2025-10-14 19:17:57] INFO:   📉 1차 매수선: 53,476원 (이격도: 35.2%)
[2025-10-14 19:17:57] INFO:   📉 2차 매수선: 48,128원 (이격도: 50.2%)
[2025-10-14 19:17:57] INFO:   📉 3차 매수선: 43,316원 (이격도: 66.9%)
[2025-10-14 19:17:57] INFO: 
[9/66] 일동제약 (249420) 모니터링 중...
[2025-10-14 19:17:57] INFO:   💰 현재가: 23,850원
[2025-10-14 19:17:57] INFO:   📊 20일선: 26,682원
[2025-10-14 19:17:57] INFO:   📉 1차 매수선: 21,396원 (이격도: 11.5%)
[2025-10-14 19:17:57] INFO:   📉 2차 매수선: 19,256원 (이격도: 23.9%)
[2025-10-14 19:17:57] INFO:   📉 3차 매수선: 17,331원 (이격도: 37.6%)
[2025-10-14 19:17:57] INFO: 
[10/66] 우리기술투자 (041190) 모니터링 중...
[2025-10-14 19:17:58] INFO:   💰 현재가: 10,020원
[2025-10-14 19:17:58] INFO:   📊 20일선: 10,890원
[2025-10-14 19:17:58] INFO:   📉 1차 매수선: 8,722원 (이격도: 14.9%)
[2025-10-14 19:17:58] INFO:   📉 2차 매수선: 7,849원 (이격도: 27.7%)
[2025-10-14 19:17:58] INFO:   📉 3차 매수선: 7,064원 (이격도: 41.8%)
[2025-10-14 19:17:58] INFO: 
[11/66] NHN KCP (060250) 모니터링 중...
[2025-10-14 19:17:59] INFO:   💰 현재가: 17,440원
[2025-10-14 19:17:59] INFO:   📊 20일선: 16,378원
[2025-10-14 19:17:59] INFO:   📉 1차 매수선: 13,152원 (이격도: 32.6%)
[2025-10-14 19:17:59] INFO:   📉 2차 매수선: 11,837원 (이격도: 47.3%)
[2025-10-14 19:17:59] INFO:   📉 3차 매수선: 10,653원 (이격도: 63.7%)
[2025-10-14 19:17:59] INFO: 
[12/66] 카카오 (035720) 모니터링 중...
[2025-10-14 19:18:00] INFO:   💰 현재가: 59,600원
[2025-10-14 19:18:00] INFO:   📊 20일선: 62,105원
[2025-10-14 19:18:00] INFO:   📉 1차 매수선: 49,734원 (이격도: 19.8%)
[2025-10-14 19:18:00] INFO:   📉 2차 매수선: 44,761원 (이격도: 33.2%)
[2025-10-14 19:18:00] INFO:   📉 3차 매수선: 40,285원 (이격도: 47.9%)
[2025-10-14 19:18:00] INFO: 
[13/66] 레인보우로보틱스 (277810) 모니터링 중...
[2025-10-14 19:18:01] INFO:   💰 현재가: 337,000원
[2025-10-14 19:18:01] INFO:   📊 20일선: 309,825원
[2025-10-14 19:18:01] INFO:   📉 1차 매수선: 248,360원 (이격도: 35.7%)
[2025-10-14 19:18:01] INFO:   📉 2차 매수선: 223,524원 (이격도: 50.8%)
[2025-10-14 19:18:01] INFO:   📉 3차 매수선: 201,172원 (이격도: 67.5%)
[2025-10-14 19:18:01] INFO: 
[14/66] 알테오젠 (196170) 모니터링 중...
[2025-10-14 19:18:02] INFO:   💰 현재가: 446,000원
[2025-10-14 19:18:02] INFO:   📊 20일선: 468,700원
[2025-10-14 19:18:02] INFO:   📉 1차 매수선: 375,460원 (이격도: 18.8%)
[2025-10-14 19:18:02] INFO:   📉 2차 매수선: 337,914원 (이격도: 32.0%)
[2025-10-14 19:18:02] INFO:   📉 3차 매수선: 304,123원 (이격도: 46.7%)
[2025-10-14 19:18:02] INFO: 
[15/66] 셀트리온 (068270) 모니터링 중...
[2025-10-14 19:18:02] INFO:   💰 현재가: 169,700원
[2025-10-14 19:18:03] INFO:   📊 20일선: 173,130원
[2025-10-14 19:18:03] INFO:   📉 1차 매수선: 139,004원 (이격도: 22.1%)
[2025-10-14 19:18:03] INFO:   📉 2차 매수선: 125,104원 (이격도: 35.6%)
[2025-10-14 19:18:03] INFO:   📉 3차 매수선: 112,593원 (이격도: 50.7%)
[2025-10-14 19:18:03] INFO: 
[16/66] 디앤디파마텍 (347850) 모니터링 중...
[2025-10-14 19:18:03] INFO:   💰 현재가: 178,100원
[2025-10-14 19:18:03] INFO:   📊 20일선: 184,515원
[2025-10-14 19:18:03] INFO:   📉 1차 매수선: 148,112원 (이격도: 20.2%)
[2025-10-14 19:18:03] INFO:   📉 2차 매수선: 133,301원 (이격도: 33.6%)
[2025-10-14 19:18:03] INFO:   📉 3차 매수선: 119,971원 (이격도: 48.5%)
[2025-10-14 19:18:03] INFO: 
[17/66] 삼천당제약 (000250) 모니터링 중...
[2025-10-14 19:18:04] INFO:   💰 현재가: 201,500원
[2025-10-14 19:18:04] INFO:   📊 20일선: 219,125원
[2025-10-14 19:18:04] INFO:   📉 1차 매수선: 175,800원 (이격도: 14.6%)
[2025-10-14 19:18:04] INFO:   📉 2차 매수선: 158,220원 (이격도: 27.4%)
[2025-10-14 19:18:04] INFO:   📉 3차 매수선: 142,398원 (이격도: 41.5%)
[2025-10-14 19:18:04] INFO: 
[18/66] 다날 (064260) 모니터링 중...
[2025-10-14 19:18:05] INFO:   💰 현재가: 9,580원
[2025-10-14 19:18:05] INFO:   📊 20일선: 9,758원
[2025-10-14 19:18:05] INFO:   📉 1차 매수선: 7,817원 (이격도: 22.6%)
[2025-10-14 19:18:05] INFO:   📉 2차 매수선: 7,035원 (이격도: 36.2%)
[2025-10-14 19:18:05] INFO:   📉 3차 매수선: 6,332원 (이격도: 51.3%)
[2025-10-14 19:18:05] INFO: 
[19/66] 현대로템 (064350) 모니터링 중...
[2025-10-14 19:18:06] INFO:   💰 현재가: 202,000원
[2025-10-14 19:18:06] INFO:   📊 20일선: 216,925원
[2025-10-14 19:18:06] INFO:   📉 1차 매수선: 174,040원 (이격도: 16.1%)
[2025-10-14 19:18:06] INFO:   📉 2차 매수선: 156,636원 (이격도: 29.0%)
[2025-10-14 19:18:06] INFO:   📉 3차 매수선: 140,972원 (이격도: 43.3%)
[2025-10-14 19:18:06] INFO: 
[20/66] 로보스타 (090360) 모니터링 중...
[2025-10-14 19:18:07] INFO:   💰 현재가: 62,900원
[2025-10-14 19:18:07] INFO:   📊 20일선: 45,130원
[2025-10-14 19:18:07] INFO:   📉 1차 매수선: 36,154원 (이격도: 74.0%)
[2025-10-14 19:18:07] INFO:   📉 2차 매수선: 32,539원 (이격도: 93.3%)
[2025-10-14 19:18:07] INFO:   📉 3차 매수선: 29,285원 (이격도: 114.8%)
[2025-10-14 19:18:07] INFO: 
[21/66] 한국항공우주 (047810) 모니터링 중...
[2025-10-14 19:18:08] INFO:   💰 현재가: 98,600원
[2025-10-14 19:18:08] INFO:   📊 20일선: 105,190원
[2025-10-14 19:18:08] INFO:   📉 1차 매수선: 84,252원 (이격도: 17.0%)
[2025-10-14 19:18:08] INFO:   📉 2차 매수선: 75,827원 (이격도: 30.0%)
[2025-10-14 19:18:08] INFO:   📉 3차 매수선: 68,244원 (이격도: 44.5%)
[2025-10-14 19:18:08] INFO: 
[22/66] 한화오션 (042660) 모니터링 중...
[2025-10-14 19:18:08] INFO:   💰 현재가: 103,100원
[2025-10-14 19:18:09] INFO:   📊 20일선: 109,660원
[2025-10-14 19:18:09] INFO:   📉 1차 매수선: 87,828원 (이격도: 17.4%)
[2025-10-14 19:18:09] INFO:   📉 2차 매수선: 79,045원 (이격도: 30.4%)
[2025-10-14 19:18:09] INFO:   📉 3차 매수선: 71,141원 (이격도: 44.9%)
[2025-10-14 19:18:09] INFO: 
[23/66] 한라캐스트 (125490) 모니터링 중...
[2025-10-14 19:18:09] INFO:   💰 현재가: 8,420원
[2025-10-14 19:18:09] INFO:   📊 20일선: 7,777원
[2025-10-14 19:18:09] INFO:   📉 1차 매수선: 6,232원 (이격도: 35.1%)
[2025-10-14 19:18:09] INFO:   📉 2차 매수선: 5,608원 (이격도: 50.1%)
[2025-10-14 19:18:09] INFO:   📉 3차 매수선: 5,048원 (이격도: 66.8%)
[2025-10-14 19:18:09] INFO: 
[24/66] 지투지바이오 (456160) 모니터링 중...
[2025-10-14 19:18:10] INFO:   💰 현재가: 190,500원
[2025-10-14 19:18:10] INFO:   📊 20일선: 205,105원
[2025-10-14 19:18:10] INFO:   📉 1차 매수선: 164,584원 (이격도: 15.7%)
[2025-10-14 19:18:10] INFO:   📉 2차 매수선: 148,126원 (이격도: 28.6%)
[2025-10-14 19:18:10] INFO:   📉 3차 매수선: 133,313원 (이격도: 42.9%)
[2025-10-14 19:18:10] INFO: 
[25/66] 농심 (004370) 모니터링 중...
[2025-10-14 19:18:11] INFO:   💰 현재가: 429,000원
[2025-10-14 19:18:11] INFO:   📊 20일선: 460,150원
[2025-10-14 19:18:11] INFO:   📉 1차 매수선: 368,620원 (이격도: 16.4%)
[2025-10-14 19:18:11] INFO:   📉 2차 매수선: 331,758원 (이격도: 29.3%)
[2025-10-14 19:18:11] INFO:   📉 3차 매수선: 298,582원 (이격도: 43.7%)
[2025-10-14 19:18:11] INFO: 
[26/66] SK오션플랜트 (100090) 모니터링 중...
[2025-10-14 19:18:11] INFO:   💰 현재가: 22,300원
[2025-10-14 19:18:12] INFO:   📊 20일선: 25,642원
[2025-10-14 19:18:12] INFO:   📉 1차 매수선: 20,564원 (이격도: 8.4%)
[2025-10-14 19:18:12] INFO:   📉 2차 매수선: 18,508원 (이격도: 20.5%)
[2025-10-14 19:18:12] INFO:   📉 3차 매수선: 16,657원 (이격도: 33.9%)
[2025-10-14 19:18:12] INFO: 
[27/66] HJ중공업 (097230) 모니터링 중...
[2025-10-14 19:18:12] INFO:   💰 현재가: 23,950원
[2025-10-14 19:18:13] INFO:   📊 20일선: 28,382원
[2025-10-14 19:18:13] INFO:   📉 1차 매수선: 22,756원 (이격도: 5.2%)
[2025-10-14 19:18:13] INFO:   📉 2차 매수선: 20,480원 (이격도: 16.9%)
[2025-10-14 19:18:13] INFO:   📉 3차 매수선: 18,432원 (이격도: 29.9%)
[2025-10-14 19:18:13] INFO: 
[28/66] 세진중공업 (075580) 모니터링 중...
[2025-10-14 19:18:13] INFO:   💰 현재가: 19,640원
[2025-10-14 19:18:13] INFO:   📊 20일선: 22,064원
[2025-10-14 19:18:13] INFO:   📉 1차 매수선: 17,701원 (이격도: 11.0%)
[2025-10-14 19:18:13] INFO:   📉 2차 매수선: 15,931원 (이격도: 23.3%)
[2025-10-14 19:18:13] INFO:   📉 3차 매수선: 14,338원 (이격도: 37.0%)
[2025-10-14 19:18:13] INFO: 
[29/66] 엘앤씨바이오 (290650) 모니터링 중...
[2025-10-14 19:18:14] INFO:   💰 현재가: 47,400원
[2025-10-14 19:18:14] INFO:   📊 20일선: 55,228원
[2025-10-14 19:18:14] INFO:   📉 1차 매수선: 44,232원 (이격도: 7.2%)
[2025-10-14 19:18:14] INFO:   📉 2차 매수선: 39,809원 (이격도: 19.1%)
[2025-10-14 19:18:14] INFO:   📉 3차 매수선: 35,828원 (이격도: 32.3%)
[2025-10-14 19:18:14] INFO: 
[30/66] 한화엔진 (082740) 모니터링 중...
[2025-10-14 19:18:15] INFO:   💰 현재가: 43,700원
[2025-10-14 19:18:15] INFO:   📊 20일선: 44,648원
[2025-10-14 19:18:15] INFO:   📉 1차 매수선: 35,768원 (이격도: 22.2%)
[2025-10-14 19:18:15] INFO:   📉 2차 매수선: 32,191원 (이격도: 35.8%)
[2025-10-14 19:18:15] INFO:   📉 3차 매수선: 28,972원 (이격도: 50.8%)
[2025-10-14 19:18:15] INFO: 
[31/66] 현대힘스 (460930) 모니터링 중...
[2025-10-14 19:18:15] INFO:   💰 현재가: 23,100원
[2025-10-14 19:18:15] INFO:   📊 20일선: 26,355원
[2025-10-14 19:18:15] INFO:   📉 1차 매수선: 21,134원 (이격도: 9.3%)
[2025-10-14 19:18:15] INFO:   📉 2차 매수선: 19,021원 (이격도: 21.4%)
[2025-10-14 19:18:15] INFO:   📉 3차 매수선: 17,119원 (이격도: 34.9%)
[2025-10-14 19:18:15] INFO: 
[32/66] HD한국조선해양 (009540) 모니터링 중...
[2025-10-14 19:18:16] INFO:   💰 현재가: 408,000원
[2025-10-14 19:18:16] INFO:   📊 20일선: 410,100원
[2025-10-14 19:18:16] INFO:   📉 1차 매수선: 328,580원 (이격도: 24.2%)
[2025-10-14 19:18:16] INFO:   📉 2차 매수선: 295,722원 (이격도: 38.0%)
[2025-10-14 19:18:16] INFO:   📉 3차 매수선: 266,150원 (이격도: 53.3%)
[2025-10-14 19:18:16] INFO: 
[33/66] HD현대미포 (010620) 모니터링 중...
[2025-10-14 19:18:17] INFO:   💰 현재가: 196,000원
[2025-10-14 19:18:17] INFO:   📊 20일선: 198,855원
[2025-10-14 19:18:17] INFO:   📉 1차 매수선: 159,584원 (이격도: 22.8%)
[2025-10-14 19:18:17] INFO:   📉 2차 매수선: 143,626원 (이격도: 36.5%)
[2025-10-14 19:18:17] INFO:   📉 3차 매수선: 129,263원 (이격도: 51.6%)
[2025-10-14 19:18:17] INFO: 
[34/66] 삼성중공업 (010140) 모니터링 중...
[2025-10-14 19:18:17] INFO:   💰 현재가: 21,200원
[2025-10-14 19:18:18] INFO:   📊 20일선: 21,655원
[2025-10-14 19:18:18] INFO:   📉 1차 매수선: 17,374원 (이격도: 22.0%)
[2025-10-14 19:18:18] INFO:   📉 2차 매수선: 15,637원 (이격도: 35.6%)
[2025-10-14 19:18:18] INFO:   📉 3차 매수선: 14,073원 (이격도: 50.6%)
[2025-10-14 19:18:18] INFO: 
[35/66] 효성중공업 (298040) 모니터링 중...
[2025-10-14 19:18:18] INFO:   💰 현재가: 1,465,000원
[2025-10-14 19:18:18] INFO:   📊 20일선: 1,401,350원
[2025-10-14 19:18:18] INFO:   📉 1차 매수선: 1,122,080원 (이격도: 30.6%)
[2025-10-14 19:18:18] INFO:   📉 2차 매수선: 1,009,872원 (이격도: 45.1%)
[2025-10-14 19:18:18] INFO:   📉 3차 매수선: 908,885원 (이격도: 61.2%)
[2025-10-14 19:18:18] INFO: 
[36/66] LIG넥스원 (079550) 모니터링 중...
[2025-10-14 19:18:19] INFO:   💰 현재가: 447,000원
[2025-10-14 19:18:19] INFO:   📊 20일선: 496,225원
[2025-10-14 19:18:19] INFO:   📉 1차 매수선: 397,480원 (이격도: 12.5%)
[2025-10-14 19:18:19] INFO:   📉 2차 매수선: 357,732원 (이격도: 25.0%)
[2025-10-14 19:18:19] INFO:   📉 3차 매수선: 321,959원 (이격도: 38.8%)
[2025-10-14 19:18:19] INFO: 
[37/66] 에스엔시스 (0008Z0) 모니터링 중...
[2025-10-14 19:18:20] INFO:   💰 현재가: 38,900원
[2025-10-14 19:18:20] INFO:   📊 20일선: 42,348원
[2025-10-14 19:18:20] INFO:   📉 1차 매수선: 33,928원 (이격도: 14.7%)
[2025-10-14 19:18:20] INFO:   📉 2차 매수선: 30,535원 (이격도: 27.4%)
[2025-10-14 19:18:20] INFO:   📉 3차 매수선: 27,482원 (이격도: 41.5%)
[2025-10-14 19:18:20] INFO: 
[38/66] 삼양컴텍 (484590) 모니터링 중...
[2025-10-14 19:18:20] INFO:   💰 현재가: 16,890원
[2025-10-14 19:18:20] INFO:   📊 20일선: 18,970원
[2025-10-14 19:18:20] INFO:   📉 1차 매수선: 15,226원 (이격도: 10.9%)
[2025-10-14 19:18:20] INFO:   📉 2차 매수선: 13,704원 (이격도: 23.3%)
[2025-10-14 19:18:20] INFO:   📉 3차 매수선: 12,333원 (이격도: 36.9%)
[2025-10-14 19:18:20] INFO: 
[39/66] 에이비엘바이오 (298380) 모니터링 중...
[2025-10-14 19:18:21] INFO:   💰 현재가: 90,000원
[2025-10-14 19:18:21] INFO:   📊 20일선: 98,335원
[2025-10-14 19:18:21] INFO:   📉 1차 매수선: 78,768원 (이격도: 14.3%)
[2025-10-14 19:18:21] INFO:   📉 2차 매수선: 70,891원 (이격도: 27.0%)
[2025-10-14 19:18:21] INFO:   📉 3차 매수선: 63,802원 (이격도: 41.1%)
[2025-10-14 19:18:21] INFO: 
[40/66] LG디스플레이 (034220) 모니터링 중...
[2025-10-14 19:18:22] INFO:   💰 현재가: 14,030원
[2025-10-14 19:18:22] INFO:   📊 20일선: 13,689원
[2025-10-14 19:18:22] INFO:   📉 1차 매수선: 11,001원 (이격도: 27.5%)
[2025-10-14 19:18:22] INFO:   📉 2차 매수선: 9,901원 (이격도: 41.7%)
[2025-10-14 19:18:22] INFO:   📉 3차 매수선: 8,911원 (이격도: 57.4%)
[2025-10-14 19:18:22] INFO: 
[41/66] 한국전력 (015760) 모니터링 중...
[2025-10-14 19:18:22] INFO:   💰 현재가: 37,700원
[2025-10-14 19:18:22] INFO:   📊 20일선: 36,482원
[2025-10-14 19:18:22] INFO:   📉 1차 매수선: 29,236원 (이격도: 29.0%)
[2025-10-14 19:18:22] INFO:   📉 2차 매수선: 26,312원 (이격도: 43.3%)
[2025-10-14 19:18:22] INFO:   📉 3차 매수선: 23,681원 (이격도: 59.2%)
[2025-10-14 19:18:22] INFO: 
[42/66] 대한조선 (439260) 모니터링 중...
[2025-10-14 19:18:23] INFO:   💰 현재가: 75,300원
[2025-10-14 19:18:23] INFO:   📊 20일선: 80,485원
[2025-10-14 19:18:23] INFO:   📉 1차 매수선: 64,488원 (이격도: 16.8%)
[2025-10-14 19:18:23] INFO:   📉 2차 매수선: 58,039원 (이격도: 29.7%)
[2025-10-14 19:18:23] INFO:   📉 3차 매수선: 52,235원 (이격도: 44.2%)
[2025-10-14 19:18:23] INFO: 
[43/66] 에이피알 (278470) 모니터링 중...
[2025-10-14 19:18:24] INFO:   💰 현재가: 247,000원
[2025-10-14 19:18:24] INFO:   📊 20일선: 233,250원
[2025-10-14 19:18:24] INFO:   📉 1차 매수선: 187,100원 (이격도: 32.0%)
[2025-10-14 19:18:24] INFO:   📉 2차 매수선: 168,390원 (이격도: 46.7%)
[2025-10-14 19:18:24] INFO:   📉 3차 매수선: 151,551원 (이격도: 63.0%)
[2025-10-14 19:18:24] INFO: 
[44/66] SK바이오팜 (326030) 모니터링 중...
[2025-10-14 19:18:24] INFO:   💰 현재가: 101,500원
[2025-10-14 19:18:25] INFO:   📊 20일선: 106,350원
[2025-10-14 19:18:25] INFO:   📉 1차 매수선: 85,180원 (이격도: 19.2%)
[2025-10-14 19:18:25] INFO:   📉 2차 매수선: 76,662원 (이격도: 32.4%)
[2025-10-14 19:18:25] INFO:   📉 3차 매수선: 68,996원 (이격도: 47.1%)
[2025-10-14 19:18:25] INFO: 
[45/66] 에코프로비엠 (247540) 모니터링 중...
[2025-10-14 19:18:25] INFO:   💰 현재가: 123,700원
[2025-10-14 19:18:25] INFO:   📊 20일선: 118,245원
[2025-10-14 19:18:25] INFO:   📉 1차 매수선: 94,696원 (이격도: 30.6%)
[2025-10-14 19:18:25] INFO:   📉 2차 매수선: 85,226원 (이격도: 45.1%)
[2025-10-14 19:18:25] INFO:   📉 3차 매수선: 76,704원 (이격도: 61.3%)
[2025-10-14 19:18:25] INFO: 
[46/66] 삼성SDI (006400) 모니터링 중...
[2025-10-14 19:18:26] INFO:   💰 현재가: 220,000원
[2025-10-14 19:18:26] INFO:   📊 20일선: 206,940원
[2025-10-14 19:18:26] INFO:   📉 1차 매수선: 166,052원 (이격도: 32.5%)
[2025-10-14 19:18:26] INFO:   📉 2차 매수선: 149,447원 (이격도: 47.2%)
[2025-10-14 19:18:26] INFO:   📉 3차 매수선: 134,502원 (이격도: 63.6%)
[2025-10-14 19:18:26] INFO: 
[47/66] 한화에어로스페이스 (012450) 모니터링 중...
[2025-10-14 19:18:27] INFO:   💰 현재가: 933,000원
[2025-10-14 19:18:27] INFO:   📊 20일선: 1,027,400원
[2025-10-14 19:18:27] INFO:   📉 1차 매수선: 822,920원 (이격도: 13.4%)
[2025-10-14 19:18:27] INFO:   📉 2차 매수선: 740,628원 (이격도: 26.0%)
[2025-10-14 19:18:27] INFO:   📉 3차 매수선: 666,565원 (이격도: 40.0%)
[2025-10-14 19:18:27] INFO: 
[48/66] 현대차 (005380) 모니터링 중...
[2025-10-14 19:18:27] INFO:   💰 현재가: 223,000원
[2025-10-14 19:18:27] INFO:   📊 20일선: 217,900원
[2025-10-14 19:18:27] INFO:   📉 1차 매수선: 174,820원 (이격도: 27.6%)
[2025-10-14 19:18:27] INFO:   📉 2차 매수선: 157,338원 (이격도: 41.7%)
[2025-10-14 19:18:27] INFO:   📉 3차 매수선: 141,604원 (이격도: 57.5%)
[2025-10-14 19:18:27] INFO: 
[49/66] 한화시스템 (272210) 모니터링 중...
[2025-10-14 19:18:28] INFO:   💰 현재가: 51,500원
[2025-10-14 19:18:28] INFO:   📊 20일선: 57,530원
[2025-10-14 19:18:28] INFO:   📉 1차 매수선: 46,074원 (이격도: 11.8%)
[2025-10-14 19:18:28] INFO:   📉 2차 매수선: 41,467원 (이격도: 24.2%)
[2025-10-14 19:18:28] INFO:   📉 3차 매수선: 37,320원 (이격도: 38.0%)
[2025-10-14 19:18:28] INFO: 
[50/66] 한화솔루션 (009830) 모니터링 중...
[2025-10-14 19:18:29] INFO:   💰 현재가: 27,800원
[2025-10-14 19:18:29] INFO:   📊 20일선: 29,142원
[2025-10-14 19:18:29] INFO:   📉 1차 매수선: 23,364원 (이격도: 19.0%)
[2025-10-14 19:18:29] INFO:   📉 2차 매수선: 21,028원 (이격도: 32.2%)
[2025-10-14 19:18:29] INFO:   📉 3차 매수선: 18,925원 (이격도: 46.9%)
[2025-10-14 19:18:29] INFO: 
[51/66] 삼성전기 (009150) 모니터링 중...
[2025-10-14 19:18:29] INFO:   💰 현재가: 198,200원
[2025-10-14 19:18:30] INFO:   📊 20일선: 196,970원
[2025-10-14 19:18:30] INFO:   📉 1차 매수선: 158,076원 (이격도: 25.4%)
[2025-10-14 19:18:30] INFO:   📉 2차 매수선: 142,268원 (이격도: 39.3%)
[2025-10-14 19:18:30] INFO:   📉 3차 매수선: 128,042원 (이격도: 54.8%)
[2025-10-14 19:18:30] INFO: 
[52/66] 한화비전 (489790) 모니터링 중...
[2025-10-14 19:18:30] INFO:   💰 현재가: 51,300원
[2025-10-14 19:18:30] INFO:   📊 20일선: 56,610원
[2025-10-14 19:18:30] INFO:   📉 1차 매수선: 45,338원 (이격도: 13.2%)
[2025-10-14 19:18:30] INFO:   📉 2차 매수선: 40,804원 (이격도: 25.7%)
[2025-10-14 19:18:30] INFO:   📉 3차 매수선: 36,724원 (이격도: 39.7%)
[2025-10-14 19:18:30] INFO: 
[53/66] HD현대인프라코어 (042670) 모니터링 중...
[2025-10-14 19:18:31] INFO:   💰 현재가: 14,450원
[2025-10-14 19:18:31] INFO:   📊 20일선: 15,392원
[2025-10-14 19:18:31] INFO:   📉 1차 매수선: 12,364원 (이격도: 16.9%)
[2025-10-14 19:18:31] INFO:   📉 2차 매수선: 11,127원 (이격도: 29.9%)
[2025-10-14 19:18:31] INFO:   📉 3차 매수선: 10,015원 (이격도: 44.3%)
[2025-10-14 19:18:31] INFO: 
[54/66] 도우인시스 (484120) 모니터링 중...
[2025-10-14 19:18:32] INFO:   💰 현재가: 28,250원
[2025-10-14 19:18:32] INFO:   📊 20일선: 30,595원
[2025-10-14 19:18:32] INFO:   📉 1차 매수선: 24,526원 (이격도: 15.2%)
[2025-10-14 19:18:32] INFO:   📉 2차 매수선: 22,073원 (이격도: 28.0%)
[2025-10-14 19:18:32] INFO:   📉 3차 매수선: 19,866원 (이격도: 42.2%)
[2025-10-14 19:18:32] INFO: 
[55/66] KBI동양철관 (008970) 모니터링 중...
[2025-10-14 19:18:32] INFO:   💰 현재가: 2,450원
[2025-10-14 19:18:32] INFO:   📊 20일선: 2,664원
[2025-10-14 19:18:32] INFO:   📉 1차 매수선: 2,137원 (이격도: 14.7%)
[2025-10-14 19:18:32] INFO:   📉 2차 매수선: 1,923원 (이격도: 27.4%)
[2025-10-14 19:18:32] INFO:   📉 3차 매수선: 1,731원 (이격도: 41.6%)
[2025-10-14 19:18:32] INFO: 
[56/66] YG PLUS (037270) 모니터링 중...
[2025-10-14 19:18:33] INFO:   💰 현재가: 6,880원
[2025-10-14 19:18:33] INFO:   📊 20일선: 7,976원
[2025-10-14 19:18:33] INFO:   📉 1차 매수선: 6,390원 (이격도: 7.7%)
[2025-10-14 19:18:33] INFO:   📉 2차 매수선: 5,751원 (이격도: 19.6%)
[2025-10-14 19:18:33] INFO:   📉 3차 매수선: 5,176원 (이격도: 32.9%)
[2025-10-14 19:18:33] INFO: 
[57/66] 포스코퓨처엠 (003670) 모니터링 중...
[2025-10-14 19:18:34] INFO:   💰 현재가: 166,700원
[2025-10-14 19:18:34] INFO:   📊 20일선: 143,675원
[2025-10-14 19:18:34] INFO:   📉 1차 매수선: 115,440원 (이격도: 44.4%)
[2025-10-14 19:18:34] INFO:   📉 2차 매수선: 103,896원 (이격도: 60.4%)
[2025-10-14 19:18:34] INFO:   📉 3차 매수선: 93,506원 (이격도: 78.3%)
[2025-10-14 19:18:34] INFO: 
[58/66] 리가켐바이오 (141080) 모니터링 중...
[2025-10-14 19:18:34] INFO:   💰 현재가: 146,700원
[2025-10-14 19:18:35] INFO:   📊 20일선: 150,090원
[2025-10-14 19:18:35] INFO:   📉 1차 매수선: 120,572원 (이격도: 21.7%)
[2025-10-14 19:18:35] INFO:   📉 2차 매수선: 108,515원 (이격도: 35.2%)
[2025-10-14 19:18:35] INFO:   📉 3차 매수선: 97,663원 (이격도: 50.2%)
[2025-10-14 19:18:35] INFO: 
[59/66] 쿠콘 (294570) 모니터링 중...
[2025-10-14 19:18:35] INFO:   💰 현재가: 37,600원
[2025-10-14 19:18:35] INFO:   📊 20일선: 38,265원
[2025-10-14 19:18:35] INFO:   📉 1차 매수선: 30,662원 (이격도: 22.6%)
[2025-10-14 19:18:35] INFO:   📉 2차 매수선: 27,596원 (이격도: 36.3%)
[2025-10-14 19:18:35] INFO:   📉 3차 매수선: 24,836원 (이격도: 51.4%)
[2025-10-14 19:18:35] INFO: 
[60/66] 파인엠텍 (441270) 모니터링 중...
[2025-10-14 19:18:36] INFO:   💰 현재가: 9,820원
[2025-10-14 19:18:36] INFO:   📊 20일선: 11,376원
[2025-10-14 19:18:36] INFO:   📉 1차 매수선: 9,111원 (이격도: 7.8%)
[2025-10-14 19:18:36] INFO:   📉 2차 매수선: 8,200원 (이격도: 19.8%)
[2025-10-14 19:18:36] INFO:   📉 3차 매수선: 7,380원 (이격도: 33.1%)
[2025-10-14 19:18:36] INFO: 
[61/66] SK스퀘어 (402340) 모니터링 중...
[2025-10-14 19:18:37] INFO:   💰 현재가: 234,500원
[2025-10-14 19:18:37] INFO:   📊 20일선: 213,715원
[2025-10-14 19:18:37] INFO:   📉 1차 매수선: 171,472원 (이격도: 36.8%)
[2025-10-14 19:18:37] INFO:   📉 2차 매수선: 154,325원 (이격도: 52.0%)
[2025-10-14 19:18:37] INFO:   📉 3차 매수선: 138,892원 (이격도: 68.8%)
[2025-10-14 19:18:37] INFO: 
[62/66] POSCO홀딩스 (005490) 모니터링 중...
[2025-10-14 19:18:37] INFO:   💰 현재가: 278,000원
[2025-10-14 19:18:38] INFO:   📊 20일선: 278,500원
[2025-10-14 19:18:38] INFO:   📉 1차 매수선: 223,300원 (이격도: 24.5%)
[2025-10-14 19:18:38] INFO:   📉 2차 매수선: 200,970원 (이격도: 38.3%)
[2025-10-14 19:18:38] INFO:   📉 3차 매수선: 180,873원 (이격도: 53.7%)
[2025-10-14 19:18:38] INFO: 
[63/66] HD현대건설기계 (267270) 모니터링 중...
[2025-10-14 19:18:38] INFO:   💰 현재가: 91,700원
[2025-10-14 19:18:38] INFO:   📊 20일선: 95,200원
[2025-10-14 19:18:38] INFO:   📉 1차 매수선: 76,260원 (이격도: 20.2%)
[2025-10-14 19:18:38] INFO:   📉 2차 매수선: 68,634원 (이격도: 33.6%)
[2025-10-14 19:18:38] INFO:   📉 3차 매수선: 61,771원 (이격도: 48.5%)
[2025-10-14 19:18:38] INFO: 
[64/66] 한화 (000880) 모니터링 중...
[2025-10-14 19:18:39] INFO:   💰 현재가: 79,700원
[2025-10-14 19:18:39] INFO:   📊 20일선: 86,805원
[2025-10-14 19:18:39] INFO:   📉 1차 매수선: 69,544원 (이격도: 14.6%)
[2025-10-14 19:18:39] INFO:   📉 2차 매수선: 62,590원 (이격도: 27.3%)
[2025-10-14 19:18:39] INFO:   📉 3차 매수선: 56,331원 (이격도: 41.5%)
[2025-10-14 19:18:39] INFO: 
[65/66] SK (034730) 모니터링 중...
[2025-10-14 19:18:40] INFO:   💰 현재가: 222,000원
[2025-10-14 19:18:40] INFO:   📊 20일선: 220,250원
[2025-10-14 19:18:40] INFO:   📉 1차 매수선: 176,700원 (이격도: 25.6%)
[2025-10-14 19:18:40] INFO:   📉 2차 매수선: 159,030원 (이격도: 39.6%)
[2025-10-14 19:18:40] INFO:   📉 3차 매수선: 143,127원 (이격도: 55.1%)
[2025-10-14 19:18:40] INFO: 
[66/66] SK이노베이션 (096770) 모니터링 중...
[2025-10-14 19:18:40] INFO:   💰 현재가: 106,200원
[2025-10-14 19:18:40] INFO:   📊 20일선: 104,325원
[2025-10-14 19:18:40] INFO:   📉 1차 매수선: 83,560원 (이격도: 27.1%)
[2025-10-14 19:18:40] INFO:   📉 2차 매수선: 75,204원 (이격도: 41.2%)
[2025-10-14 19:18:40] INFO:   📉 3차 매수선: 67,684원 (이격도: 56.9%)
[2025-10-14 19:18:40] INFO: 
================================================================================
[2025-10-14 19:18:40] INFO: ✓ 모니터링 사이클 완료
[2025-10-14 19:18:40] INFO:   모니터링 종목: 66개
[2025-10-14 19:18:40] INFO:   전송 알람: 0개
[2025-10-14 19:18:40] INFO: ================================================================================
[2025-10-14 19:18:40] INFO: 
⏰ 10분 후 다음 사이클 실행...
[2025-10-14 19:18:40] INFO:    종료하려면 Ctrl+C를 누르세요.
[2025-10-14 19:28:40] INFO: 
================================================================================
[2025-10-14 19:28:40] INFO: [사이클 3] 2025-10-14 19:28:40
[2025-10-14 19:28:40] INFO: ================================================================================
[2025-10-14 19:28:41] INFO: ✓ Summary 탭에서 66개 종목 로드
[2025-10-14 19:28:41] INFO: 
[1/66] 삼성전자 (005930) 모니터링 중...
[2025-10-14 19:28:41] INFO:   💰 현재가: 91,600원
[2025-10-14 19:28:41] INFO:   📊 20일선: 84,005원
[2025-10-14 19:28:41] INFO:   📉 1차 매수선: 67,304원 (이격도: 36.1%)
[2025-10-14 19:28:41] INFO:   📉 2차 매수선: 60,574원 (이격도: 51.2%)
[2025-10-14 19:28:41] INFO:   📉 3차 매수선: 54,516원 (이격도: 68.0%)
[2025-10-14 19:28:41] INFO: 
[2/66] SK하이닉스 (000660) 모니터링 중...
[2025-10-14 19:28:42] INFO:   💰 현재가: 411,500원
[2025-10-14 19:28:42] INFO:   📊 20일선: 361,725원
[2025-10-14 19:28:42] INFO:   📉 1차 매수선: 289,880원 (이격도: 42.0%)
[2025-10-14 19:28:42] INFO:   📉 2차 매수선: 260,892원 (이격도: 57.7%)
[2025-10-14 19:28:42] INFO:   📉 3차 매수선: 234,803원 (이격도: 75.3%)
[2025-10-14 19:28:42] INFO: 
[3/66] 두산에너빌리티 (034020) 모니터링 중...
[2025-10-14 19:28:42] INFO:   💰 현재가: 75,800원
[2025-10-14 19:28:43] INFO:   📊 20일선: 65,200원
[2025-10-14 19:28:43] INFO:   📉 1차 매수선: 52,260원 (이격도: 45.0%)
[2025-10-14 19:28:43] INFO:   📉 2차 매수선: 47,034원 (이격도: 61.2%)
[2025-10-14 19:28:43] INFO:   📉 3차 매수선: 42,331원 (이격도: 79.1%)
[2025-10-14 19:28:43] INFO: 
[4/66] NAVER (035420) 모니터링 중...
[2025-10-14 19:28:43] INFO:   💰 현재가: 258,000원
[2025-10-14 19:28:44] INFO:   📊 20일선: 247,100원
[2025-10-14 19:28:44] INFO:   📉 1차 매수선: 198,180원 (이격도: 30.2%)
[2025-10-14 19:28:44] INFO:   📉 2차 매수선: 178,362원 (이격도: 44.6%)
[2025-10-14 19:28:44] INFO:   📉 3차 매수선: 160,526원 (이격도: 60.7%)
[2025-10-14 19:28:44] INFO: 
[5/66] 한미반도체 (042700) 모니터링 중...
[2025-10-14 19:28:44] INFO:   💰 현재가: 128,700원
[2025-10-14 19:28:44] INFO:   📊 20일선: 100,060원
[2025-10-14 19:28:44] INFO:   📉 1차 매수선: 80,148원 (이격도: 60.6%)
[2025-10-14 19:28:44] INFO:   📉 2차 매수선: 72,133원 (이격도: 78.4%)
[2025-10-14 19:28:44] INFO:   📉 3차 매수선: 64,920원 (이격도: 98.2%)
[2025-10-14 19:28:44] INFO: 
[6/66] 클로봇 (466100) 모니터링 중...
[2025-10-14 19:28:45] INFO:   💰 현재가: 42,000원
[2025-10-14 19:28:45] INFO:   📊 20일선: 30,660원
[2025-10-14 19:28:45] INFO:   📉 1차 매수선: 24,578원 (이격도: 70.9%)
[2025-10-14 19:28:45] INFO:   📉 2차 매수선: 22,120원 (이격도: 89.9%)
[2025-10-14 19:28:45] INFO:   📉 3차 매수선: 19,908원 (이격도: 111.0%)
[2025-10-14 19:28:45] INFO: 
[7/66] 로보티즈 (108490) 모니터링 중...
[2025-10-14 19:28:46] INFO:   💰 현재가: 185,300원
[2025-10-14 19:28:46] INFO:   📊 20일선: 142,873원
[2025-10-14 19:28:46] INFO:   📉 1차 매수선: 114,798원 (이격도: 61.4%)
[2025-10-14 19:28:46] INFO:   📉 2차 매수선: 103,319원 (이격도: 79.3%)
[2025-10-14 19:28:46] INFO:   📉 3차 매수선: 92,987원 (이격도: 99.3%)
[2025-10-14 19:28:46] INFO: 
[8/66] 삼성전자우 (005935) 모니터링 중...
[2025-10-14 19:28:47] INFO:   💰 현재가: 72,300원
[2025-10-14 19:28:47] INFO:   📊 20일선: 66,720원
[2025-10-14 19:28:47] INFO:   📉 1차 매수선: 53,476원 (이격도: 35.2%)
[2025-10-14 19:28:47] INFO:   📉 2차 매수선: 48,128원 (이격도: 50.2%)
[2025-10-14 19:28:47] INFO:   📉 3차 매수선: 43,316원 (이격도: 66.9%)
[2025-10-14 19:28:47] INFO: 
[9/66] 일동제약 (249420) 모니터링 중...
[2025-10-14 19:28:47] INFO:   💰 현재가: 23,850원
[2025-10-14 19:28:48] INFO:   📊 20일선: 26,682원
[2025-10-14 19:28:48] INFO:   📉 1차 매수선: 21,396원 (이격도: 11.5%)
[2025-10-14 19:28:48] INFO:   📉 2차 매수선: 19,256원 (이격도: 23.9%)
[2025-10-14 19:28:48] INFO:   📉 3차 매수선: 17,331원 (이격도: 37.6%)
[2025-10-14 19:28:48] INFO: 
[10/66] 우리기술투자 (041190) 모니터링 중...
[2025-10-14 19:28:48] INFO:   💰 현재가: 10,020원
[2025-10-14 19:28:49] INFO:   📊 20일선: 10,890원
[2025-10-14 19:28:49] INFO:   📉 1차 매수선: 8,722원 (이격도: 14.9%)
[2025-10-14 19:28:49] INFO:   📉 2차 매수선: 7,849원 (이격도: 27.7%)
[2025-10-14 19:28:49] INFO:   📉 3차 매수선: 7,064원 (이격도: 41.8%)
[2025-10-14 19:28:49] INFO: 
[11/66] NHN KCP (060250) 모니터링 중...
[2025-10-14 19:28:49] INFO:   💰 현재가: 17,440원
[2025-10-14 19:28:49] INFO:   📊 20일선: 16,378원
[2025-10-14 19:28:49] INFO:   📉 1차 매수선: 13,152원 (이격도: 32.6%)
[2025-10-14 19:28:49] INFO:   📉 2차 매수선: 11,837원 (이격도: 47.3%)
[2025-10-14 19:28:49] INFO:   📉 3차 매수선: 10,653원 (이격도: 63.7%)
[2025-10-14 19:28:49] INFO: 
[12/66] 카카오 (035720) 모니터링 중...
[2025-10-14 19:28:50] INFO:   💰 현재가: 59,600원
[2025-10-14 19:28:50] INFO:   📊 20일선: 62,105원
[2025-10-14 19:28:50] INFO:   📉 1차 매수선: 49,734원 (이격도: 19.8%)
[2025-10-14 19:28:50] INFO:   📉 2차 매수선: 44,761원 (이격도: 33.2%)
[2025-10-14 19:28:50] INFO:   📉 3차 매수선: 40,285원 (이격도: 47.9%)
[2025-10-14 19:28:50] INFO: 
[13/66] 레인보우로보틱스 (277810) 모니터링 중...
[2025-10-14 19:28:51] INFO:   💰 현재가: 337,000원
[2025-10-14 19:28:51] INFO:   📊 20일선: 309,825원
[2025-10-14 19:28:51] INFO:   📉 1차 매수선: 248,360원 (이격도: 35.7%)
[2025-10-14 19:28:51] INFO:   📉 2차 매수선: 223,524원 (이격도: 50.8%)
[2025-10-14 19:28:51] INFO:   📉 3차 매수선: 201,172원 (이격도: 67.5%)
[2025-10-14 19:28:51] INFO: 
[14/66] 알테오젠 (196170) 모니터링 중...
[2025-10-14 19:28:52] INFO:   💰 현재가: 446,000원
[2025-10-14 19:28:52] INFO:   📊 20일선: 468,700원
[2025-10-14 19:28:52] INFO:   📉 1차 매수선: 375,460원 (이격도: 18.8%)
[2025-10-14 19:28:52] INFO:   📉 2차 매수선: 337,914원 (이격도: 32.0%)
[2025-10-14 19:28:52] INFO:   📉 3차 매수선: 304,123원 (이격도: 46.7%)
[2025-10-14 19:28:52] INFO: 
[15/66] 셀트리온 (068270) 모니터링 중...
[2025-10-14 19:28:53] INFO:   💰 현재가: 169,700원
[2025-10-14 19:28:53] INFO:   📊 20일선: 173,130원
[2025-10-14 19:28:53] INFO:   📉 1차 매수선: 139,004원 (이격도: 22.1%)
[2025-10-14 19:28:53] INFO:   📉 2차 매수선: 125,104원 (이격도: 35.6%)
[2025-10-14 19:28:53] INFO:   📉 3차 매수선: 112,593원 (이격도: 50.7%)
[2025-10-14 19:28:53] INFO: 
[16/66] 디앤디파마텍 (347850) 모니터링 중...
[2025-10-14 19:28:53] INFO:   💰 현재가: 178,100원
[2025-10-14 19:28:54] INFO:   📊 20일선: 184,515원
[2025-10-14 19:28:54] INFO:   📉 1차 매수선: 148,112원 (이격도: 20.2%)
[2025-10-14 19:28:54] INFO:   📉 2차 매수선: 133,301원 (이격도: 33.6%)
[2025-10-14 19:28:54] INFO:   📉 3차 매수선: 119,971원 (이격도: 48.5%)
[2025-10-14 19:28:54] INFO: 
[17/66] 삼천당제약 (000250) 모니터링 중...
[2025-10-14 19:28:54] INFO:   💰 현재가: 201,500원
[2025-10-14 19:28:54] INFO:   📊 20일선: 219,125원
[2025-10-14 19:28:54] INFO:   📉 1차 매수선: 175,800원 (이격도: 14.6%)
[2025-10-14 19:28:54] INFO:   📉 2차 매수선: 158,220원 (이격도: 27.4%)
[2025-10-14 19:28:54] INFO:   📉 3차 매수선: 142,398원 (이격도: 41.5%)
[2025-10-14 19:28:54] INFO: 
[18/66] 다날 (064260) 모니터링 중...
[2025-10-14 19:28:55] INFO:   💰 현재가: 9,580원
[2025-10-14 19:28:55] INFO:   📊 20일선: 9,758원
[2025-10-14 19:28:55] INFO:   📉 1차 매수선: 7,817원 (이격도: 22.6%)
[2025-10-14 19:28:55] INFO:   📉 2차 매수선: 7,035원 (이격도: 36.2%)
[2025-10-14 19:28:55] INFO:   📉 3차 매수선: 6,332원 (이격도: 51.3%)
[2025-10-14 19:28:55] INFO: 
[19/66] 현대로템 (064350) 모니터링 중...
[2025-10-14 19:28:56] INFO:   💰 현재가: 202,000원
[2025-10-14 19:28:56] INFO:   📊 20일선: 216,925원
[2025-10-14 19:28:56] INFO:   📉 1차 매수선: 174,040원 (이격도: 16.1%)
[2025-10-14 19:28:56] INFO:   📉 2차 매수선: 156,636원 (이격도: 29.0%)
[2025-10-14 19:28:56] INFO:   📉 3차 매수선: 140,972원 (이격도: 43.3%)
[2025-10-14 19:28:56] INFO: 
[20/66] 로보스타 (090360) 모니터링 중...
[2025-10-14 19:28:57] INFO:   💰 현재가: 62,900원
[2025-10-14 19:28:57] INFO:   📊 20일선: 45,130원
[2025-10-14 19:28:57] INFO:   📉 1차 매수선: 36,154원 (이격도: 74.0%)
[2025-10-14 19:28:57] INFO:   📉 2차 매수선: 32,539원 (이격도: 93.3%)
[2025-10-14 19:28:57] INFO:   📉 3차 매수선: 29,285원 (이격도: 114.8%)
[2025-10-14 19:28:57] INFO: 
[21/66] 한국항공우주 (047810) 모니터링 중...
[2025-10-14 19:28:58] INFO:   💰 현재가: 98,600원
[2025-10-14 19:28:58] INFO:   📊 20일선: 105,190원
[2025-10-14 19:28:58] INFO:   📉 1차 매수선: 84,252원 (이격도: 17.0%)
[2025-10-14 19:28:58] INFO:   📉 2차 매수선: 75,827원 (이격도: 30.0%)
[2025-10-14 19:28:58] INFO:   📉 3차 매수선: 68,244원 (이격도: 44.5%)
[2025-10-14 19:28:58] INFO: 
[22/66] 한화오션 (042660) 모니터링 중...
[2025-10-14 19:28:58] INFO:   💰 현재가: 103,100원
[2025-10-14 19:28:59] INFO:   📊 20일선: 109,660원
[2025-10-14 19:28:59] INFO:   📉 1차 매수선: 87,828원 (이격도: 17.4%)
[2025-10-14 19:28:59] INFO:   📉 2차 매수선: 79,045원 (이격도: 30.4%)
[2025-10-14 19:28:59] INFO:   📉 3차 매수선: 71,141원 (이격도: 44.9%)
[2025-10-14 19:28:59] INFO: 
[23/66] 한라캐스트 (125490) 모니터링 중...
[2025-10-14 19:28:59] INFO:   💰 현재가: 8,420원
[2025-10-14 19:28:59] INFO:   📊 20일선: 7,777원
[2025-10-14 19:28:59] INFO:   📉 1차 매수선: 6,232원 (이격도: 35.1%)
[2025-10-14 19:28:59] INFO:   📉 2차 매수선: 5,608원 (이격도: 50.1%)
[2025-10-14 19:28:59] INFO:   📉 3차 매수선: 5,048원 (이격도: 66.8%)
[2025-10-14 19:28:59] INFO: 
[24/66] 지투지바이오 (456160) 모니터링 중...
[2025-10-14 19:29:00] INFO:   💰 현재가: 190,500원
[2025-10-14 19:29:00] INFO:   📊 20일선: 205,105원
[2025-10-14 19:29:00] INFO:   📉 1차 매수선: 164,584원 (이격도: 15.7%)
[2025-10-14 19:29:00] INFO:   📉 2차 매수선: 148,126원 (이격도: 28.6%)
[2025-10-14 19:29:00] INFO:   📉 3차 매수선: 133,313원 (이격도: 42.9%)
[2025-10-14 19:29:00] INFO: 
[25/66] 농심 (004370) 모니터링 중...
[2025-10-14 19:29:01] INFO:   💰 현재가: 429,000원
[2025-10-14 19:29:01] INFO:   📊 20일선: 460,150원
[2025-10-14 19:29:01] INFO:   📉 1차 매수선: 368,620원 (이격도: 16.4%)
[2025-10-14 19:29:01] INFO:   📉 2차 매수선: 331,758원 (이격도: 29.3%)
[2025-10-14 19:29:01] INFO:   📉 3차 매수선: 298,582원 (이격도: 43.7%)
[2025-10-14 19:29:01] INFO: 
[26/66] SK오션플랜트 (100090) 모니터링 중...
[2025-10-14 19:29:01] INFO:   💰 현재가: 22,300원
[2025-10-14 19:29:02] INFO:   📊 20일선: 25,642원
[2025-10-14 19:29:02] INFO:   📉 1차 매수선: 20,564원 (이격도: 8.4%)
[2025-10-14 19:29:02] INFO:   📉 2차 매수선: 18,508원 (이격도: 20.5%)
[2025-10-14 19:29:02] INFO:   📉 3차 매수선: 16,657원 (이격도: 33.9%)
[2025-10-14 19:29:02] INFO: 
[27/66] HJ중공업 (097230) 모니터링 중...
[2025-10-14 19:29:02] INFO:   💰 현재가: 23,950원
[2025-10-14 19:29:03] INFO:   📊 20일선: 28,382원
[2025-10-14 19:29:03] INFO:   📉 1차 매수선: 22,756원 (이격도: 5.2%)
[2025-10-14 19:29:03] INFO:   📉 2차 매수선: 20,480원 (이격도: 16.9%)
[2025-10-14 19:29:03] INFO:   📉 3차 매수선: 18,432원 (이격도: 29.9%)
[2025-10-14 19:29:03] INFO: 
[28/66] 세진중공업 (075580) 모니터링 중...
[2025-10-14 19:29:03] INFO:   💰 현재가: 19,640원
[2025-10-14 19:29:03] INFO:   📊 20일선: 22,064원
[2025-10-14 19:29:03] INFO:   📉 1차 매수선: 17,701원 (이격도: 11.0%)
[2025-10-14 19:29:03] INFO:   📉 2차 매수선: 15,931원 (이격도: 23.3%)
[2025-10-14 19:29:03] INFO:   📉 3차 매수선: 14,338원 (이격도: 37.0%)
[2025-10-14 19:29:03] INFO: 
[29/66] 엘앤씨바이오 (290650) 모니터링 중...
[2025-10-14 19:29:04] INFO:   💰 현재가: 47,400원
[2025-10-14 19:29:04] INFO:   📊 20일선: 55,228원
[2025-10-14 19:29:04] INFO:   📉 1차 매수선: 44,232원 (이격도: 7.2%)
[2025-10-14 19:29:04] INFO:   📉 2차 매수선: 39,809원 (이격도: 19.1%)
[2025-10-14 19:29:04] INFO:   📉 3차 매수선: 35,828원 (이격도: 32.3%)
[2025-10-14 19:29:04] INFO: 
[30/66] 한화엔진 (082740) 모니터링 중...
[2025-10-14 19:29:05] INFO:   💰 현재가: 43,700원
[2025-10-14 19:29:05] INFO:   📊 20일선: 44,648원
[2025-10-14 19:29:05] INFO:   📉 1차 매수선: 35,768원 (이격도: 22.2%)
[2025-10-14 19:29:05] INFO:   📉 2차 매수선: 32,191원 (이격도: 35.8%)
[2025-10-14 19:29:05] INFO:   📉 3차 매수선: 28,972원 (이격도: 50.8%)
[2025-10-14 19:29:05] INFO: 
[31/66] 현대힘스 (460930) 모니터링 중...
[2025-10-14 19:29:06] INFO:   💰 현재가: 23,100원
[2025-10-14 19:29:06] INFO:   📊 20일선: 26,355원
[2025-10-14 19:29:06] INFO:   📉 1차 매수선: 21,134원 (이격도: 9.3%)
[2025-10-14 19:29:06] INFO:   📉 2차 매수선: 19,021원 (이격도: 21.4%)
[2025-10-14 19:29:06] INFO:   📉 3차 매수선: 17,119원 (이격도: 34.9%)
[2025-10-14 19:29:06] INFO: 
[32/66] HD한국조선해양 (009540) 모니터링 중...
[2025-10-14 19:29:07] INFO:   💰 현재가: 408,000원
[2025-10-14 19:29:07] INFO:   📊 20일선: 410,100원
[2025-10-14 19:29:07] INFO:   📉 1차 매수선: 328,580원 (이격도: 24.2%)
[2025-10-14 19:29:07] INFO:   📉 2차 매수선: 295,722원 (이격도: 38.0%)
[2025-10-14 19:29:07] INFO:   📉 3차 매수선: 266,150원 (이격도: 53.3%)
[2025-10-14 19:29:07] INFO: 
[33/66] HD현대미포 (010620) 모니터링 중...
[2025-10-14 19:29:07] INFO:   💰 현재가: 196,000원
[2025-10-14 19:29:08] INFO:   📊 20일선: 198,855원
[2025-10-14 19:29:08] INFO:   📉 1차 매수선: 159,584원 (이격도: 22.8%)
[2025-10-14 19:29:08] INFO:   📉 2차 매수선: 143,626원 (이격도: 36.5%)
[2025-10-14 19:29:08] INFO:   📉 3차 매수선: 129,263원 (이격도: 51.6%)
[2025-10-14 19:29:08] INFO: 
[34/66] 삼성중공업 (010140) 모니터링 중...
[2025-10-14 19:29:08] INFO:   💰 현재가: 21,200원
[2025-10-14 19:29:09] INFO:   📊 20일선: 21,655원
[2025-10-14 19:29:09] INFO:   📉 1차 매수선: 17,374원 (이격도: 22.0%)
[2025-10-14 19:29:09] INFO:   📉 2차 매수선: 15,637원 (이격도: 35.6%)
[2025-10-14 19:29:09] INFO:   📉 3차 매수선: 14,073원 (이격도: 50.6%)
[2025-10-14 19:29:09] INFO: 
[35/66] 효성중공업 (298040) 모니터링 중...
[2025-10-14 19:29:09] INFO:   💰 현재가: 1,465,000원
[2025-10-14 19:29:09] INFO:   📊 20일선: 1,401,350원
[2025-10-14 19:29:09] INFO:   📉 1차 매수선: 1,122,080원 (이격도: 30.6%)
[2025-10-14 19:29:09] INFO:   📉 2차 매수선: 1,009,872원 (이격도: 45.1%)
[2025-10-14 19:29:09] INFO:   📉 3차 매수선: 908,885원 (이격도: 61.2%)
[2025-10-14 19:29:09] INFO: 
[36/66] LIG넥스원 (079550) 모니터링 중...
[2025-10-14 19:29:10] INFO:   💰 현재가: 447,000원
[2025-10-14 19:29:10] INFO:   📊 20일선: 496,225원
[2025-10-14 19:29:10] INFO:   📉 1차 매수선: 397,480원 (이격도: 12.5%)
[2025-10-14 19:29:10] INFO:   📉 2차 매수선: 357,732원 (이격도: 25.0%)
[2025-10-14 19:29:10] INFO:   📉 3차 매수선: 321,959원 (이격도: 38.8%)
[2025-10-14 19:29:10] INFO: 
[37/66] 에스엔시스 (0008Z0) 모니터링 중...
[2025-10-14 19:29:11] INFO:   💰 현재가: 38,900원
[2025-10-14 19:29:11] INFO:   📊 20일선: 42,348원
[2025-10-14 19:29:11] INFO:   📉 1차 매수선: 33,928원 (이격도: 14.7%)
[2025-10-14 19:29:11] INFO:   📉 2차 매수선: 30,535원 (이격도: 27.4%)
[2025-10-14 19:29:11] INFO:   📉 3차 매수선: 27,482원 (이격도: 41.5%)
[2025-10-14 19:29:11] INFO: 
[38/66] 삼양컴텍 (484590) 모니터링 중...
[2025-10-14 19:29:12] INFO:   💰 현재가: 16,890원
[2025-10-14 19:29:12] INFO:   📊 20일선: 18,970원
[2025-10-14 19:29:12] INFO:   📉 1차 매수선: 15,226원 (이격도: 10.9%)
[2025-10-14 19:29:12] INFO:   📉 2차 매수선: 13,704원 (이격도: 23.3%)
[2025-10-14 19:29:12] INFO:   📉 3차 매수선: 12,333원 (이격도: 36.9%)
[2025-10-14 19:29:12] INFO: 
[39/66] 에이비엘바이오 (298380) 모니터링 중...
[2025-10-14 19:29:12] INFO:   💰 현재가: 90,000원
[2025-10-14 19:29:12] INFO:   📊 20일선: 98,335원
[2025-10-14 19:29:12] INFO:   📉 1차 매수선: 78,768원 (이격도: 14.3%)
[2025-10-14 19:29:12] INFO:   📉 2차 매수선: 70,891원 (이격도: 27.0%)
[2025-10-14 19:29:12] INFO:   📉 3차 매수선: 63,802원 (이격도: 41.1%)
[2025-10-14 19:29:12] INFO: 
[40/66] LG디스플레이 (034220) 모니터링 중...
[2025-10-14 19:29:13] INFO:   💰 현재가: 14,030원
[2025-10-14 19:29:13] INFO:   📊 20일선: 13,689원
[2025-10-14 19:29:13] INFO:   📉 1차 매수선: 11,001원 (이격도: 27.5%)
[2025-10-14 19:29:13] INFO:   📉 2차 매수선: 9,901원 (이격도: 41.7%)
[2025-10-14 19:29:13] INFO:   📉 3차 매수선: 8,911원 (이격도: 57.4%)
[2025-10-14 19:29:13] INFO: 
[41/66] 한국전력 (015760) 모니터링 중...
[2025-10-14 19:29:14] INFO:   💰 현재가: 37,700원
[2025-10-14 19:29:14] INFO:   📊 20일선: 36,482원
[2025-10-14 19:29:14] INFO:   📉 1차 매수선: 29,236원 (이격도: 29.0%)
[2025-10-14 19:29:14] INFO:   📉 2차 매수선: 26,312원 (이격도: 43.3%)
[2025-10-14 19:29:14] INFO:   📉 3차 매수선: 23,681원 (이격도: 59.2%)
[2025-10-14 19:29:14] INFO: 
[42/66] 대한조선 (439260) 모니터링 중...
[2025-10-14 19:29:15] INFO:   💰 현재가: 75,300원
[2025-10-14 19:29:15] INFO:   📊 20일선: 80,485원
[2025-10-14 19:29:15] INFO:   📉 1차 매수선: 64,488원 (이격도: 16.8%)
[2025-10-14 19:29:15] INFO:   📉 2차 매수선: 58,039원 (이격도: 29.7%)
[2025-10-14 19:29:15] INFO:   📉 3차 매수선: 52,235원 (이격도: 44.2%)
[2025-10-14 19:29:15] INFO: 
[43/66] 에이피알 (278470) 모니터링 중...
[2025-10-14 19:29:15] INFO:   💰 현재가: 247,000원
[2025-10-14 19:29:16] INFO:   📊 20일선: 233,250원
[2025-10-14 19:29:16] INFO:   📉 1차 매수선: 187,100원 (이격도: 32.0%)
[2025-10-14 19:29:16] INFO:   📉 2차 매수선: 168,390원 (이격도: 46.7%)
[2025-10-14 19:29:16] INFO:   📉 3차 매수선: 151,551원 (이격도: 63.0%)
[2025-10-14 19:29:16] INFO: 
[44/66] SK바이오팜 (326030) 모니터링 중...
[2025-10-14 19:29:16] INFO:   💰 현재가: 101,500원
[2025-10-14 19:29:16] INFO:   📊 20일선: 106,350원
[2025-10-14 19:29:16] INFO:   📉 1차 매수선: 85,180원 (이격도: 19.2%)
[2025-10-14 19:29:16] INFO:   📉 2차 매수선: 76,662원 (이격도: 32.4%)
[2025-10-14 19:29:16] INFO:   📉 3차 매수선: 68,996원 (이격도: 47.1%)
[2025-10-14 19:29:16] INFO: 
[45/66] 에코프로비엠 (247540) 모니터링 중...
[2025-10-14 19:29:17] INFO:   💰 현재가: 123,700원
[2025-10-14 19:29:17] INFO:   📊 20일선: 118,245원
[2025-10-14 19:29:17] INFO:   📉 1차 매수선: 94,696원 (이격도: 30.6%)
[2025-10-14 19:29:17] INFO:   📉 2차 매수선: 85,226원 (이격도: 45.1%)
[2025-10-14 19:29:17] INFO:   📉 3차 매수선: 76,704원 (이격도: 61.3%)
[2025-10-14 19:29:17] INFO: 
[46/66] 삼성SDI (006400) 모니터링 중...
[2025-10-14 19:29:18] INFO:   💰 현재가: 220,000원
[2025-10-14 19:29:18] INFO:   📊 20일선: 206,940원
[2025-10-14 19:29:18] INFO:   📉 1차 매수선: 166,052원 (이격도: 32.5%)
[2025-10-14 19:29:18] INFO:   📉 2차 매수선: 149,447원 (이격도: 47.2%)
[2025-10-14 19:29:18] INFO:   📉 3차 매수선: 134,502원 (이격도: 63.6%)
[2025-10-14 19:29:18] INFO: 
[47/66] 한화에어로스페이스 (012450) 모니터링 중...
[2025-10-14 19:29:19] INFO:   💰 현재가: 933,000원
[2025-10-14 19:29:19] INFO:   📊 20일선: 1,027,400원
[2025-10-14 19:29:19] INFO:   📉 1차 매수선: 822,920원 (이격도: 13.4%)
[2025-10-14 19:29:19] INFO:   📉 2차 매수선: 740,628원 (이격도: 26.0%)
[2025-10-14 19:29:19] INFO:   📉 3차 매수선: 666,565원 (이격도: 40.0%)
[2025-10-14 19:29:19] INFO: 
[48/66] 현대차 (005380) 모니터링 중...
[2025-10-14 19:29:20] INFO:   💰 현재가: 223,000원
[2025-10-14 19:29:20] INFO:   📊 20일선: 217,900원
[2025-10-14 19:29:20] INFO:   📉 1차 매수선: 174,820원 (이격도: 27.6%)
[2025-10-14 19:29:20] INFO:   📉 2차 매수선: 157,338원 (이격도: 41.7%)
[2025-10-14 19:29:20] INFO:   📉 3차 매수선: 141,604원 (이격도: 57.5%)
[2025-10-14 19:29:20] INFO: 
[49/66] 한화시스템 (272210) 모니터링 중...
[2025-10-14 19:29:20] INFO:   💰 현재가: 51,500원
[2025-10-14 19:29:21] INFO:   📊 20일선: 57,530원
[2025-10-14 19:29:21] INFO:   📉 1차 매수선: 46,074원 (이격도: 11.8%)
[2025-10-14 19:29:21] INFO:   📉 2차 매수선: 41,467원 (이격도: 24.2%)
[2025-10-14 19:29:21] INFO:   📉 3차 매수선: 37,320원 (이격도: 38.0%)
[2025-10-14 19:29:21] INFO: 
[50/66] 한화솔루션 (009830) 모니터링 중...
[2025-10-14 19:29:21] INFO:   💰 현재가: 27,800원
[2025-10-14 19:29:22] INFO:   📊 20일선: 29,142원
[2025-10-14 19:29:22] INFO:   📉 1차 매수선: 23,364원 (이격도: 19.0%)
[2025-10-14 19:29:22] INFO:   📉 2차 매수선: 21,028원 (이격도: 32.2%)
[2025-10-14 19:29:22] INFO:   📉 3차 매수선: 18,925원 (이격도: 46.9%)
[2025-10-14 19:29:22] INFO: 
[51/66] 삼성전기 (009150) 모니터링 중...
[2025-10-14 19:29:22] INFO:   💰 현재가: 198,200원
[2025-10-14 19:29:22] INFO:   📊 20일선: 196,970원
[2025-10-14 19:29:22] INFO:   📉 1차 매수선: 158,076원 (이격도: 25.4%)
[2025-10-14 19:29:22] INFO:   📉 2차 매수선: 142,268원 (이격도: 39.3%)
[2025-10-14 19:29:22] INFO:   📉 3차 매수선: 128,042원 (이격도: 54.8%)
[2025-10-14 19:29:22] INFO: 
[52/66] 한화비전 (489790) 모니터링 중...
[2025-10-14 19:29:23] INFO:   💰 현재가: 51,300원
[2025-10-14 19:29:23] INFO:   📊 20일선: 56,610원
[2025-10-14 19:29:23] INFO:   📉 1차 매수선: 45,338원 (이격도: 13.2%)
[2025-10-14 19:29:23] INFO:   📉 2차 매수선: 40,804원 (이격도: 25.7%)
[2025-10-14 19:29:23] INFO:   📉 3차 매수선: 36,724원 (이격도: 39.7%)
[2025-10-14 19:29:23] INFO: 
[53/66] HD현대인프라코어 (042670) 모니터링 중...
[2025-10-14 19:29:24] INFO:   💰 현재가: 14,450원
[2025-10-14 19:29:24] INFO:   📊 20일선: 15,392원
[2025-10-14 19:29:24] INFO:   📉 1차 매수선: 12,364원 (이격도: 16.9%)
[2025-10-14 19:29:24] INFO:   📉 2차 매수선: 11,127원 (이격도: 29.9%)
[2025-10-14 19:29:24] INFO:   📉 3차 매수선: 10,015원 (이격도: 44.3%)
[2025-10-14 19:29:24] INFO: 
[54/66] 도우인시스 (484120) 모니터링 중...
[2025-10-14 19:29:25] INFO:   💰 현재가: 28,250원
[2025-10-14 19:29:25] INFO:   📊 20일선: 30,595원
[2025-10-14 19:29:25] INFO:   📉 1차 매수선: 24,526원 (이격도: 15.2%)
[2025-10-14 19:29:25] INFO:   📉 2차 매수선: 22,073원 (이격도: 28.0%)
[2025-10-14 19:29:25] INFO:   📉 3차 매수선: 19,866원 (이격도: 42.2%)
[2025-10-14 19:29:25] INFO: 
[55/66] KBI동양철관 (008970) 모니터링 중...
[2025-10-14 19:29:25] INFO:   💰 현재가: 2,450원
[2025-10-14 19:29:25] INFO:   📊 20일선: 2,664원
[2025-10-14 19:29:25] INFO:   📉 1차 매수선: 2,137원 (이격도: 14.7%)
[2025-10-14 19:29:25] INFO:   📉 2차 매수선: 1,923원 (이격도: 27.4%)
[2025-10-14 19:29:25] INFO:   📉 3차 매수선: 1,731원 (이격도: 41.6%)
[2025-10-14 19:29:25] INFO: 
[56/66] YG PLUS (037270) 모니터링 중...
[2025-10-14 19:29:26] INFO:   💰 현재가: 6,880원
[2025-10-14 19:29:26] INFO:   📊 20일선: 7,976원
[2025-10-14 19:29:26] INFO:   📉 1차 매수선: 6,390원 (이격도: 7.7%)
[2025-10-14 19:29:26] INFO:   📉 2차 매수선: 5,751원 (이격도: 19.6%)
[2025-10-14 19:29:26] INFO:   📉 3차 매수선: 5,176원 (이격도: 32.9%)
[2025-10-14 19:29:26] INFO: 
[57/66] 포스코퓨처엠 (003670) 모니터링 중...
[2025-10-14 19:29:27] INFO:   💰 현재가: 166,700원
[2025-10-14 19:29:27] INFO:   📊 20일선: 143,675원
[2025-10-14 19:29:27] INFO:   📉 1차 매수선: 115,440원 (이격도: 44.4%)
[2025-10-14 19:29:27] INFO:   📉 2차 매수선: 103,896원 (이격도: 60.4%)
[2025-10-14 19:29:27] INFO:   📉 3차 매수선: 93,506원 (이격도: 78.3%)
[2025-10-14 19:29:27] INFO: 
[58/66] 리가켐바이오 (141080) 모니터링 중...
[2025-10-14 19:29:28] INFO:   💰 현재가: 146,700원
[2025-10-14 19:29:28] INFO:   📊 20일선: 150,090원
[2025-10-14 19:29:28] INFO:   📉 1차 매수선: 120,572원 (이격도: 21.7%)
[2025-10-14 19:29:28] INFO:   📉 2차 매수선: 108,515원 (이격도: 35.2%)
[2025-10-14 19:29:28] INFO:   📉 3차 매수선: 97,663원 (이격도: 50.2%)
[2025-10-14 19:29:28] INFO: 
[59/66] 쿠콘 (294570) 모니터링 중...
[2025-10-14 19:29:29] INFO:   💰 현재가: 37,600원
[2025-10-14 19:29:29] INFO:   📊 20일선: 38,265원
[2025-10-14 19:29:29] INFO:   📉 1차 매수선: 30,662원 (이격도: 22.6%)
[2025-10-14 19:29:29] INFO:   📉 2차 매수선: 27,596원 (이격도: 36.3%)
[2025-10-14 19:29:29] INFO:   📉 3차 매수선: 24,836원 (이격도: 51.4%)
[2025-10-14 19:29:29] INFO: 
[60/66] 파인엠텍 (441270) 모니터링 중...
[2025-10-14 19:29:30] INFO:   💰 현재가: 9,820원
[2025-10-14 19:29:30] INFO:   📊 20일선: 11,376원
[2025-10-14 19:29:30] INFO:   📉 1차 매수선: 9,111원 (이격도: 7.8%)
[2025-10-14 19:29:30] INFO:   📉 2차 매수선: 8,200원 (이격도: 19.8%)
[2025-10-14 19:29:30] INFO:   📉 3차 매수선: 7,380원 (이격도: 33.1%)
[2025-10-14 19:29:30] INFO: 
[61/66] SK스퀘어 (402340) 모니터링 중...
[2025-10-14 19:29:30] INFO:   💰 현재가: 234,500원
[2025-10-14 19:29:31] INFO:   📊 20일선: 213,715원
[2025-10-14 19:29:31] INFO:   📉 1차 매수선: 171,472원 (이격도: 36.8%)
[2025-10-14 19:29:31] INFO:   📉 2차 매수선: 154,325원 (이격도: 52.0%)
[2025-10-14 19:29:31] INFO:   📉 3차 매수선: 138,892원 (이격도: 68.8%)
[2025-10-14 19:29:31] INFO: 
[62/66] POSCO홀딩스 (005490) 모니터링 중...
[2025-10-14 19:29:31] INFO:   💰 현재가: 278,000원
[2025-10-14 19:29:31] INFO:   📊 20일선: 278,500원
[2025-10-14 19:29:31] INFO:   📉 1차 매수선: 223,300원 (이격도: 24.5%)
[2025-10-14 19:29:31] INFO:   📉 2차 매수선: 200,970원 (이격도: 38.3%)
[2025-10-14 19:29:31] INFO:   📉 3차 매수선: 180,873원 (이격도: 53.7%)
[2025-10-14 19:29:31] INFO: 
[63/66] HD현대건설기계 (267270) 모니터링 중...
[2025-10-14 19:29:32] INFO:   💰 현재가: 91,700원
[2025-10-14 19:29:32] INFO:   📊 20일선: 95,200원
[2025-10-14 19:29:32] INFO:   📉 1차 매수선: 76,260원 (이격도: 20.2%)
[2025-10-14 19:29:32] INFO:   📉 2차 매수선: 68,634원 (이격도: 33.6%)
[2025-10-14 19:29:32] INFO:   📉 3차 매수선: 61,771원 (이격도: 48.5%)
[2025-10-14 19:29:32] INFO: 
[64/66] 한화 (000880) 모니터링 중...
[2025-10-14 19:29:33] INFO:   💰 현재가: 79,700원
[2025-10-14 19:29:33] INFO:   📊 20일선: 86,805원
[2025-10-14 19:29:33] INFO:   📉 1차 매수선: 69,544원 (이격도: 14.6%)
[2025-10-14 19:29:33] INFO:   📉 2차 매수선: 62,590원 (이격도: 27.3%)
[2025-10-14 19:29:33] INFO:   📉 3차 매수선: 56,331원 (이격도: 41.5%)
[2025-10-14 19:29:33] INFO: 
[65/66] SK (034730) 모니터링 중...
[2025-10-14 19:29:34] INFO:   💰 현재가: 222,000원
[2025-10-14 19:29:34] INFO:   📊 20일선: 220,250원
[2025-10-14 19:29:34] INFO:   📉 1차 매수선: 176,700원 (이격도: 25.6%)
[2025-10-14 19:29:34] INFO:   📉 2차 매수선: 159,030원 (이격도: 39.6%)
[2025-10-14 19:29:34] INFO:   📉 3차 매수선: 143,127원 (이격도: 55.1%)
[2025-10-14 19:29:34] INFO: 
[66/66] SK이노베이션 (096770) 모니터링 중...
[2025-10-14 19:29:35] INFO:   💰 현재가: 106,200원
[2025-10-14 19:29:35] INFO:   📊 20일선: 104,325원
[2025-10-14 19:29:35] INFO:   📉 1차 매수선: 83,560원 (이격도: 27.1%)
[2025-10-14 19:29:35] INFO:   📉 2차 매수선: 75,204원 (이격도: 41.2%)
[2025-10-14 19:29:35] INFO:   📉 3차 매수선: 67,684원 (이격도: 56.9%)
[2025-10-14 19:29:35] INFO: 
================================================================================
[2025-10-14 19:29:35] INFO: ✓ 모니터링 사이클 완료
[2025-10-14 19:29:35] INFO:   모니터링 종목: 66개
[2025-10-14 19:29:35] INFO:   전송 알람: 0개
[2025-10-14 19:29:35] INFO: ================================================================================
[2025-10-14 19:29:35] INFO: 
⏰ 10분 후 다음 사이클 실행...
[2025-10-14 19:29:35] INFO:    종료하려면 Ctrl+C를 누르세요.
[2025-10-14 19:39:35] INFO: 
================================================================================
[2025-10-14 19:39:35] INFO: [사이클 4] 2025-10-14 19:39:35
[2025-10-14 19:39:35] INFO: ================================================================================
[2025-10-14 19:39:35] INFO: ✓ Summary 탭에서 66개 종목 로드
[2025-10-14 19:39:35] INFO: 
[1/66] 삼성전자 (005930) 모니터링 중...
[2025-10-14 19:39:35] INFO:   💰 현재가: 91,600원
[2025-10-14 19:39:35] INFO:   📊 20일선: 84,005원
[2025-10-14 19:39:35] INFO:   📉 1차 매수선: 67,304원 (이격도: 36.1%)
[2025-10-14 19:39:35] INFO:   📉 2차 매수선: 60,574원 (이격도: 51.2%)
[2025-10-14 19:39:35] INFO:   📉 3차 매수선: 54,516원 (이격도: 68.0%)
[2025-10-14 19:39:35] INFO: 
[2/66] SK하이닉스 (000660) 모니터링 중...
[2025-10-14 19:39:36] INFO:   💰 현재가: 411,500원
[2025-10-14 19:39:36] INFO:   📊 20일선: 361,725원
[2025-10-14 19:39:36] INFO:   📉 1차 매수선: 289,880원 (이격도: 42.0%)
[2025-10-14 19:39:36] INFO:   📉 2차 매수선: 260,892원 (이격도: 57.7%)
[2025-10-14 19:39:36] INFO:   📉 3차 매수선: 234,803원 (이격도: 75.3%)
[2025-10-14 19:39:36] INFO: 
[3/66] 두산에너빌리티 (034020) 모니터링 중...
[2025-10-14 19:39:37] INFO:   💰 현재가: 75,800원
[2025-10-14 19:39:37] INFO:   📊 20일선: 65,200원
[2025-10-14 19:39:37] INFO:   📉 1차 매수선: 52,260원 (이격도: 45.0%)
[2025-10-14 19:39:37] INFO:   📉 2차 매수선: 47,034원 (이격도: 61.2%)
[2025-10-14 19:39:37] INFO:   📉 3차 매수선: 42,331원 (이격도: 79.1%)
[2025-10-14 19:39:37] INFO: 
[4/66] NAVER (035420) 모니터링 중...
[2025-10-14 19:39:37] INFO:   💰 현재가: 258,000원
[2025-10-14 19:39:37] INFO:   📊 20일선: 247,100원
[2025-10-14 19:39:37] INFO:   📉 1차 매수선: 198,180원 (이격도: 30.2%)
[2025-10-14 19:39:37] INFO:   📉 2차 매수선: 178,362원 (이격도: 44.6%)
[2025-10-14 19:39:37] INFO:   📉 3차 매수선: 160,526원 (이격도: 60.7%)
[2025-10-14 19:39:37] INFO: 
[5/66] 한미반도체 (042700) 모니터링 중...
[2025-10-14 19:39:38] INFO:   💰 현재가: 128,700원
[2025-10-14 19:39:38] INFO:   📊 20일선: 100,060원
[2025-10-14 19:39:38] INFO:   📉 1차 매수선: 80,148원 (이격도: 60.6%)
[2025-10-14 19:39:38] INFO:   📉 2차 매수선: 72,133원 (이격도: 78.4%)
[2025-10-14 19:39:38] INFO:   📉 3차 매수선: 64,920원 (이격도: 98.2%)
[2025-10-14 19:39:38] INFO: 
[6/66] 클로봇 (466100) 모니터링 중...
[2025-10-14 19:39:39] INFO:   💰 현재가: 42,000원
[2025-10-14 19:39:39] INFO:   📊 20일선: 30,660원
[2025-10-14 19:39:39] INFO:   📉 1차 매수선: 24,578원 (이격도: 70.9%)
[2025-10-14 19:39:39] INFO:   📉 2차 매수선: 22,120원 (이격도: 89.9%)
[2025-10-14 19:39:39] INFO:   📉 3차 매수선: 19,908원 (이격도: 111.0%)
[2025-10-14 19:39:39] INFO: 
[7/66] 로보티즈 (108490) 모니터링 중...
[2025-10-14 19:39:39] INFO:   💰 현재가: 185,300원
[2025-10-14 19:39:40] INFO:   📊 20일선: 142,873원
[2025-10-14 19:39:40] INFO:   📉 1차 매수선: 114,798원 (이격도: 61.4%)
[2025-10-14 19:39:40] INFO:   📉 2차 매수선: 103,319원 (이격도: 79.3%)
[2025-10-14 19:39:40] INFO:   📉 3차 매수선: 92,987원 (이격도: 99.3%)
[2025-10-14 19:39:40] INFO: 
[8/66] 삼성전자우 (005935) 모니터링 중...
[2025-10-14 19:39:40] INFO:   💰 현재가: 72,300원
[2025-10-14 19:39:40] INFO:   📊 20일선: 66,720원
[2025-10-14 19:39:40] INFO:   📉 1차 매수선: 53,476원 (이격도: 35.2%)
[2025-10-14 19:39:40] INFO:   📉 2차 매수선: 48,128원 (이격도: 50.2%)
[2025-10-14 19:39:40] INFO:   📉 3차 매수선: 43,316원 (이격도: 66.9%)
[2025-10-14 19:39:40] INFO: 
[9/66] 일동제약 (249420) 모니터링 중...
[2025-10-14 19:39:41] INFO:   💰 현재가: 23,850원
[2025-10-14 19:39:41] INFO:   📊 20일선: 26,682원
[2025-10-14 19:39:41] INFO:   📉 1차 매수선: 21,396원 (이격도: 11.5%)
[2025-10-14 19:39:41] INFO:   📉 2차 매수선: 19,256원 (이격도: 23.9%)
[2025-10-14 19:39:41] INFO:   📉 3차 매수선: 17,331원 (이격도: 37.6%)
[2025-10-14 19:39:41] INFO: 
[10/66] 우리기술투자 (041190) 모니터링 중...
[2025-10-14 19:39:42] INFO:   💰 현재가: 10,020원
[2025-10-14 19:39:42] INFO:   📊 20일선: 10,890원
[2025-10-14 19:39:42] INFO:   📉 1차 매수선: 8,722원 (이격도: 14.9%)
[2025-10-14 19:39:42] INFO:   📉 2차 매수선: 7,849원 (이격도: 27.7%)
[2025-10-14 19:39:42] INFO:   📉 3차 매수선: 7,064원 (이격도: 41.8%)
[2025-10-14 19:39:42] INFO: 
[11/66] NHN KCP (060250) 모니터링 중...
[2025-10-14 19:39:43] INFO:   💰 현재가: 17,440원
[2025-10-14 19:39:43] INFO:   📊 20일선: 16,378원
[2025-10-14 19:39:43] INFO:   📉 1차 매수선: 13,152원 (이격도: 32.6%)
[2025-10-14 19:39:43] INFO:   📉 2차 매수선: 11,837원 (이격도: 47.3%)
[2025-10-14 19:39:43] INFO:   📉 3차 매수선: 10,653원 (이격도: 63.7%)
[2025-10-14 19:39:43] INFO: 
[12/66] 카카오 (035720) 모니터링 중...
[2025-10-14 19:39:44] INFO:   💰 현재가: 59,600원
[2025-10-14 19:39:44] INFO:   📊 20일선: 62,105원
[2025-10-14 19:39:44] INFO:   📉 1차 매수선: 49,734원 (이격도: 19.8%)
[2025-10-14 19:39:44] INFO:   📉 2차 매수선: 44,761원 (이격도: 33.2%)
[2025-10-14 19:39:44] INFO:   📉 3차 매수선: 40,285원 (이격도: 47.9%)
[2025-10-14 19:39:44] INFO: 
[13/66] 레인보우로보틱스 (277810) 모니터링 중...
[2025-10-14 19:39:45] INFO:   💰 현재가: 337,000원
[2025-10-14 19:39:45] INFO:   📊 20일선: 309,825원
[2025-10-14 19:39:45] INFO:   📉 1차 매수선: 248,360원 (이격도: 35.7%)
[2025-10-14 19:39:45] INFO:   📉 2차 매수선: 223,524원 (이격도: 50.8%)
[2025-10-14 19:39:45] INFO:   📉 3차 매수선: 201,172원 (이격도: 67.5%)
[2025-10-14 19:39:45] INFO: 
[14/66] 알테오젠 (196170) 모니터링 중...
[2025-10-14 19:39:45] INFO:   💰 현재가: 446,000원
[2025-10-14 19:39:46] INFO:   📊 20일선: 468,700원
[2025-10-14 19:39:46] INFO:   📉 1차 매수선: 375,460원 (이격도: 18.8%)
[2025-10-14 19:39:46] INFO:   📉 2차 매수선: 337,914원 (이격도: 32.0%)
[2025-10-14 19:39:46] INFO:   📉 3차 매수선: 304,123원 (이격도: 46.7%)
[2025-10-14 19:39:46] INFO: 
[15/66] 셀트리온 (068270) 모니터링 중...
[2025-10-14 19:39:46] INFO:   💰 현재가: 169,700원
[2025-10-14 19:39:47] INFO:   📊 20일선: 173,130원
[2025-10-14 19:39:47] INFO:   📉 1차 매수선: 139,004원 (이격도: 22.1%)
[2025-10-14 19:39:47] INFO:   📉 2차 매수선: 125,104원 (이격도: 35.6%)
[2025-10-14 19:39:47] INFO:   📉 3차 매수선: 112,593원 (이격도: 50.7%)
[2025-10-14 19:39:47] INFO: 
[16/66] 디앤디파마텍 (347850) 모니터링 중...
[2025-10-14 19:39:47] INFO:   💰 현재가: 178,100원
[2025-10-14 19:39:47] INFO:   📊 20일선: 184,515원
[2025-10-14 19:39:47] INFO:   📉 1차 매수선: 148,112원 (이격도: 20.2%)
[2025-10-14 19:39:47] INFO:   📉 2차 매수선: 133,301원 (이격도: 33.6%)
[2025-10-14 19:39:47] INFO:   📉 3차 매수선: 119,971원 (이격도: 48.5%)
[2025-10-14 19:39:47] INFO: 
[17/66] 삼천당제약 (000250) 모니터링 중...
[2025-10-14 19:39:48] INFO:   💰 현재가: 201,500원
[2025-10-14 19:39:48] INFO:   📊 20일선: 219,125원
[2025-10-14 19:39:48] INFO:   📉 1차 매수선: 175,800원 (이격도: 14.6%)
[2025-10-14 19:39:48] INFO:   📉 2차 매수선: 158,220원 (이격도: 27.4%)
[2025-10-14 19:39:48] INFO:   📉 3차 매수선: 142,398원 (이격도: 41.5%)
[2025-10-14 19:39:48] INFO: 
[18/66] 다날 (064260) 모니터링 중...
[2025-10-14 19:39:49] INFO:   💰 현재가: 9,580원
[2025-10-14 19:39:49] INFO:   📊 20일선: 9,758원
[2025-10-14 19:39:49] INFO:   📉 1차 매수선: 7,817원 (이격도: 22.6%)
[2025-10-14 19:39:49] INFO:   📉 2차 매수선: 7,035원 (이격도: 36.2%)
[2025-10-14 19:39:49] INFO:   📉 3차 매수선: 6,332원 (이격도: 51.3%)
[2025-10-14 19:39:49] INFO: 
[19/66] 현대로템 (064350) 모니터링 중...
[2025-10-14 19:39:49] INFO:   💰 현재가: 202,000원
[2025-10-14 19:39:49] INFO:   📊 20일선: 216,925원
[2025-10-14 19:39:49] INFO:   📉 1차 매수선: 174,040원 (이격도: 16.1%)
[2025-10-14 19:39:49] INFO:   📉 2차 매수선: 156,636원 (이격도: 29.0%)
[2025-10-14 19:39:49] INFO:   📉 3차 매수선: 140,972원 (이격도: 43.3%)
[2025-10-14 19:39:49] INFO: 
[20/66] 로보스타 (090360) 모니터링 중...
[2025-10-14 19:39:50] INFO:   💰 현재가: 62,900원
[2025-10-14 19:39:50] INFO:   📊 20일선: 45,130원
[2025-10-14 19:39:50] INFO:   📉 1차 매수선: 36,154원 (이격도: 74.0%)
[2025-10-14 19:39:50] INFO:   📉 2차 매수선: 32,539원 (이격도: 93.3%)
[2025-10-14 19:39:50] INFO:   📉 3차 매수선: 29,285원 (이격도: 114.8%)
[2025-10-14 19:39:50] INFO: 
[21/66] 한국항공우주 (047810) 모니터링 중...
[2025-10-14 19:39:51] INFO:   💰 현재가: 98,600원
[2025-10-14 19:39:51] INFO:   📊 20일선: 105,190원
[2025-10-14 19:39:51] INFO:   📉 1차 매수선: 84,252원 (이격도: 17.0%)
[2025-10-14 19:39:51] INFO:   📉 2차 매수선: 75,827원 (이격도: 30.0%)
[2025-10-14 19:39:51] INFO:   📉 3차 매수선: 68,244원 (이격도: 44.5%)
[2025-10-14 19:39:51] INFO: 
[22/66] 한화오션 (042660) 모니터링 중...
[2025-10-14 19:39:51] INFO:   💰 현재가: 103,100원
[2025-10-14 19:39:52] INFO:   📊 20일선: 109,660원
[2025-10-14 19:39:52] INFO:   📉 1차 매수선: 87,828원 (이격도: 17.4%)
[2025-10-14 19:39:52] INFO:   📉 2차 매수선: 79,045원 (이격도: 30.4%)
[2025-10-14 19:39:52] INFO:   📉 3차 매수선: 71,141원 (이격도: 44.9%)
[2025-10-14 19:39:52] INFO: 
[23/66] 한라캐스트 (125490) 모니터링 중...
[2025-10-14 19:39:52] INFO:   💰 현재가: 8,420원
[2025-10-14 19:39:52] INFO:   📊 20일선: 7,777원
[2025-10-14 19:39:52] INFO:   📉 1차 매수선: 6,232원 (이격도: 35.1%)
[2025-10-14 19:39:52] INFO:   📉 2차 매수선: 5,608원 (이격도: 50.1%)
[2025-10-14 19:39:52] INFO:   📉 3차 매수선: 5,048원 (이격도: 66.8%)
[2025-10-14 19:39:52] INFO: 
[24/66] 지투지바이오 (456160) 모니터링 중...
[2025-10-14 19:39:53] INFO:   💰 현재가: 190,500원
[2025-10-14 19:39:53] INFO:   📊 20일선: 205,105원
[2025-10-14 19:39:53] INFO:   📉 1차 매수선: 164,584원 (이격도: 15.7%)
[2025-10-14 19:39:53] INFO:   📉 2차 매수선: 148,126원 (이격도: 28.6%)
[2025-10-14 19:39:53] INFO:   📉 3차 매수선: 133,313원 (이격도: 42.9%)
[2025-10-14 19:39:53] INFO: 
[25/66] 농심 (004370) 모니터링 중...
[2025-10-14 19:39:53] INFO:   💰 현재가: 429,000원
[2025-10-14 19:39:54] INFO:   📊 20일선: 460,150원
[2025-10-14 19:39:54] INFO:   📉 1차 매수선: 368,620원 (이격도: 16.4%)
[2025-10-14 19:39:54] INFO:   📉 2차 매수선: 331,758원 (이격도: 29.3%)
[2025-10-14 19:39:54] INFO:   📉 3차 매수선: 298,582원 (이격도: 43.7%)
[2025-10-14 19:39:54] INFO: 
[26/66] SK오션플랜트 (100090) 모니터링 중...
[2025-10-14 19:39:54] INFO:   💰 현재가: 22,300원
[2025-10-14 19:39:54] INFO:   📊 20일선: 25,642원
[2025-10-14 19:39:54] INFO:   📉 1차 매수선: 20,564원 (이격도: 8.4%)
[2025-10-14 19:39:54] INFO:   📉 2차 매수선: 18,508원 (이격도: 20.5%)
[2025-10-14 19:39:54] INFO:   📉 3차 매수선: 16,657원 (이격도: 33.9%)
[2025-10-14 19:39:54] INFO: 
[27/66] HJ중공업 (097230) 모니터링 중...
[2025-10-14 19:39:55] INFO:   💰 현재가: 23,950원
[2025-10-14 19:39:55] INFO:   📊 20일선: 28,382원
[2025-10-14 19:39:55] INFO:   📉 1차 매수선: 22,756원 (이격도: 5.2%)
[2025-10-14 19:39:55] INFO:   📉 2차 매수선: 20,480원 (이격도: 16.9%)
[2025-10-14 19:39:55] INFO:   📉 3차 매수선: 18,432원 (이격도: 29.9%)
[2025-10-14 19:39:55] INFO: 
[28/66] 세진중공업 (075580) 모니터링 중...
[2025-10-14 19:39:56] INFO:   💰 현재가: 19,640원
[2025-10-14 19:39:56] INFO:   📊 20일선: 22,064원
[2025-10-14 19:39:56] INFO:   📉 1차 매수선: 17,701원 (이격도: 11.0%)
[2025-10-14 19:39:56] INFO:   📉 2차 매수선: 15,931원 (이격도: 23.3%)
[2025-10-14 19:39:56] INFO:   📉 3차 매수선: 14,338원 (이격도: 37.0%)
[2025-10-14 19:39:56] INFO: 
[29/66] 엘앤씨바이오 (290650) 모니터링 중...
[2025-10-14 19:39:56] INFO:   💰 현재가: 47,400원
[2025-10-14 19:39:56] INFO:   📊 20일선: 55,228원
[2025-10-14 19:39:56] INFO:   📉 1차 매수선: 44,232원 (이격도: 7.2%)
[2025-10-14 19:39:56] INFO:   📉 2차 매수선: 39,809원 (이격도: 19.1%)
[2025-10-14 19:39:56] INFO:   📉 3차 매수선: 35,828원 (이격도: 32.3%)
[2025-10-14 19:39:56] INFO: 
[30/66] 한화엔진 (082740) 모니터링 중...
[2025-10-14 19:39:57] INFO:   💰 현재가: 43,700원
[2025-10-14 19:39:57] INFO:   📊 20일선: 44,648원
[2025-10-14 19:39:57] INFO:   📉 1차 매수선: 35,768원 (이격도: 22.2%)
[2025-10-14 19:39:57] INFO:   📉 2차 매수선: 32,191원 (이격도: 35.8%)
[2025-10-14 19:39:57] INFO:   📉 3차 매수선: 28,972원 (이격도: 50.8%)
[2025-10-14 19:39:57] INFO: 
[31/66] 현대힘스 (460930) 모니터링 중...
[2025-10-14 19:39:58] INFO:   💰 현재가: 23,100원
[2025-10-14 19:39:58] INFO:   📊 20일선: 26,355원
[2025-10-14 19:39:58] INFO:   📉 1차 매수선: 21,134원 (이격도: 9.3%)
[2025-10-14 19:39:58] INFO:   📉 2차 매수선: 19,021원 (이격도: 21.4%)
[2025-10-14 19:39:58] INFO:   📉 3차 매수선: 17,119원 (이격도: 34.9%)
[2025-10-14 19:39:58] INFO: 
[32/66] HD한국조선해양 (009540) 모니터링 중...
[2025-10-14 19:39:58] INFO:   💰 현재가: 408,000원
[2025-10-14 19:39:59] INFO:   📊 20일선: 410,100원
[2025-10-14 19:39:59] INFO:   📉 1차 매수선: 328,580원 (이격도: 24.2%)
[2025-10-14 19:39:59] INFO:   📉 2차 매수선: 295,722원 (이격도: 38.0%)
[2025-10-14 19:39:59] INFO:   📉 3차 매수선: 266,150원 (이격도: 53.3%)
[2025-10-14 19:39:59] INFO: 
[33/66] HD현대미포 (010620) 모니터링 중...
[2025-10-14 19:39:59] INFO:   💰 현재가: 196,000원
[2025-10-14 19:39:59] INFO:   📊 20일선: 198,855원
[2025-10-14 19:39:59] INFO:   📉 1차 매수선: 159,584원 (이격도: 22.8%)
[2025-10-14 19:39:59] INFO:   📉 2차 매수선: 143,626원 (이격도: 36.5%)
[2025-10-14 19:39:59] INFO:   📉 3차 매수선: 129,263원 (이격도: 51.6%)
[2025-10-14 19:39:59] INFO: 
[34/66] 삼성중공업 (010140) 모니터링 중...
[2025-10-14 19:40:00] INFO:   💰 현재가: 21,200원
[2025-10-14 19:40:00] INFO:   📊 20일선: 21,655원
[2025-10-14 19:40:00] INFO:   📉 1차 매수선: 17,374원 (이격도: 22.0%)
[2025-10-14 19:40:00] INFO:   📉 2차 매수선: 15,637원 (이격도: 35.6%)
[2025-10-14 19:40:00] INFO:   📉 3차 매수선: 14,073원 (이격도: 50.6%)
[2025-10-14 19:40:00] INFO: 
[35/66] 효성중공업 (298040) 모니터링 중...
[2025-10-14 19:40:01] INFO:   💰 현재가: 1,465,000원
[2025-10-14 19:40:01] INFO:   📊 20일선: 1,401,350원
[2025-10-14 19:40:01] INFO:   📉 1차 매수선: 1,122,080원 (이격도: 30.6%)
[2025-10-14 19:40:01] INFO:   📉 2차 매수선: 1,009,872원 (이격도: 45.1%)
[2025-10-14 19:40:01] INFO:   📉 3차 매수선: 908,885원 (이격도: 61.2%)
[2025-10-14 19:40:01] INFO: 
[36/66] LIG넥스원 (079550) 모니터링 중...
[2025-10-14 19:40:01] INFO:   💰 현재가: 447,000원
[2025-10-14 19:40:01] INFO:   📊 20일선: 496,225원
[2025-10-14 19:40:01] INFO:   📉 1차 매수선: 397,480원 (이격도: 12.5%)
[2025-10-14 19:40:01] INFO:   📉 2차 매수선: 357,732원 (이격도: 25.0%)
[2025-10-14 19:40:01] INFO:   📉 3차 매수선: 321,959원 (이격도: 38.8%)
[2025-10-14 19:40:01] INFO: 
[37/66] 에스엔시스 (0008Z0) 모니터링 중...
[2025-10-14 19:40:02] INFO:   💰 현재가: 38,900원
[2025-10-14 19:40:02] INFO:   📊 20일선: 42,348원
[2025-10-14 19:40:02] INFO:   📉 1차 매수선: 33,928원 (이격도: 14.7%)
[2025-10-14 19:40:02] INFO:   📉 2차 매수선: 30,535원 (이격도: 27.4%)
[2025-10-14 19:40:02] INFO:   📉 3차 매수선: 27,482원 (이격도: 41.5%)
[2025-10-14 19:40:02] INFO: 
[38/66] 삼양컴텍 (484590) 모니터링 중...
[2025-10-14 19:40:03] INFO:   💰 현재가: 16,890원
[2025-10-14 19:40:03] INFO:   📊 20일선: 18,970원
[2025-10-14 19:40:03] INFO:   📉 1차 매수선: 15,226원 (이격도: 10.9%)
[2025-10-14 19:40:03] INFO:   📉 2차 매수선: 13,704원 (이격도: 23.3%)
[2025-10-14 19:40:03] INFO:   📉 3차 매수선: 12,333원 (이격도: 36.9%)
[2025-10-14 19:40:03] INFO: 
[39/66] 에이비엘바이오 (298380) 모니터링 중...
[2025-10-14 19:40:03] INFO:   💰 현재가: 90,000원
[2025-10-14 19:40:04] INFO:   📊 20일선: 98,335원
[2025-10-14 19:40:04] INFO:   📉 1차 매수선: 78,768원 (이격도: 14.3%)
[2025-10-14 19:40:04] INFO:   📉 2차 매수선: 70,891원 (이격도: 27.0%)
[2025-10-14 19:40:04] INFO:   📉 3차 매수선: 63,802원 (이격도: 41.1%)
[2025-10-14 19:40:04] INFO: 
[40/66] LG디스플레이 (034220) 모니터링 중...
[2025-10-14 19:40:04] INFO:   💰 현재가: 14,030원
[2025-10-14 19:40:04] INFO:   📊 20일선: 13,689원
[2025-10-14 19:40:04] INFO:   📉 1차 매수선: 11,001원 (이격도: 27.5%)
[2025-10-14 19:40:04] INFO:   📉 2차 매수선: 9,901원 (이격도: 41.7%)
[2025-10-14 19:40:04] INFO:   📉 3차 매수선: 8,911원 (이격도: 57.4%)
[2025-10-14 19:40:04] INFO: 
[41/66] 한국전력 (015760) 모니터링 중...
[2025-10-14 19:40:05] INFO:   💰 현재가: 37,700원
[2025-10-14 19:40:05] INFO:   📊 20일선: 36,482원
[2025-10-14 19:40:05] INFO:   📉 1차 매수선: 29,236원 (이격도: 29.0%)
[2025-10-14 19:40:05] INFO:   📉 2차 매수선: 26,312원 (이격도: 43.3%)
[2025-10-14 19:40:05] INFO:   📉 3차 매수선: 23,681원 (이격도: 59.2%)
[2025-10-14 19:40:05] INFO: 
[42/66] 대한조선 (439260) 모니터링 중...
[2025-10-14 19:40:06] INFO:   💰 현재가: 75,300원
[2025-10-14 19:40:06] INFO:   📊 20일선: 80,485원
[2025-10-14 19:40:06] INFO:   📉 1차 매수선: 64,488원 (이격도: 16.8%)
[2025-10-14 19:40:06] INFO:   📉 2차 매수선: 58,039원 (이격도: 29.7%)
[2025-10-14 19:40:06] INFO:   📉 3차 매수선: 52,235원 (이격도: 44.2%)
[2025-10-14 19:40:06] INFO: 
[43/66] 에이피알 (278470) 모니터링 중...
[2025-10-14 19:40:06] INFO:   💰 현재가: 247,000원
[2025-10-14 19:40:06] INFO:   📊 20일선: 233,250원
[2025-10-14 19:40:06] INFO:   📉 1차 매수선: 187,100원 (이격도: 32.0%)
[2025-10-14 19:40:06] INFO:   📉 2차 매수선: 168,390원 (이격도: 46.7%)
[2025-10-14 19:40:06] INFO:   📉 3차 매수선: 151,551원 (이격도: 63.0%)
[2025-10-14 19:40:06] INFO: 
[44/66] SK바이오팜 (326030) 모니터링 중...
[2025-10-14 19:40:07] INFO:   💰 현재가: 101,500원
[2025-10-14 19:40:07] INFO:   📊 20일선: 106,350원
[2025-10-14 19:40:07] INFO:   📉 1차 매수선: 85,180원 (이격도: 19.2%)
[2025-10-14 19:40:07] INFO:   📉 2차 매수선: 76,662원 (이격도: 32.4%)
[2025-10-14 19:40:07] INFO:   📉 3차 매수선: 68,996원 (이격도: 47.1%)
[2025-10-14 19:40:07] INFO: 
[45/66] 에코프로비엠 (247540) 모니터링 중...
[2025-10-14 19:40:08] INFO:   💰 현재가: 123,700원
[2025-10-14 19:40:08] INFO:   📊 20일선: 118,245원
[2025-10-14 19:40:08] INFO:   📉 1차 매수선: 94,696원 (이격도: 30.6%)
[2025-10-14 19:40:08] INFO:   📉 2차 매수선: 85,226원 (이격도: 45.1%)
[2025-10-14 19:40:08] INFO:   📉 3차 매수선: 76,704원 (이격도: 61.3%)
[2025-10-14 19:40:08] INFO: 
[46/66] 삼성SDI (006400) 모니터링 중...
[2025-10-14 19:40:08] INFO:   💰 현재가: 220,000원
[2025-10-14 19:40:08] INFO:   📊 20일선: 206,940원
[2025-10-14 19:40:08] INFO:   📉 1차 매수선: 166,052원 (이격도: 32.5%)
[2025-10-14 19:40:08] INFO:   📉 2차 매수선: 149,447원 (이격도: 47.2%)
[2025-10-14 19:40:08] INFO:   📉 3차 매수선: 134,502원 (이격도: 63.6%)
[2025-10-14 19:40:08] INFO: 
[47/66] 한화에어로스페이스 (012450) 모니터링 중...
[2025-10-14 19:40:09] INFO:   💰 현재가: 933,000원
[2025-10-14 19:40:09] INFO:   📊 20일선: 1,027,400원
[2025-10-14 19:40:09] INFO:   📉 1차 매수선: 822,920원 (이격도: 13.4%)
[2025-10-14 19:40:09] INFO:   📉 2차 매수선: 740,628원 (이격도: 26.0%)
[2025-10-14 19:40:09] INFO:   📉 3차 매수선: 666,565원 (이격도: 40.0%)
[2025-10-14 19:40:09] INFO: 
[48/66] 현대차 (005380) 모니터링 중...
[2025-10-14 19:40:10] INFO:   💰 현재가: 223,000원
[2025-10-14 19:40:10] INFO:   📊 20일선: 217,900원
[2025-10-14 19:40:10] INFO:   📉 1차 매수선: 174,820원 (이격도: 27.6%)
[2025-10-14 19:40:10] INFO:   📉 2차 매수선: 157,338원 (이격도: 41.7%)
[2025-10-14 19:40:10] INFO:   📉 3차 매수선: 141,604원 (이격도: 57.5%)
[2025-10-14 19:40:10] INFO: 
[49/66] 한화시스템 (272210) 모니터링 중...
[2025-10-14 19:40:10] INFO:   💰 현재가: 51,500원
[2025-10-14 19:40:11] INFO:   📊 20일선: 57,530원
[2025-10-14 19:40:11] INFO:   📉 1차 매수선: 46,074원 (이격도: 11.8%)
[2025-10-14 19:40:11] INFO:   📉 2차 매수선: 41,467원 (이격도: 24.2%)
[2025-10-14 19:40:11] INFO:   📉 3차 매수선: 37,320원 (이격도: 38.0%)
[2025-10-14 19:40:11] INFO: 
[50/66] 한화솔루션 (009830) 모니터링 중...
[2025-10-14 19:40:11] INFO:   💰 현재가: 27,800원
[2025-10-14 19:40:11] INFO:   📊 20일선: 29,142원
[2025-10-14 19:40:11] INFO:   📉 1차 매수선: 23,364원 (이격도: 19.0%)
[2025-10-14 19:40:11] INFO:   📉 2차 매수선: 21,028원 (이격도: 32.2%)
[2025-10-14 19:40:11] INFO:   📉 3차 매수선: 18,925원 (이격도: 46.9%)
[2025-10-14 19:40:11] INFO: 
[51/66] 삼성전기 (009150) 모니터링 중...
[2025-10-14 19:40:12] INFO:   💰 현재가: 198,200원
[2025-10-14 19:40:12] INFO:   📊 20일선: 196,970원
[2025-10-14 19:40:12] INFO:   📉 1차 매수선: 158,076원 (이격도: 25.4%)
[2025-10-14 19:40:12] INFO:   📉 2차 매수선: 142,268원 (이격도: 39.3%)
[2025-10-14 19:40:12] INFO:   📉 3차 매수선: 128,042원 (이격도: 54.8%)
[2025-10-14 19:40:12] INFO: 
[52/66] 한화비전 (489790) 모니터링 중...
[2025-10-14 19:40:13] INFO:   💰 현재가: 51,300원
[2025-10-14 19:40:13] INFO:   📊 20일선: 56,610원
[2025-10-14 19:40:13] INFO:   📉 1차 매수선: 45,338원 (이격도: 13.2%)
[2025-10-14 19:40:13] INFO:   📉 2차 매수선: 40,804원 (이격도: 25.7%)
[2025-10-14 19:40:13] INFO:   📉 3차 매수선: 36,724원 (이격도: 39.7%)
[2025-10-14 19:40:13] INFO: 
[53/66] HD현대인프라코어 (042670) 모니터링 중...
[2025-10-14 19:40:13] INFO:   💰 현재가: 14,450원
[2025-10-14 19:40:13] INFO:   📊 20일선: 15,392원
[2025-10-14 19:40:13] INFO:   📉 1차 매수선: 12,364원 (이격도: 16.9%)
[2025-10-14 19:40:13] INFO:   📉 2차 매수선: 11,127원 (이격도: 29.9%)
[2025-10-14 19:40:13] INFO:   📉 3차 매수선: 10,015원 (이격도: 44.3%)
[2025-10-14 19:40:13] INFO: 
[54/66] 도우인시스 (484120) 모니터링 중...
[2025-10-14 19:40:14] INFO:   💰 현재가: 28,250원
[2025-10-14 19:40:14] INFO:   📊 20일선: 30,595원
[2025-10-14 19:40:14] INFO:   📉 1차 매수선: 24,526원 (이격도: 15.2%)
[2025-10-14 19:40:14] INFO:   📉 2차 매수선: 22,073원 (이격도: 28.0%)
[2025-10-14 19:40:14] INFO:   📉 3차 매수선: 19,866원 (이격도: 42.2%)
[2025-10-14 19:40:14] INFO: 
[55/66] KBI동양철관 (008970) 모니터링 중...
[2025-10-14 19:40:15] INFO:   💰 현재가: 2,450원
[2025-10-14 19:40:15] INFO:   📊 20일선: 2,664원
[2025-10-14 19:40:15] INFO:   📉 1차 매수선: 2,137원 (이격도: 14.7%)
[2025-10-14 19:40:15] INFO:   📉 2차 매수선: 1,923원 (이격도: 27.4%)
[2025-10-14 19:40:15] INFO:   📉 3차 매수선: 1,731원 (이격도: 41.6%)
[2025-10-14 19:40:15] INFO: 
[56/66] YG PLUS (037270) 모니터링 중...
[2025-10-14 19:40:15] INFO:   💰 현재가: 6,880원
[2025-10-14 19:40:16] INFO:   📊 20일선: 7,976원
[2025-10-14 19:40:16] INFO:   📉 1차 매수선: 6,390원 (이격도: 7.7%)
[2025-10-14 19:40:16] INFO:   📉 2차 매수선: 5,751원 (이격도: 19.6%)
[2025-10-14 19:40:16] INFO:   📉 3차 매수선: 5,176원 (이격도: 32.9%)
[2025-10-14 19:40:16] INFO: 
[57/66] 포스코퓨처엠 (003670) 모니터링 중...
[2025-10-14 19:40:16] INFO:   💰 현재가: 166,700원
[2025-10-14 19:40:16] INFO:   📊 20일선: 143,675원
[2025-10-14 19:40:16] INFO:   📉 1차 매수선: 115,440원 (이격도: 44.4%)
[2025-10-14 19:40:16] INFO:   📉 2차 매수선: 103,896원 (이격도: 60.4%)
[2025-10-14 19:40:16] INFO:   📉 3차 매수선: 93,506원 (이격도: 78.3%)
[2025-10-14 19:40:16] INFO: 
[58/66] 리가켐바이오 (141080) 모니터링 중...
[2025-10-14 19:40:17] INFO:   💰 현재가: 146,700원
[2025-10-14 19:40:17] INFO:   📊 20일선: 150,090원
[2025-10-14 19:40:17] INFO:   📉 1차 매수선: 120,572원 (이격도: 21.7%)
[2025-10-14 19:40:17] INFO:   📉 2차 매수선: 108,515원 (이격도: 35.2%)
[2025-10-14 19:40:17] INFO:   📉 3차 매수선: 97,663원 (이격도: 50.2%)
[2025-10-14 19:40:17] INFO: 
[59/66] 쿠콘 (294570) 모니터링 중...
[2025-10-14 19:40:18] INFO:   💰 현재가: 37,600원
[2025-10-14 19:40:18] INFO:   📊 20일선: 38,265원
[2025-10-14 19:40:18] INFO:   📉 1차 매수선: 30,662원 (이격도: 22.6%)
[2025-10-14 19:40:18] INFO:   📉 2차 매수선: 27,596원 (이격도: 36.3%)
[2025-10-14 19:40:18] INFO:   📉 3차 매수선: 24,836원 (이격도: 51.4%)
[2025-10-14 19:40:18] INFO: 
[60/66] 파인엠텍 (441270) 모니터링 중...
[2025-10-14 19:40:18] INFO:   💰 현재가: 9,820원
[2025-10-14 19:40:18] INFO:   📊 20일선: 11,376원
[2025-10-14 19:40:18] INFO:   📉 1차 매수선: 9,111원 (이격도: 7.8%)
[2025-10-14 19:40:18] INFO:   📉 2차 매수선: 8,200원 (이격도: 19.8%)
[2025-10-14 19:40:18] INFO:   📉 3차 매수선: 7,380원 (이격도: 33.1%)
[2025-10-14 19:40:18] INFO: 
[61/66] SK스퀘어 (402340) 모니터링 중...
[2025-10-14 19:40:19] INFO:   💰 현재가: 234,500원
[2025-10-14 19:40:19] INFO:   📊 20일선: 213,715원
[2025-10-14 19:40:19] INFO:   📉 1차 매수선: 171,472원 (이격도: 36.8%)
[2025-10-14 19:40:19] INFO:   📉 2차 매수선: 154,325원 (이격도: 52.0%)
[2025-10-14 19:40:19] INFO:   📉 3차 매수선: 138,892원 (이격도: 68.8%)
[2025-10-14 19:40:19] INFO: 
[62/66] POSCO홀딩스 (005490) 모니터링 중...
[2025-10-14 19:40:20] INFO:   💰 현재가: 278,000원
[2025-10-14 19:40:20] INFO:   📊 20일선: 278,500원
[2025-10-14 19:40:20] INFO:   📉 1차 매수선: 223,300원 (이격도: 24.5%)
[2025-10-14 19:40:20] INFO:   📉 2차 매수선: 200,970원 (이격도: 38.3%)
[2025-10-14 19:40:20] INFO:   📉 3차 매수선: 180,873원 (이격도: 53.7%)
[2025-10-14 19:40:20] INFO: 
[63/66] HD현대건설기계 (267270) 모니터링 중...
[2025-10-14 19:40:20] INFO:   💰 현재가: 91,700원
[2025-10-14 19:40:21] INFO:   📊 20일선: 95,200원
[2025-10-14 19:40:21] INFO:   📉 1차 매수선: 76,260원 (이격도: 20.2%)
[2025-10-14 19:40:21] INFO:   📉 2차 매수선: 68,634원 (이격도: 33.6%)
[2025-10-14 19:40:21] INFO:   📉 3차 매수선: 61,771원 (이격도: 48.5%)
[2025-10-14 19:40:21] INFO: 
[64/66] 한화 (000880) 모니터링 중...
[2025-10-14 19:40:21] INFO:   💰 현재가: 79,700원
[2025-10-14 19:40:21] INFO:   📊 20일선: 86,805원
[2025-10-14 19:40:21] INFO:   📉 1차 매수선: 69,544원 (이격도: 14.6%)
[2025-10-14 19:40:21] INFO:   📉 2차 매수선: 62,590원 (이격도: 27.3%)
[2025-10-14 19:40:21] INFO:   📉 3차 매수선: 56,331원 (이격도: 41.5%)
[2025-10-14 19:40:21] INFO: 
[65/66] SK (034730) 모니터링 중...
[2025-10-14 19:40:22] INFO:   💰 현재가: 222,000원
[2025-10-14 19:40:22] INFO:   📊 20일선: 220,250원
[2025-10-14 19:40:22] INFO:   📉 1차 매수선: 176,700원 (이격도: 25.6%)
[2025-10-14 19:40:22] INFO:   📉 2차 매수선: 159,030원 (이격도: 39.6%)
[2025-10-14 19:40:22] INFO:   📉 3차 매수선: 143,127원 (이격도: 55.1%)
[2025-10-14 19:40:22] INFO: 
[66/66] SK이노베이션 (096770) 모니터링 중...
[2025-10-14 19:40:23] INFO:   💰 현재가: 106,200원
[2025-10-14 19:40:23] INFO:   📊 20일선: 104,325원
[2025-10-14 19:40:23] INFO:   📉 1차 매수선: 83,560원 (이격도: 27.1%)
[2025-10-14 19:40:23] INFO:   📉 2차 매수선: 75,204원 (이격도: 41.2%)
[2025-10-14 19:40:23] INFO:   📉 3차 매수선: 67,684원 (이격도: 56.9%)
[2025-10-14 19:40:23] INFO: 
================================================================================
[2025-10-14 19:40:23] INFO: ✓ 모니터링 사이클 완료
[2025-10-14 19:40:23] INFO:   모니터링 종목: 66개
[2025-10-14 19:40:23] INFO:   전송 알람: 0개
[2025-10-14 19:40:23] INFO: ================================================================================
[2025-10-14 19:40:23] INFO: 
⏰ 10분 후 다음 사이클 실행...
[2025-10-14 19:40:23] INFO:    종료하려면 Ctrl+C를 누르세요.
[2025-10-14 19:50:23] INFO: 
================================================================================
[2025-10-14 19:50:23] INFO: [사이클 5] 2025-10-14 19:50:23
[2025-10-14 19:50:23] INFO: ================================================================================
[2025-10-14 19:50:23] INFO: ✓ Summary 탭에서 66개 종목 로드
[2025-10-14 19:50:23] INFO: 
[1/66] 삼성전자 (005930) 모니터링 중...
[2025-10-14 19:50:23] INFO:   💰 현재가: 91,600원
[2025-10-14 19:50:23] INFO:   📊 20일선: 84,005원
[2025-10-14 19:50:23] INFO:   📉 1차 매수선: 67,304원 (이격도: 36.1%)
[2025-10-14 19:50:23] INFO:   📉 2차 매수선: 60,574원 (이격도: 51.2%)
[2025-10-14 19:50:23] INFO:   📉 3차 매수선: 54,516원 (이격도: 68.0%)
[2025-10-14 19:50:23] INFO: 
[2/66] SK하이닉스 (000660) 모니터링 중...
[2025-10-14 19:50:24] INFO:   💰 현재가: 411,500원
[2025-10-14 19:50:24] INFO:   📊 20일선: 361,725원
[2025-10-14 19:50:24] INFO:   📉 1차 매수선: 289,880원 (이격도: 42.0%)
[2025-10-14 19:50:24] INFO:   📉 2차 매수선: 260,892원 (이격도: 57.7%)
[2025-10-14 19:50:24] INFO:   📉 3차 매수선: 234,803원 (이격도: 75.3%)
[2025-10-14 19:50:24] INFO: 
[3/66] 두산에너빌리티 (034020) 모니터링 중...
[2025-10-14 19:50:24] INFO:   💰 현재가: 75,800원
[2025-10-14 19:50:24] INFO:   📊 20일선: 65,200원
[2025-10-14 19:50:24] INFO:   📉 1차 매수선: 52,260원 (이격도: 45.0%)
[2025-10-14 19:50:24] INFO:   📉 2차 매수선: 47,034원 (이격도: 61.2%)
[2025-10-14 19:50:24] INFO:   📉 3차 매수선: 42,331원 (이격도: 79.1%)
[2025-10-14 19:50:24] INFO: 
[4/66] NAVER (035420) 모니터링 중...
[2025-10-14 19:50:25] INFO:   💰 현재가: 258,000원
[2025-10-14 19:50:25] INFO:   📊 20일선: 247,100원
[2025-10-14 19:50:25] INFO:   📉 1차 매수선: 198,180원 (이격도: 30.2%)
[2025-10-14 19:50:25] INFO:   📉 2차 매수선: 178,362원 (이격도: 44.6%)
[2025-10-14 19:50:25] INFO:   📉 3차 매수선: 160,526원 (이격도: 60.7%)
[2025-10-14 19:50:25] INFO: 
[5/66] 한미반도체 (042700) 모니터링 중...
[2025-10-14 19:50:26] INFO:   💰 현재가: 128,700원
[2025-10-14 19:50:26] INFO:   📊 20일선: 100,060원
[2025-10-14 19:50:26] INFO:   📉 1차 매수선: 80,148원 (이격도: 60.6%)
[2025-10-14 19:50:26] INFO:   📉 2차 매수선: 72,133원 (이격도: 78.4%)
[2025-10-14 19:50:26] INFO:   📉 3차 매수선: 64,920원 (이격도: 98.2%)
[2025-10-14 19:50:26] INFO: 
[6/66] 클로봇 (466100) 모니터링 중...
[2025-10-14 19:50:26] INFO:   💰 현재가: 42,000원
[2025-10-14 19:50:27] INFO:   📊 20일선: 30,660원
[2025-10-14 19:50:27] INFO:   📉 1차 매수선: 24,578원 (이격도: 70.9%)
[2025-10-14 19:50:27] INFO:   📉 2차 매수선: 22,120원 (이격도: 89.9%)
[2025-10-14 19:50:27] INFO:   📉 3차 매수선: 19,908원 (이격도: 111.0%)
[2025-10-14 19:50:27] INFO: 
[7/66] 로보티즈 (108490) 모니터링 중...
[2025-10-14 19:50:27] INFO:   💰 현재가: 185,300원
[2025-10-14 19:50:27] INFO:   📊 20일선: 142,873원
[2025-10-14 19:50:27] INFO:   📉 1차 매수선: 114,798원 (이격도: 61.4%)
[2025-10-14 19:50:27] INFO:   📉 2차 매수선: 103,319원 (이격도: 79.3%)
[2025-10-14 19:50:27] INFO:   📉 3차 매수선: 92,987원 (이격도: 99.3%)
[2025-10-14 19:50:27] INFO: 
[8/66] 삼성전자우 (005935) 모니터링 중...
[2025-10-14 19:50:28] INFO:   💰 현재가: 72,300원
[2025-10-14 19:50:28] INFO:   📊 20일선: 66,720원
[2025-10-14 19:50:28] INFO:   📉 1차 매수선: 53,476원 (이격도: 35.2%)
[2025-10-14 19:50:28] INFO:   📉 2차 매수선: 48,128원 (이격도: 50.2%)
[2025-10-14 19:50:28] INFO:   📉 3차 매수선: 43,316원 (이격도: 66.9%)
[2025-10-14 19:50:28] INFO: 
[9/66] 일동제약 (249420) 모니터링 중...
[2025-10-14 19:50:29] INFO:   💰 현재가: 23,850원
[2025-10-14 19:50:29] INFO:   📊 20일선: 26,682원
[2025-10-14 19:50:29] INFO:   📉 1차 매수선: 21,396원 (이격도: 11.5%)
[2025-10-14 19:50:29] INFO:   📉 2차 매수선: 19,256원 (이격도: 23.9%)
[2025-10-14 19:50:29] INFO:   📉 3차 매수선: 17,331원 (이격도: 37.6%)
[2025-10-14 19:50:29] INFO: 
[10/66] 우리기술투자 (041190) 모니터링 중...
[2025-10-14 19:50:30] INFO:   💰 현재가: 10,020원
[2025-10-14 19:50:30] INFO:   📊 20일선: 10,890원
[2025-10-14 19:50:30] INFO:   📉 1차 매수선: 8,722원 (이격도: 14.9%)
[2025-10-14 19:50:30] INFO:   📉 2차 매수선: 7,849원 (이격도: 27.7%)
[2025-10-14 19:50:30] INFO:   📉 3차 매수선: 7,064원 (이격도: 41.8%)
[2025-10-14 19:50:30] INFO: 
[11/66] NHN KCP (060250) 모니터링 중...
[2025-10-14 19:50:31] INFO:   💰 현재가: 17,440원
[2025-10-14 19:50:31] INFO:   📊 20일선: 16,378원
[2025-10-14 19:50:31] INFO:   📉 1차 매수선: 13,152원 (이격도: 32.6%)
[2025-10-14 19:50:31] INFO:   📉 2차 매수선: 11,837원 (이격도: 47.3%)
[2025-10-14 19:50:31] INFO:   📉 3차 매수선: 10,653원 (이격도: 63.7%)
[2025-10-14 19:50:31] INFO: 
[12/66] 카카오 (035720) 모니터링 중...
[2025-10-14 19:50:32] INFO:   💰 현재가: 59,600원
[2025-10-14 19:50:32] INFO:   📊 20일선: 62,105원
[2025-10-14 19:50:32] INFO:   📉 1차 매수선: 49,734원 (이격도: 19.8%)
[2025-10-14 19:50:32] INFO:   📉 2차 매수선: 44,761원 (이격도: 33.2%)
[2025-10-14 19:50:32] INFO:   📉 3차 매수선: 40,285원 (이격도: 47.9%)
[2025-10-14 19:50:32] INFO: 
[13/66] 레인보우로보틱스 (277810) 모니터링 중...
[2025-10-14 19:50:32] INFO:   💰 현재가: 337,000원
[2025-10-14 19:50:33] INFO:   📊 20일선: 309,825원
[2025-10-14 19:50:33] INFO:   📉 1차 매수선: 248,360원 (이격도: 35.7%)
[2025-10-14 19:50:33] INFO:   📉 2차 매수선: 223,524원 (이격도: 50.8%)
[2025-10-14 19:50:33] INFO:   📉 3차 매수선: 201,172원 (이격도: 67.5%)
[2025-10-14 19:50:33] INFO: 
[14/66] 알테오젠 (196170) 모니터링 중...
[2025-10-14 19:50:33] INFO:   💰 현재가: 446,000원
[2025-10-14 19:50:33] INFO:   📊 20일선: 468,700원
[2025-10-14 19:50:33] INFO:   📉 1차 매수선: 375,460원 (이격도: 18.8%)
[2025-10-14 19:50:33] INFO:   📉 2차 매수선: 337,914원 (이격도: 32.0%)
[2025-10-14 19:50:33] INFO:   📉 3차 매수선: 304,123원 (이격도: 46.7%)
[2025-10-14 19:50:33] INFO: 
[15/66] 셀트리온 (068270) 모니터링 중...
[2025-10-14 19:50:34] INFO:   💰 현재가: 169,700원
[2025-10-14 19:50:34] INFO:   📊 20일선: 173,130원
[2025-10-14 19:50:34] INFO:   📉 1차 매수선: 139,004원 (이격도: 22.1%)
[2025-10-14 19:50:34] INFO:   📉 2차 매수선: 125,104원 (이격도: 35.6%)
[2025-10-14 19:50:34] INFO:   📉 3차 매수선: 112,593원 (이격도: 50.7%)
[2025-10-14 19:50:34] INFO: 
[16/66] 디앤디파마텍 (347850) 모니터링 중...
[2025-10-14 19:50:35] INFO:   💰 현재가: 178,100원
[2025-10-14 19:50:35] INFO:   📊 20일선: 184,515원
[2025-10-14 19:50:35] INFO:   📉 1차 매수선: 148,112원 (이격도: 20.2%)
[2025-10-14 19:50:35] INFO:   📉 2차 매수선: 133,301원 (이격도: 33.6%)
[2025-10-14 19:50:35] INFO:   📉 3차 매수선: 119,971원 (이격도: 48.5%)
[2025-10-14 19:50:35] INFO: 
[17/66] 삼천당제약 (000250) 모니터링 중...
[2025-10-14 19:50:36] INFO:   💰 현재가: 201,500원
[2025-10-14 19:50:36] INFO:   📊 20일선: 219,125원
[2025-10-14 19:50:36] INFO:   📉 1차 매수선: 175,800원 (이격도: 14.6%)
[2025-10-14 19:50:36] INFO:   📉 2차 매수선: 158,220원 (이격도: 27.4%)
[2025-10-14 19:50:36] INFO:   📉 3차 매수선: 142,398원 (이격도: 41.5%)
[2025-10-14 19:50:36] INFO: 
[18/66] 다날 (064260) 모니터링 중...
[2025-10-14 19:50:37] INFO:   💰 현재가: 9,580원
[2025-10-14 19:50:37] INFO:   📊 20일선: 9,758원
[2025-10-14 19:50:37] INFO:   📉 1차 매수선: 7,817원 (이격도: 22.6%)
[2025-10-14 19:50:37] INFO:   📉 2차 매수선: 7,035원 (이격도: 36.2%)
[2025-10-14 19:50:37] INFO:   📉 3차 매수선: 6,332원 (이격도: 51.3%)
[2025-10-14 19:50:37] INFO: 
[19/66] 현대로템 (064350) 모니터링 중...
[2025-10-14 19:50:37] INFO:   💰 현재가: 202,000원
[2025-10-14 19:50:38] INFO:   📊 20일선: 216,925원
[2025-10-14 19:50:38] INFO:   📉 1차 매수선: 174,040원 (이격도: 16.1%)
[2025-10-14 19:50:38] INFO:   📉 2차 매수선: 156,636원 (이격도: 29.0%)
[2025-10-14 19:50:38] INFO:   📉 3차 매수선: 140,972원 (이격도: 43.3%)
[2025-10-14 19:50:38] INFO: 
[20/66] 로보스타 (090360) 모니터링 중...
[2025-10-14 19:50:38] INFO:   💰 현재가: 62,900원
[2025-10-14 19:50:38] INFO:   📊 20일선: 45,130원
[2025-10-14 19:50:38] INFO:   📉 1차 매수선: 36,154원 (이격도: 74.0%)
[2025-10-14 19:50:38] INFO:   📉 2차 매수선: 32,539원 (이격도: 93.3%)
[2025-10-14 19:50:38] INFO:   📉 3차 매수선: 29,285원 (이격도: 114.8%)
[2025-10-14 19:50:38] INFO: 
[21/66] 한국항공우주 (047810) 모니터링 중...
[2025-10-14 19:50:39] INFO:   💰 현재가: 98,600원
[2025-10-14 19:50:39] INFO:   📊 20일선: 105,190원
[2025-10-14 19:50:39] INFO:   📉 1차 매수선: 84,252원 (이격도: 17.0%)
[2025-10-14 19:50:39] INFO:   📉 2차 매수선: 75,827원 (이격도: 30.0%)
[2025-10-14 19:50:39] INFO:   📉 3차 매수선: 68,244원 (이격도: 44.5%)
[2025-10-14 19:50:39] INFO: 
[22/66] 한화오션 (042660) 모니터링 중...
[2025-10-14 19:50:40] INFO:   💰 현재가: 103,100원
[2025-10-14 19:50:40] INFO:   📊 20일선: 109,660원
[2025-10-14 19:50:40] INFO:   📉 1차 매수선: 87,828원 (이격도: 17.4%)
[2025-10-14 19:50:40] INFO:   📉 2차 매수선: 79,045원 (이격도: 30.4%)
[2025-10-14 19:50:40] INFO:   📉 3차 매수선: 71,141원 (이격도: 44.9%)
[2025-10-14 19:50:40] INFO: 
[23/66] 한라캐스트 (125490) 모니터링 중...
[2025-10-14 19:50:41] INFO:   💰 현재가: 8,420원
[2025-10-14 19:50:41] INFO:   📊 20일선: 7,777원
[2025-10-14 19:50:41] INFO:   📉 1차 매수선: 6,232원 (이격도: 35.1%)
[2025-10-14 19:50:41] INFO:   📉 2차 매수선: 5,608원 (이격도: 50.1%)
[2025-10-14 19:50:41] INFO:   📉 3차 매수선: 5,048원 (이격도: 66.8%)
[2025-10-14 19:50:41] INFO: 
[24/66] 지투지바이오 (456160) 모니터링 중...
[2025-10-14 19:50:42] INFO:   💰 현재가: 190,500원
[2025-10-14 19:50:42] INFO:   📊 20일선: 205,105원
[2025-10-14 19:50:42] INFO:   📉 1차 매수선: 164,584원 (이격도: 15.7%)
[2025-10-14 19:50:42] INFO:   📉 2차 매수선: 148,126원 (이격도: 28.6%)
[2025-10-14 19:50:42] INFO:   📉 3차 매수선: 133,313원 (이격도: 42.9%)
[2025-10-14 19:50:42] INFO: 
[25/66] 농심 (004370) 모니터링 중...
[2025-10-14 19:50:42] INFO:   💰 현재가: 429,000원
[2025-10-14 19:50:42] INFO:   📊 20일선: 460,150원
[2025-10-14 19:50:42] INFO:   📉 1차 매수선: 368,620원 (이격도: 16.4%)
[2025-10-14 19:50:42] INFO:   📉 2차 매수선: 331,758원 (이격도: 29.3%)
[2025-10-14 19:50:42] INFO:   📉 3차 매수선: 298,582원 (이격도: 43.7%)
[2025-10-14 19:50:42] INFO: 
[26/66] SK오션플랜트 (100090) 모니터링 중...
[2025-10-14 19:50:43] INFO:   💰 현재가: 22,300원
[2025-10-14 19:50:43] INFO:   📊 20일선: 25,642원
[2025-10-14 19:50:43] INFO:   📉 1차 매수선: 20,564원 (이격도: 8.4%)
[2025-10-14 19:50:43] INFO:   📉 2차 매수선: 18,508원 (이격도: 20.5%)
[2025-10-14 19:50:43] INFO:   📉 3차 매수선: 16,657원 (이격도: 33.9%)
[2025-10-14 19:50:43] INFO: 
[27/66] HJ중공업 (097230) 모니터링 중...
[2025-10-14 19:50:44] INFO:   💰 현재가: 23,950원
[2025-10-14 19:50:44] INFO:   📊 20일선: 28,382원
[2025-10-14 19:50:44] INFO:   📉 1차 매수선: 22,756원 (이격도: 5.2%)
[2025-10-14 19:50:44] INFO:   📉 2차 매수선: 20,480원 (이격도: 16.9%)
[2025-10-14 19:50:44] INFO:   📉 3차 매수선: 18,432원 (이격도: 29.9%)
[2025-10-14 19:50:44] INFO: 
[28/66] 세진중공업 (075580) 모니터링 중...
[2025-10-14 19:50:45] INFO:   💰 현재가: 19,640원
[2025-10-14 19:50:45] INFO:   📊 20일선: 22,064원
[2025-10-14 19:50:45] INFO:   📉 1차 매수선: 17,701원 (이격도: 11.0%)
[2025-10-14 19:50:45] INFO:   📉 2차 매수선: 15,931원 (이격도: 23.3%)
[2025-10-14 19:50:45] INFO:   📉 3차 매수선: 14,338원 (이격도: 37.0%)
[2025-10-14 19:50:45] INFO: 
[29/66] 엘앤씨바이오 (290650) 모니터링 중...
[2025-10-14 19:50:46] INFO:   💰 현재가: 47,400원
[2025-10-14 19:50:46] INFO:   📊 20일선: 55,228원
[2025-10-14 19:50:46] INFO:   📉 1차 매수선: 44,232원 (이격도: 7.2%)
[2025-10-14 19:50:46] INFO:   📉 2차 매수선: 39,809원 (이격도: 19.1%)
[2025-10-14 19:50:46] INFO:   📉 3차 매수선: 35,828원 (이격도: 32.3%)
[2025-10-14 19:50:46] INFO: 
[30/66] 한화엔진 (082740) 모니터링 중...
[2025-10-14 19:50:46] INFO:   💰 현재가: 43,700원
[2025-10-14 19:50:47] INFO:   📊 20일선: 44,648원
[2025-10-14 19:50:47] INFO:   📉 1차 매수선: 35,768원 (이격도: 22.2%)
[2025-10-14 19:50:47] INFO:   📉 2차 매수선: 32,191원 (이격도: 35.8%)
[2025-10-14 19:50:47] INFO:   📉 3차 매수선: 28,972원 (이격도: 50.8%)
[2025-10-14 19:50:47] INFO: 
[31/66] 현대힘스 (460930) 모니터링 중...
[2025-10-14 19:50:47] INFO:   💰 현재가: 23,100원
[2025-10-14 19:50:48] INFO:   📊 20일선: 26,355원
[2025-10-14 19:50:48] INFO:   📉 1차 매수선: 21,134원 (이격도: 9.3%)
[2025-10-14 19:50:48] INFO:   📉 2차 매수선: 19,021원 (이격도: 21.4%)
[2025-10-14 19:50:48] INFO:   📉 3차 매수선: 17,119원 (이격도: 34.9%)
[2025-10-14 19:50:48] INFO: 
[32/66] HD한국조선해양 (009540) 모니터링 중...
[2025-10-14 19:50:48] INFO:   💰 현재가: 408,000원
[2025-10-14 19:50:48] INFO:   📊 20일선: 410,100원
[2025-10-14 19:50:48] INFO:   📉 1차 매수선: 328,580원 (이격도: 24.2%)
[2025-10-14 19:50:48] INFO:   📉 2차 매수선: 295,722원 (이격도: 38.0%)
[2025-10-14 19:50:48] INFO:   📉 3차 매수선: 266,150원 (이격도: 53.3%)
[2025-10-14 19:50:48] INFO: 
[33/66] HD현대미포 (010620) 모니터링 중...
[2025-10-14 19:50:49] INFO:   💰 현재가: 196,000원
[2025-10-14 19:50:49] INFO:   📊 20일선: 198,855원
[2025-10-14 19:50:49] INFO:   📉 1차 매수선: 159,584원 (이격도: 22.8%)
[2025-10-14 19:50:49] INFO:   📉 2차 매수선: 143,626원 (이격도: 36.5%)
[2025-10-14 19:50:49] INFO:   📉 3차 매수선: 129,263원 (이격도: 51.6%)
[2025-10-14 19:50:49] INFO: 
[34/66] 삼성중공업 (010140) 모니터링 중...
[2025-10-14 19:50:50] INFO:   💰 현재가: 21,200원
[2025-10-14 19:50:50] INFO:   📊 20일선: 21,655원
[2025-10-14 19:50:50] INFO:   📉 1차 매수선: 17,374원 (이격도: 22.0%)
[2025-10-14 19:50:50] INFO:   📉 2차 매수선: 15,637원 (이격도: 35.6%)
[2025-10-14 19:50:50] INFO:   📉 3차 매수선: 14,073원 (이격도: 50.6%)
[2025-10-14 19:50:50] INFO: 
[35/66] 효성중공업 (298040) 모니터링 중...
[2025-10-14 19:50:51] INFO:   💰 현재가: 1,465,000원
[2025-10-14 19:50:51] INFO:   📊 20일선: 1,401,350원
[2025-10-14 19:50:51] INFO:   📉 1차 매수선: 1,122,080원 (이격도: 30.6%)
[2025-10-14 19:50:51] INFO:   📉 2차 매수선: 1,009,872원 (이격도: 45.1%)
[2025-10-14 19:50:51] INFO:   📉 3차 매수선: 908,885원 (이격도: 61.2%)
[2025-10-14 19:50:51] INFO: 
[36/66] LIG넥스원 (079550) 모니터링 중...
[2025-10-14 19:50:52] INFO:   💰 현재가: 447,000원
[2025-10-14 19:50:52] INFO:   📊 20일선: 496,225원
[2025-10-14 19:50:52] INFO:   📉 1차 매수선: 397,480원 (이격도: 12.5%)
[2025-10-14 19:50:52] INFO:   📉 2차 매수선: 357,732원 (이격도: 25.0%)
[2025-10-14 19:50:52] INFO:   📉 3차 매수선: 321,959원 (이격도: 38.8%)
[2025-10-14 19:50:52] INFO: 
[37/66] 에스엔시스 (0008Z0) 모니터링 중...
[2025-10-14 19:50:52] INFO:   💰 현재가: 38,900원
[2025-10-14 19:50:52] INFO:   📊 20일선: 42,348원
[2025-10-14 19:50:52] INFO:   📉 1차 매수선: 33,928원 (이격도: 14.7%)
[2025-10-14 19:50:52] INFO:   📉 2차 매수선: 30,535원 (이격도: 27.4%)
[2025-10-14 19:50:52] INFO:   📉 3차 매수선: 27,482원 (이격도: 41.5%)
[2025-10-14 19:50:52] INFO: 
[38/66] 삼양컴텍 (484590) 모니터링 중...
[2025-10-14 19:50:53] INFO:   💰 현재가: 16,890원
[2025-10-14 19:50:53] INFO:   📊 20일선: 18,970원
[2025-10-14 19:50:53] INFO:   📉 1차 매수선: 15,226원 (이격도: 10.9%)
[2025-10-14 19:50:53] INFO:   📉 2차 매수선: 13,704원 (이격도: 23.3%)
[2025-10-14 19:50:53] INFO:   📉 3차 매수선: 12,333원 (이격도: 36.9%)
[2025-10-14 19:50:53] INFO: 
[39/66] 에이비엘바이오 (298380) 모니터링 중...
[2025-10-14 19:50:54] INFO:   💰 현재가: 90,000원
[2025-10-14 19:50:54] INFO:   📊 20일선: 98,335원
[2025-10-14 19:50:54] INFO:   📉 1차 매수선: 78,768원 (이격도: 14.3%)
[2025-10-14 19:50:54] INFO:   📉 2차 매수선: 70,891원 (이격도: 27.0%)
[2025-10-14 19:50:54] INFO:   📉 3차 매수선: 63,802원 (이격도: 41.1%)
[2025-10-14 19:50:54] INFO: 
[40/66] LG디스플레이 (034220) 모니터링 중...
[2025-10-14 19:50:55] INFO:   💰 현재가: 14,030원
[2025-10-14 19:50:55] INFO:   📊 20일선: 13,689원
[2025-10-14 19:50:55] INFO:   📉 1차 매수선: 11,001원 (이격도: 27.5%)
[2025-10-14 19:50:55] INFO:   📉 2차 매수선: 9,901원 (이격도: 41.7%)
[2025-10-14 19:50:55] INFO:   📉 3차 매수선: 8,911원 (이격도: 57.4%)
[2025-10-14 19:50:55] INFO: 
[41/66] 한국전력 (015760) 모니터링 중...
[2025-10-14 19:50:56] INFO:   💰 현재가: 37,700원
[2025-10-14 19:50:56] INFO:   📊 20일선: 36,482원
[2025-10-14 19:50:56] INFO:   📉 1차 매수선: 29,236원 (이격도: 29.0%)
[2025-10-14 19:50:56] INFO:   📉 2차 매수선: 26,312원 (이격도: 43.3%)
[2025-10-14 19:50:56] INFO:   📉 3차 매수선: 23,681원 (이격도: 59.2%)
[2025-10-14 19:50:56] INFO: 
[42/66] 대한조선 (439260) 모니터링 중...
[2025-10-14 19:50:56] INFO:   💰 현재가: 75,300원
[2025-10-14 19:50:56] INFO:   📊 20일선: 80,485원
[2025-10-14 19:50:56] INFO:   📉 1차 매수선: 64,488원 (이격도: 16.8%)
[2025-10-14 19:50:56] INFO:   📉 2차 매수선: 58,039원 (이격도: 29.7%)
[2025-10-14 19:50:56] INFO:   📉 3차 매수선: 52,235원 (이격도: 44.2%)
[2025-10-14 19:50:56] INFO: 
[43/66] 에이피알 (278470) 모니터링 중...
[2025-10-14 19:50:57] INFO:   💰 현재가: 247,000원
[2025-10-14 19:50:57] INFO:   📊 20일선: 233,250원
[2025-10-14 19:50:57] INFO:   📉 1차 매수선: 187,100원 (이격도: 32.0%)
[2025-10-14 19:50:57] INFO:   📉 2차 매수선: 168,390원 (이격도: 46.7%)
[2025-10-14 19:50:57] INFO:   📉 3차 매수선: 151,551원 (이격도: 63.0%)
[2025-10-14 19:50:57] INFO: 
[44/66] SK바이오팜 (326030) 모니터링 중...
[2025-10-14 19:50:58] INFO:   💰 현재가: 101,500원
[2025-10-14 19:50:58] INFO:   📊 20일선: 106,350원
[2025-10-14 19:50:58] INFO:   📉 1차 매수선: 85,180원 (이격도: 19.2%)
[2025-10-14 19:50:58] INFO:   📉 2차 매수선: 76,662원 (이격도: 32.4%)
[2025-10-14 19:50:58] INFO:   📉 3차 매수선: 68,996원 (이격도: 47.1%)
[2025-10-14 19:50:58] INFO: 
[45/66] 에코프로비엠 (247540) 모니터링 중...
[2025-10-14 19:50:59] INFO:   💰 현재가: 123,700원
[2025-10-14 19:50:59] INFO:   📊 20일선: 118,245원
[2025-10-14 19:50:59] INFO:   📉 1차 매수선: 94,696원 (이격도: 30.6%)
[2025-10-14 19:50:59] INFO:   📉 2차 매수선: 85,226원 (이격도: 45.1%)
[2025-10-14 19:50:59] INFO:   📉 3차 매수선: 76,704원 (이격도: 61.3%)
[2025-10-14 19:50:59] INFO: 
[46/66] 삼성SDI (006400) 모니터링 중...
[2025-10-14 19:51:00] INFO:   💰 현재가: 220,000원
[2025-10-14 19:51:00] INFO:   📊 20일선: 206,940원
[2025-10-14 19:51:00] INFO:   📉 1차 매수선: 166,052원 (이격도: 32.5%)
[2025-10-14 19:51:00] INFO:   📉 2차 매수선: 149,447원 (이격도: 47.2%)
[2025-10-14 19:51:00] INFO:   📉 3차 매수선: 134,502원 (이격도: 63.6%)
[2025-10-14 19:51:00] INFO: 
[47/66] 한화에어로스페이스 (012450) 모니터링 중...
[2025-10-14 19:51:00] INFO:   💰 현재가: 933,000원
[2025-10-14 19:51:01] INFO:   📊 20일선: 1,027,400원
[2025-10-14 19:51:01] INFO:   📉 1차 매수선: 822,920원 (이격도: 13.4%)
[2025-10-14 19:51:01] INFO:   📉 2차 매수선: 740,628원 (이격도: 26.0%)
[2025-10-14 19:51:01] INFO:   📉 3차 매수선: 666,565원 (이격도: 40.0%)
[2025-10-14 19:51:01] INFO: 
[48/66] 현대차 (005380) 모니터링 중...
[2025-10-14 19:51:01] INFO:   💰 현재가: 223,000원
[2025-10-14 19:51:02] INFO:   📊 20일선: 217,900원
[2025-10-14 19:51:02] INFO:   📉 1차 매수선: 174,820원 (이격도: 27.6%)
[2025-10-14 19:51:02] INFO:   📉 2차 매수선: 157,338원 (이격도: 41.7%)
[2025-10-14 19:51:02] INFO:   📉 3차 매수선: 141,604원 (이격도: 57.5%)
[2025-10-14 19:51:02] INFO: 
[49/66] 한화시스템 (272210) 모니터링 중...
[2025-10-14 19:51:02] INFO:   💰 현재가: 51,500원
[2025-10-14 19:51:02] INFO:   📊 20일선: 57,530원
[2025-10-14 19:51:02] INFO:   📉 1차 매수선: 46,074원 (이격도: 11.8%)
[2025-10-14 19:51:02] INFO:   📉 2차 매수선: 41,467원 (이격도: 24.2%)
[2025-10-14 19:51:02] INFO:   📉 3차 매수선: 37,320원 (이격도: 38.0%)
[2025-10-14 19:51:02] INFO: 
[50/66] 한화솔루션 (009830) 모니터링 중...
[2025-10-14 19:51:03] INFO:   💰 현재가: 27,800원
[2025-10-14 19:51:03] INFO:   📊 20일선: 29,142원
[2025-10-14 19:51:03] INFO:   📉 1차 매수선: 23,364원 (이격도: 19.0%)
[2025-10-14 19:51:03] INFO:   📉 2차 매수선: 21,028원 (이격도: 32.2%)
[2025-10-14 19:51:03] INFO:   📉 3차 매수선: 18,925원 (이격도: 46.9%)
[2025-10-14 19:51:03] INFO: 
[51/66] 삼성전기 (009150) 모니터링 중...
[2025-10-14 19:51:04] INFO:   💰 현재가: 198,200원
[2025-10-14 19:51:04] INFO:   📊 20일선: 196,970원
[2025-10-14 19:51:04] INFO:   📉 1차 매수선: 158,076원 (이격도: 25.4%)
[2025-10-14 19:51:04] INFO:   📉 2차 매수선: 142,268원 (이격도: 39.3%)
[2025-10-14 19:51:04] INFO:   📉 3차 매수선: 128,042원 (이격도: 54.8%)
[2025-10-14 19:51:04] INFO: 
[52/66] 한화비전 (489790) 모니터링 중...
[2025-10-14 19:51:05] INFO:   💰 현재가: 51,300원
[2025-10-14 19:51:05] INFO:   📊 20일선: 56,610원
[2025-10-14 19:51:05] INFO:   📉 1차 매수선: 45,338원 (이격도: 13.2%)
[2025-10-14 19:51:05] INFO:   📉 2차 매수선: 40,804원 (이격도: 25.7%)
[2025-10-14 19:51:05] INFO:   📉 3차 매수선: 36,724원 (이격도: 39.7%)
[2025-10-14 19:51:05] INFO: 
[53/66] HD현대인프라코어 (042670) 모니터링 중...
[2025-10-14 19:51:06] INFO:   💰 현재가: 14,450원
[2025-10-14 19:51:06] INFO:   📊 20일선: 15,392원
[2025-10-14 19:51:06] INFO:   📉 1차 매수선: 12,364원 (이격도: 16.9%)
[2025-10-14 19:51:06] INFO:   📉 2차 매수선: 11,127원 (이격도: 29.9%)
[2025-10-14 19:51:06] INFO:   📉 3차 매수선: 10,015원 (이격도: 44.3%)
[2025-10-14 19:51:06] INFO: 
[54/66] 도우인시스 (484120) 모니터링 중...
[2025-10-14 19:51:06] INFO:   💰 현재가: 28,250원
[2025-10-14 19:51:06] INFO:   📊 20일선: 30,595원
[2025-10-14 19:51:06] INFO:   📉 1차 매수선: 24,526원 (이격도: 15.2%)
[2025-10-14 19:51:06] INFO:   📉 2차 매수선: 22,073원 (이격도: 28.0%)
[2025-10-14 19:51:06] INFO:   📉 3차 매수선: 19,866원 (이격도: 42.2%)
[2025-10-14 19:51:06] INFO: 
[55/66] KBI동양철관 (008970) 모니터링 중...
[2025-10-14 19:51:07] INFO:   💰 현재가: 2,450원
[2025-10-14 19:51:07] INFO:   📊 20일선: 2,664원
[2025-10-14 19:51:07] INFO:   📉 1차 매수선: 2,137원 (이격도: 14.7%)
[2025-10-14 19:51:07] INFO:   📉 2차 매수선: 1,923원 (이격도: 27.4%)
[2025-10-14 19:51:07] INFO:   📉 3차 매수선: 1,731원 (이격도: 41.6%)
[2025-10-14 19:51:07] INFO: 
[56/66] YG PLUS (037270) 모니터링 중...
[2025-10-14 19:51:08] INFO:   💰 현재가: 6,880원
[2025-10-14 19:51:08] INFO:   📊 20일선: 7,976원
[2025-10-14 19:51:08] INFO:   📉 1차 매수선: 6,390원 (이격도: 7.7%)
[2025-10-14 19:51:08] INFO:   📉 2차 매수선: 5,751원 (이격도: 19.6%)
[2025-10-14 19:51:08] INFO:   📉 3차 매수선: 5,176원 (이격도: 32.9%)
[2025-10-14 19:51:08] INFO: 
[57/66] 포스코퓨처엠 (003670) 모니터링 중...
[2025-10-14 19:51:09] INFO:   💰 현재가: 166,700원
[2025-10-14 19:51:09] INFO:   📊 20일선: 143,675원
[2025-10-14 19:51:09] INFO:   📉 1차 매수선: 115,440원 (이격도: 44.4%)
[2025-10-14 19:51:09] INFO:   📉 2차 매수선: 103,896원 (이격도: 60.4%)
[2025-10-14 19:51:09] INFO:   📉 3차 매수선: 93,506원 (이격도: 78.3%)
[2025-10-14 19:51:09] INFO: 
[58/66] 리가켐바이오 (141080) 모니터링 중...
[2025-10-14 19:51:10] INFO:   💰 현재가: 146,700원
[2025-10-14 19:51:10] INFO:   📊 20일선: 150,090원
[2025-10-14 19:51:10] INFO:   📉 1차 매수선: 120,572원 (이격도: 21.7%)
[2025-10-14 19:51:10] INFO:   📉 2차 매수선: 108,515원 (이격도: 35.2%)
[2025-10-14 19:51:10] INFO:   📉 3차 매수선: 97,663원 (이격도: 50.2%)
[2025-10-14 19:51:10] INFO: 
[59/66] 쿠콘 (294570) 모니터링 중...
[2025-10-14 19:51:11] INFO:   💰 현재가: 37,600원
[2025-10-14 19:51:11] INFO:   📊 20일선: 38,265원
[2025-10-14 19:51:11] INFO:   📉 1차 매수선: 30,662원 (이격도: 22.6%)
[2025-10-14 19:51:11] INFO:   📉 2차 매수선: 27,596원 (이격도: 36.3%)
[2025-10-14 19:51:11] INFO:   📉 3차 매수선: 24,836원 (이격도: 51.4%)
[2025-10-14 19:51:11] INFO: 
[60/66] 파인엠텍 (441270) 모니터링 중...
[2025-10-14 19:51:11] INFO:   💰 현재가: 9,820원
[2025-10-14 19:51:12] INFO:   📊 20일선: 11,376원
[2025-10-14 19:51:12] INFO:   📉 1차 매수선: 9,111원 (이격도: 7.8%)
[2025-10-14 19:51:12] INFO:   📉 2차 매수선: 8,200원 (이격도: 19.8%)
[2025-10-14 19:51:12] INFO:   📉 3차 매수선: 7,380원 (이격도: 33.1%)
[2025-10-14 19:51:12] INFO: 
[61/66] SK스퀘어 (402340) 모니터링 중...
[2025-10-14 19:51:12] INFO:   💰 현재가: 234,500원
[2025-10-14 19:51:12] INFO:   📊 20일선: 213,715원
[2025-10-14 19:51:12] INFO:   📉 1차 매수선: 171,472원 (이격도: 36.8%)
[2025-10-14 19:51:12] INFO:   📉 2차 매수선: 154,325원 (이격도: 52.0%)
[2025-10-14 19:51:12] INFO:   📉 3차 매수선: 138,892원 (이격도: 68.8%)
[2025-10-14 19:51:12] INFO: 
[62/66] POSCO홀딩스 (005490) 모니터링 중...
[2025-10-14 19:51:13] INFO:   💰 현재가: 278,000원
[2025-10-14 19:51:13] INFO:   📊 20일선: 278,500원
[2025-10-14 19:51:13] INFO:   📉 1차 매수선: 223,300원 (이격도: 24.5%)
[2025-10-14 19:51:13] INFO:   📉 2차 매수선: 200,970원 (이격도: 38.3%)
[2025-10-14 19:51:13] INFO:   📉 3차 매수선: 180,873원 (이격도: 53.7%)
[2025-10-14 19:51:13] INFO: 
[63/66] HD현대건설기계 (267270) 모니터링 중...
[2025-10-14 19:51:14] INFO:   💰 현재가: 91,700원
[2025-10-14 19:51:14] INFO:   📊 20일선: 95,200원
[2025-10-14 19:51:14] INFO:   📉 1차 매수선: 76,260원 (이격도: 20.2%)
[2025-10-14 19:51:14] INFO:   📉 2차 매수선: 68,634원 (이격도: 33.6%)
[2025-10-14 19:51:14] INFO:   📉 3차 매수선: 61,771원 (이격도: 48.5%)
[2025-10-14 19:51:14] INFO: 
[64/66] 한화 (000880) 모니터링 중...
[2025-10-14 19:51:15] INFO:   💰 현재가: 79,700원
[2025-10-14 19:51:15] INFO:   📊 20일선: 86,805원
[2025-10-14 19:51:15] INFO:   📉 1차 매수선: 69,544원 (이격도: 14.6%)
[2025-10-14 19:51:15] INFO:   📉 2차 매수선: 62,590원 (이격도: 27.3%)
[2025-10-14 19:51:15] INFO:   📉 3차 매수선: 56,331원 (이격도: 41.5%)
[2025-10-14 19:51:15] INFO: 
[65/66] SK (034730) 모니터링 중...
[2025-10-14 19:51:16] INFO:   💰 현재가: 222,000원
[2025-10-14 19:51:16] INFO:   📊 20일선: 220,250원
[2025-10-14 19:51:16] INFO:   📉 1차 매수선: 176,700원 (이격도: 25.6%)
[2025-10-14 19:51:16] INFO:   📉 2차 매수선: 159,030원 (이격도: 39.6%)
[2025-10-14 19:51:16] INFO:   📉 3차 매수선: 143,127원 (이격도: 55.1%)
[2025-10-14 19:51:16] INFO: 
[66/66] SK이노베이션 (096770) 모니터링 중...
[2025-10-14 19:51:17] INFO:   💰 현재가: 106,200원
[2025-10-14 19:51:17] INFO:   📊 20일선: 104,325원
[2025-10-14 19:51:17] INFO:   📉 1차 매수선: 83,560원 (이격도: 27.1%)
[2025-10-14 19:51:17] INFO:   📉 2차 매수선: 75,204원 (이격도: 41.2%)
[2025-10-14 19:51:17] INFO:   📉 3차 매수선: 67,684원 (이격도: 56.9%)
[2025-10-14 19:51:17] INFO: 
================================================================================
[2025-10-14 19:51:17] INFO: ✓ 모니터링 사이클 완료
[2025-10-14 19:51:17] INFO:   모니터링 종목: 66개
[2025-10-14 19:51:17] INFO:   전송 알람: 0개
[2025-10-14 19:51:17] INFO: ================================================================================
[2025-10-14 19:51:17] INFO: 
⏰ 10분 후 다음 사이클 실행...
[2025-10-14 19:51:17] INFO:    종료하려면 Ctrl+C를 누르세요.
[2025-10-14 20:01:17] INFO: 
[사이클 6] 모니터링 시간대가 아닙니다 (08:00-20:00)
[2025-10-14 20:01:17] INFO: ⏰ 10분 후 재확인...
[2025-10-14 20:11:17] INFO: 
[사이클 7] 모니터링 시간대가 아닙니다 (08:00-20:00)
[2025-10-14 20:11:17] INFO: ⏰ 10분 후 재확인...
[2025-10-14 20:21:17] INFO: 
[사이클 8] 모니터링 시간대가 아닙니다 (08:00-20:00)
[2025-10-14 20:21:17] INFO: ⏰ 10분 후 재확인...
[2025-10-14 20:31:17] INFO: 
[사이클 9] 모니터링 시간대가 아닙니다 (08:00-20:00)
[2025-10-14 20:31:17] INFO: ⏰ 10분 후 재확인...
[2025-10-14 20:41:17] INFO: 
[사이클 10] 모니터링 시간대가 아닙니다 (08:00-20:00)
[2025-10-14 20:41:17] INFO: ⏰ 10분 후 재확인...
[2025-10-14 20:51:17] INFO: 
[사이클 11] 모니터링 시간대가 아닙니다 (08:00-20:00)
[2025-10-14 20:51:17] INFO: ⏰ 10분 후 재확인...
[2025-10-14 21:01:17] INFO: 
[사이클 12] 모니터링 시간대가 아닙니다 (08:00-20:00)
[2025-10-14 21:01:17] INFO: ⏰ 10분 후 재확인...
[2025-10-14 21:11:17] INFO: 
[사이클 13] 모니터링 시간대가 아닙니다 (08:00-20:00)
[2025-10-14 21:11:17] INFO: ⏰ 10분 후 재확인...
[2025-10-14 21:21:17] INFO: 
[사이클 14] 모니터링 시간대가 아닙니다 (08:00-20:00)
[2025-10-14 21:21:17] INFO: ⏰ 10분 후 재확인...
[2025-10-14 21:31:17] INFO: 
[사이클 15] 모니터링 시간대가 아닙니다 (08:00-20:00)
[2025-10-14 21:31:17] INFO: ⏰ 10분 후 재확인...
[2025-10-14 21:41:17] INFO: 
[사이클 16] 모니터링 시간대가 아닙니다 (08:00-20:00)
[2025-10-14 21:41:17] INFO: ⏰ 10분 후 재확인...
[2025-10-14 21:51:17] INFO: 
[사이클 17] 모니터링 시간대가 아닙니다 (08:00-20:00)
[2025-10-14 21:51:17] INFO: ⏰ 10분 후 재확인...
[2025-10-14 22:01:17] INFO: 
[사이클 18] 모니터링 시간대가 아닙니다 (08:00-20:00)
[2025-10-14 22:01:17] INFO: ⏰ 10분 후 재확인...
[2025-10-14 22:11:17] INFO: 
[사이클 19] 모니터링 시간대가 아닙니다 (08:00-20:00)
[2025-10-14 22:11:17] INFO: ⏰ 10분 후 재확인...
[2025-10-14 22:21:17] INFO: 
[사이클 20] 모니터링 시간대가 아닙니다 (08:00-20:00)
[2025-10-14 22:21:17] INFO: ⏰ 10분 후 재확인...
[2025-10-14 22:31:17] INFO: 
[사이클 21] 모니터링 시간대가 아닙니다 (08:00-20:00)
[2025-10-14 22:31:17] INFO: ⏰ 10분 후 재확인...
[2025-10-14 22:39:30] INFO: ================================================================================
[2025-10-14 22:39:30] INFO: 🔍 실시간 주식 모니터링 시작
[2025-10-14 22:39:30] INFO: ⏰ 모니터링 간격: 10분
[2025-10-14 22:39:30] INFO: 🕐 모니터링 시간: 08:00-20:00
[2025-10-14 22:39:30] INFO: ================================================================================
[2025-10-14 22:39:30] INFO: 
[사이클 1] 모니터링 시간대가 아닙니다 (08:00-20:00)
[2025-10-14 22:39:30] INFO: ⏰ 10분 후 재확인...
[2025-10-14 22:49:30] INFO: 
[사이클 2] 모니터링 시간대가 아닙니다 (08:00-20:00)
[2025-10-14 22:49:30] INFO: ⏰ 10분 후 재확인...
[2025-10-14 22:59:30] INFO: 
[사이클 3] 모니터링 시간대가 아닙니다 (08:00-20:00)
[2025-10-14 22:59:30] INFO: ⏰ 10분 후 재확인...
[2025-10-14 23:09:30] INFO: 
[사이클 4] 모니터링 시간대가 아닙니다 (08:00-20:00)
[2025-10-14 23:09:30] INFO: ⏰ 10분 후 재확인...
[2025-10-14 23:19:30] INFO: 
[사이클 5] 모니터링 시간대가 아닙니다 (08:00-20:00)
[2025-10-14 23:19:30] INFO: ⏰ 10분 후 재확인...
[2025-10-14 23:29:30] INFO: 
[사이클 6] 모니터링 시간대가 아닙니다 (08:00-20:00)
[2025-10-14 23:29:30] INFO: ⏰ 10분 후 재확인...
[2025-10-14 23:39:30] INFO: 
[사이클 7] 모니터링 시간대가 아닙니다 (08:00-20:00)
[2025-10-14 23:39:30] INFO: ⏰ 10분 후 재확인...
[2025-10-14 23:49:30] INFO: 
[사이클 8] 모니터링 시간대가 아닙니다 (08:00-20:00)
[2025-10-14 23:49:30] INFO: ⏰ 10분 후 재확인...
[2025-10-14 23:59:30] INFO: 
[사이클 9] 모니터링 시간대가 아닙니다 (08:00-20:00)
[2025-10-14 23:59:30] INFO: ⏰ 10분 후 재확인...
[2025-10-15 00:09:30] INFO: 
[사이클 10] 모니터링 시간대가 아닙니다 (08:00-20:00)
[2025-10-15 00:09:30] INFO: ⏰ 10분 후 재확인...
[2025-10-15 00:19:30] INFO: 
[사이클 11] 모니터링 시간대가 아닙니다 (08:00-20:00)
[2025-10-15 00:19:30] INFO: ⏰ 10분 후 재확인...
[2025-10-15 00:29:30] INFO: 
[사이클 12] 모니터링 시간대가 아닙니다 (08:00-20:00)
[2025-10-15 00:29:30] INFO: ⏰ 10분 후 재확인...
[2025-10-15 00:39:30] INFO: 
[사이클 13] 모니터링 시간대가 아닙니다 (08:00-20:00)
[2025-10-15 00:39:30] INFO: ⏰ 10분 후 재확인...
[2025-10-15 00:49:30] INFO: 
[사이클 14] 모니터링 시간대가 아닙니다 (08:00-20:00)
[2025-10-15 00:49:30] INFO: ⏰ 10분 후 재확인...
[2025-10-15 00:59:30] INFO: 
[사이클 15] 모니터링 시간대가 아닙니다 (08:00-20:00)
[2025-10-15 00:59:30] INFO: ⏰ 10분 후 재확인...
[2025-10-15 01:09:30] INFO: 
[사이클 16] 모니터링 시간대가 아닙니다 (08:00-20:00)
[2025-10-15 01:09:30] INFO: ⏰ 10분 후 재확인...
[2025-10-15 01:19:30] INFO: 
[사이클 17] 모니터링 시간대가 아닙니다 (08:00-20:00)
[2025-10-15 01:19:30] INFO: ⏰ 10분 후 재확인...
[2025-10-15 01:29:30] INFO: 
[사이클 18] 모니터링 시간대가 아닙니다 (08:00-20:00)
[2025-10-15 01:29:30] INFO: ⏰ 10분 후 재확인...
[2025-10-15 01:39:30] INFO: 
[사이클 19] 모니터링 시간대가 아닙니다 (08:00-20:00)
[2025-10-15 01:39:30] INFO: ⏰ 10분 후 재확인...
[2025-10-15 01:49:30] INFO: 
[사이클 20] 모니터링 시간대가 아닙니다 (08:00-20:00)
[2025-10-15 01:49:30] INFO: ⏰ 10분 후 재확인...
[2025-10-15 01:59:30] INFO: 
[사이클 21] 모니터링 시간대가 아닙니다 (08:00-20:00)
[2025-10-15 01:59:30] INFO: ⏰ 10분 후 재확인...
[2025-10-15 02:09:30] INFO: 
[사이클 22] 모니터링 시간대가 아닙니다 (08:00-20:00)
[2025-10-15 02:09:30] INFO: ⏰ 10분 후 재확인...
[2025-10-15 02:19:30] INFO: 
[사이클 23] 모니터링 시간대가 아닙니다 (08:00-20:00)
[2025-10-15 02:19:30] INFO: ⏰ 10분 후 재확인...
[2025-10-15 02:29:30] INFO: 
[사이클 24] 모니터링 시간대가 아닙니다 (08:00-20:00)
[2025-10-15 02:29:30] INFO: ⏰ 10분 후 재확인...
[2025-10-15 02:39:30] INFO: 
[사이클 25] 모니터링 시간대가 아닙니다 (08:00-20:00)
[2025-10-15 02:39:30] INFO: ⏰ 10분 후 재확인...
[2025-10-15 02:49:30] INFO: 
[사이클 26] 모니터링 시간대가 아닙니다 (08:00-20:00)
[2025-10-15 02:49:30] INFO: ⏰ 10분 후 재확인...
[2025-10-15 02:59:30] INFO: 
[사이클 27] 모니터링 시간대가 아닙니다 (08:00-20:00)
[2025-10-15 02:59:30] INFO: ⏰ 10분 후 재확인...
[2025-10-15 03:09:30] INFO: 
[사이클 28] 모니터링 시간대가 아닙니다 (08:00-20:00)
[2025-10-15 03:09:30] INFO: ⏰ 10분 후 재확인...
[2025-10-15 03:19:30] INFO: 
[사이클 29] 모니터링 시간대가 아닙니다 (08:00-20:00)
[2025-10-15 03:19:30] INFO: ⏰ 10분 후 재확인...
[2025-10-15 03:29:30] INFO: 
[사이클 30] 모니터링 시간대가 아닙니다 (08:00-20:00)
[2025-10-15 03:29:30] INFO: ⏰ 10분 후 재확인...
[2025-10-15 03:39:30] INFO: 
[사이클 31] 모니터링 시간대가 아닙니다 (08:00-20:00)
[2025-10-15 03:39:30] INFO: ⏰ 10분 후 재확인...
[2025-10-15 03:49:30] INFO: 
[사이클 32] 모니터링 시간대가 아닙니다 (08:00-20:00)
[2025-10-15 03:49:30] INFO: ⏰ 10분 후 재확인...
[2025-10-15 03:59:30] INFO: 
[사이클 33] 모니터링 시간대가 아닙니다 (08:00-20:00)
[2025-10-15 03:59:30] INFO: ⏰ 10분 후 재확인...
[2025-10-15 04:09:30] INFO: 
[사이클 34] 모니터링 시간대가 아닙니다 (08:00-20:00)
[2025-10-15 04:09:30] INFO: ⏰ 10분 후 재확인...
[2025-10-15 04:19:30] INFO: 
[사이클 35] 모니터링 시간대가 아닙니다 (08:00-20:00)
[2025-10-15 04:19:30] INFO: ⏰ 10분 후 재확인...
[2025-10-15 04:29:30] INFO: 
[사이클 36] 모니터링 시간대가 아닙니다 (08:00-20:00)
[2025-10-15 04:29:30] INFO: ⏰ 10분 후 재확인...
[2025-10-15 04:39:30] INFO: 
[사이클 37] 모니터링 시간대가 아닙니다 (08:00-20:00)
[2025-10-15 04:39:30] INFO: ⏰ 10분 후 재확인...
[2025-10-15 04:49:30] INFO: 
[사이클 38] 모니터링 시간대가 아닙니다 (08:00-20:00)
[2025-10-15 04:49:30] INFO: ⏰ 10분 후 재확인...
[2025-10-15 04:59:30] INFO: 
[사이클 39] 모니터링 시간대가 아닙니다 (08:00-20:00)
[2025-10-15 04:59:30] INFO: ⏰ 10분 후 재확인...
[2025-10-15 05:09:30] INFO: 
[사이클 40] 모니터링 시간대가 아닙니다 (08:00-20:00)
[2025-10-15 05:09:30] INFO: ⏰ 10분 후 재확인...
[2025-10-15 05:19:30] INFO: 
[사이클 41] 모니터링 시간대가 아닙니다 (08:00-20:00)
[2025-10-15 05:19:30] INFO: ⏰ 10분 후 재확인...
[2025-10-15 05:29:30] INFO: 
[사이클 42] 모니터링 시간대가 아닙니다 (08:00-20:00)
[2025-10-15 05:29:30] INFO: ⏰ 10분 후 재확인...
